address_id,canonical_address,spoken_variant,locality,pincode,source
blr_1511a5a4174d0578,R K Hegde Nagara,r k hegde nagara,R K Hegde Nagara,,mixed
blr_1511a5a4174d0578,R K Hegde Nagara,in r k hegde nagara,R K Hegde Nagara,,mixed
blr_1511a5a4174d0578,R K Hegde Nagara,near r k hegde nagara,R K Hegde Nagara,,mixed
blr_1511a5a4174d0578,R K Hegde Nagara,around r k hegde nagara,R K Hegde Nagara,,mixed
blr_1511a5a4174d0578,R K Hegde Nagara,r k hegde nagara area,R K Hegde Nagara,,mixed
blr_570354e281f06584,VV Puram,vv puram,VV Puram,,mixed
blr_570354e281f06584,VV Puram,in vv puram,VV Puram,,mixed
blr_570354e281f06584,VV Puram,near vv puram,VV Puram,,mixed
blr_570354e281f06584,VV Puram,around vv puram,VV Puram,,mixed
blr_570354e281f06584,VV Puram,vv puram area,VV Puram,,mixed
blr_49a8450a48326a2e,JP Nagar,jp nagar,JP Nagar,,mixed
blr_49a8450a48326a2e,JP Nagar,in jp nagar,JP Nagar,,mixed
blr_49a8450a48326a2e,JP Nagar,near jp nagar,JP Nagar,,mixed
blr_49a8450a48326a2e,JP Nagar,around jp nagar,JP Nagar,,mixed
blr_49a8450a48326a2e,JP Nagar,jp nagar area,JP Nagar,,mixed
blr_73140d697e9ba0cc,Banashankari 2nd Stage,banashankari 2nd stage,Banashankari 2nd Stage,,mixed
blr_73140d697e9ba0cc,Banashankari 2nd Stage,banashankari two stage,Banashankari 2nd Stage,,mixed
blr_73140d697e9ba0cc,Banashankari 2nd Stage,banashankari second stage,Banashankari 2nd Stage,,mixed
blr_73140d697e9ba0cc,Banashankari 2nd Stage,in banashankari 2nd stage,Banashankari 2nd Stage,,mixed
blr_73140d697e9ba0cc,Banashankari 2nd Stage,near banashankari two stage,Banashankari 2nd Stage,,mixed
blr_a82222b8e6b0756d,RT Nagar,rt nagar,RT Nagar,,mixed
blr_a82222b8e6b0756d,RT Nagar,in rt nagar,RT Nagar,,mixed
blr_a82222b8e6b0756d,RT Nagar,near rt nagar,RT Nagar,,mixed
blr_a82222b8e6b0756d,RT Nagar,around rt nagar,RT Nagar,,mixed
blr_a82222b8e6b0756d,RT Nagar,rt nagar area,RT Nagar,,mixed
blr_ae9f652fbd1042a9,BEL Colony,bel colony,BEL Colony,,mixed
blr_ae9f652fbd1042a9,BEL Colony,in bel colony,BEL Colony,,mixed
blr_ae9f652fbd1042a9,BEL Colony,near bel colony,BEL Colony,,mixed
blr_ae9f652fbd1042a9,BEL Colony,around bel colony,BEL Colony,,mixed
blr_ae9f652fbd1042a9,BEL Colony,bel colony area,BEL Colony,,mixed
blr_18a101ea7e24abc9,KR Puram,kr puram,KR Puram,,mixed
blr_18a101ea7e24abc9,KR Puram,in kr puram,KR Puram,,mixed
blr_18a101ea7e24abc9,KR Puram,near kr puram,KR Puram,,mixed
blr_18a101ea7e24abc9,KR Puram,around kr puram,KR Puram,,mixed
blr_18a101ea7e24abc9,KR Puram,kr puram area,KR Puram,,mixed
blr_97f6ab1cf4a547dc,ITI Colony,iti colony,ITI Colony,,mixed
blr_97f6ab1cf4a547dc,ITI Colony,in iti colony,ITI Colony,,mixed
blr_97f6ab1cf4a547dc,ITI Colony,near iti colony,ITI Colony,,mixed
blr_97f6ab1cf4a547dc,ITI Colony,around iti colony,ITI Colony,,mixed
blr_97f6ab1cf4a547dc,ITI Colony,iti colony area,ITI Colony,,mixed
blr_b7c7aca4b9c6b3ed,GNR Gardens,gnr gardens,GNR Gardens,,mixed
blr_b7c7aca4b9c6b3ed,GNR Gardens,in gnr gardens,GNR Gardens,,mixed
blr_b7c7aca4b9c6b3ed,GNR Gardens,near gnr gardens,GNR Gardens,,mixed
blr_b7c7aca4b9c6b3ed,GNR Gardens,around gnr gardens,GNR Gardens,,mixed
blr_b7c7aca4b9c6b3ed,GNR Gardens,gnr gardens area,GNR Gardens,,mixed
blr_bb0298550c73bad1,BTM Layout,b t m layout,BTM Layout,,mixed
blr_bb0298550c73bad1,BTM Layout,btm layout,BTM Layout,,mixed
blr_bb0298550c73bad1,BTM Layout,in b t m layout,BTM Layout,,mixed
blr_bb0298550c73bad1,BTM Layout,near btm layout,BTM Layout,,mixed
blr_bb0298550c73bad1,BTM Layout,around b t m layout,BTM Layout,,mixed
blr_f06a3fd144349a51,ISRO Layout,isro layout,ISRO Layout,,mixed
blr_f06a3fd144349a51,ISRO Layout,in isro layout,ISRO Layout,,mixed
blr_f06a3fd144349a51,ISRO Layout,near isro layout,ISRO Layout,,mixed
blr_f06a3fd144349a51,ISRO Layout,around isro layout,ISRO Layout,,mixed
blr_f06a3fd144349a51,ISRO Layout,isro layout area,ISRO Layout,,mixed
blr_e04b56ea3f2bfbc6,HSR Layout,h s r layout,HSR Layout,,mixed
blr_e04b56ea3f2bfbc6,HSR Layout,hsr layout,HSR Layout,,mixed
blr_e04b56ea3f2bfbc6,HSR Layout,in h s r layout,HSR Layout,,mixed
blr_e04b56ea3f2bfbc6,HSR Layout,near hsr layout,HSR Layout,,mixed
blr_e04b56ea3f2bfbc6,HSR Layout,around h s r layout,HSR Layout,,mixed
blr_aaf18ecc3a6f48fb,Austin Town BDA Layout,austin town bda layout,Austin Town BDA Layout,,mixed
blr_aaf18ecc3a6f48fb,Austin Town BDA Layout,in austin town bda layout,Austin Town BDA Layout,,mixed
blr_aaf18ecc3a6f48fb,Austin Town BDA Layout,near austin town bda layout,Austin Town BDA Layout,,mixed
blr_aaf18ecc3a6f48fb,Austin Town BDA Layout,around austin town bda layout,Austin Town BDA Layout,,mixed
blr_aaf18ecc3a6f48fb,Austin Town BDA Layout,austin town bda layout area,Austin Town BDA Layout,,mixed
blr_4d9c24b2cbbb31ad,NAL Layout,nal layout,NAL Layout,,mixed
blr_4d9c24b2cbbb31ad,NAL Layout,in nal layout,NAL Layout,,mixed
blr_4d9c24b2cbbb31ad,NAL Layout,near nal layout,NAL Layout,,mixed
blr_4d9c24b2cbbb31ad,NAL Layout,around nal layout,NAL Layout,,mixed
blr_4d9c24b2cbbb31ad,NAL Layout,nal layout area,NAL Layout,,mixed
blr_946bcab83915b174,RBI Colony,rbi colony,RBI Colony,,mixed
blr_946bcab83915b174,RBI Colony,in rbi colony,RBI Colony,,mixed
blr_946bcab83915b174,RBI Colony,near rbi colony,RBI Colony,,mixed
blr_946bcab83915b174,RBI Colony,around rbi colony,RBI Colony,,mixed
blr_946bcab83915b174,RBI Colony,rbi colony area,RBI Colony,,mixed
blr_88d87a93f77f6313,LIC Colony,lic colony,LIC Colony,,mixed
blr_88d87a93f77f6313,LIC Colony,in lic colony,LIC Colony,,mixed
blr_88d87a93f77f6313,LIC Colony,near lic colony,LIC Colony,,mixed
blr_88d87a93f77f6313,LIC Colony,around lic colony,LIC Colony,,mixed
blr_88d87a93f77f6313,LIC Colony,lic colony area,LIC Colony,,mixed
blr_aada122f36d9b47e,Jayanagar 8th Block,jayanagar eighth block,Jayanagar 8th Block,,mixed
blr_aada122f36d9b47e,Jayanagar 8th Block,jayanagar 8th block,Jayanagar 8th Block,,mixed
blr_aada122f36d9b47e,Jayanagar 8th Block,jayanagar eight block,Jayanagar 8th Block,,mixed
blr_aada122f36d9b47e,Jayanagar 8th Block,in jayanagar eighth block,Jayanagar 8th Block,,mixed
blr_aada122f36d9b47e,Jayanagar 8th Block,near jayanagar 8th block,Jayanagar 8th Block,,mixed
blr_5598b9b9a0ae5e79,Jayanagar 4th Block,jayanagar fourth block,Jayanagar 4th Block,,mixed
blr_5598b9b9a0ae5e79,Jayanagar 4th Block,jayanagar four block,Jayanagar 4th Block,,mixed
blr_5598b9b9a0ae5e79,Jayanagar 4th Block,jayanagar 4th block,Jayanagar 4th Block,,mixed
blr_5598b9b9a0ae5e79,Jayanagar 4th Block,in jayanagar fourth block,Jayanagar 4th Block,,mixed
blr_5598b9b9a0ae5e79,Jayanagar 4th Block,near jayanagar four block,Jayanagar 4th Block,,mixed
blr_d1e2c03bedfbedc4,Jayanagar 5th Block,jayanagar 5th block,Jayanagar 5th Block,,mixed
blr_d1e2c03bedfbedc4,Jayanagar 5th Block,jayanagar five block,Jayanagar 5th Block,,mixed
blr_d1e2c03bedfbedc4,Jayanagar 5th Block,jayanagar fifth block,Jayanagar 5th Block,,mixed
blr_d1e2c03bedfbedc4,Jayanagar 5th Block,in jayanagar 5th block,Jayanagar 5th Block,,mixed
blr_d1e2c03bedfbedc4,Jayanagar 5th Block,near jayanagar five block,Jayanagar 5th Block,,mixed
blr_e08f3378a8c45ce3,Jayanagar 7th Block,jayanagar 7th block,Jayanagar 7th Block,,mixed
blr_e08f3378a8c45ce3,Jayanagar 7th Block,jayanagar seventh block,Jayanagar 7th Block,,mixed
blr_e08f3378a8c45ce3,Jayanagar 7th Block,jayanagar seven block,Jayanagar 7th Block,,mixed
blr_e08f3378a8c45ce3,Jayanagar 7th Block,in jayanagar 7th block,Jayanagar 7th Block,,mixed
blr_e08f3378a8c45ce3,Jayanagar 7th Block,near jayanagar seventh block,Jayanagar 7th Block,,mixed
blr_d6fde0cb5ad6b3a4,IAS Officers Colony,ias officers colony,IAS Officers Colony,,mixed
blr_d6fde0cb5ad6b3a4,IAS Officers Colony,in ias officers colony,IAS Officers Colony,,mixed
blr_d6fde0cb5ad6b3a4,IAS Officers Colony,near ias officers colony,IAS Officers Colony,,mixed
blr_d6fde0cb5ad6b3a4,IAS Officers Colony,around ias officers colony,IAS Officers Colony,,mixed
blr_d6fde0cb5ad6b3a4,IAS Officers Colony,ias officers colony area,IAS Officers Colony,,mixed
blr_c8ee346d03fa5c4a,Jayanagar 4T Block,jayanagar 4t block,Jayanagar 4T Block,,mixed
blr_c8ee346d03fa5c4a,Jayanagar 4T Block,in jayanagar 4t block,Jayanagar 4T Block,,mixed
blr_c8ee346d03fa5c4a,Jayanagar 4T Block,near jayanagar 4t block,Jayanagar 4T Block,,mixed
blr_c8ee346d03fa5c4a,Jayanagar 4T Block,around jayanagar 4t block,Jayanagar 4T Block,,mixed
blr_c8ee346d03fa5c4a,Jayanagar 4T Block,jayanagar 4t block area,Jayanagar 4T Block,,mixed
blr_bb70b9f60662d2b9,MICO Layout,mico layout,MICO Layout,,mixed
blr_bb70b9f60662d2b9,MICO Layout,in mico layout,MICO Layout,,mixed
blr_bb70b9f60662d2b9,MICO Layout,near mico layout,MICO Layout,,mixed
blr_bb70b9f60662d2b9,MICO Layout,around mico layout,MICO Layout,,mixed
blr_bb70b9f60662d2b9,MICO Layout,mico layout area,MICO Layout,,mixed
blr_8a863fd3ef52d0b7,Jayanagar 9th Block,jayanagar 9th block,Jayanagar 9th Block,,mixed
blr_8a863fd3ef52d0b7,Jayanagar 9th Block,jayanagar nine block,Jayanagar 9th Block,,mixed
blr_8a863fd3ef52d0b7,Jayanagar 9th Block,jayanagar ninth block,Jayanagar 9th Block,,mixed
blr_8a863fd3ef52d0b7,Jayanagar 9th Block,in jayanagar 9th block,Jayanagar 9th Block,,mixed
blr_8a863fd3ef52d0b7,Jayanagar 9th Block,near jayanagar nine block,Jayanagar 9th Block,,mixed
blr_cfcf9a6ca79062ff,JP Nagar 1st Phase,jp nagar 1st phase,JP Nagar 1st Phase,,mixed
blr_cfcf9a6ca79062ff,JP Nagar 1st Phase,in jp nagar 1st phase,JP Nagar 1st Phase,,mixed
blr_cfcf9a6ca79062ff,JP Nagar 1st Phase,near jp nagar 1st phase,JP Nagar 1st Phase,,mixed
blr_cfcf9a6ca79062ff,JP Nagar 1st Phase,around jp nagar 1st phase,JP Nagar 1st Phase,,mixed
blr_cfcf9a6ca79062ff,JP Nagar 1st Phase,jp nagar 1st phase area,JP Nagar 1st Phase,,mixed
blr_aa3c3ab1fa1c32a3,JP Nagar 2nd Phase,jp nagar 2nd phase,JP Nagar 2nd Phase,,mixed
blr_aa3c3ab1fa1c32a3,JP Nagar 2nd Phase,jp nagar two phase,JP Nagar 2nd Phase,,mixed
blr_aa3c3ab1fa1c32a3,JP Nagar 2nd Phase,jp nagar second phase,JP Nagar 2nd Phase,,mixed
blr_aa3c3ab1fa1c32a3,JP Nagar 2nd Phase,in jp nagar 2nd phase,JP Nagar 2nd Phase,,mixed
blr_aa3c3ab1fa1c32a3,JP Nagar 2nd Phase,near jp nagar two phase,JP Nagar 2nd Phase,,mixed
blr_20c905a2180c54a4,JP Nagar 3rd Phase,jp nagar 3rd phase,JP Nagar 3rd Phase,,mixed
blr_20c905a2180c54a4,JP Nagar 3rd Phase,jp nagar third phase,JP Nagar 3rd Phase,,mixed
blr_20c905a2180c54a4,JP Nagar 3rd Phase,jp nagar three phase,JP Nagar 3rd Phase,,mixed
blr_20c905a2180c54a4,JP Nagar 3rd Phase,in jp nagar 3rd phase,JP Nagar 3rd Phase,,mixed
blr_20c905a2180c54a4,JP Nagar 3rd Phase,near jp nagar third phase,JP Nagar 3rd Phase,,mixed
blr_fe12e3d9691d93df,Koramangala 2nd Block,koramangala second block,Koramangala 2nd Block,,mixed
blr_fe12e3d9691d93df,Koramangala 2nd Block,koramangala 2nd block,Koramangala 2nd Block,,mixed
blr_fe12e3d9691d93df,Koramangala 2nd Block,koram angala 2nd block,Koramangala 2nd Block,,mixed
blr_fe12e3d9691d93df,Koramangala 2nd Block,koramangala two block,Koramangala 2nd Block,,mixed
blr_fe12e3d9691d93df,Koramangala 2nd Block,koraman gala 2nd block,Koramangala 2nd Block,,mixed
blr_5f7153e524c98d4e,MS Palaya,ms palaya,MS Palaya,,mixed
blr_5f7153e524c98d4e,MS Palaya,in ms palaya,MS Palaya,,mixed
blr_5f7153e524c98d4e,MS Palaya,near ms palaya,MS Palaya,,mixed
blr_5f7153e524c98d4e,MS Palaya,around ms palaya,MS Palaya,,mixed
blr_5f7153e524c98d4e,MS Palaya,ms palaya area,MS Palaya,,mixed
blr_b8d3ca902ed8488f,Indiranagar 1st Stage,indira nagar 1st stage,Indiranagar 1st Stage,,mixed
blr_b8d3ca902ed8488f,Indiranagar 1st Stage,indir nagar 1st stage,Indiranagar 1st Stage,,mixed
blr_b8d3ca902ed8488f,Indiranagar 1st Stage,indiranagar 1st stage,Indiranagar 1st Stage,,mixed
blr_b8d3ca902ed8488f,Indiranagar 1st Stage,in indira nagar 1st stage,Indiranagar 1st Stage,,mixed
blr_b8d3ca902ed8488f,Indiranagar 1st Stage,near indir nagar 1st stage,Indiranagar 1st Stage,,mixed
blr_9502caa1e9823755,Indiranagar 2nd Stage,indir nagar 2nd stage,Indiranagar 2nd Stage,,mixed
blr_9502caa1e9823755,Indiranagar 2nd Stage,indiranagar two stage,Indiranagar 2nd Stage,,mixed
blr_9502caa1e9823755,Indiranagar 2nd Stage,indiranagar second stage,Indiranagar 2nd Stage,,mixed
blr_9502caa1e9823755,Indiranagar 2nd Stage,indira nagar 2nd stage,Indiranagar 2nd Stage,,mixed
blr_9502caa1e9823755,Indiranagar 2nd Stage,indiranagar 2nd stage,Indiranagar 2nd Stage,,mixed
blr_718108861681e0d9,Domlur 1st Stage,domlur 1st stage,Domlur 1st Stage,,mixed
blr_718108861681e0d9,Domlur 1st Stage,in domlur 1st stage,Domlur 1st Stage,,mixed
blr_718108861681e0d9,Domlur 1st Stage,near domlur 1st stage,Domlur 1st Stage,,mixed
blr_718108861681e0d9,Domlur 1st Stage,around domlur 1st stage,Domlur 1st Stage,,mixed
blr_718108861681e0d9,Domlur 1st Stage,domlur 1st stage area,Domlur 1st Stage,,mixed
blr_8585e3948858a67d,NR Colony,nr colony,NR Colony,,mixed
blr_8585e3948858a67d,NR Colony,in nr colony,NR Colony,,mixed
blr_8585e3948858a67d,NR Colony,near nr colony,NR Colony,,mixed
blr_8585e3948858a67d,NR Colony,around nr colony,NR Colony,,mixed
blr_8585e3948858a67d,NR Colony,nr colony area,NR Colony,,mixed
blr_f341cc59a87ecd10,RMV 2nd Stage,rmv second stage,RMV 2nd Stage,,mixed
blr_f341cc59a87ecd10,RMV 2nd Stage,rmv 2nd stage,RMV 2nd Stage,,mixed
blr_f341cc59a87ecd10,RMV 2nd Stage,rmv two stage,RMV 2nd Stage,,mixed
blr_f341cc59a87ecd10,RMV 2nd Stage,in rmv second stage,RMV 2nd Stage,,mixed
blr_f341cc59a87ecd10,RMV 2nd Stage,near rmv 2nd stage,RMV 2nd Stage,,mixed
blr_ce7143eea83b5a01,RMV 2nd Stage 2nd Block,rmv 2nd stage 2nd block,RMV 2nd Stage 2nd Block,,mixed
blr_ce7143eea83b5a01,RMV 2nd Stage 2nd Block,rmv two stage two block,RMV 2nd Stage 2nd Block,,mixed
blr_ce7143eea83b5a01,RMV 2nd Stage 2nd Block,rmv second stage second block,RMV 2nd Stage 2nd Block,,mixed
blr_ce7143eea83b5a01,RMV 2nd Stage 2nd Block,in rmv 2nd stage 2nd block,RMV 2nd Stage 2nd Block,,mixed
blr_ce7143eea83b5a01,RMV 2nd Stage 2nd Block,near rmv two stage two block,RMV 2nd Stage 2nd Block,,mixed
blr_1f9b6f3048b5ecec,Arkavathy Layout 7th Block,arkavathy layout 7th block,Arkavathy Layout 7th Block,,mixed
blr_1f9b6f3048b5ecec,Arkavathy Layout 7th Block,arkavathy layout seven block,Arkavathy Layout 7th Block,,mixed
blr_1f9b6f3048b5ecec,Arkavathy Layout 7th Block,arkavathy layout seventh block,Arkavathy Layout 7th Block,,mixed
blr_1f9b6f3048b5ecec,Arkavathy Layout 7th Block,in arkavathy layout 7th block,Arkavathy Layout 7th Block,,mixed
blr_1f9b6f3048b5ecec,Arkavathy Layout 7th Block,near arkavathy layout seven block,Arkavathy Layout 7th Block,,mixed
blr_8cfdb4668d27ddf0,Arkavathy Layout 1st Block,arkavathy layout 1st block,Arkavathy Layout 1st Block,,mixed
blr_8cfdb4668d27ddf0,Arkavathy Layout 1st Block,in arkavathy layout 1st block,Arkavathy Layout 1st Block,,mixed
blr_8cfdb4668d27ddf0,Arkavathy Layout 1st Block,near arkavathy layout 1st block,Arkavathy Layout 1st Block,,mixed
blr_8cfdb4668d27ddf0,Arkavathy Layout 1st Block,around arkavathy layout 1st block,Arkavathy Layout 1st Block,,mixed
blr_8cfdb4668d27ddf0,Arkavathy Layout 1st Block,arkavathy layout 1st block area,Arkavathy Layout 1st Block,,mixed
blr_02bd5b372a19b1a3,Arkavathy Layout 3rd Block,arkavathy layout three block,Arkavathy Layout 3rd Block,,mixed
blr_02bd5b372a19b1a3,Arkavathy Layout 3rd Block,arkavathy layout 3rd block,Arkavathy Layout 3rd Block,,mixed
blr_02bd5b372a19b1a3,Arkavathy Layout 3rd Block,arkavathy layout third block,Arkavathy Layout 3rd Block,,mixed
blr_02bd5b372a19b1a3,Arkavathy Layout 3rd Block,in arkavathy layout three block,Arkavathy Layout 3rd Block,,mixed
blr_02bd5b372a19b1a3,Arkavathy Layout 3rd Block,near arkavathy layout 3rd block,Arkavathy Layout 3rd Block,,mixed
blr_407d7b3c3842ebae,MCECHS Layout,mcechs layout,MCECHS Layout,,mixed
blr_407d7b3c3842ebae,MCECHS Layout,in mcechs layout,MCECHS Layout,,mixed
blr_407d7b3c3842ebae,MCECHS Layout,near mcechs layout,MCECHS Layout,,mixed
blr_407d7b3c3842ebae,MCECHS Layout,around mcechs layout,MCECHS Layout,,mixed
blr_407d7b3c3842ebae,MCECHS Layout,mcechs layout area,MCECHS Layout,,mixed
blr_87f74ce52677f37c,HMT Watch Factory Colony,hmt watch factory colony,HMT Watch Factory Colony,,mixed
blr_87f74ce52677f37c,HMT Watch Factory Colony,in hmt watch factory colony,HMT Watch Factory Colony,,mixed
blr_87f74ce52677f37c,HMT Watch Factory Colony,near hmt watch factory colony,HMT Watch Factory Colony,,mixed
blr_87f74ce52677f37c,HMT Watch Factory Colony,around hmt watch factory colony,HMT Watch Factory Colony,,mixed
blr_87f74ce52677f37c,HMT Watch Factory Colony,hmt watch factory colony area,HMT Watch Factory Colony,,mixed
blr_58eac596700b21cb,Vinayaka Nagar B Block,vinayaka nagar b block,Vinayaka Nagar B Block,,mixed
blr_58eac596700b21cb,Vinayaka Nagar B Block,in vinayaka nagar b block,Vinayaka Nagar B Block,,mixed
blr_58eac596700b21cb,Vinayaka Nagar B Block,near vinayaka nagar b block,Vinayaka Nagar B Block,,mixed
blr_58eac596700b21cb,Vinayaka Nagar B Block,around vinayaka nagar b block,Vinayaka Nagar B Block,,mixed
blr_58eac596700b21cb,Vinayaka Nagar B Block,vinayaka nagar b block area,Vinayaka Nagar B Block,,mixed
blr_b5260fd71478436a,CNR Layout,cnr layout,CNR Layout,,mixed
blr_b5260fd71478436a,CNR Layout,in cnr layout,CNR Layout,,mixed
blr_b5260fd71478436a,CNR Layout,near cnr layout,CNR Layout,,mixed
blr_b5260fd71478436a,CNR Layout,around cnr layout,CNR Layout,,mixed
blr_b5260fd71478436a,CNR Layout,cnr layout area,CNR Layout,,mixed
blr_23cb0cc4c9ec7fb1,MSR Nagar,msr nagar,MSR Nagar,,mixed
blr_23cb0cc4c9ec7fb1,MSR Nagar,in msr nagar,MSR Nagar,,mixed
blr_23cb0cc4c9ec7fb1,MSR Nagar,near msr nagar,MSR Nagar,,mixed
blr_23cb0cc4c9ec7fb1,MSR Nagar,around msr nagar,MSR Nagar,,mixed
blr_23cb0cc4c9ec7fb1,MSR Nagar,msr nagar area,MSR Nagar,,mixed
blr_280905108f578417,Peenya 2nd Stage,peenya 2nd stage,Peenya 2nd Stage,,mixed
blr_280905108f578417,Peenya 2nd Stage,peenya two stage,Peenya 2nd Stage,,mixed
blr_280905108f578417,Peenya 2nd Stage,peenya second stage,Peenya 2nd Stage,,mixed
blr_280905108f578417,Peenya 2nd Stage,in peenya 2nd stage,Peenya 2nd Stage,,mixed
blr_280905108f578417,Peenya 2nd Stage,near peenya two stage,Peenya 2nd Stage,,mixed
blr_544b774aa219c848,C V Raman Nagar,c v raman nagar,C V Raman Nagar,,mixed
blr_544b774aa219c848,C V Raman Nagar,in c v raman nagar,C V Raman Nagar,,mixed
blr_544b774aa219c848,C V Raman Nagar,near c v raman nagar,C V Raman Nagar,,mixed
blr_544b774aa219c848,C V Raman Nagar,around c v raman nagar,C V Raman Nagar,,mixed
blr_544b774aa219c848,C V Raman Nagar,c v raman nagar area,C V Raman Nagar,,mixed
blr_96d35f6ba47b0137,L.R. Nagar 1st Stage,lr nagar 1st stage,L.R. Nagar 1st Stage,,mixed
blr_96d35f6ba47b0137,L.R. Nagar 1st Stage,in lr nagar 1st stage,L.R. Nagar 1st Stage,,mixed
blr_96d35f6ba47b0137,L.R. Nagar 1st Stage,near lr nagar 1st stage,L.R. Nagar 1st Stage,,mixed
blr_96d35f6ba47b0137,L.R. Nagar 1st Stage,around lr nagar 1st stage,L.R. Nagar 1st Stage,,mixed
blr_96d35f6ba47b0137,L.R. Nagar 1st Stage,lr nagar 1st stage area,L.R. Nagar 1st Stage,,mixed
blr_225834fa4b001848,L.R. Nagar 2nd Stage,lr nagar 2nd stage,L.R. Nagar 2nd Stage,,mixed
blr_225834fa4b001848,L.R. Nagar 2nd Stage,lr nagar two stage,L.R. Nagar 2nd Stage,,mixed
blr_225834fa4b001848,L.R. Nagar 2nd Stage,lr nagar second stage,L.R. Nagar 2nd Stage,,mixed
blr_225834fa4b001848,L.R. Nagar 2nd Stage,in lr nagar 2nd stage,L.R. Nagar 2nd Stage,,mixed
blr_225834fa4b001848,L.R. Nagar 2nd Stage,near lr nagar two stage,L.R. Nagar 2nd Stage,,mixed
blr_dfc738c2155713bc,AECS Layout,aecs layout,AECS Layout,,mixed
blr_dfc738c2155713bc,AECS Layout,in aecs layout,AECS Layout,,mixed
blr_dfc738c2155713bc,AECS Layout,near aecs layout,AECS Layout,,mixed
blr_dfc738c2155713bc,AECS Layout,around aecs layout,AECS Layout,,mixed
blr_dfc738c2155713bc,AECS Layout,aecs layout area,AECS Layout,,mixed
blr_3f6dbbb0544df4cc,Domlur 2nd Stage,domlur second stage,Domlur 2nd Stage,,mixed
blr_3f6dbbb0544df4cc,Domlur 2nd Stage,domlur 2nd stage,Domlur 2nd Stage,,mixed
blr_3f6dbbb0544df4cc,Domlur 2nd Stage,domlur two stage,Domlur 2nd Stage,,mixed
blr_3f6dbbb0544df4cc,Domlur 2nd Stage,in domlur second stage,Domlur 2nd Stage,,mixed
blr_3f6dbbb0544df4cc,Domlur 2nd Stage,near domlur 2nd stage,Domlur 2nd Stage,,mixed
blr_b1dbf87f7df6b76f,KHR Colony,khr colony,KHR Colony,,mixed
blr_b1dbf87f7df6b76f,KHR Colony,in khr colony,KHR Colony,,mixed
blr_b1dbf87f7df6b76f,KHR Colony,near khr colony,KHR Colony,,mixed
blr_b1dbf87f7df6b76f,KHR Colony,around khr colony,KHR Colony,,mixed
blr_b1dbf87f7df6b76f,KHR Colony,khr colony area,KHR Colony,,mixed
blr_1f1b200db1d20f7b,AGS Layout,ags layout,AGS Layout,,mixed
blr_1f1b200db1d20f7b,AGS Layout,in ags layout,AGS Layout,,mixed
blr_1f1b200db1d20f7b,AGS Layout,near ags layout,AGS Layout,,mixed
blr_1f1b200db1d20f7b,AGS Layout,around ags layout,AGS Layout,,mixed
blr_1f1b200db1d20f7b,AGS Layout,ags layout area,AGS Layout,,mixed
blr_b93500fd5ed87809,HMT Layout,hmt layout,HMT Layout,,mixed
blr_b93500fd5ed87809,HMT Layout,in hmt layout,HMT Layout,,mixed
blr_b93500fd5ed87809,HMT Layout,near hmt layout,HMT Layout,,mixed
blr_b93500fd5ed87809,HMT Layout,around hmt layout,HMT Layout,,mixed
blr_b93500fd5ed87809,HMT Layout,hmt layout area,HMT Layout,,mixed
blr_936a4de68a2484dd,VV Nagar,vv nagar,VV Nagar,,mixed
blr_936a4de68a2484dd,VV Nagar,in vv nagar,VV Nagar,,mixed
blr_936a4de68a2484dd,VV Nagar,near vv nagar,VV Nagar,,mixed
blr_936a4de68a2484dd,VV Nagar,around vv nagar,VV Nagar,,mixed
blr_936a4de68a2484dd,VV Nagar,vv nagar area,VV Nagar,,mixed
blr_c8d672d419765b84,Sector A,sector a,Sector A,,mixed
blr_c8d672d419765b84,Sector A,in sector a,Sector A,,mixed
blr_c8d672d419765b84,Sector A,near sector a,Sector A,,mixed
blr_c8d672d419765b84,Sector A,around sector a,Sector A,,mixed
blr_c8d672d419765b84,Sector A,sector a area,Sector A,,mixed
blr_29304ed2ba184040,Sector B,sector b,Sector B,,mixed
blr_29304ed2ba184040,Sector B,in sector b,Sector B,,mixed
blr_29304ed2ba184040,Sector B,near sector b,Sector B,,mixed
blr_29304ed2ba184040,Sector B,around sector b,Sector B,,mixed
blr_29304ed2ba184040,Sector B,sector b area,Sector B,,mixed
blr_6dccbf5997eafb13,4th Phase,fourth phase,4th Phase,,mixed
blr_6dccbf5997eafb13,4th Phase,four phase,4th Phase,,mixed
blr_6dccbf5997eafb13,4th Phase,4th phase,4th Phase,,mixed
blr_6dccbf5997eafb13,4th Phase,in fourth phase,4th Phase,,mixed
blr_6dccbf5997eafb13,4th Phase,near four phase,4th Phase,,mixed
blr_21427da6745b3b1b,5th Phase,5th phase,5th Phase,,mixed
blr_21427da6745b3b1b,5th Phase,fifth phase,5th Phase,,mixed
blr_21427da6745b3b1b,5th Phase,five phase,5th Phase,,mixed
blr_21427da6745b3b1b,5th Phase,in 5th phase,5th Phase,,mixed
blr_21427da6745b3b1b,5th Phase,near fifth phase,5th Phase,,mixed
blr_266c73e5bef044d0,KHB Colony,khb colony,KHB Colony,,mixed
blr_266c73e5bef044d0,KHB Colony,in khb colony,KHB Colony,,mixed
blr_266c73e5bef044d0,KHB Colony,near khb colony,KHB Colony,,mixed
blr_266c73e5bef044d0,KHB Colony,around khb colony,KHB Colony,,mixed
blr_266c73e5bef044d0,KHB Colony,khb colony area,KHB Colony,,mixed
blr_5cc0028e5b691d1f,LBS Nagar,lbs nagar,LBS Nagar,,mixed
blr_5cc0028e5b691d1f,LBS Nagar,in lbs nagar,LBS Nagar,,mixed
blr_5cc0028e5b691d1f,LBS Nagar,near lbs nagar,LBS Nagar,,mixed
blr_5cc0028e5b691d1f,LBS Nagar,around lbs nagar,LBS Nagar,,mixed
blr_5cc0028e5b691d1f,LBS Nagar,lbs nagar area,LBS Nagar,,mixed
blr_03a8684b6785d3c5,ST Bed Layout,st bed layout,ST Bed Layout,,mixed
blr_03a8684b6785d3c5,ST Bed Layout,in st bed layout,ST Bed Layout,,mixed
blr_03a8684b6785d3c5,ST Bed Layout,near st bed layout,ST Bed Layout,,mixed
blr_03a8684b6785d3c5,ST Bed Layout,around st bed layout,ST Bed Layout,,mixed
blr_03a8684b6785d3c5,ST Bed Layout,st bed layout area,ST Bed Layout,,mixed
blr_9c4ab84c5f4a8079,NGEF Layout,ngef layout,NGEF Layout,,mixed
blr_9c4ab84c5f4a8079,NGEF Layout,in ngef layout,NGEF Layout,,mixed
blr_9c4ab84c5f4a8079,NGEF Layout,near ngef layout,NGEF Layout,,mixed
blr_9c4ab84c5f4a8079,NGEF Layout,around ngef layout,NGEF Layout,,mixed
blr_9c4ab84c5f4a8079,NGEF Layout,ngef layout area,NGEF Layout,,mixed
blr_a9c75dc5f0a806f8,Basaveshwaranagar 2nd Stage,basaveshwaranagar two stage,Basaveshwaranagar 2nd Stage,,mixed
blr_a9c75dc5f0a806f8,Basaveshwaranagar 2nd Stage,basaveshwaranagar second stage,Basaveshwaranagar 2nd Stage,,mixed
blr_a9c75dc5f0a806f8,Basaveshwaranagar 2nd Stage,basaveshwaranagar 2nd stage,Basaveshwaranagar 2nd Stage,,mixed
blr_a9c75dc5f0a806f8,Basaveshwaranagar 2nd Stage,in basaveshwaranagar two stage,Basaveshwaranagar 2nd Stage,,mixed
blr_a9c75dc5f0a806f8,Basaveshwaranagar 2nd Stage,near basaveshwaranagar second stage,Basaveshwaranagar 2nd Stage,,mixed
blr_4c032b54ed781049,Rajajinagar 1st Block,rajajinagar 1st block,Rajajinagar 1st Block,,mixed
blr_4c032b54ed781049,Rajajinagar 1st Block,in rajajinagar 1st block,Rajajinagar 1st Block,,mixed
blr_4c032b54ed781049,Rajajinagar 1st Block,near rajajinagar 1st block,Rajajinagar 1st Block,,mixed
blr_4c032b54ed781049,Rajajinagar 1st Block,around rajajinagar 1st block,Rajajinagar 1st Block,,mixed
blr_4c032b54ed781049,Rajajinagar 1st Block,rajajinagar 1st block area,Rajajinagar 1st Block,,mixed
blr_61dff3d1ae73ed35,Rajajinagar 5th Block,rajajinagar fifth block,Rajajinagar 5th Block,,mixed
blr_61dff3d1ae73ed35,Rajajinagar 5th Block,rajajinagar five block,Rajajinagar 5th Block,,mixed
blr_61dff3d1ae73ed35,Rajajinagar 5th Block,rajajinagar 5th block,Rajajinagar 5th Block,,mixed
blr_61dff3d1ae73ed35,Rajajinagar 5th Block,in rajajinagar fifth block,Rajajinagar 5th Block,,mixed
blr_61dff3d1ae73ed35,Rajajinagar 5th Block,near rajajinagar five block,Rajajinagar 5th Block,,mixed
blr_e76417677a7dacc0,Rajajinagar 3rd Block,rajajinagar 3rd block,Rajajinagar 3rd Block,,mixed
blr_e76417677a7dacc0,Rajajinagar 3rd Block,rajajinagar three block,Rajajinagar 3rd Block,,mixed
blr_e76417677a7dacc0,Rajajinagar 3rd Block,rajajinagar third block,Rajajinagar 3rd Block,,mixed
blr_e76417677a7dacc0,Rajajinagar 3rd Block,in rajajinagar 3rd block,Rajajinagar 3rd Block,,mixed
blr_e76417677a7dacc0,Rajajinagar 3rd Block,near rajajinagar three block,Rajajinagar 3rd Block,,mixed
blr_fec255024e6795f9,KEB Layout,keb layout,KEB Layout,,mixed
blr_fec255024e6795f9,KEB Layout,in keb layout,KEB Layout,,mixed
blr_fec255024e6795f9,KEB Layout,near keb layout,KEB Layout,,mixed
blr_fec255024e6795f9,KEB Layout,around keb layout,KEB Layout,,mixed
blr_fec255024e6795f9,KEB Layout,keb layout area,KEB Layout,,mixed
blr_79533466c44ab0b0,RMV 2nd Stage 1st Block,rmv two stage 1st block,RMV 2nd Stage 1st Block,,mixed
blr_79533466c44ab0b0,RMV 2nd Stage 1st Block,rmv 2nd stage 1st block,RMV 2nd Stage 1st Block,,mixed
blr_79533466c44ab0b0,RMV 2nd Stage 1st Block,rmv second stage 1st block,RMV 2nd Stage 1st Block,,mixed
blr_79533466c44ab0b0,RMV 2nd Stage 1st Block,in rmv two stage 1st block,RMV 2nd Stage 1st Block,,mixed
blr_79533466c44ab0b0,RMV 2nd Stage 1st Block,near rmv 2nd stage 1st block,RMV 2nd Stage 1st Block,,mixed
blr_6071a786f0327494,B Chikkanna Layout,b chikkanna layout,B Chikkanna Layout,,mixed
blr_6071a786f0327494,B Chikkanna Layout,in b chikkanna layout,B Chikkanna Layout,,mixed
blr_6071a786f0327494,B Chikkanna Layout,near b chikkanna layout,B Chikkanna Layout,,mixed
blr_6071a786f0327494,B Chikkanna Layout,around b chikkanna layout,B Chikkanna Layout,,mixed
blr_6071a786f0327494,B Chikkanna Layout,b chikkanna layout area,B Chikkanna Layout,,mixed
blr_60a45dda4bc6f370,BTM 2nd Stage,btm second stage,BTM 2nd Stage,,mixed
blr_60a45dda4bc6f370,BTM 2nd Stage,b t m 2nd stage,BTM 2nd Stage,,mixed
blr_60a45dda4bc6f370,BTM 2nd Stage,btm 2nd stage,BTM 2nd Stage,,mixed
blr_60a45dda4bc6f370,BTM 2nd Stage,btm two stage,BTM 2nd Stage,,mixed
blr_60a45dda4bc6f370,BTM 2nd Stage,in btm second stage,BTM 2nd Stage,,mixed
blr_368092c577bcb3f5,BCC Layout,bcc layout,BCC Layout,,mixed
blr_368092c577bcb3f5,BCC Layout,in bcc layout,BCC Layout,,mixed
blr_368092c577bcb3f5,BCC Layout,near bcc layout,BCC Layout,,mixed
blr_368092c577bcb3f5,BCC Layout,around bcc layout,BCC Layout,,mixed
blr_368092c577bcb3f5,BCC Layout,bcc layout area,BCC Layout,,mixed
blr_e2cce610acffcc94,HRBR Layout 2nd Block,hrbr layout second block,HRBR Layout 2nd Block,,mixed
blr_e2cce610acffcc94,HRBR Layout 2nd Block,hrbr layout 2nd block,HRBR Layout 2nd Block,,mixed
blr_e2cce610acffcc94,HRBR Layout 2nd Block,hrbr layout two block,HRBR Layout 2nd Block,,mixed
blr_e2cce610acffcc94,HRBR Layout 2nd Block,in hrbr layout second block,HRBR Layout 2nd Block,,mixed
blr_e2cce610acffcc94,HRBR Layout 2nd Block,near hrbr layout 2nd block,HRBR Layout 2nd Block,,mixed
blr_25251b1f594cfa9b,HRBR Layout 3rd Block,hrbr layout third block,HRBR Layout 3rd Block,,mixed
blr_25251b1f594cfa9b,HRBR Layout 3rd Block,hrbr layout three block,HRBR Layout 3rd Block,,mixed
blr_25251b1f594cfa9b,HRBR Layout 3rd Block,hrbr layout 3rd block,HRBR Layout 3rd Block,,mixed
blr_25251b1f594cfa9b,HRBR Layout 3rd Block,in hrbr layout third block,HRBR Layout 3rd Block,,mixed
blr_25251b1f594cfa9b,HRBR Layout 3rd Block,near hrbr layout three block,HRBR Layout 3rd Block,,mixed
blr_6854598690b4de3e,GKW Layout,gkw layout,GKW Layout,,mixed
blr_6854598690b4de3e,GKW Layout,in gkw layout,GKW Layout,,mixed
blr_6854598690b4de3e,GKW Layout,near gkw layout,GKW Layout,,mixed
blr_6854598690b4de3e,GKW Layout,around gkw layout,GKW Layout,,mixed
blr_6854598690b4de3e,GKW Layout,gkw layout area,GKW Layout,,mixed
blr_b3eeb0e77f0d5529,M C Layout,m c layout,M C Layout,,mixed
blr_b3eeb0e77f0d5529,M C Layout,in m c layout,M C Layout,,mixed
blr_b3eeb0e77f0d5529,M C Layout,near m c layout,M C Layout,,mixed
blr_b3eeb0e77f0d5529,M C Layout,around m c layout,M C Layout,,mixed
blr_b3eeb0e77f0d5529,M C Layout,m c layout area,M C Layout,,mixed
blr_73986cfe66b75506,ITI Layout,iti layout,ITI Layout,,mixed
blr_73986cfe66b75506,ITI Layout,in iti layout,ITI Layout,,mixed
blr_73986cfe66b75506,ITI Layout,near iti layout,ITI Layout,,mixed
blr_73986cfe66b75506,ITI Layout,around iti layout,ITI Layout,,mixed
blr_73986cfe66b75506,ITI Layout,iti layout area,ITI Layout,,mixed
blr_5e551c65abcd6ad0,NHCS Layout,nhcs layout,NHCS Layout,,mixed
blr_5e551c65abcd6ad0,NHCS Layout,in nhcs layout,NHCS Layout,,mixed
blr_5e551c65abcd6ad0,NHCS Layout,near nhcs layout,NHCS Layout,,mixed
blr_5e551c65abcd6ad0,NHCS Layout,around nhcs layout,NHCS Layout,,mixed
blr_5e551c65abcd6ad0,NHCS Layout,nhcs layout area,NHCS Layout,,mixed
blr_ff744d65deea939a,Rajajinagar 6th Block,rajajinagar six block,Rajajinagar 6th Block,,mixed
blr_ff744d65deea939a,Rajajinagar 6th Block,rajajinagar sixth block,Rajajinagar 6th Block,,mixed
blr_ff744d65deea939a,Rajajinagar 6th Block,rajajinagar 6th block,Rajajinagar 6th Block,,mixed
blr_ff744d65deea939a,Rajajinagar 6th Block,in rajajinagar six block,Rajajinagar 6th Block,,mixed
blr_ff744d65deea939a,Rajajinagar 6th Block,near rajajinagar sixth block,Rajajinagar 6th Block,,mixed
blr_ec8a16a4774433cf,HAL 2nd Stage,hal second stage,HAL 2nd Stage,,mixed
blr_ec8a16a4774433cf,HAL 2nd Stage,hal two stage,HAL 2nd Stage,,mixed
blr_ec8a16a4774433cf,HAL 2nd Stage,hal 2nd stage,HAL 2nd Stage,,mixed
blr_ec8a16a4774433cf,HAL 2nd Stage,in hal second stage,HAL 2nd Stage,,mixed
blr_ec8a16a4774433cf,HAL 2nd Stage,near hal two stage,HAL 2nd Stage,,mixed
blr_a4a73cf53b31a98f,RBI Layout,rbi layout,RBI Layout,,mixed
blr_a4a73cf53b31a98f,RBI Layout,in rbi layout,RBI Layout,,mixed
blr_a4a73cf53b31a98f,RBI Layout,near rbi layout,RBI Layout,,mixed
blr_a4a73cf53b31a98f,RBI Layout,around rbi layout,RBI Layout,,mixed
blr_a4a73cf53b31a98f,RBI Layout,rbi layout area,RBI Layout,,mixed
blr_344eb486f126e1d6,Bank of Baroda Colony,bank of baroda colony,Bank of Baroda Colony,,mixed
blr_344eb486f126e1d6,Bank of Baroda Colony,in bank of baroda colony,Bank of Baroda Colony,,mixed
blr_344eb486f126e1d6,Bank of Baroda Colony,near bank of baroda colony,Bank of Baroda Colony,,mixed
blr_344eb486f126e1d6,Bank of Baroda Colony,around bank of baroda colony,Bank of Baroda Colony,,mixed
blr_344eb486f126e1d6,Bank of Baroda Colony,bank of baroda colony area,Bank of Baroda Colony,,mixed
blr_19afc214bc4122ee,M S Ramaiah City,m s ramaiah city,M S Ramaiah City,,mixed
blr_19afc214bc4122ee,M S Ramaiah City,in m s ramaiah city,M S Ramaiah City,,mixed
blr_19afc214bc4122ee,M S Ramaiah City,near m s ramaiah city,M S Ramaiah City,,mixed
blr_19afc214bc4122ee,M S Ramaiah City,around m s ramaiah city,M S Ramaiah City,,mixed
blr_19afc214bc4122ee,M S Ramaiah City,m s ramaiah city area,M S Ramaiah City,,mixed
blr_bd2c4a77344e734e,K R Layout,k r layout,K R Layout,,mixed
blr_bd2c4a77344e734e,K R Layout,in k r layout,K R Layout,,mixed
blr_bd2c4a77344e734e,K R Layout,near k r layout,K R Layout,,mixed
blr_bd2c4a77344e734e,K R Layout,around k r layout,K R Layout,,mixed
blr_bd2c4a77344e734e,K R Layout,k r layout area,K R Layout,,mixed
blr_2ed1bfc46a347802,Mico Arekere Layout 1st Stage,mico arekere layout 1st stage,Mico Arekere Layout 1st Stage,,mixed
blr_2ed1bfc46a347802,Mico Arekere Layout 1st Stage,in mico arekere layout 1st stage,Mico Arekere Layout 1st Stage,,mixed
blr_2ed1bfc46a347802,Mico Arekere Layout 1st Stage,near mico arekere layout 1st stage,Mico Arekere Layout 1st Stage,,mixed
blr_2ed1bfc46a347802,Mico Arekere Layout 1st Stage,around mico arekere layout 1st stage,Mico Arekere Layout 1st Stage,,mixed
blr_2ed1bfc46a347802,Mico Arekere Layout 1st Stage,mico arekere layout 1st stage area,Mico Arekere Layout 1st Stage,,mixed
blr_b2f9a5a7215cf7dc,AECS Layout D Block,aecs layout d block,AECS Layout D Block,,mixed
blr_b2f9a5a7215cf7dc,AECS Layout D Block,in aecs layout d block,AECS Layout D Block,,mixed
blr_b2f9a5a7215cf7dc,AECS Layout D Block,near aecs layout d block,AECS Layout D Block,,mixed
blr_b2f9a5a7215cf7dc,AECS Layout D Block,around aecs layout d block,AECS Layout D Block,,mixed
blr_b2f9a5a7215cf7dc,AECS Layout D Block,aecs layout d block area,AECS Layout D Block,,mixed
blr_3b0bee0d60ad9426,AECS Layout B Block,aecs layout b block,AECS Layout B Block,,mixed
blr_3b0bee0d60ad9426,AECS Layout B Block,in aecs layout b block,AECS Layout B Block,,mixed
blr_3b0bee0d60ad9426,AECS Layout B Block,near aecs layout b block,AECS Layout B Block,,mixed
blr_3b0bee0d60ad9426,AECS Layout B Block,around aecs layout b block,AECS Layout B Block,,mixed
blr_3b0bee0d60ad9426,AECS Layout B Block,aecs layout b block area,AECS Layout B Block,,mixed
blr_65238726c92405a3,AECS Layout A Block,aecs layout a block,AECS Layout A Block,,mixed
blr_65238726c92405a3,AECS Layout A Block,in aecs layout a block,AECS Layout A Block,,mixed
blr_65238726c92405a3,AECS Layout A Block,near aecs layout a block,AECS Layout A Block,,mixed
blr_65238726c92405a3,AECS Layout A Block,around aecs layout a block,AECS Layout A Block,,mixed
blr_65238726c92405a3,AECS Layout A Block,aecs layout a block area,AECS Layout A Block,,mixed
blr_cbefb6b3154b5b0f,BTM Layout 2nd Stage,btm layout two stage,BTM Layout 2nd Stage,,mixed
blr_cbefb6b3154b5b0f,BTM Layout 2nd Stage,btm layout second stage,BTM Layout 2nd Stage,,mixed
blr_cbefb6b3154b5b0f,BTM Layout 2nd Stage,btm layout 2nd stage,BTM Layout 2nd Stage,,mixed
blr_cbefb6b3154b5b0f,BTM Layout 2nd Stage,b t m layout 2nd stage,BTM Layout 2nd Stage,,mixed
blr_cbefb6b3154b5b0f,BTM Layout 2nd Stage,in btm layout two stage,BTM Layout 2nd Stage,,mixed
blr_4a81bb43d9faf2d4,BTM Layout 1st Stage,btm layout 1st stage,BTM Layout 1st Stage,,mixed
blr_4a81bb43d9faf2d4,BTM Layout 1st Stage,b t m layout 1st stage,BTM Layout 1st Stage,,mixed
blr_4a81bb43d9faf2d4,BTM Layout 1st Stage,in btm layout 1st stage,BTM Layout 1st Stage,,mixed
blr_4a81bb43d9faf2d4,BTM Layout 1st Stage,near b t m layout 1st stage,BTM Layout 1st Stage,,mixed
blr_4a81bb43d9faf2d4,BTM Layout 1st Stage,around btm layout 1st stage,BTM Layout 1st Stage,,mixed
blr_bbf6d61ee734dc6f,DK Naik Nagar,dk naik nagar,DK Naik Nagar,,mixed
blr_bbf6d61ee734dc6f,DK Naik Nagar,in dk naik nagar,DK Naik Nagar,,mixed
blr_bbf6d61ee734dc6f,DK Naik Nagar,near dk naik nagar,DK Naik Nagar,,mixed
blr_bbf6d61ee734dc6f,DK Naik Nagar,around dk naik nagar,DK Naik Nagar,,mixed
blr_bbf6d61ee734dc6f,DK Naik Nagar,dk naik nagar area,DK Naik Nagar,,mixed
blr_4206c4283b418618,Jayanagar 6th Block,jayanagar sixth block,Jayanagar 6th Block,,mixed
blr_4206c4283b418618,Jayanagar 6th Block,jayanagar six block,Jayanagar 6th Block,,mixed
blr_4206c4283b418618,Jayanagar 6th Block,jayanagar 6th block,Jayanagar 6th Block,,mixed
blr_4206c4283b418618,Jayanagar 6th Block,in jayanagar sixth block,Jayanagar 6th Block,,mixed
blr_4206c4283b418618,Jayanagar 6th Block,near jayanagar six block,Jayanagar 6th Block,,mixed
blr_74dde5f0b1960d24,Domlur BDA Layout,domlur bda layout,Domlur BDA Layout,,mixed
blr_74dde5f0b1960d24,Domlur BDA Layout,in domlur bda layout,Domlur BDA Layout,,mixed
blr_74dde5f0b1960d24,Domlur BDA Layout,near domlur bda layout,Domlur BDA Layout,,mixed
blr_74dde5f0b1960d24,Domlur BDA Layout,around domlur bda layout,Domlur BDA Layout,,mixed
blr_74dde5f0b1960d24,Domlur BDA Layout,domlur bda layout area,Domlur BDA Layout,,mixed
blr_9dab791bb353e833,P R Layout,p r layout,P R Layout,,mixed
blr_9dab791bb353e833,P R Layout,in p r layout,P R Layout,,mixed
blr_9dab791bb353e833,P R Layout,near p r layout,P R Layout,,mixed
blr_9dab791bb353e833,P R Layout,around p r layout,P R Layout,,mixed
blr_9dab791bb353e833,P R Layout,p r layout area,P R Layout,,mixed
blr_be4368a382a0231f,Sector 6th,sector 6th,Sector 6,,mixed
blr_be4368a382a0231f,Sector 6th,sector sixth,Sector 6,,mixed
blr_be4368a382a0231f,Sector 6th,sector six,Sector 6,,mixed
blr_be4368a382a0231f,Sector 6th,in sector 6th,Sector 6,,mixed
blr_be4368a382a0231f,Sector 6th,near sector sixth,Sector 6,,mixed
blr_cfe92dd2ab19a984,BDA Layout,bda layout,BDA Layout,,mixed
blr_cfe92dd2ab19a984,BDA Layout,in bda layout,BDA Layout,,mixed
blr_cfe92dd2ab19a984,BDA Layout,near bda layout,BDA Layout,,mixed
blr_cfe92dd2ab19a984,BDA Layout,around bda layout,BDA Layout,,mixed
blr_cfe92dd2ab19a984,BDA Layout,bda layout area,BDA Layout,,mixed
blr_57df517d938aa10b,BEML Township,beml township,BEML Township,,mixed
blr_57df517d938aa10b,BEML Township,in beml township,BEML Township,,mixed
blr_57df517d938aa10b,BEML Township,near beml township,BEML Township,,mixed
blr_57df517d938aa10b,BEML Township,around beml township,BEML Township,,mixed
blr_57df517d938aa10b,BEML Township,beml township area,BEML Township,,mixed
blr_28dee5c587d37683,GM Palya,gm palya,GM Palya,,mixed
blr_28dee5c587d37683,GM Palya,in gm palya,GM Palya,,mixed
blr_28dee5c587d37683,GM Palya,near gm palya,GM Palya,,mixed
blr_28dee5c587d37683,GM Palya,around gm palya,GM Palya,,mixed
blr_28dee5c587d37683,GM Palya,gm palya area,GM Palya,,mixed
blr_bfbb7e7de44e1b63,HAL 3rd Stage,hal third stage,HAL 3rd Stage,,mixed
blr_bfbb7e7de44e1b63,HAL 3rd Stage,hal three stage,HAL 3rd Stage,,mixed
blr_bfbb7e7de44e1b63,HAL 3rd Stage,hal 3rd stage,HAL 3rd Stage,,mixed
blr_bfbb7e7de44e1b63,HAL 3rd Stage,in hal third stage,HAL 3rd Stage,,mixed
blr_bfbb7e7de44e1b63,HAL 3rd Stage,near hal three stage,HAL 3rd Stage,,mixed
blr_c386f1063030c091,Sector 2nd,sector two,Sector 2,,mixed
blr_c386f1063030c091,Sector 2nd,sector 2nd,Sector 2,,mixed
blr_c386f1063030c091,Sector 2nd,sector second,Sector 2,,mixed
blr_c386f1063030c091,Sector 2nd,in sector two,Sector 2,,mixed
blr_c386f1063030c091,Sector 2nd,near sector 2nd,Sector 2,,mixed
blr_0b96ece838d5beef,KR Garden,kr garden,KR Garden,,mixed
blr_0b96ece838d5beef,KR Garden,in kr garden,KR Garden,,mixed
blr_0b96ece838d5beef,KR Garden,near kr garden,KR Garden,,mixed
blr_0b96ece838d5beef,KR Garden,around kr garden,KR Garden,,mixed
blr_0b96ece838d5beef,KR Garden,kr garden area,KR Garden,,mixed
blr_c6ac1b0340504d28,NR Layout,nr layout,NR Layout,,mixed
blr_c6ac1b0340504d28,NR Layout,in nr layout,NR Layout,,mixed
blr_c6ac1b0340504d28,NR Layout,near nr layout,NR Layout,,mixed
blr_c6ac1b0340504d28,NR Layout,around nr layout,NR Layout,,mixed
blr_c6ac1b0340504d28,NR Layout,nr layout area,NR Layout,,mixed
blr_14c7b4f36db1c8b2,SR Layout,sr layout,SR Layout,,mixed
blr_14c7b4f36db1c8b2,SR Layout,in sr layout,SR Layout,,mixed
blr_14c7b4f36db1c8b2,SR Layout,near sr layout,SR Layout,,mixed
blr_14c7b4f36db1c8b2,SR Layout,around sr layout,SR Layout,,mixed
blr_14c7b4f36db1c8b2,SR Layout,sr layout area,SR Layout,,mixed
blr_6b76090375bd9b41,Sector 1st,sector 1st,Sector 1,,mixed
blr_6b76090375bd9b41,Sector 1st,in sector 1st,Sector 1,,mixed
blr_6b76090375bd9b41,Sector 1st,near sector 1st,Sector 1,,mixed
blr_6b76090375bd9b41,Sector 1st,around sector 1st,Sector 1,,mixed
blr_6b76090375bd9b41,Sector 1st,sector 1st area,Sector 1,,mixed
blr_0d8ff69aa53b49ce,Sector 3rd,sector 3rd,Sector 3,,mixed
blr_0d8ff69aa53b49ce,Sector 3rd,sector three,Sector 3,,mixed
blr_0d8ff69aa53b49ce,Sector 3rd,sector third,Sector 3,,mixed
blr_0d8ff69aa53b49ce,Sector 3rd,in sector 3rd,Sector 3,,mixed
blr_0d8ff69aa53b49ce,Sector 3rd,near sector three,Sector 3,,mixed
blr_7f72cdeadedf4df3,Sector 4th,sector four,Sector 4,,mixed
blr_7f72cdeadedf4df3,Sector 4th,sector fourth,Sector 4,,mixed
blr_7f72cdeadedf4df3,Sector 4th,sector 4th,Sector 4,,mixed
blr_7f72cdeadedf4df3,Sector 4th,in sector four,Sector 4,,mixed
blr_7f72cdeadedf4df3,Sector 4th,near sector fourth,Sector 4,,mixed
blr_def1b05d38b72196,Sector 7th,sector 7th,Sector 7,,mixed
blr_def1b05d38b72196,Sector 7th,sector seven,Sector 7,,mixed
blr_def1b05d38b72196,Sector 7th,sector seventh,Sector 7,,mixed
blr_def1b05d38b72196,Sector 7th,in sector 7th,Sector 7,,mixed
blr_def1b05d38b72196,Sector 7th,near sector seven,Sector 7,,mixed
blr_0b91fd6baa804c95,Banashankari 1st Stage,banashankari 1st stage,Banashankari 1st Stage,,mixed
blr_0b91fd6baa804c95,Banashankari 1st Stage,in banashankari 1st stage,Banashankari 1st Stage,,mixed
blr_0b91fd6baa804c95,Banashankari 1st Stage,near banashankari 1st stage,Banashankari 1st Stage,,mixed
blr_0b91fd6baa804c95,Banashankari 1st Stage,around banashankari 1st stage,Banashankari 1st Stage,,mixed
blr_0b91fd6baa804c95,Banashankari 1st Stage,banashankari 1st stage area,Banashankari 1st Stage,,mixed
blr_3932a3afebd00909,Banashankari 3rd Stage,banashankari 3rd stage,Banashankari 3rd Stage,,mixed
blr_3932a3afebd00909,Banashankari 3rd Stage,banashankari three stage,Banashankari 3rd Stage,,mixed
blr_3932a3afebd00909,Banashankari 3rd Stage,banashankari third stage,Banashankari 3rd Stage,,mixed
blr_3932a3afebd00909,Banashankari 3rd Stage,in banashankari 3rd stage,Banashankari 3rd Stage,,mixed
blr_3932a3afebd00909,Banashankari 3rd Stage,near banashankari three stage,Banashankari 3rd Stage,,mixed
blr_55dd932a98630bed,Vinayaka Nagar A Block,vinayaka nagar a block,Vinayaka Nagar A Block,,mixed
blr_55dd932a98630bed,Vinayaka Nagar A Block,in vinayaka nagar a block,Vinayaka Nagar A Block,,mixed
blr_55dd932a98630bed,Vinayaka Nagar A Block,near vinayaka nagar a block,Vinayaka Nagar A Block,,mixed
blr_55dd932a98630bed,Vinayaka Nagar A Block,around vinayaka nagar a block,Vinayaka Nagar A Block,,mixed
blr_55dd932a98630bed,Vinayaka Nagar A Block,vinayaka nagar a block area,Vinayaka Nagar A Block,,mixed
blr_3097b0a67ccc2750,A Narayanapura,a narayanapura,A Narayanapura,,mixed
blr_3097b0a67ccc2750,A Narayanapura,in a narayanapura,A Narayanapura,,mixed
blr_3097b0a67ccc2750,A Narayanapura,near a narayanapura,A Narayanapura,,mixed
blr_3097b0a67ccc2750,A Narayanapura,around a narayanapura,A Narayanapura,,mixed
blr_3097b0a67ccc2750,A Narayanapura,a narayanapura area,A Narayanapura,,mixed
blr_c57165032ea3d95f,BM Kaval,bm kaval,BM Kaval,,mixed
blr_c57165032ea3d95f,BM Kaval,in bm kaval,BM Kaval,,mixed
blr_c57165032ea3d95f,BM Kaval,near bm kaval,BM Kaval,,mixed
blr_c57165032ea3d95f,BM Kaval,around bm kaval,BM Kaval,,mixed
blr_c57165032ea3d95f,BM Kaval,bm kaval area,BM Kaval,,mixed
blr_8d91185841597c54,MEI Colony,mei colony,MEI Colony,,mixed
blr_8d91185841597c54,MEI Colony,in mei colony,MEI Colony,,mixed
blr_8d91185841597c54,MEI Colony,near mei colony,MEI Colony,,mixed
blr_8d91185841597c54,MEI Colony,around mei colony,MEI Colony,,mixed
blr_8d91185841597c54,MEI Colony,mei colony area,MEI Colony,,mixed
blr_205913ec495556b7,Jayanagar 3rd Block,jayanagar third block,Jayanagar 3rd Block,,mixed
blr_205913ec495556b7,Jayanagar 3rd Block,jayanagar three block,Jayanagar 3rd Block,,mixed
blr_205913ec495556b7,Jayanagar 3rd Block,jayanagar 3rd block,Jayanagar 3rd Block,,mixed
blr_205913ec495556b7,Jayanagar 3rd Block,in jayanagar third block,Jayanagar 3rd Block,,mixed
blr_205913ec495556b7,Jayanagar 3rd Block,near jayanagar three block,Jayanagar 3rd Block,,mixed
blr_01c3c09f2d8f7a92,MV Garden,mv garden,MV Garden,,mixed
blr_01c3c09f2d8f7a92,MV Garden,in mv garden,MV Garden,,mixed
blr_01c3c09f2d8f7a92,MV Garden,near mv garden,MV Garden,,mixed
blr_01c3c09f2d8f7a92,MV Garden,around mv garden,MV Garden,,mixed
blr_01c3c09f2d8f7a92,MV Garden,mv garden area,MV Garden,,mixed
blr_0dbb8840314b5f6d,ITC Colony,itc colony,ITC Colony,,mixed
blr_0dbb8840314b5f6d,ITC Colony,in itc colony,ITC Colony,,mixed
blr_0dbb8840314b5f6d,ITC Colony,near itc colony,ITC Colony,,mixed
blr_0dbb8840314b5f6d,ITC Colony,around itc colony,ITC Colony,,mixed
blr_0dbb8840314b5f6d,ITC Colony,itc colony area,ITC Colony,,mixed
blr_100d07aeabf81a1a,MSO Colony,mso colony,MSO Colony,,mixed
blr_100d07aeabf81a1a,MSO Colony,in mso colony,MSO Colony,,mixed
blr_100d07aeabf81a1a,MSO Colony,near mso colony,MSO Colony,,mixed
blr_100d07aeabf81a1a,MSO Colony,around mso colony,MSO Colony,,mixed
blr_100d07aeabf81a1a,MSO Colony,mso colony area,MSO Colony,,mixed
blr_0a4bbe18691ac465,MES Colony,mes colony,MES Colony,,mixed
blr_0a4bbe18691ac465,MES Colony,in mes colony,MES Colony,,mixed
blr_0a4bbe18691ac465,MES Colony,near mes colony,MES Colony,,mixed
blr_0a4bbe18691ac465,MES Colony,around mes colony,MES Colony,,mixed
blr_0a4bbe18691ac465,MES Colony,mes colony area,MES Colony,,mixed
blr_c1f8ad35ab2fd9e8,HBR Layout 5th Block,hbr layout five block,HBR Layout 5th Block,,mixed
blr_c1f8ad35ab2fd9e8,HBR Layout 5th Block,hbr layout fifth block,HBR Layout 5th Block,,mixed
blr_c1f8ad35ab2fd9e8,HBR Layout 5th Block,hbr layout 5th block,HBR Layout 5th Block,,mixed
blr_c1f8ad35ab2fd9e8,HBR Layout 5th Block,in hbr layout five block,HBR Layout 5th Block,,mixed
blr_c1f8ad35ab2fd9e8,HBR Layout 5th Block,near hbr layout fifth block,HBR Layout 5th Block,,mixed
blr_b76e67984f0f34d2,HBR Layout,hbr layout,HBR Layout,,mixed
blr_b76e67984f0f34d2,HBR Layout,in hbr layout,HBR Layout,,mixed
blr_b76e67984f0f34d2,HBR Layout,near hbr layout,HBR Layout,,mixed
blr_b76e67984f0f34d2,HBR Layout,around hbr layout,HBR Layout,,mixed
blr_b76e67984f0f34d2,HBR Layout,hbr layout area,HBR Layout,,mixed
blr_22cb716a3641a67e,HAL Township,hal township,HAL Township,,mixed
blr_22cb716a3641a67e,HAL Township,in hal township,HAL Township,,mixed
blr_22cb716a3641a67e,HAL Township,near hal township,HAL Township,,mixed
blr_22cb716a3641a67e,HAL Township,around hal township,HAL Township,,mixed
blr_22cb716a3641a67e,HAL Township,hal township area,HAL Township,,mixed
blr_792ce903d458c307,Indiranagar 3rd Stage,indiranagar third stage,Indiranagar 3rd Stage,,mixed
blr_792ce903d458c307,Indiranagar 3rd Stage,indiranagar 3rd stage,Indiranagar 3rd Stage,,mixed
blr_792ce903d458c307,Indiranagar 3rd Stage,indiranagar three stage,Indiranagar 3rd Stage,,mixed
blr_792ce903d458c307,Indiranagar 3rd Stage,indira nagar 3rd stage,Indiranagar 3rd Stage,,mixed
blr_792ce903d458c307,Indiranagar 3rd Stage,indir nagar 3rd stage,Indiranagar 3rd Stage,,mixed
blr_b0fdef18db02d52c,Koramangala 7th Block,koraman gala 7th block,Koramangala 7th Block,,mixed
blr_b0fdef18db02d52c,Koramangala 7th Block,koramangala seventh block,Koramangala 7th Block,,mixed
blr_b0fdef18db02d52c,Koramangala 7th Block,koramangala seven block,Koramangala 7th Block,,mixed
blr_b0fdef18db02d52c,Koramangala 7th Block,koramangala 7th block,Koramangala 7th Block,,mixed
blr_b0fdef18db02d52c,Koramangala 7th Block,koram angala 7th block,Koramangala 7th Block,,mixed
blr_e9f67f5ebde3cb5d,ITI Industrial Estate,iti industrial estate,ITI Industrial Estate,,mixed
blr_e9f67f5ebde3cb5d,ITI Industrial Estate,in iti industrial estate,ITI Industrial Estate,,mixed
blr_e9f67f5ebde3cb5d,ITI Industrial Estate,near iti industrial estate,ITI Industrial Estate,,mixed
blr_e9f67f5ebde3cb5d,ITI Industrial Estate,around iti industrial estate,ITI Industrial Estate,,mixed
blr_e9f67f5ebde3cb5d,ITI Industrial Estate,iti industrial estate area,ITI Industrial Estate,,mixed
blr_c4f8dc3e513c6b29,EPIP Zone,epip zone,EPIP Zone,,mixed
blr_c4f8dc3e513c6b29,EPIP Zone,in epip zone,EPIP Zone,,mixed
blr_c4f8dc3e513c6b29,EPIP Zone,near epip zone,EPIP Zone,,mixed
blr_c4f8dc3e513c6b29,EPIP Zone,around epip zone,EPIP Zone,,mixed
blr_c4f8dc3e513c6b29,EPIP Zone,epip zone area,EPIP Zone,,mixed
blr_2b3be5c076e4e91e,PF Layout,pf layout,PF Layout,,mixed
blr_2b3be5c076e4e91e,PF Layout,in pf layout,PF Layout,,mixed
blr_2b3be5c076e4e91e,PF Layout,near pf layout,PF Layout,,mixed
blr_2b3be5c076e4e91e,PF Layout,around pf layout,PF Layout,,mixed
blr_2b3be5c076e4e91e,PF Layout,pf layout area,PF Layout,,mixed
blr_f8fa2532a34794bc,K Narayanapura,k narayanapura,K Narayanapura,,mixed
blr_f8fa2532a34794bc,K Narayanapura,in k narayanapura,K Narayanapura,,mixed
blr_f8fa2532a34794bc,K Narayanapura,near k narayanapura,K Narayanapura,,mixed
blr_f8fa2532a34794bc,K Narayanapura,around k narayanapura,K Narayanapura,,mixed
blr_f8fa2532a34794bc,K Narayanapura,k narayanapura area,K Narayanapura,,mixed
blr_ba965542cf98c34b,West of Chord Road 2nd Stage,west of chord road two stage,West of Chord Road 2nd Stage,,mixed
blr_ba965542cf98c34b,West of Chord Road 2nd Stage,west of chord road second stage,West of Chord Road 2nd Stage,,mixed
blr_ba965542cf98c34b,West of Chord Road 2nd Stage,west of chord road 2nd stage,West of Chord Road 2nd Stage,,mixed
blr_ba965542cf98c34b,West of Chord Road 2nd Stage,in west of chord road two stage,West of Chord Road 2nd Stage,,mixed
blr_ba965542cf98c34b,West of Chord Road 2nd Stage,near west of chord road second stage,West of Chord Road 2nd Stage,,mixed
blr_c093f8ab31fa38b3,NTY Layout,nty layout,NTY Layout,,mixed
blr_c093f8ab31fa38b3,NTY Layout,in nty layout,NTY Layout,,mixed
blr_c093f8ab31fa38b3,NTY Layout,near nty layout,NTY Layout,,mixed
blr_c093f8ab31fa38b3,NTY Layout,around nty layout,NTY Layout,,mixed
blr_c093f8ab31fa38b3,NTY Layout,nty layout area,NTY Layout,,mixed
blr_dcd813ab2b3d0999,Sir MV Layout,sir mv layout,Sir MV Layout,,mixed
blr_dcd813ab2b3d0999,Sir MV Layout,in sir mv layout,Sir MV Layout,,mixed
blr_dcd813ab2b3d0999,Sir MV Layout,near sir mv layout,Sir MV Layout,,mixed
blr_dcd813ab2b3d0999,Sir MV Layout,around sir mv layout,Sir MV Layout,,mixed
blr_dcd813ab2b3d0999,Sir MV Layout,sir mv layout area,Sir MV Layout,,mixed
blr_0f7ada27c112f7b0,Bhuvaneshwari Nagara 2nd Stage,bhuvaneshwari nagara 2nd stage,Bhuvaneshwari Nagara 2nd Stage,,mixed
blr_0f7ada27c112f7b0,Bhuvaneshwari Nagara 2nd Stage,bhuvaneshwari nagara second stage,Bhuvaneshwari Nagara 2nd Stage,,mixed
blr_0f7ada27c112f7b0,Bhuvaneshwari Nagara 2nd Stage,bhuvaneshwari nagara two stage,Bhuvaneshwari Nagara 2nd Stage,,mixed
blr_0f7ada27c112f7b0,Bhuvaneshwari Nagara 2nd Stage,in bhuvaneshwari nagara 2nd stage,Bhuvaneshwari Nagara 2nd Stage,,mixed
blr_0f7ada27c112f7b0,Bhuvaneshwari Nagara 2nd Stage,near bhuvaneshwari nagara second stage,Bhuvaneshwari Nagara 2nd Stage,,mixed
blr_1dc121929f478414,Bhuvaneshwari Nagara 1st Stage,bhuvaneshwari nagara 1st stage,Bhuvaneshwari Nagara 1st Stage,,mixed
blr_1dc121929f478414,Bhuvaneshwari Nagara 1st Stage,in bhuvaneshwari nagara 1st stage,Bhuvaneshwari Nagara 1st Stage,,mixed
blr_1dc121929f478414,Bhuvaneshwari Nagara 1st Stage,near bhuvaneshwari nagara 1st stage,Bhuvaneshwari Nagara 1st Stage,,mixed
blr_1dc121929f478414,Bhuvaneshwari Nagara 1st Stage,around bhuvaneshwari nagara 1st stage,Bhuvaneshwari Nagara 1st Stage,,mixed
blr_1dc121929f478414,Bhuvaneshwari Nagara 1st Stage,bhuvaneshwari nagara 1st stage area,Bhuvaneshwari Nagara 1st Stage,,mixed
blr_298a174fedf6b07a,Rajajinagara 1st R Block,rajajinagara 1st r block,Rajajinagara 1st R Block,,mixed
blr_298a174fedf6b07a,Rajajinagara 1st R Block,in rajajinagara 1st r block,Rajajinagara 1st R Block,,mixed
blr_298a174fedf6b07a,Rajajinagara 1st R Block,near rajajinagara 1st r block,Rajajinagara 1st R Block,,mixed
blr_298a174fedf6b07a,Rajajinagara 1st R Block,around rajajinagara 1st r block,Rajajinagara 1st R Block,,mixed
blr_298a174fedf6b07a,Rajajinagara 1st R Block,rajajinagara 1st r block area,Rajajinagara 1st R Block,,mixed
blr_b4f93acc4ab2176f,LR Bande,lr bande,LR Bande,,mixed
blr_b4f93acc4ab2176f,LR Bande,in lr bande,LR Bande,,mixed
blr_b4f93acc4ab2176f,LR Bande,near lr bande,LR Bande,,mixed
blr_b4f93acc4ab2176f,LR Bande,around lr bande,LR Bande,,mixed
blr_b4f93acc4ab2176f,LR Bande,lr bande area,LR Bande,,mixed
blr_af39fb6c32f077cf,JC Nagar,jc nagar,JC Nagar,,mixed
blr_af39fb6c32f077cf,JC Nagar,in jc nagar,JC Nagar,,mixed
blr_af39fb6c32f077cf,JC Nagar,near jc nagar,JC Nagar,,mixed
blr_af39fb6c32f077cf,JC Nagar,around jc nagar,JC Nagar,,mixed
blr_af39fb6c32f077cf,JC Nagar,jc nagar area,JC Nagar,,mixed
blr_65265fba0625a900,Postal and Telecom Colony,postal and telecom colony,Postal and Telecom Colony,,mixed
blr_65265fba0625a900,Postal and Telecom Colony,in postal and telecom colony,Postal and Telecom Colony,,mixed
blr_65265fba0625a900,Postal and Telecom Colony,near postal and telecom colony,Postal and Telecom Colony,,mixed
blr_65265fba0625a900,Postal and Telecom Colony,around postal and telecom colony,Postal and Telecom Colony,,mixed
blr_65265fba0625a900,Postal and Telecom Colony,postal and telecom colony area,Postal and Telecom Colony,,mixed
blr_a1f96c2091d687b8,MEI Layout,mei layout,MEI Layout,,mixed
blr_a1f96c2091d687b8,MEI Layout,in mei layout,MEI Layout,,mixed
blr_a1f96c2091d687b8,MEI Layout,near mei layout,MEI Layout,,mixed
blr_a1f96c2091d687b8,MEI Layout,around mei layout,MEI Layout,,mixed
blr_a1f96c2091d687b8,MEI Layout,mei layout area,MEI Layout,,mixed
blr_6850ad0fc305fa90,RPC Layout,rpc layout,RPC Layout,,mixed
blr_6850ad0fc305fa90,RPC Layout,in rpc layout,RPC Layout,,mixed
blr_6850ad0fc305fa90,RPC Layout,near rpc layout,RPC Layout,,mixed
blr_6850ad0fc305fa90,RPC Layout,around rpc layout,RPC Layout,,mixed
blr_6850ad0fc305fa90,RPC Layout,rpc layout area,RPC Layout,,mixed
blr_3ecd05c31e2a8188,K H Ranganath Colony,k h ranganath colony,K H Ranganath Colony,,mixed
blr_3ecd05c31e2a8188,K H Ranganath Colony,in k h ranganath colony,K H Ranganath Colony,,mixed
blr_3ecd05c31e2a8188,K H Ranganath Colony,near k h ranganath colony,K H Ranganath Colony,,mixed
blr_3ecd05c31e2a8188,K H Ranganath Colony,around k h ranganath colony,K H Ranganath Colony,,mixed
blr_3ecd05c31e2a8188,K H Ranganath Colony,k h ranganath colony area,K H Ranganath Colony,,mixed
blr_496d74f91c7201b0,Rajajinagar 4th Block,rajajinagar four block,Rajajinagar 4th Block,,mixed
blr_496d74f91c7201b0,Rajajinagar 4th Block,rajajinagar fourth block,Rajajinagar 4th Block,,mixed
blr_496d74f91c7201b0,Rajajinagar 4th Block,rajajinagar 4th block,Rajajinagar 4th Block,,mixed
blr_496d74f91c7201b0,Rajajinagar 4th Block,in rajajinagar four block,Rajajinagar 4th Block,,mixed
blr_496d74f91c7201b0,Rajajinagar 4th Block,near rajajinagar fourth block,Rajajinagar 4th Block,,mixed
blr_6fa4cdd1b750c86d,Rajajinagar 2nd Block,rajajinagar two block,Rajajinagar 2nd Block,,mixed
blr_6fa4cdd1b750c86d,Rajajinagar 2nd Block,rajajinagar 2nd block,Rajajinagar 2nd Block,,mixed
blr_6fa4cdd1b750c86d,Rajajinagar 2nd Block,rajajinagar second block,Rajajinagar 2nd Block,,mixed
blr_6fa4cdd1b750c86d,Rajajinagar 2nd Block,in rajajinagar two block,Rajajinagar 2nd Block,,mixed
blr_6fa4cdd1b750c86d,Rajajinagar 2nd Block,near rajajinagar 2nd block,Rajajinagar 2nd Block,,mixed
blr_b4a0355a86cd605d,BEML Layout 3rd Stage,beml layout 3rd stage,BEML Layout 3rd Stage,,mixed
blr_b4a0355a86cd605d,BEML Layout 3rd Stage,beml layout third stage,BEML Layout 3rd Stage,,mixed
blr_b4a0355a86cd605d,BEML Layout 3rd Stage,beml layout three stage,BEML Layout 3rd Stage,,mixed
blr_b4a0355a86cd605d,BEML Layout 3rd Stage,in beml layout 3rd stage,BEML Layout 3rd Stage,,mixed
blr_b4a0355a86cd605d,BEML Layout 3rd Stage,near beml layout third stage,BEML Layout 3rd Stage,,mixed
blr_1e70de7f5874b743,BEML Layout 5th Stage,beml layout 5th stage,BEML Layout 5th Stage,,mixed
blr_1e70de7f5874b743,BEML Layout 5th Stage,beml layout five stage,BEML Layout 5th Stage,,mixed
blr_1e70de7f5874b743,BEML Layout 5th Stage,beml layout fifth stage,BEML Layout 5th Stage,,mixed
blr_1e70de7f5874b743,BEML Layout 5th Stage,in beml layout 5th stage,BEML Layout 5th Stage,,mixed
blr_1e70de7f5874b743,BEML Layout 5th Stage,near beml layout five stage,BEML Layout 5th Stage,,mixed
blr_3fb514b43990bd5c,BHEL Layout,bhel layout,BHEL Layout,,mixed
blr_3fb514b43990bd5c,BHEL Layout,in bhel layout,BHEL Layout,,mixed
blr_3fb514b43990bd5c,BHEL Layout,near bhel layout,BHEL Layout,,mixed
blr_3fb514b43990bd5c,BHEL Layout,around bhel layout,BHEL Layout,,mixed
blr_3fb514b43990bd5c,BHEL Layout,bhel layout area,BHEL Layout,,mixed
blr_a80e4a045c506f91,BEML Layout 7th Phase,beml layout seven phase,BEML Layout 7th Phase,,mixed
blr_a80e4a045c506f91,BEML Layout 7th Phase,beml layout 7th phase,BEML Layout 7th Phase,,mixed
blr_a80e4a045c506f91,BEML Layout 7th Phase,beml layout seventh phase,BEML Layout 7th Phase,,mixed
blr_a80e4a045c506f91,BEML Layout 7th Phase,in beml layout seven phase,BEML Layout 7th Phase,,mixed
blr_a80e4a045c506f91,BEML Layout 7th Phase,near beml layout 7th phase,BEML Layout 7th Phase,,mixed
blr_5b2b9ffb2a9a7d59,"Banashankari 6th Stage, 11th Block",banashankari 6th stage 11th block,"Banashankari 6th Stage, 11th Block",,mixed
blr_5b2b9ffb2a9a7d59,"Banashankari 6th Stage, 11th Block",banashankari sixth stage 11th block,"Banashankari 6th Stage, 11th Block",,mixed
blr_5b2b9ffb2a9a7d59,"Banashankari 6th Stage, 11th Block",banashankari six stage 11th block,"Banashankari 6th Stage, 11th Block",,mixed
blr_5b2b9ffb2a9a7d59,"Banashankari 6th Stage, 11th Block",in banashankari 6th stage 11th block,"Banashankari 6th Stage, 11th Block",,mixed
blr_5b2b9ffb2a9a7d59,"Banashankari 6th Stage, 11th Block",near banashankari sixth stage 11th block,"Banashankari 6th Stage, 11th Block",,mixed
blr_f558d4f9a0719247,Koramangala 8th Block,koramangala 8th block,Koramangala 8th Block,,mixed
blr_f558d4f9a0719247,Koramangala 8th Block,koram angala 8th block,Koramangala 8th Block,,mixed
blr_f558d4f9a0719247,Koramangala 8th Block,koramangala eight block,Koramangala 8th Block,,mixed
blr_f558d4f9a0719247,Koramangala 8th Block,koraman gala 8th block,Koramangala 8th Block,,mixed
blr_f558d4f9a0719247,Koramangala 8th Block,koramangala eighth block,Koramangala 8th Block,,mixed
blr_0e665c066af6a015,Koramangala 5th Block,koram angala 5th block,Koramangala 5th Block,,mixed
blr_0e665c066af6a015,Koramangala 5th Block,koramangala five block,Koramangala 5th Block,,mixed
blr_0e665c066af6a015,Koramangala 5th Block,koramangala fifth block,Koramangala 5th Block,,mixed
blr_0e665c066af6a015,Koramangala 5th Block,koramangala 5th block,Koramangala 5th Block,,mixed
blr_0e665c066af6a015,Koramangala 5th Block,koraman gala 5th block,Koramangala 5th Block,,mixed
blr_d4128f239e523079,Koramangala 6th Block,koraman gala 6th block,Koramangala 6th Block,,mixed
blr_d4128f239e523079,Koramangala 6th Block,koramangala six block,Koramangala 6th Block,,mixed
blr_d4128f239e523079,Koramangala 6th Block,koramangala 6th block,Koramangala 6th Block,,mixed
blr_d4128f239e523079,Koramangala 6th Block,koramangala sixth block,Koramangala 6th Block,,mixed
blr_d4128f239e523079,Koramangala 6th Block,koram angala 6th block,Koramangala 6th Block,,mixed
blr_f8dc41eeac505ebd,Koramangala 4th Block,koramangala four block,Koramangala 4th Block,,mixed
blr_f8dc41eeac505ebd,Koramangala 4th Block,koram angala 4th block,Koramangala 4th Block,,mixed
blr_f8dc41eeac505ebd,Koramangala 4th Block,koramangala 4th block,Koramangala 4th Block,,mixed
blr_f8dc41eeac505ebd,Koramangala 4th Block,koraman gala 4th block,Koramangala 4th Block,,mixed
blr_f8dc41eeac505ebd,Koramangala 4th Block,koramangala fourth block,Koramangala 4th Block,,mixed
blr_e8f46684eeba904c,Koramangala 3rd Block,koraman gala 3rd block,Koramangala 3rd Block,,mixed
blr_e8f46684eeba904c,Koramangala 3rd Block,koram angala 3rd block,Koramangala 3rd Block,,mixed
blr_e8f46684eeba904c,Koramangala 3rd Block,koramangala three block,Koramangala 3rd Block,,mixed
blr_e8f46684eeba904c,Koramangala 3rd Block,koramangala 3rd block,Koramangala 3rd Block,,mixed
blr_e8f46684eeba904c,Koramangala 3rd Block,koramangala third block,Koramangala 3rd Block,,mixed
blr_0b2d7cdc244db740,Koramangala 1st Block,koramangala 1st block,Koramangala 1st Block,,mixed
blr_0b2d7cdc244db740,Koramangala 1st Block,koram angala 1st block,Koramangala 1st Block,,mixed
blr_0b2d7cdc244db740,Koramangala 1st Block,koraman gala 1st block,Koramangala 1st Block,,mixed
blr_0b2d7cdc244db740,Koramangala 1st Block,in koramangala 1st block,Koramangala 1st Block,,mixed
blr_0b2d7cdc244db740,Koramangala 1st Block,near koram angala 1st block,Koramangala 1st Block,,mixed
blr_b05ecf40318cbe49,SBI Colony,sbi colony,SBI Colony,,mixed
blr_b05ecf40318cbe49,SBI Colony,in sbi colony,SBI Colony,,mixed
blr_b05ecf40318cbe49,SBI Colony,near sbi colony,SBI Colony,,mixed
blr_b05ecf40318cbe49,SBI Colony,around sbi colony,SBI Colony,,mixed
blr_b05ecf40318cbe49,SBI Colony,sbi colony area,SBI Colony,,mixed
blr_1918c80343e3b733,JCR Layout,jcr layout,JCR Layout,,mixed
blr_1918c80343e3b733,JCR Layout,in jcr layout,JCR Layout,,mixed
blr_1918c80343e3b733,JCR Layout,near jcr layout,JCR Layout,,mixed
blr_1918c80343e3b733,JCR Layout,around jcr layout,JCR Layout,,mixed
blr_1918c80343e3b733,JCR Layout,jcr layout area,JCR Layout,,mixed
blr_079e0825944ca1c1,ISRO Colony,isro colony,ISRO Colony,,mixed
blr_079e0825944ca1c1,ISRO Colony,in isro colony,ISRO Colony,,mixed
blr_079e0825944ca1c1,ISRO Colony,near isro colony,ISRO Colony,,mixed
blr_079e0825944ca1c1,ISRO Colony,around isro colony,ISRO Colony,,mixed
blr_079e0825944ca1c1,ISRO Colony,isro colony area,ISRO Colony,,mixed
blr_e76393feafdfd276,Banashankari 6th Stage,banashankari 6th stage,Banashankari 6th Stage,,mixed
blr_e76393feafdfd276,Banashankari 6th Stage,banashankari sixth stage,Banashankari 6th Stage,,mixed
blr_e76393feafdfd276,Banashankari 6th Stage,banashankari six stage,Banashankari 6th Stage,,mixed
blr_e76393feafdfd276,Banashankari 6th Stage,in banashankari 6th stage,Banashankari 6th Stage,,mixed
blr_e76393feafdfd276,Banashankari 6th Stage,near banashankari sixth stage,Banashankari 6th Stage,,mixed
blr_2d2246a689bc463b,Arkavathy Layout 20th Block,arkavathy layout 20th block,Arkavathy Layout 20th Block,,mixed
blr_2d2246a689bc463b,Arkavathy Layout 20th Block,in arkavathy layout 20th block,Arkavathy Layout 20th Block,,mixed
blr_2d2246a689bc463b,Arkavathy Layout 20th Block,near arkavathy layout 20th block,Arkavathy Layout 20th Block,,mixed
blr_2d2246a689bc463b,Arkavathy Layout 20th Block,around arkavathy layout 20th block,Arkavathy Layout 20th Block,,mixed
blr_2d2246a689bc463b,Arkavathy Layout 20th Block,arkavathy layout 20th block area,Arkavathy Layout 20th Block,,mixed
blr_d7ed324df2d61a00,Arkavathy Layout 19th Block,arkavathy layout 19th block,Arkavathy Layout 19th Block,,mixed
blr_d7ed324df2d61a00,Arkavathy Layout 19th Block,arkavathy layout 1nine block,Arkavathy Layout 19th Block,,mixed
blr_d7ed324df2d61a00,Arkavathy Layout 19th Block,arkavathy layout 1ninth block,Arkavathy Layout 19th Block,,mixed
blr_d7ed324df2d61a00,Arkavathy Layout 19th Block,in arkavathy layout 19th block,Arkavathy Layout 19th Block,,mixed
blr_d7ed324df2d61a00,Arkavathy Layout 19th Block,near arkavathy layout 1nine block,Arkavathy Layout 19th Block,,mixed
blr_e958a647f9552401,Arkavathy Layout 9th Block,arkavathy layout 9th block,Arkavathy Layout 9th Block,,mixed
blr_e958a647f9552401,Arkavathy Layout 9th Block,arkavathy layout ninth block,Arkavathy Layout 9th Block,,mixed
blr_e958a647f9552401,Arkavathy Layout 9th Block,arkavathy layout nine block,Arkavathy Layout 9th Block,,mixed
blr_e958a647f9552401,Arkavathy Layout 9th Block,in arkavathy layout 9th block,Arkavathy Layout 9th Block,,mixed
blr_e958a647f9552401,Arkavathy Layout 9th Block,near arkavathy layout ninth block,Arkavathy Layout 9th Block,,mixed
blr_3cfb19c2847f17ab,Arkavathy Layout 16th Block,arkavathy layout 16th block,Arkavathy Layout 16th Block,,mixed
blr_3cfb19c2847f17ab,Arkavathy Layout 16th Block,arkavathy layout 1sixth block,Arkavathy Layout 16th Block,,mixed
blr_3cfb19c2847f17ab,Arkavathy Layout 16th Block,arkavathy layout 1six block,Arkavathy Layout 16th Block,,mixed
blr_3cfb19c2847f17ab,Arkavathy Layout 16th Block,in arkavathy layout 16th block,Arkavathy Layout 16th Block,,mixed
blr_3cfb19c2847f17ab,Arkavathy Layout 16th Block,near arkavathy layout 1sixth block,Arkavathy Layout 16th Block,,mixed
blr_aa966677cae39b3a,Arkavathy Layout 18th Block,arkavathy layout 1eight block,Arkavathy Layout 18th Block,,mixed
blr_aa966677cae39b3a,Arkavathy Layout 18th Block,arkavathy layout 18th block,Arkavathy Layout 18th Block,,mixed
blr_aa966677cae39b3a,Arkavathy Layout 18th Block,arkavathy layout 1eighth block,Arkavathy Layout 18th Block,,mixed
blr_aa966677cae39b3a,Arkavathy Layout 18th Block,in arkavathy layout 1eight block,Arkavathy Layout 18th Block,,mixed
blr_aa966677cae39b3a,Arkavathy Layout 18th Block,near arkavathy layout 18th block,Arkavathy Layout 18th Block,,mixed
blr_0d12ce73298c4450,Arkavathy Layout 11th Block,arkavathy layout 11th block,Arkavathy Layout 11th Block,,mixed
blr_0d12ce73298c4450,Arkavathy Layout 11th Block,in arkavathy layout 11th block,Arkavathy Layout 11th Block,,mixed
blr_0d12ce73298c4450,Arkavathy Layout 11th Block,near arkavathy layout 11th block,Arkavathy Layout 11th Block,,mixed
blr_0d12ce73298c4450,Arkavathy Layout 11th Block,around arkavathy layout 11th block,Arkavathy Layout 11th Block,,mixed
blr_0d12ce73298c4450,Arkavathy Layout 11th Block,arkavathy layout 11th block area,Arkavathy Layout 11th Block,,mixed
blr_ca6470af7dd4cea3,Arkavathy Layout 8th Block,arkavathy layout 8th block,Arkavathy Layout 8th Block,,mixed
blr_ca6470af7dd4cea3,Arkavathy Layout 8th Block,arkavathy layout eighth block,Arkavathy Layout 8th Block,,mixed
blr_ca6470af7dd4cea3,Arkavathy Layout 8th Block,arkavathy layout eight block,Arkavathy Layout 8th Block,,mixed
blr_ca6470af7dd4cea3,Arkavathy Layout 8th Block,in arkavathy layout 8th block,Arkavathy Layout 8th Block,,mixed
blr_ca6470af7dd4cea3,Arkavathy Layout 8th Block,near arkavathy layout eighth block,Arkavathy Layout 8th Block,,mixed
blr_8fb67b48c1dbf67d,Arkavathy Layout 4th Block,arkavathy layout 4th block,Arkavathy Layout 4th Block,,mixed
blr_8fb67b48c1dbf67d,Arkavathy Layout 4th Block,arkavathy layout fourth block,Arkavathy Layout 4th Block,,mixed
blr_8fb67b48c1dbf67d,Arkavathy Layout 4th Block,arkavathy layout four block,Arkavathy Layout 4th Block,,mixed
blr_8fb67b48c1dbf67d,Arkavathy Layout 4th Block,in arkavathy layout 4th block,Arkavathy Layout 4th Block,,mixed
blr_8fb67b48c1dbf67d,Arkavathy Layout 4th Block,near arkavathy layout fourth block,Arkavathy Layout 4th Block,,mixed
blr_bccefa6778d02327,Arkavathy Layout 22nd Block,arkavathy layout 22nd block,Arkavathy Layout 22nd Block,,mixed
blr_bccefa6778d02327,Arkavathy Layout 22nd Block,arkavathy layout 2two block,Arkavathy Layout 22nd Block,,mixed
blr_bccefa6778d02327,Arkavathy Layout 22nd Block,arkavathy layout 2second block,Arkavathy Layout 22nd Block,,mixed
blr_bccefa6778d02327,Arkavathy Layout 22nd Block,in arkavathy layout 22nd block,Arkavathy Layout 22nd Block,,mixed
blr_bccefa6778d02327,Arkavathy Layout 22nd Block,near arkavathy layout 2two block,Arkavathy Layout 22nd Block,,mixed
blr_7faff702f8ad0552,RV Layout,rv layout,RV Layout,,mixed
blr_7faff702f8ad0552,RV Layout,in rv layout,RV Layout,,mixed
blr_7faff702f8ad0552,RV Layout,near rv layout,RV Layout,,mixed
blr_7faff702f8ad0552,RV Layout,around rv layout,RV Layout,,mixed
blr_7faff702f8ad0552,RV Layout,rv layout area,RV Layout,,mixed
blr_d588245e11730264,Kuvempu Nagar 1st Stage,kuvempu nagar 1st stage,Kuvempu Nagar 1st Stage,,mixed
blr_d588245e11730264,Kuvempu Nagar 1st Stage,in kuvempu nagar 1st stage,Kuvempu Nagar 1st Stage,,mixed
blr_d588245e11730264,Kuvempu Nagar 1st Stage,near kuvempu nagar 1st stage,Kuvempu Nagar 1st Stage,,mixed
blr_d588245e11730264,Kuvempu Nagar 1st Stage,around kuvempu nagar 1st stage,Kuvempu Nagar 1st Stage,,mixed
blr_d588245e11730264,Kuvempu Nagar 1st Stage,kuvempu nagar 1st stage area,Kuvempu Nagar 1st Stage,,mixed
blr_e2679ade83504aab,Kuvempu Nagar 2nd Stage,kuvempu nagar second stage,Kuvempu Nagar 2nd Stage,,mixed
blr_e2679ade83504aab,Kuvempu Nagar 2nd Stage,kuvempu nagar 2nd stage,Kuvempu Nagar 2nd Stage,,mixed
blr_e2679ade83504aab,Kuvempu Nagar 2nd Stage,kuvempu nagar two stage,Kuvempu Nagar 2nd Stage,,mixed
blr_e2679ade83504aab,Kuvempu Nagar 2nd Stage,in kuvempu nagar second stage,Kuvempu Nagar 2nd Stage,,mixed
blr_e2679ade83504aab,Kuvempu Nagar 2nd Stage,near kuvempu nagar 2nd stage,Kuvempu Nagar 2nd Stage,,mixed
blr_3dc9817e27ed084d,BDA Jnanabharathi Residential Enclave,bda jnanabharathi residential enclave,BDA Jnanabharathi Residential Enclave,,mixed
blr_3dc9817e27ed084d,BDA Jnanabharathi Residential Enclave,in bda jnanabharathi residential enclave,BDA Jnanabharathi Residential Enclave,,mixed
blr_3dc9817e27ed084d,BDA Jnanabharathi Residential Enclave,near bda jnanabharathi residential enclave,BDA Jnanabharathi Residential Enclave,,mixed
blr_3dc9817e27ed084d,BDA Jnanabharathi Residential Enclave,around bda jnanabharathi residential enclave,BDA Jnanabharathi Residential Enclave,,mixed
blr_3dc9817e27ed084d,BDA Jnanabharathi Residential Enclave,bda jnanabharathi residential enclave area,BDA Jnanabharathi Residential Enclave,,mixed
blr_005b868200031da1,M Nanjappa Layout,m nanjappa layout,M Nanjappa Layout,,mixed
blr_005b868200031da1,M Nanjappa Layout,in m nanjappa layout,M Nanjappa Layout,,mixed
blr_005b868200031da1,M Nanjappa Layout,near m nanjappa layout,M Nanjappa Layout,,mixed
blr_005b868200031da1,M Nanjappa Layout,around m nanjappa layout,M Nanjappa Layout,,mixed
blr_005b868200031da1,M Nanjappa Layout,m nanjappa layout area,M Nanjappa Layout,,mixed
blr_567fd61d335f2147,JP Nagar 9th Phase,jp nagar nine phase,JP Nagar 9th Phase,,mixed
blr_567fd61d335f2147,JP Nagar 9th Phase,jp nagar ninth phase,JP Nagar 9th Phase,,mixed
blr_567fd61d335f2147,JP Nagar 9th Phase,jp nagar 9th phase,JP Nagar 9th Phase,,mixed
blr_567fd61d335f2147,JP Nagar 9th Phase,in jp nagar nine phase,JP Nagar 9th Phase,,mixed
blr_567fd61d335f2147,JP Nagar 9th Phase,near jp nagar ninth phase,JP Nagar 9th Phase,,mixed
blr_06f468476b9ed2df,BOOHBCS Layout,boohbcs layout,BOOHBCS Layout,,mixed
blr_06f468476b9ed2df,BOOHBCS Layout,in boohbcs layout,BOOHBCS Layout,,mixed
blr_06f468476b9ed2df,BOOHBCS Layout,near boohbcs layout,BOOHBCS Layout,,mixed
blr_06f468476b9ed2df,BOOHBCS Layout,around boohbcs layout,BOOHBCS Layout,,mixed
blr_06f468476b9ed2df,BOOHBCS Layout,boohbcs layout area,BOOHBCS Layout,,mixed
blr_427ba4f0d3b660ee,PNB Layout,pnb layout,PNB Layout,,mixed
blr_427ba4f0d3b660ee,PNB Layout,in pnb layout,PNB Layout,,mixed
blr_427ba4f0d3b660ee,PNB Layout,near pnb layout,PNB Layout,,mixed
blr_427ba4f0d3b660ee,PNB Layout,around pnb layout,PNB Layout,,mixed
blr_427ba4f0d3b660ee,PNB Layout,pnb layout area,PNB Layout,,mixed
blr_e68c213980a3cbf1,MKS Layout,mks layout,MKS Layout,,mixed
blr_e68c213980a3cbf1,MKS Layout,in mks layout,MKS Layout,,mixed
blr_e68c213980a3cbf1,MKS Layout,near mks layout,MKS Layout,,mixed
blr_e68c213980a3cbf1,MKS Layout,around mks layout,MKS Layout,,mixed
blr_e68c213980a3cbf1,MKS Layout,mks layout area,MKS Layout,,mixed
blr_aee21faaf68420a3,GKVK Layout,gkvk layout,GKVK Layout,,mixed
blr_aee21faaf68420a3,GKVK Layout,in gkvk layout,GKVK Layout,,mixed
blr_aee21faaf68420a3,GKVK Layout,near gkvk layout,GKVK Layout,,mixed
blr_aee21faaf68420a3,GKVK Layout,around gkvk layout,GKVK Layout,,mixed
blr_aee21faaf68420a3,GKVK Layout,gkvk layout area,GKVK Layout,,mixed
blr_edd93636f475471c,Arkavathy Layout 6th Block,arkavathy layout six block,Arkavathy Layout 6th Block,,mixed
blr_edd93636f475471c,Arkavathy Layout 6th Block,arkavathy layout 6th block,Arkavathy Layout 6th Block,,mixed
blr_edd93636f475471c,Arkavathy Layout 6th Block,arkavathy layout sixth block,Arkavathy Layout 6th Block,,mixed
blr_edd93636f475471c,Arkavathy Layout 6th Block,in arkavathy layout six block,Arkavathy Layout 6th Block,,mixed
blr_edd93636f475471c,Arkavathy Layout 6th Block,near arkavathy layout 6th block,Arkavathy Layout 6th Block,,mixed
blr_cd619231fef35186,NGOs Colony,ngos colony,NGOs Colony,,mixed
blr_cd619231fef35186,NGOs Colony,in ngos colony,NGOs Colony,,mixed
blr_cd619231fef35186,NGOs Colony,near ngos colony,NGOs Colony,,mixed
blr_cd619231fef35186,NGOs Colony,around ngos colony,NGOs Colony,,mixed
blr_cd619231fef35186,NGOs Colony,ngos colony area,NGOs Colony,,mixed
blr_8ba4658e48da4bbc,KSRTC Layout,ksrtc layout,KSRTC Layout,,mixed
blr_8ba4658e48da4bbc,KSRTC Layout,in ksrtc layout,KSRTC Layout,,mixed
blr_8ba4658e48da4bbc,KSRTC Layout,near ksrtc layout,KSRTC Layout,,mixed
blr_8ba4658e48da4bbc,KSRTC Layout,around ksrtc layout,KSRTC Layout,,mixed
blr_8ba4658e48da4bbc,KSRTC Layout,ksrtc layout area,KSRTC Layout,,mixed
blr_283ea11b4f478a70,BHBCS Layout,bhbcs layout,BHBCS Layout,,mixed
blr_283ea11b4f478a70,BHBCS Layout,in bhbcs layout,BHBCS Layout,,mixed
blr_283ea11b4f478a70,BHBCS Layout,near bhbcs layout,BHBCS Layout,,mixed
blr_283ea11b4f478a70,BHBCS Layout,around bhbcs layout,BHBCS Layout,,mixed
blr_283ea11b4f478a70,BHBCS Layout,bhbcs layout area,BHBCS Layout,,mixed
blr_f6d2c466649e8be7,BEL Layout,bel layout,BEL Layout,,mixed
blr_f6d2c466649e8be7,BEL Layout,in bel layout,BEL Layout,,mixed
blr_f6d2c466649e8be7,BEL Layout,near bel layout,BEL Layout,,mixed
blr_f6d2c466649e8be7,BEL Layout,around bel layout,BEL Layout,,mixed
blr_f6d2c466649e8be7,BEL Layout,bel layout area,BEL Layout,,mixed
blr_9faa3c09d4b7ed94,LIG 3rd Stage,lig third stage,LIG 3rd Stage,,mixed
blr_9faa3c09d4b7ed94,LIG 3rd Stage,lig 3rd stage,LIG 3rd Stage,,mixed
blr_9faa3c09d4b7ed94,LIG 3rd Stage,lig three stage,LIG 3rd Stage,,mixed
blr_9faa3c09d4b7ed94,LIG 3rd Stage,in lig third stage,LIG 3rd Stage,,mixed
blr_9faa3c09d4b7ed94,LIG 3rd Stage,near lig 3rd stage,LIG 3rd Stage,,mixed
blr_cf7a7a50d1c48c96,AKG Colony,akg colony,AKG Colony,,mixed
blr_cf7a7a50d1c48c96,AKG Colony,in akg colony,AKG Colony,,mixed
blr_cf7a7a50d1c48c96,AKG Colony,near akg colony,AKG Colony,,mixed
blr_cf7a7a50d1c48c96,AKG Colony,around akg colony,AKG Colony,,mixed
blr_cf7a7a50d1c48c96,AKG Colony,akg colony area,AKG Colony,,mixed
blr_7a181944dbc27ae1,VS Reddy Colony,vs reddy colony,VS Reddy Colony,,mixed
blr_7a181944dbc27ae1,VS Reddy Colony,in vs reddy colony,VS Reddy Colony,,mixed
blr_7a181944dbc27ae1,VS Reddy Colony,near vs reddy colony,VS Reddy Colony,,mixed
blr_7a181944dbc27ae1,VS Reddy Colony,around vs reddy colony,VS Reddy Colony,,mixed
blr_7a181944dbc27ae1,VS Reddy Colony,vs reddy colony area,VS Reddy Colony,,mixed
blr_61e47d78dae063e4,N Thyagaraju Layout,n thyagaraju layout,N Thyagaraju Layout,,mixed
blr_61e47d78dae063e4,N Thyagaraju Layout,in n thyagaraju layout,N Thyagaraju Layout,,mixed
blr_61e47d78dae063e4,N Thyagaraju Layout,near n thyagaraju layout,N Thyagaraju Layout,,mixed
blr_61e47d78dae063e4,N Thyagaraju Layout,around n thyagaraju layout,N Thyagaraju Layout,,mixed
blr_61e47d78dae063e4,N Thyagaraju Layout,n thyagaraju layout area,N Thyagaraju Layout,,mixed
blr_f609a4f720c41334,Sector 5th,sector 5th,Sector 5,,mixed
blr_f609a4f720c41334,Sector 5th,sector fifth,Sector 5,,mixed
blr_f609a4f720c41334,Sector 5th,sector five,Sector 5,,mixed
blr_f609a4f720c41334,Sector 5th,in sector 5th,Sector 5,,mixed
blr_f609a4f720c41334,Sector 5th,near sector fifth,Sector 5,,mixed
blr_b48c0c2c56791797,6th Block,sixth block,6th Block,,mixed
blr_b48c0c2c56791797,6th Block,six block,6th Block,,mixed
blr_b48c0c2c56791797,6th Block,6th block,6th Block,,mixed
blr_b48c0c2c56791797,6th Block,in sixth block,6th Block,,mixed
blr_b48c0c2c56791797,6th Block,near six block,6th Block,,mixed
blr_b9979f1b99dfbdd2,5th Block,5th block,5th Block,,mixed
blr_b9979f1b99dfbdd2,5th Block,five block,5th Block,,mixed
blr_b9979f1b99dfbdd2,5th Block,fifth block,5th Block,,mixed
blr_b9979f1b99dfbdd2,5th Block,in 5th block,5th Block,,mixed
blr_b9979f1b99dfbdd2,5th Block,near five block,5th Block,,mixed
blr_e925d73d88da81b3,4th Block,4th block,4th Block,,mixed
blr_e925d73d88da81b3,4th Block,four block,4th Block,,mixed
blr_e925d73d88da81b3,4th Block,fourth block,4th Block,,mixed
blr_e925d73d88da81b3,4th Block,in 4th block,4th Block,,mixed
blr_e925d73d88da81b3,4th Block,near four block,4th Block,,mixed
blr_fcab1685e027791a,3rd Block,three block,3rd Block,,mixed
blr_fcab1685e027791a,3rd Block,third block,3rd Block,,mixed
blr_fcab1685e027791a,3rd Block,3rd block,3rd Block,,mixed
blr_fcab1685e027791a,3rd Block,in three block,3rd Block,,mixed
blr_fcab1685e027791a,3rd Block,near third block,3rd Block,,mixed
blr_d14ff7a1e98a1be2,JP Nagar 4th Phase,jp nagar fourth phase,JP Nagar 4th Phase,,mixed
blr_d14ff7a1e98a1be2,JP Nagar 4th Phase,jp nagar four phase,JP Nagar 4th Phase,,mixed
blr_d14ff7a1e98a1be2,JP Nagar 4th Phase,jp nagar 4th phase,JP Nagar 4th Phase,,mixed
blr_d14ff7a1e98a1be2,JP Nagar 4th Phase,in jp nagar fourth phase,JP Nagar 4th Phase,,mixed
blr_d14ff7a1e98a1be2,JP Nagar 4th Phase,near jp nagar four phase,JP Nagar 4th Phase,,mixed
blr_bde45bedf40c2ef0,HRBR Layout 1st Block,hrbr layout 1st block,HRBR Layout 1st Block,,mixed
blr_bde45bedf40c2ef0,HRBR Layout 1st Block,in hrbr layout 1st block,HRBR Layout 1st Block,,mixed
blr_bde45bedf40c2ef0,HRBR Layout 1st Block,near hrbr layout 1st block,HRBR Layout 1st Block,,mixed
blr_bde45bedf40c2ef0,HRBR Layout 1st Block,around hrbr layout 1st block,HRBR Layout 1st Block,,mixed
blr_bde45bedf40c2ef0,HRBR Layout 1st Block,hrbr layout 1st block area,HRBR Layout 1st Block,,mixed
blr_bb608f3cb08a35ed,HBR Layout 3rd Block,hbr layout 3rd block,HBR Layout 3rd Block,,mixed
blr_bb608f3cb08a35ed,HBR Layout 3rd Block,hbr layout three block,HBR Layout 3rd Block,,mixed
blr_bb608f3cb08a35ed,HBR Layout 3rd Block,hbr layout third block,HBR Layout 3rd Block,,mixed
blr_bb608f3cb08a35ed,HBR Layout 3rd Block,in hbr layout 3rd block,HBR Layout 3rd Block,,mixed
blr_bb608f3cb08a35ed,HBR Layout 3rd Block,near hbr layout three block,HBR Layout 3rd Block,,mixed
blr_4a03320c32a86ab2,HBR Layout 4th Block,hbr layout 4th block,HBR Layout 4th Block,,mixed
blr_4a03320c32a86ab2,HBR Layout 4th Block,hbr layout fourth block,HBR Layout 4th Block,,mixed
blr_4a03320c32a86ab2,HBR Layout 4th Block,hbr layout four block,HBR Layout 4th Block,,mixed
blr_4a03320c32a86ab2,HBR Layout 4th Block,in hbr layout 4th block,HBR Layout 4th Block,,mixed
blr_4a03320c32a86ab2,HBR Layout 4th Block,near hbr layout fourth block,HBR Layout 4th Block,,mixed
blr_be0ba798b55d059c,SK Garden,sk garden,SK Garden,,mixed
blr_be0ba798b55d059c,SK Garden,in sk garden,SK Garden,,mixed
blr_be0ba798b55d059c,SK Garden,near sk garden,SK Garden,,mixed
blr_be0ba798b55d059c,SK Garden,around sk garden,SK Garden,,mixed
blr_be0ba798b55d059c,SK Garden,sk garden area,SK Garden,,mixed
blr_c65d837d22704a5e,Rajajinagar 4M Block,rajajinagar 4m block,Rajajinagar 4M Block,,mixed
blr_c65d837d22704a5e,Rajajinagar 4M Block,in rajajinagar 4m block,Rajajinagar 4M Block,,mixed
blr_c65d837d22704a5e,Rajajinagar 4M Block,near rajajinagar 4m block,Rajajinagar 4M Block,,mixed
blr_c65d837d22704a5e,Rajajinagar 4M Block,around rajajinagar 4m block,Rajajinagar 4M Block,,mixed
blr_c65d837d22704a5e,Rajajinagar 4M Block,rajajinagar 4m block area,Rajajinagar 4M Block,,mixed
blr_4085312311e7501b,Jayanagar 3rd East Block,jayanagar 3rd east block,Jayanagar 3 East Block,,mixed
blr_4085312311e7501b,Jayanagar 3rd East Block,jayanagar three east block,Jayanagar 3 East Block,,mixed
blr_4085312311e7501b,Jayanagar 3rd East Block,jayanagar third east block,Jayanagar 3 East Block,,mixed
blr_4085312311e7501b,Jayanagar 3rd East Block,in jayanagar 3rd east block,Jayanagar 3 East Block,,mixed
blr_4085312311e7501b,Jayanagar 3rd East Block,near jayanagar three east block,Jayanagar 3 East Block,,mixed
blr_4e4e2a914380b2fa,Jayanagar 1st Block,jayanagar 1st block,Jayanagar 1st Block,,mixed
blr_4e4e2a914380b2fa,Jayanagar 1st Block,in jayanagar 1st block,Jayanagar 1st Block,,mixed
blr_4e4e2a914380b2fa,Jayanagar 1st Block,near jayanagar 1st block,Jayanagar 1st Block,,mixed
blr_4e4e2a914380b2fa,Jayanagar 1st Block,around jayanagar 1st block,Jayanagar 1st Block,,mixed
blr_4e4e2a914380b2fa,Jayanagar 1st Block,jayanagar 1st block area,Jayanagar 1st Block,,mixed
blr_1e7ad2a49da1eb23,Jayanagar 2nd Block,jayanagar 2nd block,Jayanagar 2nd Block,,mixed
blr_1e7ad2a49da1eb23,Jayanagar 2nd Block,jayanagar second block,Jayanagar 2nd Block,,mixed
blr_1e7ad2a49da1eb23,Jayanagar 2nd Block,jayanagar two block,Jayanagar 2nd Block,,mixed
blr_1e7ad2a49da1eb23,Jayanagar 2nd Block,in jayanagar 2nd block,Jayanagar 2nd Block,,mixed
blr_1e7ad2a49da1eb23,Jayanagar 2nd Block,near jayanagar second block,Jayanagar 2nd Block,,mixed
blr_a886f8a9609ebf2f,MCHS Colony,mchs colony,MCHS Colony,,mixed
blr_a886f8a9609ebf2f,MCHS Colony,in mchs colony,MCHS Colony,,mixed
blr_a886f8a9609ebf2f,MCHS Colony,near mchs colony,MCHS Colony,,mixed
blr_a886f8a9609ebf2f,MCHS Colony,around mchs colony,MCHS Colony,,mixed
blr_a886f8a9609ebf2f,MCHS Colony,mchs colony area,MCHS Colony,,mixed
blr_d3ce9727ae4219d6,OMBR Layout,ombr layout,OMBR Layout,,mixed
blr_d3ce9727ae4219d6,OMBR Layout,in ombr layout,OMBR Layout,,mixed
blr_d3ce9727ae4219d6,OMBR Layout,near ombr layout,OMBR Layout,,mixed
blr_d3ce9727ae4219d6,OMBR Layout,around ombr layout,OMBR Layout,,mixed
blr_d3ce9727ae4219d6,OMBR Layout,ombr layout area,OMBR Layout,,mixed
blr_46a1a14d2431606e,RHB Colony,rhb colony,RHB Colony,,mixed
blr_46a1a14d2431606e,RHB Colony,in rhb colony,RHB Colony,,mixed
blr_46a1a14d2431606e,RHB Colony,near rhb colony,RHB Colony,,mixed
blr_46a1a14d2431606e,RHB Colony,around rhb colony,RHB Colony,,mixed
blr_46a1a14d2431606e,RHB Colony,rhb colony area,RHB Colony,,mixed
blr_77321516dfd60e11,JHBCS Layout,jhbcs layout,JHBCS Layout,,mixed
blr_77321516dfd60e11,JHBCS Layout,in jhbcs layout,JHBCS Layout,,mixed
blr_77321516dfd60e11,JHBCS Layout,near jhbcs layout,JHBCS Layout,,mixed
blr_77321516dfd60e11,JHBCS Layout,around jhbcs layout,JHBCS Layout,,mixed
blr_77321516dfd60e11,JHBCS Layout,jhbcs layout area,JHBCS Layout,,mixed
blr_33cd180fdeb06792,Kumaraswamy Layout 1st Stage,kumaraswamy layout 1st stage,Kumaraswamy Layout 1st Stage,,mixed
blr_33cd180fdeb06792,Kumaraswamy Layout 1st Stage,in kumaraswamy layout 1st stage,Kumaraswamy Layout 1st Stage,,mixed
blr_33cd180fdeb06792,Kumaraswamy Layout 1st Stage,near kumaraswamy layout 1st stage,Kumaraswamy Layout 1st Stage,,mixed
blr_33cd180fdeb06792,Kumaraswamy Layout 1st Stage,around kumaraswamy layout 1st stage,Kumaraswamy Layout 1st Stage,,mixed
blr_33cd180fdeb06792,Kumaraswamy Layout 1st Stage,kumaraswamy layout 1st stage area,Kumaraswamy Layout 1st Stage,,mixed
blr_4f4cfd0f09d4ec6b,Kumaraswamy Layout 2nd Stage,kumaraswamy layout two stage,Kumaraswamy Layout 2nd Stage,,mixed
blr_4f4cfd0f09d4ec6b,Kumaraswamy Layout 2nd Stage,kumaraswamy layout second stage,Kumaraswamy Layout 2nd Stage,,mixed
blr_4f4cfd0f09d4ec6b,Kumaraswamy Layout 2nd Stage,kumaraswamy layout 2nd stage,Kumaraswamy Layout 2nd Stage,,mixed
blr_4f4cfd0f09d4ec6b,Kumaraswamy Layout 2nd Stage,in kumaraswamy layout two stage,Kumaraswamy Layout 2nd Stage,,mixed
blr_4f4cfd0f09d4ec6b,Kumaraswamy Layout 2nd Stage,near kumaraswamy layout second stage,Kumaraswamy Layout 2nd Stage,,mixed
blr_512ff25cb5709de4,MLA Layout,mla layout,MLA Layout,,mixed
blr_512ff25cb5709de4,MLA Layout,in mla layout,MLA Layout,,mixed
blr_512ff25cb5709de4,MLA Layout,near mla layout,MLA Layout,,mixed
blr_512ff25cb5709de4,MLA Layout,around mla layout,MLA Layout,,mixed
blr_512ff25cb5709de4,MLA Layout,mla layout area,MLA Layout,,mixed
blr_a786368a8333dbb6,Subramanya Nagar 2nd Stage,subramanya nagar 2nd stage,Subramanya Nagar 2nd Stage,,mixed
blr_a786368a8333dbb6,Subramanya Nagar 2nd Stage,subramanya nagar second stage,Subramanya Nagar 2nd Stage,,mixed
blr_a786368a8333dbb6,Subramanya Nagar 2nd Stage,subramanya nagar two stage,Subramanya Nagar 2nd Stage,,mixed
blr_a786368a8333dbb6,Subramanya Nagar 2nd Stage,in subramanya nagar 2nd stage,Subramanya Nagar 2nd Stage,,mixed
blr_a786368a8333dbb6,Subramanya Nagar 2nd Stage,near subramanya nagar second stage,Subramanya Nagar 2nd Stage,,mixed
blr_880544bf98010104,TC Palya,tc palya,TC Palya,,mixed
blr_880544bf98010104,TC Palya,in tc palya,TC Palya,,mixed
blr_880544bf98010104,TC Palya,near tc palya,TC Palya,,mixed
blr_880544bf98010104,TC Palya,around tc palya,TC Palya,,mixed
blr_880544bf98010104,TC Palya,tc palya area,TC Palya,,mixed
blr_6ead0c3688f7fa78,SHBCS Layout,shbcs layout,SHBCS Layout,,mixed
blr_6ead0c3688f7fa78,SHBCS Layout,in shbcs layout,SHBCS Layout,,mixed
blr_6ead0c3688f7fa78,SHBCS Layout,near shbcs layout,SHBCS Layout,,mixed
blr_6ead0c3688f7fa78,SHBCS Layout,around shbcs layout,SHBCS Layout,,mixed
blr_6ead0c3688f7fa78,SHBCS Layout,shbcs layout area,SHBCS Layout,,mixed
blr_45b79b041b016f13,JK Pura,jk pura,JK Pura,,mixed
blr_45b79b041b016f13,JK Pura,in jk pura,JK Pura,,mixed
blr_45b79b041b016f13,JK Pura,near jk pura,JK Pura,,mixed
blr_45b79b041b016f13,JK Pura,around jk pura,JK Pura,,mixed
blr_45b79b041b016f13,JK Pura,jk pura area,JK Pura,,mixed
blr_eec0606ccd57100b,Rajajinagara 1st N Block,rajajinagara 1st n block,Rajajinagara 1st N Block,,mixed
blr_eec0606ccd57100b,Rajajinagara 1st N Block,in rajajinagara 1st n block,Rajajinagara 1st N Block,,mixed
blr_eec0606ccd57100b,Rajajinagara 1st N Block,near rajajinagara 1st n block,Rajajinagara 1st N Block,,mixed
blr_eec0606ccd57100b,Rajajinagara 1st N Block,around rajajinagara 1st n block,Rajajinagara 1st N Block,,mixed
blr_eec0606ccd57100b,Rajajinagara 1st N Block,rajajinagara 1st n block area,Rajajinagara 1st N Block,,mixed
blr_5fd29f642dc85f36,LRDE Layout,lrde layout,LRDE Layout,,mixed
blr_5fd29f642dc85f36,LRDE Layout,in lrde layout,LRDE Layout,,mixed
blr_5fd29f642dc85f36,LRDE Layout,near lrde layout,LRDE Layout,,mixed
blr_5fd29f642dc85f36,LRDE Layout,around lrde layout,LRDE Layout,,mixed
blr_5fd29f642dc85f36,LRDE Layout,lrde layout area,LRDE Layout,,mixed
blr_b6e1695fd37adbc0,MSR Layout,msr layout,MSR Layout,,mixed
blr_b6e1695fd37adbc0,MSR Layout,in msr layout,MSR Layout,,mixed
blr_b6e1695fd37adbc0,MSR Layout,near msr layout,MSR Layout,,mixed
blr_b6e1695fd37adbc0,MSR Layout,around msr layout,MSR Layout,,mixed
blr_b6e1695fd37adbc0,MSR Layout,msr layout area,MSR Layout,,mixed
blr_91494b1fb09905ef,Arkavathy Layout 17th Block,arkavathy layout 1seventh block,Arkavathy Layout 17th Block,,mixed
blr_91494b1fb09905ef,Arkavathy Layout 17th Block,arkavathy layout 17th block,Arkavathy Layout 17th Block,,mixed
blr_91494b1fb09905ef,Arkavathy Layout 17th Block,arkavathy layout 1seven block,Arkavathy Layout 17th Block,,mixed
blr_91494b1fb09905ef,Arkavathy Layout 17th Block,in arkavathy layout 1seventh block,Arkavathy Layout 17th Block,,mixed
blr_91494b1fb09905ef,Arkavathy Layout 17th Block,near arkavathy layout 17th block,Arkavathy Layout 17th Block,,mixed
blr_691380a1e746f305,Arkavathy Layout 5th Block,arkavathy layout 5th block,Arkavathy Layout 5th Block,,mixed
blr_691380a1e746f305,Arkavathy Layout 5th Block,arkavathy layout five block,Arkavathy Layout 5th Block,,mixed
blr_691380a1e746f305,Arkavathy Layout 5th Block,arkavathy layout fifth block,Arkavathy Layout 5th Block,,mixed
blr_691380a1e746f305,Arkavathy Layout 5th Block,in arkavathy layout 5th block,Arkavathy Layout 5th Block,,mixed
blr_691380a1e746f305,Arkavathy Layout 5th Block,near arkavathy layout five block,Arkavathy Layout 5th Block,,mixed
blr_e638b53ada7c7cea,GarvebhaviPalya,garvebhavipalya,GarvebhaviPalya,,mixed
blr_e638b53ada7c7cea,GarvebhaviPalya,in garvebhavipalya,GarvebhaviPalya,,mixed
blr_e638b53ada7c7cea,GarvebhaviPalya,near garvebhavipalya,GarvebhaviPalya,,mixed
blr_e638b53ada7c7cea,GarvebhaviPalya,around garvebhavipalya,GarvebhaviPalya,,mixed
blr_e638b53ada7c7cea,GarvebhaviPalya,garvebhavipalya area,GarvebhaviPalya,,mixed
blr_7e1de9d9e4f1189e,Telecom Layout 10th Block,telecom layout 10th block,Telecom Layout 10th Block,,mixed
blr_7e1de9d9e4f1189e,Telecom Layout 10th Block,telecom layout tenth block,Telecom Layout 10th Block,,mixed
blr_7e1de9d9e4f1189e,Telecom Layout 10th Block,telecom layout ten block,Telecom Layout 10th Block,,mixed
blr_7e1de9d9e4f1189e,Telecom Layout 10th Block,in telecom layout 10th block,Telecom Layout 10th Block,,mixed
blr_7e1de9d9e4f1189e,Telecom Layout 10th Block,near telecom layout tenth block,Telecom Layout 10th Block,,mixed
blr_13cfd96f99e345fd,IDBI Layout,idbi layout,IDBI Layout,,mixed
blr_13cfd96f99e345fd,IDBI Layout,in idbi layout,IDBI Layout,,mixed
blr_13cfd96f99e345fd,IDBI Layout,near idbi layout,IDBI Layout,,mixed
blr_13cfd96f99e345fd,IDBI Layout,around idbi layout,IDBI Layout,,mixed
blr_13cfd96f99e345fd,IDBI Layout,idbi layout area,IDBI Layout,,mixed
blr_e90d9dcc35992563,BHCS Layout,bhcs layout,BHCS Layout,,mixed
blr_e90d9dcc35992563,BHCS Layout,in bhcs layout,BHCS Layout,,mixed
blr_e90d9dcc35992563,BHCS Layout,near bhcs layout,BHCS Layout,,mixed
blr_e90d9dcc35992563,BHCS Layout,around bhcs layout,BHCS Layout,,mixed
blr_e90d9dcc35992563,BHCS Layout,bhcs layout area,BHCS Layout,,mixed
blr_b11174b417170456,KFSC Layout,kfsc layout,KFSC Layout,,mixed
blr_b11174b417170456,KFSC Layout,in kfsc layout,KFSC Layout,,mixed
blr_b11174b417170456,KFSC Layout,near kfsc layout,KFSC Layout,,mixed
blr_b11174b417170456,KFSC Layout,around kfsc layout,KFSC Layout,,mixed
blr_b11174b417170456,KFSC Layout,kfsc layout area,KFSC Layout,,mixed
blr_a5639dbc35badde5,CQAL Layout,cqal layout,CQAL Layout,,mixed
blr_a5639dbc35badde5,CQAL Layout,in cqal layout,CQAL Layout,,mixed
blr_a5639dbc35badde5,CQAL Layout,near cqal layout,CQAL Layout,,mixed
blr_a5639dbc35badde5,CQAL Layout,around cqal layout,CQAL Layout,,mixed
blr_a5639dbc35badde5,CQAL Layout,cqal layout area,CQAL Layout,,mixed
blr_98baf3eed519f44d,B Channasandra,b channasandra,B Channasandra,,mixed
blr_98baf3eed519f44d,B Channasandra,in b channasandra,B Channasandra,,mixed
blr_98baf3eed519f44d,B Channasandra,near b channasandra,B Channasandra,,mixed
blr_98baf3eed519f44d,B Channasandra,around b channasandra,B Channasandra,,mixed
blr_98baf3eed519f44d,B Channasandra,b channasandra area,B Channasandra,,mixed
blr_9825022d301cea9d,Kasturi Nagar 2nd Stage,kasturi nagar 2nd stage,Kasturi Nagar 2nd Stage,,mixed
blr_9825022d301cea9d,Kasturi Nagar 2nd Stage,kasturi nagar second stage,Kasturi Nagar 2nd Stage,,mixed
blr_9825022d301cea9d,Kasturi Nagar 2nd Stage,kasturi nagar two stage,Kasturi Nagar 2nd Stage,,mixed
blr_9825022d301cea9d,Kasturi Nagar 2nd Stage,in kasturi nagar 2nd stage,Kasturi Nagar 2nd Stage,,mixed
blr_9825022d301cea9d,Kasturi Nagar 2nd Stage,near kasturi nagar second stage,Kasturi Nagar 2nd Stage,,mixed
blr_75017682f0ff9864,RMS Colony,rms colony,RMS Colony,,mixed
blr_75017682f0ff9864,RMS Colony,in rms colony,RMS Colony,,mixed
blr_75017682f0ff9864,RMS Colony,near rms colony,RMS Colony,,mixed
blr_75017682f0ff9864,RMS Colony,around rms colony,RMS Colony,,mixed
blr_75017682f0ff9864,RMS Colony,rms colony area,RMS Colony,,mixed
blr_a0a4ca5b04f81daf,AMS Layout,ams layout,AMS Layout,,mixed
blr_a0a4ca5b04f81daf,AMS Layout,in ams layout,AMS Layout,,mixed
blr_a0a4ca5b04f81daf,AMS Layout,near ams layout,AMS Layout,,mixed
blr_a0a4ca5b04f81daf,AMS Layout,around ams layout,AMS Layout,,mixed
blr_a0a4ca5b04f81daf,AMS Layout,ams layout area,AMS Layout,,mixed
blr_08efd14283b8f995,HMT Colony,hmt colony,HMT Colony,,mixed
blr_08efd14283b8f995,HMT Colony,in hmt colony,HMT Colony,,mixed
blr_08efd14283b8f995,HMT Colony,near hmt colony,HMT Colony,,mixed
blr_08efd14283b8f995,HMT Colony,around hmt colony,HMT Colony,,mixed
blr_08efd14283b8f995,HMT Colony,hmt colony area,HMT Colony,,mixed
blr_8138ffa9743eb7c3,Bestcounty2,bestcounty2,Bestcounty2,,mixed
blr_8138ffa9743eb7c3,Bestcounty2,in bestcounty2,Bestcounty2,,mixed
blr_8138ffa9743eb7c3,Bestcounty2,near bestcounty2,Bestcounty2,,mixed
blr_8138ffa9743eb7c3,Bestcounty2,around bestcounty2,Bestcounty2,,mixed
blr_8138ffa9743eb7c3,Bestcounty2,bestcounty2 area,Bestcounty2,,mixed
blr_f80aacc93e48f8a8,MCHS Layout,mchs layout,MCHS Layout,,mixed
blr_f80aacc93e48f8a8,MCHS Layout,in mchs layout,MCHS Layout,,mixed
blr_f80aacc93e48f8a8,MCHS Layout,near mchs layout,MCHS Layout,,mixed
blr_f80aacc93e48f8a8,MCHS Layout,around mchs layout,MCHS Layout,,mixed
blr_f80aacc93e48f8a8,MCHS Layout,mchs layout area,MCHS Layout,,mixed
blr_357e76e59c362418,MSR Green Layout,msr green layout,MSR Green Layout,,mixed
blr_357e76e59c362418,MSR Green Layout,in msr green layout,MSR Green Layout,,mixed
blr_357e76e59c362418,MSR Green Layout,near msr green layout,MSR Green Layout,,mixed
blr_357e76e59c362418,MSR Green Layout,around msr green layout,MSR Green Layout,,mixed
blr_357e76e59c362418,MSR Green Layout,msr green layout area,MSR Green Layout,,mixed
blr_b0415a9b47e7e00f,KPC Layout,kpc layout,KPC Layout,,mixed
blr_b0415a9b47e7e00f,KPC Layout,in kpc layout,KPC Layout,,mixed
blr_b0415a9b47e7e00f,KPC Layout,near kpc layout,KPC Layout,,mixed
blr_b0415a9b47e7e00f,KPC Layout,around kpc layout,KPC Layout,,mixed
blr_b0415a9b47e7e00f,KPC Layout,kpc layout area,KPC Layout,,mixed
blr_cd00e72b1143e33d,Anjanapura 10th Block,anjanapura 10th block,Anjanapura 10th Block,,mixed
blr_cd00e72b1143e33d,Anjanapura 10th Block,anjanapura tenth block,Anjanapura 10th Block,,mixed
blr_cd00e72b1143e33d,Anjanapura 10th Block,anjanapura ten block,Anjanapura 10th Block,,mixed
blr_cd00e72b1143e33d,Anjanapura 10th Block,in anjanapura 10th block,Anjanapura 10th Block,,mixed
blr_cd00e72b1143e33d,Anjanapura 10th Block,near anjanapura tenth block,Anjanapura 10th Block,,mixed
blr_6cbcfd976d9984e2,Anjanapura 9th Block,anjanapura ninth block,Anjanapura 9th Block,,mixed
blr_6cbcfd976d9984e2,Anjanapura 9th Block,anjanapura 9th block,Anjanapura 9th Block,,mixed
blr_6cbcfd976d9984e2,Anjanapura 9th Block,anjanapura nine block,Anjanapura 9th Block,,mixed
blr_6cbcfd976d9984e2,Anjanapura 9th Block,in anjanapura ninth block,Anjanapura 9th Block,,mixed
blr_6cbcfd976d9984e2,Anjanapura 9th Block,near anjanapura 9th block,Anjanapura 9th Block,,mixed
blr_4a82b74bfa15ea42,Anjanapura 8th Block,anjanapura eight block,Anjanapura 8th Block,,mixed
blr_4a82b74bfa15ea42,Anjanapura 8th Block,anjanapura 8th block,Anjanapura 8th Block,,mixed
blr_4a82b74bfa15ea42,Anjanapura 8th Block,anjanapura eighth block,Anjanapura 8th Block,,mixed
blr_4a82b74bfa15ea42,Anjanapura 8th Block,in anjanapura eight block,Anjanapura 8th Block,,mixed
blr_4a82b74bfa15ea42,Anjanapura 8th Block,near anjanapura 8th block,Anjanapura 8th Block,,mixed
blr_932fa90304a8b5e6,Anjanapura 7th Block,anjanapura 7th block,Anjanapura 7th Block,,mixed
blr_932fa90304a8b5e6,Anjanapura 7th Block,anjanapura seven block,Anjanapura 7th Block,,mixed
blr_932fa90304a8b5e6,Anjanapura 7th Block,anjanapura seventh block,Anjanapura 7th Block,,mixed
blr_932fa90304a8b5e6,Anjanapura 7th Block,in anjanapura 7th block,Anjanapura 7th Block,,mixed
blr_932fa90304a8b5e6,Anjanapura 7th Block,near anjanapura seven block,Anjanapura 7th Block,,mixed
blr_283d0b030bbf98bd,Anjanapura 6th Block,anjanapura 6th block,Anjanapura 6th Block,,mixed
blr_283d0b030bbf98bd,Anjanapura 6th Block,anjanapura six block,Anjanapura 6th Block,,mixed
blr_283d0b030bbf98bd,Anjanapura 6th Block,anjanapura sixth block,Anjanapura 6th Block,,mixed
blr_283d0b030bbf98bd,Anjanapura 6th Block,in anjanapura 6th block,Anjanapura 6th Block,,mixed
blr_283d0b030bbf98bd,Anjanapura 6th Block,near anjanapura six block,Anjanapura 6th Block,,mixed
blr_5366ad49087c5c62,Anjanapura 3rd Block,anjanapura third block,Anjanapura 3rd Block,,mixed
blr_5366ad49087c5c62,Anjanapura 3rd Block,anjanapura three block,Anjanapura 3rd Block,,mixed
blr_5366ad49087c5c62,Anjanapura 3rd Block,anjanapura 3rd block,Anjanapura 3rd Block,,mixed
blr_5366ad49087c5c62,Anjanapura 3rd Block,in anjanapura third block,Anjanapura 3rd Block,,mixed
blr_5366ad49087c5c62,Anjanapura 3rd Block,near anjanapura three block,Anjanapura 3rd Block,,mixed
blr_ae73e0ce6007dd21,Anjanapura 5th Block,anjanapura five block,Anjanapura 5th Block,,mixed
blr_ae73e0ce6007dd21,Anjanapura 5th Block,anjanapura 5th block,Anjanapura 5th Block,,mixed
blr_ae73e0ce6007dd21,Anjanapura 5th Block,anjanapura fifth block,Anjanapura 5th Block,,mixed
blr_ae73e0ce6007dd21,Anjanapura 5th Block,in anjanapura five block,Anjanapura 5th Block,,mixed
blr_ae73e0ce6007dd21,Anjanapura 5th Block,near anjanapura 5th block,Anjanapura 5th Block,,mixed
blr_91d474c70a8fcb28,Anjanapura 4th Block,anjanapura four block,Anjanapura 4th Block,,mixed
blr_91d474c70a8fcb28,Anjanapura 4th Block,anjanapura 4th block,Anjanapura 4th Block,,mixed
blr_91d474c70a8fcb28,Anjanapura 4th Block,anjanapura fourth block,Anjanapura 4th Block,,mixed
blr_91d474c70a8fcb28,Anjanapura 4th Block,in anjanapura four block,Anjanapura 4th Block,,mixed
blr_91d474c70a8fcb28,Anjanapura 4th Block,near anjanapura 4th block,Anjanapura 4th Block,,mixed
blr_febb305370d41efd,Anjanapura 2nd Block,anjanapura 2nd block,Anjanapura 2nd Block,,mixed
blr_febb305370d41efd,Anjanapura 2nd Block,anjanapura two block,Anjanapura 2nd Block,,mixed
blr_febb305370d41efd,Anjanapura 2nd Block,anjanapura second block,Anjanapura 2nd Block,,mixed
blr_febb305370d41efd,Anjanapura 2nd Block,in anjanapura 2nd block,Anjanapura 2nd Block,,mixed
blr_febb305370d41efd,Anjanapura 2nd Block,near anjanapura two block,Anjanapura 2nd Block,,mixed
blr_7df229dc1c4552be,Anjanapura 1st Block,anjanapura 1st block,Anjanapura 1st Block,,mixed
blr_7df229dc1c4552be,Anjanapura 1st Block,in anjanapura 1st block,Anjanapura 1st Block,,mixed
blr_7df229dc1c4552be,Anjanapura 1st Block,near anjanapura 1st block,Anjanapura 1st Block,,mixed
blr_7df229dc1c4552be,Anjanapura 1st Block,around anjanapura 1st block,Anjanapura 1st Block,,mixed
blr_7df229dc1c4552be,Anjanapura 1st Block,anjanapura 1st block area,Anjanapura 1st Block,,mixed
blr_ae79c0cb9a036ddc,GJM Sai Garden Layout,gjm sai garden layout,GJM Sai Garden Layout,,mixed
blr_ae79c0cb9a036ddc,GJM Sai Garden Layout,in gjm sai garden layout,GJM Sai Garden Layout,,mixed
blr_ae79c0cb9a036ddc,GJM Sai Garden Layout,near gjm sai garden layout,GJM Sai Garden Layout,,mixed
blr_ae79c0cb9a036ddc,GJM Sai Garden Layout,around gjm sai garden layout,GJM Sai Garden Layout,,mixed
blr_ae79c0cb9a036ddc,GJM Sai Garden Layout,gjm sai garden layout area,GJM Sai Garden Layout,,mixed
blr_72e348756bd9d773,Bhimajyothi LIC HBCS Layout,bhimajyothi lic hbcs layout,Bhimajyothi LIC HBCS Layout,,mixed
blr_72e348756bd9d773,Bhimajyothi LIC HBCS Layout,in bhimajyothi lic hbcs layout,Bhimajyothi LIC HBCS Layout,,mixed
blr_72e348756bd9d773,Bhimajyothi LIC HBCS Layout,near bhimajyothi lic hbcs layout,Bhimajyothi LIC HBCS Layout,,mixed
blr_72e348756bd9d773,Bhimajyothi LIC HBCS Layout,around bhimajyothi lic hbcs layout,Bhimajyothi LIC HBCS Layout,,mixed
blr_72e348756bd9d773,Bhimajyothi LIC HBCS Layout,bhimajyothi lic hbcs layout area,Bhimajyothi LIC HBCS Layout,,mixed
blr_4c11c38b424ecc15,8th Main Road,8th main road,8th Main Road,,mixed
blr_4c11c38b424ecc15,8th Main Road,eighth main road,8th Main Road,,mixed
blr_4c11c38b424ecc15,8th Main Road,eight main road,8th Main Road,,mixed
blr_4c11c38b424ecc15,8th Main Road,in 8th main road,8th Main Road,,mixed
blr_4c11c38b424ecc15,8th Main Road,near eighth main road,8th Main Road,,mixed
blr_f79b3a0a91ebe69a,3rd Main Road,three main road,3rd Main Road,,mixed
blr_f79b3a0a91ebe69a,3rd Main Road,3rd main road,3rd Main Road,,mixed
blr_f79b3a0a91ebe69a,3rd Main Road,third main road,3rd Main Road,,mixed
blr_f79b3a0a91ebe69a,3rd Main Road,in three main road,3rd Main Road,,mixed
blr_f79b3a0a91ebe69a,3rd Main Road,near 3rd main road,3rd Main Road,,mixed
blr_989521b6cee45ad3,80 Feet Road,80 feet road,80 Feet Road,,mixed
blr_989521b6cee45ad3,80 Feet Road,in 80 feet road,80 Feet Road,,mixed
blr_989521b6cee45ad3,80 Feet Road,near 80 feet road,80 Feet Road,,mixed
blr_989521b6cee45ad3,80 Feet Road,around 80 feet road,80 Feet Road,,mixed
blr_989521b6cee45ad3,80 Feet Road,80 feet road area,80 Feet Road,,mixed
blr_aeb7ecdf1c29e167,3rd Cross Road,three cross road,3rd Cross Road,,mixed
blr_aeb7ecdf1c29e167,3rd Cross Road,third cross road,3rd Cross Road,,mixed
blr_aeb7ecdf1c29e167,3rd Cross Road,3rd cross road,3rd Cross Road,,mixed
blr_aeb7ecdf1c29e167,3rd Cross Road,in three cross road,3rd Cross Road,,mixed
blr_aeb7ecdf1c29e167,3rd Cross Road,near third cross road,3rd Cross Road,,mixed
blr_5ee1132868f4ed5c,2nd Main Road,2nd main road,2nd Main Road,,mixed
blr_5ee1132868f4ed5c,2nd Main Road,two main road,2nd Main Road,,mixed
blr_5ee1132868f4ed5c,2nd Main Road,second main road,2nd Main Road,,mixed
blr_5ee1132868f4ed5c,2nd Main Road,in 2nd main road,2nd Main Road,,mixed
blr_5ee1132868f4ed5c,2nd Main Road,near two main road,2nd Main Road,,mixed
blr_70883534b0c0aac6,1st Main Road,1st main road,1st Main Road,,mixed
blr_70883534b0c0aac6,1st Main Road,in 1st main road,1st Main Road,,mixed
blr_70883534b0c0aac6,1st Main Road,near 1st main road,1st Main Road,,mixed
blr_70883534b0c0aac6,1st Main Road,around 1st main road,1st Main Road,,mixed
blr_70883534b0c0aac6,1st Main Road,1st main road area,1st Main Road,,mixed
blr_ce59ca1912619ce6,1st Cross Road,1st cross road,1st Cross Road,,mixed
blr_ce59ca1912619ce6,1st Cross Road,in 1st cross road,1st Cross Road,,mixed
blr_ce59ca1912619ce6,1st Cross Road,near 1st cross road,1st Cross Road,,mixed
blr_ce59ca1912619ce6,1st Cross Road,around 1st cross road,1st Cross Road,,mixed
blr_ce59ca1912619ce6,1st Cross Road,1st cross road area,1st Cross Road,,mixed
blr_3dd667330f76f7dd,M L Subbaraju Road,m l subbaraju road,M L Subbaraju Road,,mixed
blr_3dd667330f76f7dd,M L Subbaraju Road,in m l subbaraju road,M L Subbaraju Road,,mixed
blr_3dd667330f76f7dd,M L Subbaraju Road,near m l subbaraju road,M L Subbaraju Road,,mixed
blr_3dd667330f76f7dd,M L Subbaraju Road,around m l subbaraju road,M L Subbaraju Road,,mixed
blr_3dd667330f76f7dd,M L Subbaraju Road,m l subbaraju road area,M L Subbaraju Road,,mixed
blr_3369316fb3fd02db,JC Road,jc road,JC Road,,mixed
blr_3369316fb3fd02db,JC Road,in jc road,JC Road,,mixed
blr_3369316fb3fd02db,JC Road,near jc road,JC Road,,mixed
blr_3369316fb3fd02db,JC Road,around jc road,JC Road,,mixed
blr_3369316fb3fd02db,JC Road,jc road area,JC Road,,mixed
blr_aec34f329c00d799,5th Main Road,fifth main road,5th Main Road,,mixed
blr_aec34f329c00d799,5th Main Road,5th main road,5th Main Road,,mixed
blr_aec34f329c00d799,5th Main Road,five main road,5th Main Road,,mixed
blr_aec34f329c00d799,5th Main Road,in fifth main road,5th Main Road,,mixed
blr_aec34f329c00d799,5th Main Road,near 5th main road,5th Main Road,,mixed
blr_5162bee90b55be07,11th Cross Road,11th cross road,11th Cross Road,,mixed
blr_5162bee90b55be07,11th Cross Road,in 11th cross road,11th Cross Road,,mixed
blr_5162bee90b55be07,11th Cross Road,near 11th cross road,11th Cross Road,,mixed
blr_5162bee90b55be07,11th Cross Road,around 11th cross road,11th Cross Road,,mixed
blr_5162bee90b55be07,11th Cross Road,11th cross road area,11th Cross Road,,mixed
blr_f655958294141015,"30th Main road, Banashankari 2nd Stage",30th main road banashankari two stage,"30th Main road, Banashankari 2nd Stage",,mixed
blr_f655958294141015,"30th Main road, Banashankari 2nd Stage",30th main road banashankari second stage,"30th Main road, Banashankari 2nd Stage",,mixed
blr_f655958294141015,"30th Main road, Banashankari 2nd Stage",30th main road banashankari 2nd stage,"30th Main road, Banashankari 2nd Stage",,mixed
blr_f655958294141015,"30th Main road, Banashankari 2nd Stage",in 30th main road banashankari two stage,"30th Main road, Banashankari 2nd Stage",,mixed
blr_f655958294141015,"30th Main road, Banashankari 2nd Stage",near 30th main road banashankari second stage,"30th Main road, Banashankari 2nd Stage",,mixed
blr_4b722904253929f5,60 Feet Road,60 feet road,60 Feet Road,,mixed
blr_4b722904253929f5,60 Feet Road,in 60 feet road,60 Feet Road,,mixed
blr_4b722904253929f5,60 Feet Road,near 60 feet road,60 Feet Road,,mixed
blr_4b722904253929f5,60 Feet Road,around 60 feet road,60 Feet Road,,mixed
blr_4b722904253929f5,60 Feet Road,60 feet road area,60 Feet Road,,mixed
blr_37a0c7fee35b10d9,1st A Main Road,1st a main road,1st A Main Road,,mixed
blr_37a0c7fee35b10d9,1st A Main Road,in 1st a main road,1st A Main Road,,mixed
blr_37a0c7fee35b10d9,1st A Main Road,near 1st a main road,1st A Main Road,,mixed
blr_37a0c7fee35b10d9,1st A Main Road,around 1st a main road,1st A Main Road,,mixed
blr_37a0c7fee35b10d9,1st A Main Road,1st a main road area,1st A Main Road,,mixed
blr_0a874e8669297497,18th Cross Road,1eighth cross road,18th Cross Road,,mixed
blr_0a874e8669297497,18th Cross Road,18th cross road,18th Cross Road,,mixed
blr_0a874e8669297497,18th Cross Road,1eight cross road,18th Cross Road,,mixed
blr_0a874e8669297497,18th Cross Road,in 1eighth cross road,18th Cross Road,,mixed
blr_0a874e8669297497,18th Cross Road,near 18th cross road,18th Cross Road,,mixed
blr_56b8eee782aa629b,19th Main Road,19th main road,19th Main Road,,mixed
blr_56b8eee782aa629b,19th Main Road,1nine main road,19th Main Road,,mixed
blr_56b8eee782aa629b,19th Main Road,1ninth main road,19th Main Road,,mixed
blr_56b8eee782aa629b,19th Main Road,in 19th main road,19th Main Road,,mixed
blr_56b8eee782aa629b,19th Main Road,near 1nine main road,19th Main Road,,mixed
blr_e884eb2ec46f5db9,15th Cross Road,1fifth cross road,15th Cross Road,,mixed
blr_e884eb2ec46f5db9,15th Cross Road,15th cross road,15th Cross Road,,mixed
blr_e884eb2ec46f5db9,15th Cross Road,1five cross road,15th Cross Road,,mixed
blr_e884eb2ec46f5db9,15th Cross Road,in 1fifth cross road,15th Cross Road,,mixed
blr_e884eb2ec46f5db9,15th Cross Road,near 15th cross road,15th Cross Road,,mixed
blr_cf92e428b9aa83fd,9th Main Road,9th main road,9th Main Road,,mixed
blr_cf92e428b9aa83fd,9th Main Road,ninth main road,9th Main Road,,mixed
blr_cf92e428b9aa83fd,9th Main Road,nine main road,9th Main Road,,mixed
blr_cf92e428b9aa83fd,9th Main Road,in 9th main road,9th Main Road,,mixed
blr_cf92e428b9aa83fd,9th Main Road,near ninth main road,9th Main Road,,mixed
blr_be49280130633ad4,H Road,h road,H Road,,mixed
blr_be49280130633ad4,H Road,in h road,H Road,,mixed
blr_be49280130633ad4,H Road,near h road,H Road,,mixed
blr_be49280130633ad4,H Road,around h road,H Road,,mixed
blr_be49280130633ad4,H Road,h road area,H Road,,mixed
blr_f41306d8f282336b,10th Cross Road,ten cross road,10th Cross Road,,mixed
blr_f41306d8f282336b,10th Cross Road,10th cross road,10th Cross Road,,mixed
blr_f41306d8f282336b,10th Cross Road,tenth cross road,10th Cross Road,,mixed
blr_f41306d8f282336b,10th Cross Road,in ten cross road,10th Cross Road,,mixed
blr_f41306d8f282336b,10th Cross Road,near 10th cross road,10th Cross Road,,mixed
blr_8cdc5e60d842d394,4th Main Road,four main road,4th Main Road,,mixed
blr_8cdc5e60d842d394,4th Main Road,fourth main road,4th Main Road,,mixed
blr_8cdc5e60d842d394,4th Main Road,4th main road,4th Main Road,,mixed
blr_8cdc5e60d842d394,4th Main Road,in four main road,4th Main Road,,mixed
blr_8cdc5e60d842d394,4th Main Road,near fourth main road,4th Main Road,,mixed
blr_7b5681293db9d2a7,4th Cross Road,fourth cross road,4th Cross Road,,mixed
blr_7b5681293db9d2a7,4th Cross Road,four cross road,4th Cross Road,,mixed
blr_7b5681293db9d2a7,4th Cross Road,4th cross road,4th Cross Road,,mixed
blr_7b5681293db9d2a7,4th Cross Road,in fourth cross road,4th Cross Road,,mixed
blr_7b5681293db9d2a7,4th Cross Road,near four cross road,4th Cross Road,,mixed
blr_d4768f36adfb8341,6th Main Road,six main road,6th Main Road,,mixed
blr_d4768f36adfb8341,6th Main Road,6th main road,6th Main Road,,mixed
blr_d4768f36adfb8341,6th Main Road,sixth main road,6th Main Road,,mixed
blr_d4768f36adfb8341,6th Main Road,in six main road,6th Main Road,,mixed
blr_d4768f36adfb8341,6th Main Road,near 6th main road,6th Main Road,,mixed
blr_79293fb3c07033e9,5th Cross Road,five cross road,5th Cross Road,,mixed
blr_79293fb3c07033e9,5th Cross Road,fifth cross road,5th Cross Road,,mixed
blr_79293fb3c07033e9,5th Cross Road,5th cross road,5th Cross Road,,mixed
blr_79293fb3c07033e9,5th Cross Road,in five cross road,5th Cross Road,,mixed
blr_79293fb3c07033e9,5th Cross Road,near fifth cross road,5th Cross Road,,mixed
blr_40091a5e1d891f92,Hanumantha Nagar Main Road / 50 Feet Road,hanumantha nagar main road  50 feet road,Hanumantha Nagar Main Road / 50 Feet Road,,mixed
blr_40091a5e1d891f92,Hanumantha Nagar Main Road / 50 Feet Road,in hanumantha nagar main road  50 feet road,Hanumantha Nagar Main Road / 50 Feet Road,,mixed
blr_40091a5e1d891f92,Hanumantha Nagar Main Road / 50 Feet Road,near hanumantha nagar main road  50 feet road,Hanumantha Nagar Main Road / 50 Feet Road,,mixed
blr_40091a5e1d891f92,Hanumantha Nagar Main Road / 50 Feet Road,around hanumantha nagar main road  50 feet road,Hanumantha Nagar Main Road / 50 Feet Road,,mixed
blr_40091a5e1d891f92,Hanumantha Nagar Main Road / 50 Feet Road,hanumantha nagar main road  50 feet road area,Hanumantha Nagar Main Road / 50 Feet Road,,mixed
blr_a7568974a0098fb5,10th Main Road,tenth main road,10th Main Road,,mixed
blr_a7568974a0098fb5,10th Main Road,ten main road,10th Main Road,,mixed
blr_a7568974a0098fb5,10th Main Road,10th main road,10th Main Road,,mixed
blr_a7568974a0098fb5,10th Main Road,in tenth main road,10th Main Road,,mixed
blr_a7568974a0098fb5,10th Main Road,near ten main road,10th Main Road,,mixed
blr_7a27034f045d73a7,13th Main Road,13th main road,13th Main Road,,mixed
blr_7a27034f045d73a7,13th Main Road,in 13th main road,13th Main Road,,mixed
blr_7a27034f045d73a7,13th Main Road,near 13th main road,13th Main Road,,mixed
blr_7a27034f045d73a7,13th Main Road,around 13th main road,13th Main Road,,mixed
blr_7a27034f045d73a7,13th Main Road,13th main road area,13th Main Road,,mixed
blr_ad6394e29ac356f7,24th Cross Road,2four cross road,24th Cross Road,,mixed
blr_ad6394e29ac356f7,24th Cross Road,24th cross road,24th Cross Road,,mixed
blr_ad6394e29ac356f7,24th Cross Road,2fourth cross road,24th Cross Road,,mixed
blr_ad6394e29ac356f7,24th Cross Road,in 2four cross road,24th Cross Road,,mixed
blr_ad6394e29ac356f7,24th Cross Road,near 24th cross road,24th Cross Road,,mixed
blr_830556f9d99b61a9,27th Cross Road,2seven cross road,27th Cross Road,,mixed
blr_830556f9d99b61a9,27th Cross Road,2seventh cross road,27th Cross Road,,mixed
blr_830556f9d99b61a9,27th Cross Road,27th cross road,27th Cross Road,,mixed
blr_830556f9d99b61a9,27th Cross Road,in 2seven cross road,27th Cross Road,,mixed
blr_830556f9d99b61a9,27th Cross Road,near 2seventh cross road,27th Cross Road,,mixed
blr_68481bd495a9e887,18th Main Road,1eighth main road,18th Main Road,,mixed
blr_68481bd495a9e887,18th Main Road,18th main road,18th Main Road,,mixed
blr_68481bd495a9e887,18th Main Road,1eight main road,18th Main Road,,mixed
blr_68481bd495a9e887,18th Main Road,in 1eighth main road,18th Main Road,,mixed
blr_68481bd495a9e887,18th Main Road,near 18th main road,18th Main Road,,mixed
blr_cbf4188f69ecb90f,9th Cross Road,ninth cross road,9th Cross Road,,mixed
blr_cbf4188f69ecb90f,9th Cross Road,9th cross road,9th Cross Road,,mixed
blr_cbf4188f69ecb90f,9th Cross Road,nine cross road,9th Cross Road,,mixed
blr_cbf4188f69ecb90f,9th Cross Road,in ninth cross road,9th Cross Road,,mixed
blr_cbf4188f69ecb90f,9th Cross Road,near 9th cross road,9th Cross Road,,mixed
blr_b617cbf611c140c1,32nd Cross Road,32nd cross road,32nd Cross Road,,mixed
blr_b617cbf611c140c1,32nd Cross Road,3second cross road,32nd Cross Road,,mixed
blr_b617cbf611c140c1,32nd Cross Road,3two cross road,32nd Cross Road,,mixed
blr_b617cbf611c140c1,32nd Cross Road,in 32nd cross road,32nd Cross Road,,mixed
blr_b617cbf611c140c1,32nd Cross Road,near 3second cross road,32nd Cross Road,,mixed
blr_18b4e870dc3ff577,26th Main Road,26th main road,26th Main Road,,mixed
blr_18b4e870dc3ff577,26th Main Road,2sixth main road,26th Main Road,,mixed
blr_18b4e870dc3ff577,26th Main Road,2six main road,26th Main Road,,mixed
blr_18b4e870dc3ff577,26th Main Road,in 26th main road,26th Main Road,,mixed
blr_18b4e870dc3ff577,26th Main Road,near 2sixth main road,26th Main Road,,mixed
blr_d6640f46614b0e40,22nd Main Road,2second main road,22nd Main Road,,mixed
blr_d6640f46614b0e40,22nd Main Road,2two main road,22nd Main Road,,mixed
blr_d6640f46614b0e40,22nd Main Road,22nd main road,22nd Main Road,,mixed
blr_d6640f46614b0e40,22nd Main Road,in 2second main road,22nd Main Road,,mixed
blr_d6640f46614b0e40,22nd Main Road,near 2two main road,22nd Main Road,,mixed
blr_6c9a25b50e67dec8,16th Main Road,16th main road,16th Main Road,,mixed
blr_6c9a25b50e67dec8,16th Main Road,1sixth main road,16th Main Road,,mixed
blr_6c9a25b50e67dec8,16th Main Road,1six main road,16th Main Road,,mixed
blr_6c9a25b50e67dec8,16th Main Road,in 16th main road,16th Main Road,,mixed
blr_6c9a25b50e67dec8,16th Main Road,near 1sixth main road,16th Main Road,,mixed
blr_7ff649a25e42a4e6,7th Main Road,7th main road,7th Main Road,,mixed
blr_7ff649a25e42a4e6,7th Main Road,seventh main road,7th Main Road,,mixed
blr_7ff649a25e42a4e6,7th Main Road,seven main road,7th Main Road,,mixed
blr_7ff649a25e42a4e6,7th Main Road,in 7th main road,7th Main Road,,mixed
blr_7ff649a25e42a4e6,7th Main Road,near seventh main road,7th Main Road,,mixed
blr_eeb96585a02426b8,8th Cross Road,8th cross road,8th Cross Road,,mixed
blr_eeb96585a02426b8,8th Cross Road,eighth cross road,8th Cross Road,,mixed
blr_eeb96585a02426b8,8th Cross Road,eight cross road,8th Cross Road,,mixed
blr_eeb96585a02426b8,8th Cross Road,in 8th cross road,8th Cross Road,,mixed
blr_eeb96585a02426b8,8th Cross Road,near eighth cross road,8th Cross Road,,mixed
blr_c0d7e4b0d60a301e,6th Cross Road,sixth cross road,6th Cross Road,,mixed
blr_c0d7e4b0d60a301e,6th Cross Road,6th cross road,6th Cross Road,,mixed
blr_c0d7e4b0d60a301e,6th Cross Road,six cross road,6th Cross Road,,mixed
blr_c0d7e4b0d60a301e,6th Cross Road,in sixth cross road,6th Cross Road,,mixed
blr_c0d7e4b0d60a301e,6th Cross Road,near 6th cross road,6th Cross Road,,mixed
blr_74643b00025a9391,H N Nanjegowda Road,h n nanjegowda road,H N Nanjegowda Road,,mixed
blr_74643b00025a9391,H N Nanjegowda Road,in h n nanjegowda road,H N Nanjegowda Road,,mixed
blr_74643b00025a9391,H N Nanjegowda Road,near h n nanjegowda road,H N Nanjegowda Road,,mixed
blr_74643b00025a9391,H N Nanjegowda Road,around h n nanjegowda road,H N Nanjegowda Road,,mixed
blr_74643b00025a9391,H N Nanjegowda Road,h n nanjegowda road area,H N Nanjegowda Road,,mixed
blr_2ce090c33e526c28,E Street,e street,E Street,,mixed
blr_2ce090c33e526c28,E Street,in e street,E Street,,mixed
blr_2ce090c33e526c28,E Street,near e street,E Street,,mixed
blr_2ce090c33e526c28,E Street,around e street,E Street,,mixed
blr_2ce090c33e526c28,E Street,e street area,E Street,,mixed
blr_b79d7ca06004395e,7th Cross Road,seventh cross road,7th Cross Road,,mixed
blr_b79d7ca06004395e,7th Cross Road,seven cross road,7th Cross Road,,mixed
blr_b79d7ca06004395e,7th Cross Road,7th cross road,7th Cross Road,,mixed
blr_b79d7ca06004395e,7th Cross Road,in seventh cross road,7th Cross Road,,mixed
blr_b79d7ca06004395e,7th Cross Road,near seven cross road,7th Cross Road,,mixed
blr_ffe389e1c934bfd2,14th Cross Road,1fourth cross road,14th Cross Road,,mixed
blr_ffe389e1c934bfd2,14th Cross Road,1four cross road,14th Cross Road,,mixed
blr_ffe389e1c934bfd2,14th Cross Road,14th cross road,14th Cross Road,,mixed
blr_ffe389e1c934bfd2,14th Cross Road,in 1fourth cross road,14th Cross Road,,mixed
blr_ffe389e1c934bfd2,14th Cross Road,near 1four cross road,14th Cross Road,,mixed
blr_60f9424b9b69df22,1st Cross Street,1st cross street,1st Cross Street,,mixed
blr_60f9424b9b69df22,1st Cross Street,in 1st cross street,1st Cross Street,,mixed
blr_60f9424b9b69df22,1st Cross Street,near 1st cross street,1st Cross Street,,mixed
blr_60f9424b9b69df22,1st Cross Street,around 1st cross street,1st Cross Street,,mixed
blr_60f9424b9b69df22,1st Cross Street,1st cross street area,1st Cross Street,,mixed
blr_1747aa27e3649de9,10th C Main Road,10th c main road,10th C Main Road,,mixed
blr_1747aa27e3649de9,10th C Main Road,tenth c main road,10th C Main Road,,mixed
blr_1747aa27e3649de9,10th C Main Road,ten c main road,10th C Main Road,,mixed
blr_1747aa27e3649de9,10th C Main Road,in 10th c main road,10th C Main Road,,mixed
blr_1747aa27e3649de9,10th C Main Road,near tenth c main road,10th C Main Road,,mixed
blr_85a7c93209177ea8,2nd Cross Road,second cross road,2nd Cross Road,,mixed
blr_85a7c93209177ea8,2nd Cross Road,two cross road,2nd Cross Road,,mixed
blr_85a7c93209177ea8,2nd Cross Road,2nd cross road,2nd Cross Road,,mixed
blr_85a7c93209177ea8,2nd Cross Road,in second cross road,2nd Cross Road,,mixed
blr_85a7c93209177ea8,2nd Cross Road,near two cross road,2nd Cross Road,,mixed
blr_12d9b9beb748e9b9,NR Road,nr road,NR Road,,mixed
blr_12d9b9beb748e9b9,NR Road,in nr road,NR Road,,mixed
blr_12d9b9beb748e9b9,NR Road,near nr road,NR Road,,mixed
blr_12d9b9beb748e9b9,NR Road,around nr road,NR Road,,mixed
blr_12d9b9beb748e9b9,NR Road,nr road area,NR Road,,mixed
blr_c8a53d07824e4bef,RV Cross Road,rv cross road,RV Cross Road,,mixed
blr_c8a53d07824e4bef,RV Cross Road,in rv cross road,RV Cross Road,,mixed
blr_c8a53d07824e4bef,RV Cross Road,near rv cross road,RV Cross Road,,mixed
blr_c8a53d07824e4bef,RV Cross Road,around rv cross road,RV Cross Road,,mixed
blr_c8a53d07824e4bef,RV Cross Road,rv cross road area,RV Cross Road,,mixed
blr_b72a711cfdba116f,4th Street Model House Block,fourth street model house block,4th Street Model House Block,,mixed
blr_b72a711cfdba116f,4th Street Model House Block,4th street model house block,4th Street Model House Block,,mixed
blr_b72a711cfdba116f,4th Street Model House Block,four street model house block,4th Street Model House Block,,mixed
blr_b72a711cfdba116f,4th Street Model House Block,in fourth street model house block,4th Street Model House Block,,mixed
blr_b72a711cfdba116f,4th Street Model House Block,near 4th street model house block,4th Street Model House Block,,mixed
blr_d86ea92aaa4ab7d8,Sir M Vishveshwaraya Road,sir m vishveshwaraya road,Sir M Vishveshwaraya Road,,mixed
blr_d86ea92aaa4ab7d8,Sir M Vishveshwaraya Road,in sir m vishveshwaraya road,Sir M Vishveshwaraya Road,,mixed
blr_d86ea92aaa4ab7d8,Sir M Vishveshwaraya Road,near sir m vishveshwaraya road,Sir M Vishveshwaraya Road,,mixed
blr_d86ea92aaa4ab7d8,Sir M Vishveshwaraya Road,around sir m vishveshwaraya road,Sir M Vishveshwaraya Road,,mixed
blr_d86ea92aaa4ab7d8,Sir M Vishveshwaraya Road,sir m vishveshwaraya road area,Sir M Vishveshwaraya Road,,mixed
blr_affceb2d9279d7be,19th Cross Road,1ninth cross road,19th Cross Road,,mixed
blr_affceb2d9279d7be,19th Cross Road,19th cross road,19th Cross Road,,mixed
blr_affceb2d9279d7be,19th Cross Road,1nine cross road,19th Cross Road,,mixed
blr_affceb2d9279d7be,19th Cross Road,in 1ninth cross road,19th Cross Road,,mixed
blr_affceb2d9279d7be,19th Cross Road,near 19th cross road,19th Cross Road,,mixed
blr_dbd8dfb1d45ac71c,BMTC Bus Depot Road,bmtc bus depot road,BMTC Bus Depot Road,,mixed
blr_dbd8dfb1d45ac71c,BMTC Bus Depot Road,in bmtc bus depot road,BMTC Bus Depot Road,,mixed
blr_dbd8dfb1d45ac71c,BMTC Bus Depot Road,near bmtc bus depot road,BMTC Bus Depot Road,,mixed
blr_dbd8dfb1d45ac71c,BMTC Bus Depot Road,around bmtc bus depot road,BMTC Bus Depot Road,,mixed
blr_dbd8dfb1d45ac71c,BMTC Bus Depot Road,bmtc bus depot road area,BMTC Bus Depot Road,,mixed
blr_e9f0c61ca99699c8,8B Main Road,8b main road,8B Main Road,,mixed
blr_e9f0c61ca99699c8,8B Main Road,in 8b main road,8B Main Road,,mixed
blr_e9f0c61ca99699c8,8B Main Road,near 8b main road,8B Main Road,,mixed
blr_e9f0c61ca99699c8,8B Main Road,around 8b main road,8B Main Road,,mixed
blr_e9f0c61ca99699c8,8B Main Road,8b main road area,8B Main Road,,mixed
blr_ce9fcdcf81ad5631,17th Cross Road,1seventh cross road,17th Cross Road,,mixed
blr_ce9fcdcf81ad5631,17th Cross Road,1seven cross road,17th Cross Road,,mixed
blr_ce9fcdcf81ad5631,17th Cross Road,17th cross road,17th Cross Road,,mixed
blr_ce9fcdcf81ad5631,17th Cross Road,in 1seventh cross road,17th Cross Road,,mixed
blr_ce9fcdcf81ad5631,17th Cross Road,near 1seven cross road,17th Cross Road,,mixed
blr_2ed52d742c751c4f,22nd Cross Road,22nd cross road,22nd Cross Road,,mixed
blr_2ed52d742c751c4f,22nd Cross Road,2second cross road,22nd Cross Road,,mixed
blr_2ed52d742c751c4f,22nd Cross Road,2two cross road,22nd Cross Road,,mixed
blr_2ed52d742c751c4f,22nd Cross Road,in 22nd cross road,22nd Cross Road,,mixed
blr_2ed52d742c751c4f,22nd Cross Road,near 2second cross road,22nd Cross Road,,mixed
blr_e61f77226d740d7f,26th Cross Road,2six cross road,26th Cross Road,,mixed
blr_e61f77226d740d7f,26th Cross Road,26th cross road,26th Cross Road,,mixed
blr_e61f77226d740d7f,26th Cross Road,2sixth cross road,26th Cross Road,,mixed
blr_e61f77226d740d7f,26th Cross Road,in 2six cross road,26th Cross Road,,mixed
blr_e61f77226d740d7f,26th Cross Road,near 26th cross road,26th Cross Road,,mixed
blr_b9dc82cc3cc9949f,18 A Cross Road,18 a cross road,18 A Cross Road,,mixed
blr_b9dc82cc3cc9949f,18 A Cross Road,in 18 a cross road,18 A Cross Road,,mixed
blr_b9dc82cc3cc9949f,18 A Cross Road,near 18 a cross road,18 A Cross Road,,mixed
blr_b9dc82cc3cc9949f,18 A Cross Road,around 18 a cross road,18 A Cross Road,,mixed
blr_b9dc82cc3cc9949f,18 A Cross Road,18 a cross road area,18 A Cross Road,,mixed
blr_2fcf3c02edd5a9ed,28th Cross Road,2eighth cross road,28th Cross Road,,mixed
blr_2fcf3c02edd5a9ed,28th Cross Road,28th cross road,28th Cross Road,,mixed
blr_2fcf3c02edd5a9ed,28th Cross Road,2eight cross road,28th Cross Road,,mixed
blr_2fcf3c02edd5a9ed,28th Cross Road,in 2eighth cross road,28th Cross Road,,mixed
blr_2fcf3c02edd5a9ed,28th Cross Road,near 28th cross road,28th Cross Road,,mixed
blr_a07b83e7d6bb5557,6th Cross,6th cross,6th Cross,,mixed
blr_a07b83e7d6bb5557,6th Cross,sixth cross,6th Cross,,mixed
blr_a07b83e7d6bb5557,6th Cross,six cross,6th Cross,,mixed
blr_a07b83e7d6bb5557,6th Cross,in 6th cross,6th Cross,,mixed
blr_a07b83e7d6bb5557,6th Cross,near sixth cross,6th Cross,,mixed
blr_c3cd7c5d3e627714,SP Road,sp road,SP Road,,mixed
blr_c3cd7c5d3e627714,SP Road,in sp road,SP Road,,mixed
blr_c3cd7c5d3e627714,SP Road,near sp road,SP Road,,mixed
blr_c3cd7c5d3e627714,SP Road,around sp road,SP Road,,mixed
blr_c3cd7c5d3e627714,SP Road,sp road area,SP Road,,mixed
blr_0f688d372c56a798,1st A Cross Road,1st a cross road,1st A Cross Road,,mixed
blr_0f688d372c56a798,1st A Cross Road,in 1st a cross road,1st A Cross Road,,mixed
blr_0f688d372c56a798,1st A Cross Road,near 1st a cross road,1st A Cross Road,,mixed
blr_0f688d372c56a798,1st A Cross Road,around 1st a cross road,1st A Cross Road,,mixed
blr_0f688d372c56a798,1st A Cross Road,1st a cross road area,1st A Cross Road,,mixed
blr_40ffb563341d7678,12th Main Road,12th main road,12th Main Road,,mixed
blr_40ffb563341d7678,12th Main Road,in 12th main road,12th Main Road,,mixed
blr_40ffb563341d7678,12th Main Road,near 12th main road,12th Main Road,,mixed
blr_40ffb563341d7678,12th Main Road,around 12th main road,12th Main Road,,mixed
blr_40ffb563341d7678,12th Main Road,12th main road area,12th Main Road,,mixed
blr_1cacfc5128252a65,21st A Main,21st a main,21st A Main,,mixed
blr_1cacfc5128252a65,21st A Main,in 21st a main,21st A Main,,mixed
blr_1cacfc5128252a65,21st A Main,near 21st a main,21st A Main,,mixed
blr_1cacfc5128252a65,21st A Main,around 21st a main,21st A Main,,mixed
blr_1cacfc5128252a65,21st A Main,21st a main area,21st A Main,,mixed
blr_24b7cde6ab58c6f8,14th B Cross Road,14th b cross road,14th B Cross Road,,mixed
blr_24b7cde6ab58c6f8,14th B Cross Road,1four b cross road,14th B Cross Road,,mixed
blr_24b7cde6ab58c6f8,14th B Cross Road,1fourth b cross road,14th B Cross Road,,mixed
blr_24b7cde6ab58c6f8,14th B Cross Road,in 14th b cross road,14th B Cross Road,,mixed
blr_24b7cde6ab58c6f8,14th B Cross Road,near 1four b cross road,14th B Cross Road,,mixed
blr_08bbaab0d1c9c857,13th Cross Road,13th cross road,13th Cross Road,,mixed
blr_08bbaab0d1c9c857,13th Cross Road,in 13th cross road,13th Cross Road,,mixed
blr_08bbaab0d1c9c857,13th Cross Road,near 13th cross road,13th Cross Road,,mixed
blr_08bbaab0d1c9c857,13th Cross Road,around 13th cross road,13th Cross Road,,mixed
blr_08bbaab0d1c9c857,13th Cross Road,13th cross road area,13th Cross Road,,mixed
blr_552167922d365b6b,SJR Eastwood,sjr eastwood,SJR Eastwood,,mixed
blr_552167922d365b6b,SJR Eastwood,in sjr eastwood,SJR Eastwood,,mixed
blr_552167922d365b6b,SJR Eastwood,near sjr eastwood,SJR Eastwood,,mixed
blr_552167922d365b6b,SJR Eastwood,around sjr eastwood,SJR Eastwood,,mixed
blr_552167922d365b6b,SJR Eastwood,sjr eastwood area,SJR Eastwood,,mixed
blr_378e1e59e1e9752e,Royal Placid Phase 2nd,royal placid phase second,Royal Placid Phase 2,,mixed
blr_378e1e59e1e9752e,Royal Placid Phase 2nd,royal placid phase two,Royal Placid Phase 2,,mixed
blr_378e1e59e1e9752e,Royal Placid Phase 2nd,royal placid phase 2nd,Royal Placid Phase 2,,mixed
blr_378e1e59e1e9752e,Royal Placid Phase 2nd,in royal placid phase second,Royal Placid Phase 2,,mixed
blr_378e1e59e1e9752e,Royal Placid Phase 2nd,near royal placid phase two,Royal Placid Phase 2,,mixed
blr_c2d924ce63577688,NICE Peripheral Ring Road,nice peripheral ring road,NICE Peripheral Ring Road,,mixed
blr_c2d924ce63577688,NICE Peripheral Ring Road,in nice peripheral ring road,NICE Peripheral Ring Road,,mixed
blr_c2d924ce63577688,NICE Peripheral Ring Road,near nice peripheral ring road,NICE Peripheral Ring Road,,mixed
blr_c2d924ce63577688,NICE Peripheral Ring Road,around nice peripheral ring road,NICE Peripheral Ring Road,,mixed
blr_c2d924ce63577688,NICE Peripheral Ring Road,nice peripheral ring road area,NICE Peripheral Ring Road,,mixed
blr_6bdc8171072476c0,14th Main Road,1fourth main road,14th Main Road,,mixed
blr_6bdc8171072476c0,14th Main Road,14th main road,14th Main Road,,mixed
blr_6bdc8171072476c0,14th Main Road,1four main road,14th Main Road,,mixed
blr_6bdc8171072476c0,14th Main Road,in 1fourth main road,14th Main Road,,mixed
blr_6bdc8171072476c0,14th Main Road,near 14th main road,14th Main Road,,mixed
blr_d3709f3b3419a491,25B Cross,25b cross,25B Cross,,mixed
blr_d3709f3b3419a491,25B Cross,in 25b cross,25B Cross,,mixed
blr_d3709f3b3419a491,25B Cross,near 25b cross,25B Cross,,mixed
blr_d3709f3b3419a491,25B Cross,around 25b cross,25B Cross,,mixed
blr_d3709f3b3419a491,25B Cross,25b cross area,25B Cross,,mixed
blr_a058543c82d363f1,25th C Cross Road,25th c cross road,25th C Cross Road,,mixed
blr_a058543c82d363f1,25th C Cross Road,2five c cross road,25th C Cross Road,,mixed
blr_a058543c82d363f1,25th C Cross Road,2fifth c cross road,25th C Cross Road,,mixed
blr_a058543c82d363f1,25th C Cross Road,in 25th c cross road,25th C Cross Road,,mixed
blr_a058543c82d363f1,25th C Cross Road,near 2five c cross road,25th C Cross Road,,mixed
blr_8c0d19a5dc7d4388,17A Main Road,17a main road,17A Main Road,,mixed
blr_8c0d19a5dc7d4388,17A Main Road,in 17a main road,17A Main Road,,mixed
blr_8c0d19a5dc7d4388,17A Main Road,near 17a main road,17A Main Road,,mixed
blr_8c0d19a5dc7d4388,17A Main Road,around 17a main road,17A Main Road,,mixed
blr_8c0d19a5dc7d4388,17A Main Road,17a main road area,17A Main Road,,mixed
blr_d5d88f25c081aa6a,17th Main Road,1seventh main road,17th Main Road,,mixed
blr_d5d88f25c081aa6a,17th Main Road,17th main road,17th Main Road,,mixed
blr_d5d88f25c081aa6a,17th Main Road,1seven main road,17th Main Road,,mixed
blr_d5d88f25c081aa6a,17th Main Road,in 1seventh main road,17th Main Road,,mixed
blr_d5d88f25c081aa6a,17th Main Road,near 17th main road,17th Main Road,,mixed
blr_839e4c3f7053dbce,16th Cross Road,1six cross road,16th Cross Road,,mixed
blr_839e4c3f7053dbce,16th Cross Road,1sixth cross road,16th Cross Road,,mixed
blr_839e4c3f7053dbce,16th Cross Road,16th cross road,16th Cross Road,,mixed
blr_839e4c3f7053dbce,16th Cross Road,in 1six cross road,16th Cross Road,,mixed
blr_839e4c3f7053dbce,16th Cross Road,near 1sixth cross road,16th Cross Road,,mixed
blr_9d9dba40b01f1167,19A Cross,19a cross,19A Cross,,mixed
blr_9d9dba40b01f1167,19A Cross,in 19a cross,19A Cross,,mixed
blr_9d9dba40b01f1167,19A Cross,near 19a cross,19A Cross,,mixed
blr_9d9dba40b01f1167,19A Cross,around 19a cross,19A Cross,,mixed
blr_9d9dba40b01f1167,19A Cross,19a cross area,19A Cross,,mixed
blr_06ab61457483d758,19 B Cross,19 b cross,19 B Cross,,mixed
blr_06ab61457483d758,19 B Cross,in 19 b cross,19 B Cross,,mixed
blr_06ab61457483d758,19 B Cross,near 19 b cross,19 B Cross,,mixed
blr_06ab61457483d758,19 B Cross,around 19 b cross,19 B Cross,,mixed
blr_06ab61457483d758,19 B Cross,19 b cross area,19 B Cross,,mixed
blr_8a39b48351dd05ff,20th Cross Road,20th cross road,20th Cross Road,,mixed
blr_8a39b48351dd05ff,20th Cross Road,in 20th cross road,20th Cross Road,,mixed
blr_8a39b48351dd05ff,20th Cross Road,near 20th cross road,20th Cross Road,,mixed
blr_8a39b48351dd05ff,20th Cross Road,around 20th cross road,20th Cross Road,,mixed
blr_8a39b48351dd05ff,20th Cross Road,20th cross road area,20th Cross Road,,mixed
blr_ff72a6df4fdb43b7,20th Main Road,20th main road,20th Main Road,,mixed
blr_ff72a6df4fdb43b7,20th Main Road,in 20th main road,20th Main Road,,mixed
blr_ff72a6df4fdb43b7,20th Main Road,near 20th main road,20th Main Road,,mixed
blr_ff72a6df4fdb43b7,20th Main Road,around 20th main road,20th Main Road,,mixed
blr_ff72a6df4fdb43b7,20th Main Road,20th main road area,20th Main Road,,mixed
blr_638a8ce3d8853487,23rd Main Road,2third main road,23rd Main Road,,mixed
blr_638a8ce3d8853487,23rd Main Road,23rd main road,23rd Main Road,,mixed
blr_638a8ce3d8853487,23rd Main Road,2three main road,23rd Main Road,,mixed
blr_638a8ce3d8853487,23rd Main Road,in 2third main road,23rd Main Road,,mixed
blr_638a8ce3d8853487,23rd Main Road,near 23rd main road,23rd Main Road,,mixed
blr_44bc468ece8f5ee7,25th Main Road,2fifth main road,25th Main Road,,mixed
blr_44bc468ece8f5ee7,25th Main Road,25th main road,25th Main Road,,mixed
blr_44bc468ece8f5ee7,25th Main Road,2five main road,25th Main Road,,mixed
blr_44bc468ece8f5ee7,25th Main Road,in 2fifth main road,25th Main Road,,mixed
blr_44bc468ece8f5ee7,25th Main Road,near 25th main road,25th Main Road,,mixed
blr_64ddda66582e7d73,25 A Main,25 a main,25 A Main,,mixed
blr_64ddda66582e7d73,25 A Main,in 25 a main,25 A Main,,mixed
blr_64ddda66582e7d73,25 A Main,near 25 a main,25 A Main,,mixed
blr_64ddda66582e7d73,25 A Main,around 25 a main,25 A Main,,mixed
blr_64ddda66582e7d73,25 A Main,25 a main area,25 A Main,,mixed
blr_a8be326af63561e8,9th A Cross Road,nine a cross road,9th A Cross Road,,mixed
blr_a8be326af63561e8,9th A Cross Road,ninth a cross road,9th A Cross Road,,mixed
blr_a8be326af63561e8,9th A Cross Road,9th a cross road,9th A Cross Road,,mixed
blr_a8be326af63561e8,9th A Cross Road,in nine a cross road,9th A Cross Road,,mixed
blr_a8be326af63561e8,9th A Cross Road,near ninth a cross road,9th A Cross Road,,mixed
blr_e12dd230b62183fd,SJR Verity,sjr verity,SJR Verity,,mixed
blr_e12dd230b62183fd,SJR Verity,in sjr verity,SJR Verity,,mixed
blr_e12dd230b62183fd,SJR Verity,near sjr verity,SJR Verity,,mixed
blr_e12dd230b62183fd,SJR Verity,around sjr verity,SJR Verity,,mixed
blr_e12dd230b62183fd,SJR Verity,sjr verity area,SJR Verity,,mixed
blr_20bc4ebf8b8b7641,Rustum Bagh 5th Cross Road,rustum bagh fifth cross road,Rustum Bagh 5th Cross Road,,mixed
blr_20bc4ebf8b8b7641,Rustum Bagh 5th Cross Road,rustum bagh 5th cross road,Rustum Bagh 5th Cross Road,,mixed
blr_20bc4ebf8b8b7641,Rustum Bagh 5th Cross Road,rustum bagh five cross road,Rustum Bagh 5th Cross Road,,mixed
blr_20bc4ebf8b8b7641,Rustum Bagh 5th Cross Road,in rustum bagh fifth cross road,Rustum Bagh 5th Cross Road,,mixed
blr_20bc4ebf8b8b7641,Rustum Bagh 5th Cross Road,near rustum bagh 5th cross road,Rustum Bagh 5th Cross Road,,mixed
blr_e476ba8d3a45f3f1,2nd Cross,two cross,2nd Cross,,mixed
blr_e476ba8d3a45f3f1,2nd Cross,second cross,2nd Cross,,mixed
blr_e476ba8d3a45f3f1,2nd Cross,2nd cross,2nd Cross,,mixed
blr_e476ba8d3a45f3f1,2nd Cross,in two cross,2nd Cross,,mixed
blr_e476ba8d3a45f3f1,2nd Cross,near second cross,2nd Cross,,mixed
blr_e25e457dbef3fd11,3rd Cross,three cross,3rd Cross,,mixed
blr_e25e457dbef3fd11,3rd Cross,3rd cross,3rd Cross,,mixed
blr_e25e457dbef3fd11,3rd Cross,third cross,3rd Cross,,mixed
blr_e25e457dbef3fd11,3rd Cross,in three cross,3rd Cross,,mixed
blr_e25e457dbef3fd11,3rd Cross,near 3rd cross,3rd Cross,,mixed
blr_35f75311180cfb76,4th Cross,4th cross,4th Cross,,mixed
blr_35f75311180cfb76,4th Cross,fourth cross,4th Cross,,mixed
blr_35f75311180cfb76,4th Cross,four cross,4th Cross,,mixed
blr_35f75311180cfb76,4th Cross,in 4th cross,4th Cross,,mixed
blr_35f75311180cfb76,4th Cross,near fourth cross,4th Cross,,mixed
blr_0df9c482623ce250,1st Cross,1st cross,1st Cross,,mixed
blr_0df9c482623ce250,1st Cross,in 1st cross,1st Cross,,mixed
blr_0df9c482623ce250,1st Cross,near 1st cross,1st Cross,,mixed
blr_0df9c482623ce250,1st Cross,around 1st cross,1st Cross,,mixed
blr_0df9c482623ce250,1st Cross,1st cross area,1st Cross,,mixed
blr_c75b36fea7563324,"4th cross, Sai Enclave",fourth cross sai enclave,"4th cross, Sai Enclave",,mixed
blr_c75b36fea7563324,"4th cross, Sai Enclave",four cross sai enclave,"4th cross, Sai Enclave",,mixed
blr_c75b36fea7563324,"4th cross, Sai Enclave",4th cross sai enclave,"4th cross, Sai Enclave",,mixed
blr_c75b36fea7563324,"4th cross, Sai Enclave",in fourth cross sai enclave,"4th cross, Sai Enclave",,mixed
blr_c75b36fea7563324,"4th cross, Sai Enclave",near four cross sai enclave,"4th cross, Sai Enclave",,mixed
blr_4575dec5e1d59f91,Rustum Bagh 4th Cross Road,rustum bagh 4th cross road,Rustum Bagh 4th Cross Road,,mixed
blr_4575dec5e1d59f91,Rustum Bagh 4th Cross Road,rustum bagh four cross road,Rustum Bagh 4th Cross Road,,mixed
blr_4575dec5e1d59f91,Rustum Bagh 4th Cross Road,rustum bagh fourth cross road,Rustum Bagh 4th Cross Road,,mixed
blr_4575dec5e1d59f91,Rustum Bagh 4th Cross Road,in rustum bagh 4th cross road,Rustum Bagh 4th Cross Road,,mixed
blr_4575dec5e1d59f91,Rustum Bagh 4th Cross Road,near rustum bagh four cross road,Rustum Bagh 4th Cross Road,,mixed
blr_808e46b369877aba,Jogupalya Main G Street,jogupalya main g street,Jogupalya Main G Street,,mixed
blr_808e46b369877aba,Jogupalya Main G Street,in jogupalya main g street,Jogupalya Main G Street,,mixed
blr_808e46b369877aba,Jogupalya Main G Street,near jogupalya main g street,Jogupalya Main G Street,,mixed
blr_808e46b369877aba,Jogupalya Main G Street,around jogupalya main g street,Jogupalya Main G Street,,mixed
blr_808e46b369877aba,Jogupalya Main G Street,jogupalya main g street area,Jogupalya Main G Street,,mixed
blr_032d6b13d1f1269c,Gear School road,gear school road,Gear School road,,mixed
blr_032d6b13d1f1269c,Gear School road,in gear school road,Gear School road,,mixed
blr_032d6b13d1f1269c,Gear School road,near gear school road,Gear School road,,mixed
blr_032d6b13d1f1269c,Gear School road,around gear school road,Gear School road,,mixed
blr_032d6b13d1f1269c,Gear School road,gear school road area,Gear School road,,mixed
blr_1deec514565cca9f,Prince of Wales Road,prince of wales road,Prince of Wales Road,,mixed
blr_1deec514565cca9f,Prince of Wales Road,in prince of wales road,Prince of Wales Road,,mixed
blr_1deec514565cca9f,Prince of Wales Road,near prince of wales road,Prince of Wales Road,,mixed
blr_1deec514565cca9f,Prince of Wales Road,around prince of wales road,Prince of Wales Road,,mixed
blr_1deec514565cca9f,Prince of Wales Road,prince of wales road area,Prince of Wales Road,,mixed
blr_759d0ab807e5672c,CV Raman Road,cv raman road,CV Raman Road,,mixed
blr_759d0ab807e5672c,CV Raman Road,in cv raman road,CV Raman Road,,mixed
blr_759d0ab807e5672c,CV Raman Road,near cv raman road,CV Raman Road,,mixed
blr_759d0ab807e5672c,CV Raman Road,around cv raman road,CV Raman Road,,mixed
blr_759d0ab807e5672c,CV Raman Road,cv raman road area,CV Raman Road,,mixed
blr_e31e5a37ab4ac17a,100 Feet Road,100 feet road,100 Feet Road,,mixed
blr_e31e5a37ab4ac17a,100 Feet Road,one zero zero feet road,100 Feet Road,,mixed
blr_e31e5a37ab4ac17a,100 Feet Road,hundred feet road,100 Feet Road,,mixed
blr_e31e5a37ab4ac17a,100 Feet Road,in 100 feet road,100 Feet Road,,mixed
blr_e31e5a37ab4ac17a,100 Feet Road,near one zero zero feet road,100 Feet Road,,mixed
blr_11bc43b90b9b01f8,KGA Road,kga road,KGA Road,,mixed
blr_11bc43b90b9b01f8,KGA Road,in kga road,KGA Road,,mixed
blr_11bc43b90b9b01f8,KGA Road,near kga road,KGA Road,,mixed
blr_11bc43b90b9b01f8,KGA Road,around kga road,KGA Road,,mixed
blr_11bc43b90b9b01f8,KGA Road,kga road area,KGA Road,,mixed
blr_d581b05957e8ff90,30th Cross Road,30th cross road,30th Cross Road,,mixed
blr_d581b05957e8ff90,30th Cross Road,in 30th cross road,30th Cross Road,,mixed
blr_d581b05957e8ff90,30th Cross Road,near 30th cross road,30th Cross Road,,mixed
blr_d581b05957e8ff90,30th Cross Road,around 30th cross road,30th Cross Road,,mixed
blr_d581b05957e8ff90,30th Cross Road,30th cross road area,30th Cross Road,,mixed
blr_fc80e0b35ac59f9e,3rd Cross K Colony,third cross k colony,3rd Cross K Colony,,mixed
blr_fc80e0b35ac59f9e,3rd Cross K Colony,3rd cross k colony,3rd Cross K Colony,,mixed
blr_fc80e0b35ac59f9e,3rd Cross K Colony,three cross k colony,3rd Cross K Colony,,mixed
blr_fc80e0b35ac59f9e,3rd Cross K Colony,in third cross k colony,3rd Cross K Colony,,mixed
blr_fc80e0b35ac59f9e,3rd Cross K Colony,near 3rd cross k colony,3rd Cross K Colony,,mixed
blr_31043addb0806020,2nd Cross LIC Colony,second cross lic colony,2nd Cross LIC Colony,,mixed
blr_31043addb0806020,2nd Cross LIC Colony,2nd cross lic colony,2nd Cross LIC Colony,,mixed
blr_31043addb0806020,2nd Cross LIC Colony,two cross lic colony,2nd Cross LIC Colony,,mixed
blr_31043addb0806020,2nd Cross LIC Colony,in second cross lic colony,2nd Cross LIC Colony,,mixed
blr_31043addb0806020,2nd Cross LIC Colony,near 2nd cross lic colony,2nd Cross LIC Colony,,mixed
blr_8aa2f65e71cf035c,31st Cross Road,31st cross road,31st Cross Road,,mixed
blr_8aa2f65e71cf035c,31st Cross Road,in 31st cross road,31st Cross Road,,mixed
blr_8aa2f65e71cf035c,31st Cross Road,near 31st cross road,31st Cross Road,,mixed
blr_8aa2f65e71cf035c,31st Cross Road,around 31st cross road,31st Cross Road,,mixed
blr_8aa2f65e71cf035c,31st Cross Road,31st cross road area,31st Cross Road,,mixed
blr_7e640cb00f9e236e,33rd Cross Road,3three cross road,33rd Cross Road,,mixed
blr_7e640cb00f9e236e,33rd Cross Road,33rd cross road,33rd Cross Road,,mixed
blr_7e640cb00f9e236e,33rd Cross Road,3third cross road,33rd Cross Road,,mixed
blr_7e640cb00f9e236e,33rd Cross Road,in 3three cross road,33rd Cross Road,,mixed
blr_7e640cb00f9e236e,33rd Cross Road,near 33rd cross road,33rd Cross Road,,mixed
blr_c75d2c97c0c019ca,10A Main,10a main,10A Main,,mixed
blr_c75d2c97c0c019ca,10A Main,in 10a main,10A Main,,mixed
blr_c75d2c97c0c019ca,10A Main,near 10a main,10A Main,,mixed
blr_c75d2c97c0c019ca,10A Main,around 10a main,10A Main,,mixed
blr_c75d2c97c0c019ca,10A Main,10a main area,10A Main,,mixed
blr_93e1974d56f2a25c,10th B Main Road,10th b main road,10th B Main Road,,mixed
blr_93e1974d56f2a25c,10th B Main Road,tenth b main road,10th B Main Road,,mixed
blr_93e1974d56f2a25c,10th B Main Road,ten b main road,10th B Main Road,,mixed
blr_93e1974d56f2a25c,10th B Main Road,in 10th b main road,10th B Main Road,,mixed
blr_93e1974d56f2a25c,10th B Main Road,near tenth b main road,10th B Main Road,,mixed
blr_e4f71658c7e389ef,10th A Main Road,10th a main road,10th A Main Road,,mixed
blr_e4f71658c7e389ef,10th A Main Road,ten a main road,10th A Main Road,,mixed
blr_e4f71658c7e389ef,10th A Main Road,tenth a main road,10th A Main Road,,mixed
blr_e4f71658c7e389ef,10th A Main Road,in 10th a main road,10th A Main Road,,mixed
blr_e4f71658c7e389ef,10th A Main Road,near ten a main road,10th A Main Road,,mixed
blr_c84ba9162cf2a40f,7th B Main Road,7th b main road,7th B Main Road,,mixed
blr_c84ba9162cf2a40f,7th B Main Road,seven b main road,7th B Main Road,,mixed
blr_c84ba9162cf2a40f,7th B Main Road,seventh b main road,7th B Main Road,,mixed
blr_c84ba9162cf2a40f,7th B Main Road,in 7th b main road,7th B Main Road,,mixed
blr_c84ba9162cf2a40f,7th B Main Road,near seven b main road,7th B Main Road,,mixed
blr_0b9b343d1dd52f77,8th B Main Road,eight b main road,8th B Main Road,,mixed
blr_0b9b343d1dd52f77,8th B Main Road,8th b main road,8th B Main Road,,mixed
blr_0b9b343d1dd52f77,8th B Main Road,eighth b main road,8th B Main Road,,mixed
blr_0b9b343d1dd52f77,8th B Main Road,in eight b main road,8th B Main Road,,mixed
blr_0b9b343d1dd52f77,8th B Main Road,near 8th b main road,8th B Main Road,,mixed
blr_fa78f367450502ff,8C Main Road,8c main road,8C Main Road,,mixed
blr_fa78f367450502ff,8C Main Road,in 8c main road,8C Main Road,,mixed
blr_fa78f367450502ff,8C Main Road,near 8c main road,8C Main Road,,mixed
blr_fa78f367450502ff,8C Main Road,around 8c main road,8C Main Road,,mixed
blr_fa78f367450502ff,8C Main Road,8c main road area,8C Main Road,,mixed
blr_72e3e1716e03dd1c,8E Main Road,8e main road,8E Main Road,,mixed
blr_72e3e1716e03dd1c,8E Main Road,in 8e main road,8E Main Road,,mixed
blr_72e3e1716e03dd1c,8E Main Road,near 8e main road,8E Main Road,,mixed
blr_72e3e1716e03dd1c,8E Main Road,around 8e main road,8E Main Road,,mixed
blr_72e3e1716e03dd1c,8E Main Road,8e main road area,8E Main Road,,mixed
blr_640c5fafa2ce41ec,8th F Main Road,8th f main road,8th F Main Road,,mixed
blr_640c5fafa2ce41ec,8th F Main Road,eight f main road,8th F Main Road,,mixed
blr_640c5fafa2ce41ec,8th F Main Road,eighth f main road,8th F Main Road,,mixed
blr_640c5fafa2ce41ec,8th F Main Road,in 8th f main road,8th F Main Road,,mixed
blr_640c5fafa2ce41ec,8th F Main Road,near eight f main road,8th F Main Road,,mixed
blr_f9f304e33b8f90da,11th Main Road,11th main road,11th Main Road,,mixed
blr_f9f304e33b8f90da,11th Main Road,in 11th main road,11th Main Road,,mixed
blr_f9f304e33b8f90da,11th Main Road,near 11th main road,11th Main Road,,mixed
blr_f9f304e33b8f90da,11th Main Road,around 11th main road,11th Main Road,,mixed
blr_f9f304e33b8f90da,11th Main Road,11th main road area,11th Main Road,,mixed
blr_90b48c421b9f2c4a,27 A Cross,27 a cross,27 A Cross,,mixed
blr_90b48c421b9f2c4a,27 A Cross,in 27 a cross,27 A Cross,,mixed
blr_90b48c421b9f2c4a,27 A Cross,near 27 a cross,27 A Cross,,mixed
blr_90b48c421b9f2c4a,27 A Cross,around 27 a cross,27 A Cross,,mixed
blr_90b48c421b9f2c4a,27 A Cross,27 a cross area,27 A Cross,,mixed
blr_d179e54921c99b6f,29A Cross,29a cross,29A Cross,,mixed
blr_d179e54921c99b6f,29A Cross,in 29a cross,29A Cross,,mixed
blr_d179e54921c99b6f,29A Cross,near 29a cross,29A Cross,,mixed
blr_d179e54921c99b6f,29A Cross,around 29a cross,29A Cross,,mixed
blr_d179e54921c99b6f,29A Cross,29a cross area,29A Cross,,mixed
blr_c72382987814e947,29th Cross Road,2ninth cross road,29th Cross Road,,mixed
blr_c72382987814e947,29th Cross Road,29th cross road,29th Cross Road,,mixed
blr_c72382987814e947,29th Cross Road,2nine cross road,29th Cross Road,,mixed
blr_c72382987814e947,29th Cross Road,in 2ninth cross road,29th Cross Road,,mixed
blr_c72382987814e947,29th Cross Road,near 29th cross road,29th Cross Road,,mixed
blr_ae2e71eaf68efcdc,28A Cross,28a cross,28A Cross,,mixed
blr_ae2e71eaf68efcdc,28A Cross,in 28a cross,28A Cross,,mixed
blr_ae2e71eaf68efcdc,28A Cross,near 28a cross,28A Cross,,mixed
blr_ae2e71eaf68efcdc,28A Cross,around 28a cross,28A Cross,,mixed
blr_ae2e71eaf68efcdc,28A Cross,28a cross area,28A Cross,,mixed
blr_08a170b1625389c3,9th A Main Road,9th a main road,9th A Main Road,,mixed
blr_08a170b1625389c3,9th A Main Road,ninth a main road,9th A Main Road,,mixed
blr_08a170b1625389c3,9th A Main Road,nine a main road,9th A Main Road,,mixed
blr_08a170b1625389c3,9th A Main Road,in 9th a main road,9th A Main Road,,mixed
blr_08a170b1625389c3,9th A Main Road,near ninth a main road,9th A Main Road,,mixed
blr_983476d6d2c956b3,30 Cross Road,30 cross road,30 Cross Road,,mixed
blr_983476d6d2c956b3,30 Cross Road,in 30 cross road,30 Cross Road,,mixed
blr_983476d6d2c956b3,30 Cross Road,near 30 cross road,30 Cross Road,,mixed
blr_983476d6d2c956b3,30 Cross Road,around 30 cross road,30 Cross Road,,mixed
blr_983476d6d2c956b3,30 Cross Road,30 cross road area,30 Cross Road,,mixed
blr_09d6b5d9a47c8625,33A Cross Road,33a cross road,33A Cross Road,,mixed
blr_09d6b5d9a47c8625,33A Cross Road,in 33a cross road,33A Cross Road,,mixed
blr_09d6b5d9a47c8625,33A Cross Road,near 33a cross road,33A Cross Road,,mixed
blr_09d6b5d9a47c8625,33A Cross Road,around 33a cross road,33A Cross Road,,mixed
blr_09d6b5d9a47c8625,33A Cross Road,33a cross road area,33A Cross Road,,mixed
blr_46c126b1c19944c2,34th Cross Road,3fourth cross road,34th Cross Road,,mixed
blr_46c126b1c19944c2,34th Cross Road,3four cross road,34th Cross Road,,mixed
blr_46c126b1c19944c2,34th Cross Road,34th cross road,34th Cross Road,,mixed
blr_46c126b1c19944c2,34th Cross Road,in 3fourth cross road,34th Cross Road,,mixed
blr_46c126b1c19944c2,34th Cross Road,near 3four cross road,34th Cross Road,,mixed
blr_507648f71612695b,34A Cross,34a cross,34A Cross,,mixed
blr_507648f71612695b,34A Cross,in 34a cross,34A Cross,,mixed
blr_507648f71612695b,34A Cross,near 34a cross,34A Cross,,mixed
blr_507648f71612695b,34A Cross,around 34a cross,34A Cross,,mixed
blr_507648f71612695b,34A Cross,34a cross area,34A Cross,,mixed
blr_9c14c0a87b330ea2,35th Cross Road,35th cross road,35th Cross Road,,mixed
blr_9c14c0a87b330ea2,35th Cross Road,3fifth cross road,35th Cross Road,,mixed
blr_9c14c0a87b330ea2,35th Cross Road,3five cross road,35th Cross Road,,mixed
blr_9c14c0a87b330ea2,35th Cross Road,in 35th cross road,35th Cross Road,,mixed
blr_9c14c0a87b330ea2,35th Cross Road,near 3fifth cross road,35th Cross Road,,mixed
blr_bc63aaba1f57b1b4,35A Cross,35a cross,35A Cross,,mixed
blr_bc63aaba1f57b1b4,35A Cross,in 35a cross,35A Cross,,mixed
blr_bc63aaba1f57b1b4,35A Cross,near 35a cross,35A Cross,,mixed
blr_bc63aaba1f57b1b4,35A Cross,around 35a cross,35A Cross,,mixed
blr_bc63aaba1f57b1b4,35A Cross,35a cross area,35A Cross,,mixed
blr_17166fbf6a881256,39 Cross Road,39 cross road,39 Cross Road,,mixed
blr_17166fbf6a881256,39 Cross Road,in 39 cross road,39 Cross Road,,mixed
blr_17166fbf6a881256,39 Cross Road,near 39 cross road,39 Cross Road,,mixed
blr_17166fbf6a881256,39 Cross Road,around 39 cross road,39 Cross Road,,mixed
blr_17166fbf6a881256,39 Cross Road,39 cross road area,39 Cross Road,,mixed
blr_1ef5fb48f1fe3574,40th Cross Road,40th cross road,40th Cross Road,,mixed
blr_1ef5fb48f1fe3574,40th Cross Road,in 40th cross road,40th Cross Road,,mixed
blr_1ef5fb48f1fe3574,40th Cross Road,near 40th cross road,40th Cross Road,,mixed
blr_1ef5fb48f1fe3574,40th Cross Road,around 40th cross road,40th Cross Road,,mixed
blr_1ef5fb48f1fe3574,40th Cross Road,40th cross road area,40th Cross Road,,mixed
blr_d73b5f7c4c85320e,16th C Main Road,16th c main road,16th C Main Road,,mixed
blr_d73b5f7c4c85320e,16th C Main Road,1six c main road,16th C Main Road,,mixed
blr_d73b5f7c4c85320e,16th C Main Road,1sixth c main road,16th C Main Road,,mixed
blr_d73b5f7c4c85320e,16th C Main Road,in 16th c main road,16th C Main Road,,mixed
blr_d73b5f7c4c85320e,16th C Main Road,near 1six c main road,16th C Main Road,,mixed
blr_7ef54961e565d40f,33A Cross,33a cross,33A Cross,,mixed
blr_7ef54961e565d40f,33A Cross,in 33a cross,33A Cross,,mixed
blr_7ef54961e565d40f,33A Cross,near 33a cross,33A Cross,,mixed
blr_7ef54961e565d40f,33A Cross,around 33a cross,33A Cross,,mixed
blr_7ef54961e565d40f,33A Cross,33a cross area,33A Cross,,mixed
blr_6317f3b719e3f7b4,10B Main Road,10b main road,10B Main Road,,mixed
blr_6317f3b719e3f7b4,10B Main Road,in 10b main road,10B Main Road,,mixed
blr_6317f3b719e3f7b4,10B Main Road,near 10b main road,10B Main Road,,mixed
blr_6317f3b719e3f7b4,10B Main Road,around 10b main road,10B Main Road,,mixed
blr_6317f3b719e3f7b4,10B Main Road,10b main road area,10B Main Road,,mixed
blr_85a4431e62291931,10A Main Road,10a main road,10A Main Road,,mixed
blr_85a4431e62291931,10A Main Road,in 10a main road,10A Main Road,,mixed
blr_85a4431e62291931,10A Main Road,near 10a main road,10A Main Road,,mixed
blr_85a4431e62291931,10A Main Road,around 10a main road,10A Main Road,,mixed
blr_85a4431e62291931,10A Main Road,10a main road area,10A Main Road,,mixed
blr_57f30a6c7440e45c,21st Main Road,21st main road,21st Main Road,,mixed
blr_57f30a6c7440e45c,21st Main Road,in 21st main road,21st Main Road,,mixed
blr_57f30a6c7440e45c,21st Main Road,near 21st main road,21st Main Road,,mixed
blr_57f30a6c7440e45c,21st Main Road,around 21st main road,21st Main Road,,mixed
blr_57f30a6c7440e45c,21st Main Road,21st main road area,21st Main Road,,mixed
blr_89e7a9f009e19d27,17th E Main Road,1seventh e main road,17th E Main Road,,mixed
blr_89e7a9f009e19d27,17th E Main Road,1seven e main road,17th E Main Road,,mixed
blr_89e7a9f009e19d27,17th E Main Road,17th e main road,17th E Main Road,,mixed
blr_89e7a9f009e19d27,17th E Main Road,in 1seventh e main road,17th E Main Road,,mixed
blr_89e7a9f009e19d27,17th E Main Road,near 1seven e main road,17th E Main Road,,mixed
blr_923ac1cf0b90cadc,4th A Cross Road,fourth a cross road,4th A Cross Road,,mixed
blr_923ac1cf0b90cadc,4th A Cross Road,four a cross road,4th A Cross Road,,mixed
blr_923ac1cf0b90cadc,4th A Cross Road,4th a cross road,4th A Cross Road,,mixed
blr_923ac1cf0b90cadc,4th A Cross Road,in fourth a cross road,4th A Cross Road,,mixed
blr_923ac1cf0b90cadc,4th A Cross Road,near four a cross road,4th A Cross Road,,mixed
blr_1be385f2490d14b1,17th C Main Road,1seventh c main road,17th C Main Road,,mixed
blr_1be385f2490d14b1,17th C Main Road,1seven c main road,17th C Main Road,,mixed
blr_1be385f2490d14b1,17th C Main Road,17th c main road,17th C Main Road,,mixed
blr_1be385f2490d14b1,17th C Main Road,in 1seventh c main road,17th C Main Road,,mixed
blr_1be385f2490d14b1,17th C Main Road,near 1seven c main road,17th C Main Road,,mixed
blr_6da736f3996ff7bd,15th Main Road,15th main road,15th Main Road,,mixed
blr_6da736f3996ff7bd,15th Main Road,1five main road,15th Main Road,,mixed
blr_6da736f3996ff7bd,15th Main Road,1fifth main road,15th Main Road,,mixed
blr_6da736f3996ff7bd,15th Main Road,in 15th main road,15th Main Road,,mixed
blr_6da736f3996ff7bd,15th Main Road,near 1five main road,15th Main Road,,mixed
blr_379e7a8da3d7c932,6th A Cross Road,6th a cross road,6th A Cross Road,,mixed
blr_379e7a8da3d7c932,6th A Cross Road,six a cross road,6th A Cross Road,,mixed
blr_379e7a8da3d7c932,6th A Cross Road,sixth a cross road,6th A Cross Road,,mixed
blr_379e7a8da3d7c932,6th A Cross Road,in 6th a cross road,6th A Cross Road,,mixed
blr_379e7a8da3d7c932,6th A Cross Road,near six a cross road,6th A Cross Road,,mixed
blr_3426b7169f57f285,6th B Cross Road,sixth b cross road,6th B Cross Road,,mixed
blr_3426b7169f57f285,6th B Cross Road,6th b cross road,6th B Cross Road,,mixed
blr_3426b7169f57f285,6th B Cross Road,six b cross road,6th B Cross Road,,mixed
blr_3426b7169f57f285,6th B Cross Road,in sixth b cross road,6th B Cross Road,,mixed
blr_3426b7169f57f285,6th B Cross Road,near 6th b cross road,6th B Cross Road,,mixed
blr_923a0f8e9a825d4f,2nd A Cross Road,second a cross road,2nd A Cross Road,,mixed
blr_923a0f8e9a825d4f,2nd A Cross Road,2nd a cross road,2nd A Cross Road,,mixed
blr_923a0f8e9a825d4f,2nd A Cross Road,two a cross road,2nd A Cross Road,,mixed
blr_923a0f8e9a825d4f,2nd A Cross Road,in second a cross road,2nd A Cross Road,,mixed
blr_923a0f8e9a825d4f,2nd A Cross Road,near 2nd a cross road,2nd A Cross Road,,mixed
blr_15c0dfd2ba5f55d2,8th A Main Road,eighth a main road,8th A Main Road,,mixed
blr_15c0dfd2ba5f55d2,8th A Main Road,8th a main road,8th A Main Road,,mixed
blr_15c0dfd2ba5f55d2,8th A Main Road,eight a main road,8th A Main Road,,mixed
blr_15c0dfd2ba5f55d2,8th A Main Road,in eighth a main road,8th A Main Road,,mixed
blr_15c0dfd2ba5f55d2,8th A Main Road,near 8th a main road,8th A Main Road,,mixed
blr_7b7421ee33554fd4,7th A Main Road,seven a main road,7th A Main Road,,mixed
blr_7b7421ee33554fd4,7th A Main Road,seventh a main road,7th A Main Road,,mixed
blr_7b7421ee33554fd4,7th A Main Road,7th a main road,7th A Main Road,,mixed
blr_7b7421ee33554fd4,7th A Main Road,in seven a main road,7th A Main Road,,mixed
blr_7b7421ee33554fd4,7th A Main Road,near seventh a main road,7th A Main Road,,mixed
blr_1d3d77f8838f8d9e,2nd Cross GH layout,two cross gh layout,2nd Cross GH layout,,mixed
blr_1d3d77f8838f8d9e,2nd Cross GH layout,second cross gh layout,2nd Cross GH layout,,mixed
blr_1d3d77f8838f8d9e,2nd Cross GH layout,2nd cross gh layout,2nd Cross GH layout,,mixed
blr_1d3d77f8838f8d9e,2nd Cross GH layout,in two cross gh layout,2nd Cross GH layout,,mixed
blr_1d3d77f8838f8d9e,2nd Cross GH layout,near second cross gh layout,2nd Cross GH layout,,mixed
blr_41126ed9c01d2325,3rd Cross LIC Colony,three cross lic colony,3rd Cross LIC Colony,,mixed
blr_41126ed9c01d2325,3rd Cross LIC Colony,3rd cross lic colony,3rd Cross LIC Colony,,mixed
blr_41126ed9c01d2325,3rd Cross LIC Colony,third cross lic colony,3rd Cross LIC Colony,,mixed
blr_41126ed9c01d2325,3rd Cross LIC Colony,in three cross lic colony,3rd Cross LIC Colony,,mixed
blr_41126ed9c01d2325,3rd Cross LIC Colony,near 3rd cross lic colony,3rd Cross LIC Colony,,mixed
blr_fe252f89085f2eac,41 Cross Road,41 cross road,41 Cross Road,,mixed
blr_fe252f89085f2eac,41 Cross Road,in 41 cross road,41 Cross Road,,mixed
blr_fe252f89085f2eac,41 Cross Road,near 41 cross road,41 Cross Road,,mixed
blr_fe252f89085f2eac,41 Cross Road,around 41 cross road,41 Cross Road,,mixed
blr_fe252f89085f2eac,41 Cross Road,41 cross road area,41 Cross Road,,mixed
blr_3bcbbc43ef34e8fe,47th Cross Road,47th cross road,47th Cross Road,,mixed
blr_3bcbbc43ef34e8fe,47th Cross Road,4seventh cross road,47th Cross Road,,mixed
blr_3bcbbc43ef34e8fe,47th Cross Road,4seven cross road,47th Cross Road,,mixed
blr_3bcbbc43ef34e8fe,47th Cross Road,in 47th cross road,47th Cross Road,,mixed
blr_3bcbbc43ef34e8fe,47th Cross Road,near 4seventh cross road,47th Cross Road,,mixed
blr_3ea5c46e4f7cf0a2,30th Main Road,30th main road,30th Main Road,,mixed
blr_3ea5c46e4f7cf0a2,30th Main Road,in 30th main road,30th Main Road,,mixed
blr_3ea5c46e4f7cf0a2,30th Main Road,near 30th main road,30th Main Road,,mixed
blr_3ea5c46e4f7cf0a2,30th Main Road,around 30th main road,30th Main Road,,mixed
blr_3ea5c46e4f7cf0a2,30th Main Road,30th main road area,30th Main Road,,mixed
blr_5ce0266f8397a6f0,31st Main Road,31st main road,31st Main Road,,mixed
blr_5ce0266f8397a6f0,31st Main Road,in 31st main road,31st Main Road,,mixed
blr_5ce0266f8397a6f0,31st Main Road,near 31st main road,31st Main Road,,mixed
blr_5ce0266f8397a6f0,31st Main Road,around 31st main road,31st Main Road,,mixed
blr_5ce0266f8397a6f0,31st Main Road,31st main road area,31st Main Road,,mixed
blr_d4baf4cb18bf6d06,34th Main Road,34th main road,34th Main Road,,mixed
blr_d4baf4cb18bf6d06,34th Main Road,3fourth main road,34th Main Road,,mixed
blr_d4baf4cb18bf6d06,34th Main Road,3four main road,34th Main Road,,mixed
blr_d4baf4cb18bf6d06,34th Main Road,in 34th main road,34th Main Road,,mixed
blr_d4baf4cb18bf6d06,34th Main Road,near 3fourth main road,34th Main Road,,mixed
blr_f270b0d3abd75114,33rd Main Road,3third main road,33rd Main Road,,mixed
blr_f270b0d3abd75114,33rd Main Road,33rd main road,33rd Main Road,,mixed
blr_f270b0d3abd75114,33rd Main Road,3three main road,33rd Main Road,,mixed
blr_f270b0d3abd75114,33rd Main Road,in 3third main road,33rd Main Road,,mixed
blr_f270b0d3abd75114,33rd Main Road,near 33rd main road,33rd Main Road,,mixed
blr_0e377ae5c4a45df1,32nd Main Road,3two main road,32nd Main Road,,mixed
blr_0e377ae5c4a45df1,32nd Main Road,32nd main road,32nd Main Road,,mixed
blr_0e377ae5c4a45df1,32nd Main Road,3second main road,32nd Main Road,,mixed
blr_0e377ae5c4a45df1,32nd Main Road,in 3two main road,32nd Main Road,,mixed
blr_0e377ae5c4a45df1,32nd Main Road,near 32nd main road,32nd Main Road,,mixed
blr_02753bee64340b5e,5th A Cross Road,5th a cross road,5 A Cross Road,,mixed
blr_02753bee64340b5e,5th A Cross Road,fifth a cross road,5 A Cross Road,,mixed
blr_02753bee64340b5e,5th A Cross Road,five a cross road,5 A Cross Road,,mixed
blr_02753bee64340b5e,5th A Cross Road,in 5th a cross road,5 A Cross Road,,mixed
blr_02753bee64340b5e,5th A Cross Road,near fifth a cross road,5 A Cross Road,,mixed
blr_b4f13a026139afad,8A Main Road,8a main road,8A Main Road,,mixed
blr_b4f13a026139afad,8A Main Road,in 8a main road,8A Main Road,,mixed
blr_b4f13a026139afad,8A Main Road,near 8a main road,8A Main Road,,mixed
blr_b4f13a026139afad,8A Main Road,around 8a main road,8A Main Road,,mixed
blr_b4f13a026139afad,8A Main Road,8a main road area,8A Main Road,,mixed
blr_e8e8e9e1bea8ee51,17th B Main Road,1seven b main road,17th B Main Road,,mixed
blr_e8e8e9e1bea8ee51,17th B Main Road,17th b main road,17th B Main Road,,mixed
blr_e8e8e9e1bea8ee51,17th B Main Road,1seventh b main road,17th B Main Road,,mixed
blr_e8e8e9e1bea8ee51,17th B Main Road,in 1seven b main road,17th B Main Road,,mixed
blr_e8e8e9e1bea8ee51,17th B Main Road,near 17th b main road,17th B Main Road,,mixed
blr_9e97fd78180fdded,1st B Cross Road,1st b cross road,1st B Cross Road,,mixed
blr_9e97fd78180fdded,1st B Cross Road,in 1st b cross road,1st B Cross Road,,mixed
blr_9e97fd78180fdded,1st B Cross Road,near 1st b cross road,1st B Cross Road,,mixed
blr_9e97fd78180fdded,1st B Cross Road,around 1st b cross road,1st B Cross Road,,mixed
blr_9e97fd78180fdded,1st B Cross Road,1st b cross road area,1st B Cross Road,,mixed
blr_3a54323f9a85dadd,1st B Main Road,1st b main road,1st B Main Road,,mixed
blr_3a54323f9a85dadd,1st B Main Road,in 1st b main road,1st B Main Road,,mixed
blr_3a54323f9a85dadd,1st B Main Road,near 1st b main road,1st B Main Road,,mixed
blr_3a54323f9a85dadd,1st B Main Road,around 1st b main road,1st B Main Road,,mixed
blr_3a54323f9a85dadd,1st B Main Road,1st b main road area,1st B Main Road,,mixed
blr_2d2940309e3ef484,1st C Main Road,1st c main road,1st C Main Road,,mixed
blr_2d2940309e3ef484,1st C Main Road,in 1st c main road,1st C Main Road,,mixed
blr_2d2940309e3ef484,1st C Main Road,near 1st c main road,1st C Main Road,,mixed
blr_2d2940309e3ef484,1st C Main Road,around 1st c main road,1st C Main Road,,mixed
blr_2d2940309e3ef484,1st C Main Road,1st c main road area,1st C Main Road,,mixed
blr_65a5dc26470c7d86,4th B Cross Road,four b cross road,4th B Cross Road,,mixed
blr_65a5dc26470c7d86,4th B Cross Road,4th b cross road,4th B Cross Road,,mixed
blr_65a5dc26470c7d86,4th B Cross Road,fourth b cross road,4th B Cross Road,,mixed
blr_65a5dc26470c7d86,4th B Cross Road,in four b cross road,4th B Cross Road,,mixed
blr_65a5dc26470c7d86,4th B Cross Road,near 4th b cross road,4th B Cross Road,,mixed
blr_5c89c69d856bd157,1st D Main Road,1st d main road,1st D Main Road,,mixed
blr_5c89c69d856bd157,1st D Main Road,in 1st d main road,1st D Main Road,,mixed
blr_5c89c69d856bd157,1st D Main Road,near 1st d main road,1st D Main Road,,mixed
blr_5c89c69d856bd157,1st D Main Road,around 1st d main road,1st D Main Road,,mixed
blr_5c89c69d856bd157,1st D Main Road,1st d main road area,1st D Main Road,,mixed
blr_ea759772f9b4a066,14th A Cross Road,14th a cross road,14th A Cross Road,,mixed
blr_ea759772f9b4a066,14th A Cross Road,1four a cross road,14th A Cross Road,,mixed
blr_ea759772f9b4a066,14th A Cross Road,1fourth a cross road,14th A Cross Road,,mixed
blr_ea759772f9b4a066,14th A Cross Road,in 14th a cross road,14th A Cross Road,,mixed
blr_ea759772f9b4a066,14th A Cross Road,near 1four a cross road,14th A Cross Road,,mixed
blr_c1a7628bcb17f8a6,2nd A Main Road,2nd a main road,2 A Main Road,,mixed
blr_c1a7628bcb17f8a6,2nd A Main Road,two a main road,2 A Main Road,,mixed
blr_c1a7628bcb17f8a6,2nd A Main Road,second a main road,2 A Main Road,,mixed
blr_c1a7628bcb17f8a6,2nd A Main Road,in 2nd a main road,2 A Main Road,,mixed
blr_c1a7628bcb17f8a6,2nd A Main Road,near two a main road,2 A Main Road,,mixed
blr_d7e8ec3b403da016,3rd B Main Road,third b main road,3rd B Main Road,,mixed
blr_d7e8ec3b403da016,3rd B Main Road,3rd b main road,3rd B Main Road,,mixed
blr_d7e8ec3b403da016,3rd B Main Road,three b main road,3rd B Main Road,,mixed
blr_d7e8ec3b403da016,3rd B Main Road,in third b main road,3rd B Main Road,,mixed
blr_d7e8ec3b403da016,3rd B Main Road,near 3rd b main road,3rd B Main Road,,mixed
blr_53399b315c83e59c,3rd A Main Road,three a main road,3 A Main Road,,mixed
blr_53399b315c83e59c,3rd A Main Road,third a main road,3 A Main Road,,mixed
blr_53399b315c83e59c,3rd A Main Road,3rd a main road,3 A Main Road,,mixed
blr_53399b315c83e59c,3rd A Main Road,in three a main road,3 A Main Road,,mixed
blr_53399b315c83e59c,3rd A Main Road,near third a main road,3 A Main Road,,mixed
blr_4897c1b808e180a7,16A Cross Road,16a cross road,16A Cross Road,,mixed
blr_4897c1b808e180a7,16A Cross Road,in 16a cross road,16A Cross Road,,mixed
blr_4897c1b808e180a7,16A Cross Road,near 16a cross road,16A Cross Road,,mixed
blr_4897c1b808e180a7,16A Cross Road,around 16a cross road,16A Cross Road,,mixed
blr_4897c1b808e180a7,16A Cross Road,16a cross road area,16A Cross Road,,mixed
blr_03440d8aaa5ca5a8,17 Main Road,17 main road,17 Main Road,,mixed
blr_03440d8aaa5ca5a8,17 Main Road,in 17 main road,17 Main Road,,mixed
blr_03440d8aaa5ca5a8,17 Main Road,near 17 main road,17 Main Road,,mixed
blr_03440d8aaa5ca5a8,17 Main Road,around 17 main road,17 Main Road,,mixed
blr_03440d8aaa5ca5a8,17 Main Road,17 main road area,17 Main Road,,mixed
blr_ec4b908409a7437b,15A Cross Road,15a cross road,15A Cross Road,,mixed
blr_ec4b908409a7437b,15A Cross Road,in 15a cross road,15A Cross Road,,mixed
blr_ec4b908409a7437b,15A Cross Road,near 15a cross road,15A Cross Road,,mixed
blr_ec4b908409a7437b,15A Cross Road,around 15a cross road,15A Cross Road,,mixed
blr_ec4b908409a7437b,15A Cross Road,15a cross road area,15A Cross Road,,mixed
blr_6796e1230382b88b,15B Cross Road,15b cross road,15B Cross Road,,mixed
blr_6796e1230382b88b,15B Cross Road,in 15b cross road,15B Cross Road,,mixed
blr_6796e1230382b88b,15B Cross Road,near 15b cross road,15B Cross Road,,mixed
blr_6796e1230382b88b,15B Cross Road,around 15b cross road,15B Cross Road,,mixed
blr_6796e1230382b88b,15B Cross Road,15b cross road area,15B Cross Road,,mixed
blr_d5a489af430297c4,14A Cross Road,14a cross road,14A Cross Road,,mixed
blr_d5a489af430297c4,14A Cross Road,in 14a cross road,14A Cross Road,,mixed
blr_d5a489af430297c4,14A Cross Road,near 14a cross road,14A Cross Road,,mixed
blr_d5a489af430297c4,14A Cross Road,around 14a cross road,14A Cross Road,,mixed
blr_d5a489af430297c4,14A Cross Road,14a cross road area,14A Cross Road,,mixed
blr_87ae87b185b01b86,14B Cross Road,14b cross road,14B Cross Road,,mixed
blr_87ae87b185b01b86,14B Cross Road,in 14b cross road,14B Cross Road,,mixed
blr_87ae87b185b01b86,14B Cross Road,near 14b cross road,14B Cross Road,,mixed
blr_87ae87b185b01b86,14B Cross Road,around 14b cross road,14B Cross Road,,mixed
blr_87ae87b185b01b86,14B Cross Road,14b cross road area,14B Cross Road,,mixed
blr_17d94fce2edaddd3,11A Cross Road,11a cross road,11A Cross Road,,mixed
blr_17d94fce2edaddd3,11A Cross Road,in 11a cross road,11A Cross Road,,mixed
blr_17d94fce2edaddd3,11A Cross Road,near 11a cross road,11A Cross Road,,mixed
blr_17d94fce2edaddd3,11A Cross Road,around 11a cross road,11A Cross Road,,mixed
blr_17d94fce2edaddd3,11A Cross Road,11a cross road area,11A Cross Road,,mixed
blr_0a9f0144d3b774bf,11B Cross,11b cross,11B Cross,,mixed
blr_0a9f0144d3b774bf,11B Cross,in 11b cross,11B Cross,,mixed
blr_0a9f0144d3b774bf,11B Cross,near 11b cross,11B Cross,,mixed
blr_0a9f0144d3b774bf,11B Cross,around 11b cross,11B Cross,,mixed
blr_0a9f0144d3b774bf,11B Cross,11b cross area,11B Cross,,mixed
blr_40f2206b182c5ae1,23rd B Main Road,2three b main road,23rd B Main Road,,mixed
blr_40f2206b182c5ae1,23rd B Main Road,2third b main road,23rd B Main Road,,mixed
blr_40f2206b182c5ae1,23rd B Main Road,23rd b main road,23rd B Main Road,,mixed
blr_40f2206b182c5ae1,23rd B Main Road,in 2three b main road,23rd B Main Road,,mixed
blr_40f2206b182c5ae1,23rd B Main Road,near 2third b main road,23rd B Main Road,,mixed
blr_5788cefbfa8324ee,22nd A Main Road,2two a main road,22nd A Main Road,,mixed
blr_5788cefbfa8324ee,22nd A Main Road,22nd a main road,22nd A Main Road,,mixed
blr_5788cefbfa8324ee,22nd A Main Road,2second a main road,22nd A Main Road,,mixed
blr_5788cefbfa8324ee,22nd A Main Road,in 2two a main road,22nd A Main Road,,mixed
blr_5788cefbfa8324ee,22nd A Main Road,near 22nd a main road,22nd A Main Road,,mixed
blr_c3d8681e20e756e0,21st Cross Road,21st cross road,21st Cross Road,,mixed
blr_c3d8681e20e756e0,21st Cross Road,in 21st cross road,21st Cross Road,,mixed
blr_c3d8681e20e756e0,21st Cross Road,near 21st cross road,21st Cross Road,,mixed
blr_c3d8681e20e756e0,21st Cross Road,around 21st cross road,21st Cross Road,,mixed
blr_c3d8681e20e756e0,21st Cross Road,21st cross road area,21st Cross Road,,mixed
blr_a9d5c9005b157c7b,21st A Main Road,21st a main road,21st A Main Road,,mixed
blr_a9d5c9005b157c7b,21st A Main Road,in 21st a main road,21st A Main Road,,mixed
blr_a9d5c9005b157c7b,21st A Main Road,near 21st a main road,21st A Main Road,,mixed
blr_a9d5c9005b157c7b,21st A Main Road,around 21st a main road,21st A Main Road,,mixed
blr_a9d5c9005b157c7b,21st A Main Road,21st a main road area,21st A Main Road,,mixed
blr_a7cba8a8e99379af,15C Main,15c main,15C Main,,mixed
blr_a7cba8a8e99379af,15C Main,in 15c main,15C Main,,mixed
blr_a7cba8a8e99379af,15C Main,near 15c main,15C Main,,mixed
blr_a7cba8a8e99379af,15C Main,around 15c main,15C Main,,mixed
blr_a7cba8a8e99379af,15C Main,15c main area,15C Main,,mixed
blr_1c78a0206133da89,15B Cross,15b cross,15B Cross,,mixed
blr_1c78a0206133da89,15B Cross,in 15b cross,15B Cross,,mixed
blr_1c78a0206133da89,15B Cross,near 15b cross,15B Cross,,mixed
blr_1c78a0206133da89,15B Cross,around 15b cross,15B Cross,,mixed
blr_1c78a0206133da89,15B Cross,15b cross area,15B Cross,,mixed
blr_4fc1ef1fedf8a549,15A Main,15a main,15A Main,,mixed
blr_4fc1ef1fedf8a549,15A Main,in 15a main,15A Main,,mixed
blr_4fc1ef1fedf8a549,15A Main,near 15a main,15A Main,,mixed
blr_4fc1ef1fedf8a549,15A Main,around 15a main,15A Main,,mixed
blr_4fc1ef1fedf8a549,15A Main,15a main area,15A Main,,mixed
blr_f339b3e2e8a4b971,15B Main,15b main,15B Main,,mixed
blr_f339b3e2e8a4b971,15B Main,in 15b main,15B Main,,mixed
blr_f339b3e2e8a4b971,15B Main,near 15b main,15B Main,,mixed
blr_f339b3e2e8a4b971,15B Main,around 15b main,15B Main,,mixed
blr_f339b3e2e8a4b971,15B Main,15b main area,15B Main,,mixed
blr_cbb54dcbd61a53ea,12th A Main Road,12th a main road,12th A Main Road,,mixed
blr_cbb54dcbd61a53ea,12th A Main Road,in 12th a main road,12th A Main Road,,mixed
blr_cbb54dcbd61a53ea,12th A Main Road,near 12th a main road,12th A Main Road,,mixed
blr_cbb54dcbd61a53ea,12th A Main Road,around 12th a main road,12th A Main Road,,mixed
blr_cbb54dcbd61a53ea,12th A Main Road,12th a main road area,12th A Main Road,,mixed
blr_8516131845adc992,25th Cross Road,2fifth cross road,25th Cross Road,,mixed
blr_8516131845adc992,25th Cross Road,25th cross road,25th Cross Road,,mixed
blr_8516131845adc992,25th Cross Road,2five cross road,25th Cross Road,,mixed
blr_8516131845adc992,25th Cross Road,in 2fifth cross road,25th Cross Road,,mixed
blr_8516131845adc992,25th Cross Road,near 25th cross road,25th Cross Road,,mixed
blr_4a69af70da3078b1,23rd Cross Road,23rd cross road,23rd Cross Road,,mixed
blr_4a69af70da3078b1,23rd Cross Road,2three cross road,23rd Cross Road,,mixed
blr_4a69af70da3078b1,23rd Cross Road,2third cross road,23rd Cross Road,,mixed
blr_4a69af70da3078b1,23rd Cross Road,in 23rd cross road,23rd Cross Road,,mixed
blr_4a69af70da3078b1,23rd Cross Road,near 2three cross road,23rd Cross Road,,mixed
blr_41a83058533f10e1,23rd A Cross Road,2three a cross road,23rd A Cross Road,,mixed
blr_41a83058533f10e1,23rd A Cross Road,23rd a cross road,23rd A Cross Road,,mixed
blr_41a83058533f10e1,23rd A Cross Road,2third a cross road,23rd A Cross Road,,mixed
blr_41a83058533f10e1,23rd A Cross Road,in 2three a cross road,23rd A Cross Road,,mixed
blr_41a83058533f10e1,23rd A Cross Road,near 23rd a cross road,23rd A Cross Road,,mixed
blr_f56f4052c12a6827,2nd B Main Road,two b main road,2nd B Main Road,,mixed
blr_f56f4052c12a6827,2nd B Main Road,2nd b main road,2nd B Main Road,,mixed
blr_f56f4052c12a6827,2nd B Main Road,second b main road,2nd B Main Road,,mixed
blr_f56f4052c12a6827,2nd B Main Road,in two b main road,2nd B Main Road,,mixed
blr_f56f4052c12a6827,2nd B Main Road,near 2nd b main road,2nd B Main Road,,mixed
blr_da967a19bfcecfde,22C Main Road,22c main road,22C Main Road,,mixed
blr_da967a19bfcecfde,22C Main Road,in 22c main road,22C Main Road,,mixed
blr_da967a19bfcecfde,22C Main Road,near 22c main road,22C Main Road,,mixed
blr_da967a19bfcecfde,22C Main Road,around 22c main road,22C Main Road,,mixed
blr_da967a19bfcecfde,22C Main Road,22c main road area,22C Main Road,,mixed
blr_6f070ade7961dddd,22nd B Main Road,22nd b main road,22nd B Main Road,,mixed
blr_6f070ade7961dddd,22nd B Main Road,2second b main road,22nd B Main Road,,mixed
blr_6f070ade7961dddd,22nd B Main Road,2two b main road,22nd B Main Road,,mixed
blr_6f070ade7961dddd,22nd B Main Road,in 22nd b main road,22nd B Main Road,,mixed
blr_6f070ade7961dddd,22nd B Main Road,near 2second b main road,22nd B Main Road,,mixed
blr_cd46ed153cc5127b,15C Cross,15c cross,15C Cross,,mixed
blr_cd46ed153cc5127b,15C Cross,in 15c cross,15C Cross,,mixed
blr_cd46ed153cc5127b,15C Cross,near 15c cross,15C Cross,,mixed
blr_cd46ed153cc5127b,15C Cross,around 15c cross,15C Cross,,mixed
blr_cd46ed153cc5127b,15C Cross,15c cross area,15C Cross,,mixed
blr_834ff059ce9b9cd6,22 Main,22 main,22 Main,,mixed
blr_834ff059ce9b9cd6,22 Main,in 22 main,22 Main,,mixed
blr_834ff059ce9b9cd6,22 Main,near 22 main,22 Main,,mixed
blr_834ff059ce9b9cd6,22 Main,around 22 main,22 Main,,mixed
blr_834ff059ce9b9cd6,22 Main,22 main area,22 Main,,mixed
blr_e8a45a727e053a6e,12 Cross Road,12 cross road,12 Cross Road,,mixed
blr_e8a45a727e053a6e,12 Cross Road,in 12 cross road,12 Cross Road,,mixed
blr_e8a45a727e053a6e,12 Cross Road,near 12 cross road,12 Cross Road,,mixed
blr_e8a45a727e053a6e,12 Cross Road,around 12 cross road,12 Cross Road,,mixed
blr_e8a45a727e053a6e,12 Cross Road,12 cross road area,12 Cross Road,,mixed
blr_13ce83f3f307e03f,21A Main,21a main,21A Main,,mixed
blr_13ce83f3f307e03f,21A Main,in 21a main,21A Main,,mixed
blr_13ce83f3f307e03f,21A Main,near 21a main,21A Main,,mixed
blr_13ce83f3f307e03f,21A Main,around 21a main,21A Main,,mixed
blr_13ce83f3f307e03f,21A Main,21a main area,21A Main,,mixed
blr_a549eb466b8d9324,21B Main,21b main,21B Main,,mixed
blr_a549eb466b8d9324,21B Main,in 21b main,21B Main,,mixed
blr_a549eb466b8d9324,21B Main,near 21b main,21B Main,,mixed
blr_a549eb466b8d9324,21B Main,around 21b main,21B Main,,mixed
blr_a549eb466b8d9324,21B Main,21b main area,21B Main,,mixed
blr_0513b1915c1a941a,21C Main,21c main,21C Main,,mixed
blr_0513b1915c1a941a,21C Main,in 21c main,21C Main,,mixed
blr_0513b1915c1a941a,21C Main,near 21c main,21C Main,,mixed
blr_0513b1915c1a941a,21C Main,around 21c main,21C Main,,mixed
blr_0513b1915c1a941a,21C Main,21c main area,21C Main,,mixed
blr_0b3784f9446fcf9a,24th Main Road,24th main road,24th Main Road,,mixed
blr_0b3784f9446fcf9a,24th Main Road,2fourth main road,24th Main Road,,mixed
blr_0b3784f9446fcf9a,24th Main Road,2four main road,24th Main Road,,mixed
blr_0b3784f9446fcf9a,24th Main Road,in 24th main road,24th Main Road,,mixed
blr_0b3784f9446fcf9a,24th Main Road,near 2fourth main road,24th Main Road,,mixed
blr_cac24832fc87a59d,29th Main Road,2ninth main road,29th Main Road,,mixed
blr_cac24832fc87a59d,29th Main Road,29th main road,29th Main Road,,mixed
blr_cac24832fc87a59d,29th Main Road,2nine main road,29th Main Road,,mixed
blr_cac24832fc87a59d,29th Main Road,in 2ninth main road,29th Main Road,,mixed
blr_cac24832fc87a59d,29th Main Road,near 29th main road,29th Main Road,,mixed
blr_825961812c8e7a9d,11th A Cross Road,11th a cross road,11th A Cross Road,,mixed
blr_825961812c8e7a9d,11th A Cross Road,in 11th a cross road,11th A Cross Road,,mixed
blr_825961812c8e7a9d,11th A Cross Road,near 11th a cross road,11th A Cross Road,,mixed
blr_825961812c8e7a9d,11th A Cross Road,around 11th a cross road,11th A Cross Road,,mixed
blr_825961812c8e7a9d,11th A Cross Road,11th a cross road area,11th A Cross Road,,mixed
blr_9be2125d81ee00a3,10th A Cross Road,tenth a cross road,10th A Cross Road,,mixed
blr_9be2125d81ee00a3,10th A Cross Road,10th a cross road,10th A Cross Road,,mixed
blr_9be2125d81ee00a3,10th A Cross Road,ten a cross road,10th A Cross Road,,mixed
blr_9be2125d81ee00a3,10th A Cross Road,in tenth a cross road,10th A Cross Road,,mixed
blr_9be2125d81ee00a3,10th A Cross Road,near 10th a cross road,10th A Cross Road,,mixed
blr_4c923711558e1f56,29th A Main,29th a main,29th A Main,,mixed
blr_4c923711558e1f56,29th A Main,2ninth a main,29th A Main,,mixed
blr_4c923711558e1f56,29th A Main,2nine a main,29th A Main,,mixed
blr_4c923711558e1f56,29th A Main,in 29th a main,29th A Main,,mixed
blr_4c923711558e1f56,29th A Main,near 2ninth a main,29th A Main,,mixed
blr_517cbf10e34c3dfb,29th B Main Road,2ninth b main road,29th B Main Road,,mixed
blr_517cbf10e34c3dfb,29th B Main Road,2nine b main road,29th B Main Road,,mixed
blr_517cbf10e34c3dfb,29th B Main Road,29th b main road,29th B Main Road,,mixed
blr_517cbf10e34c3dfb,29th B Main Road,in 2ninth b main road,29th B Main Road,,mixed
blr_517cbf10e34c3dfb,29th B Main Road,near 2nine b main road,29th B Main Road,,mixed
blr_d3423f3b3c718321,25th A Cross Road,2five a cross road,25th A Cross Road,,mixed
blr_d3423f3b3c718321,25th A Cross Road,2fifth a cross road,25th A Cross Road,,mixed
blr_d3423f3b3c718321,25th A Cross Road,25th a cross road,25th A Cross Road,,mixed
blr_d3423f3b3c718321,25th A Cross Road,in 2five a cross road,25th A Cross Road,,mixed
blr_d3423f3b3c718321,25th A Cross Road,near 2fifth a cross road,25th A Cross Road,,mixed
blr_11c09136cb6d9f33,27th Main Road,2seven main road,27th Main Road,,mixed
blr_11c09136cb6d9f33,27th Main Road,2seventh main road,27th Main Road,,mixed
blr_11c09136cb6d9f33,27th Main Road,27th main road,27th Main Road,,mixed
blr_11c09136cb6d9f33,27th Main Road,in 2seven main road,27th Main Road,,mixed
blr_11c09136cb6d9f33,27th Main Road,near 2seventh main road,27th Main Road,,mixed
blr_a60f272e22b605a7,25th B Cross Road,2five b cross road,25th B Cross Road,,mixed
blr_a60f272e22b605a7,25th B Cross Road,25th b cross road,25th B Cross Road,,mixed
blr_a60f272e22b605a7,25th B Cross Road,2fifth b cross road,25th B Cross Road,,mixed
blr_a60f272e22b605a7,25th B Cross Road,in 2five b cross road,25th B Cross Road,,mixed
blr_a60f272e22b605a7,25th B Cross Road,near 25th b cross road,25th B Cross Road,,mixed
blr_19c62672fa3176d4,25th A Main Road,25th a main road,25th A Main Road,,mixed
blr_19c62672fa3176d4,25th A Main Road,2five a main road,25th A Main Road,,mixed
blr_19c62672fa3176d4,25th A Main Road,2fifth a main road,25th A Main Road,,mixed
blr_19c62672fa3176d4,25th A Main Road,in 25th a main road,25th A Main Road,,mixed
blr_19c62672fa3176d4,25th A Main Road,near 2five a main road,25th A Main Road,,mixed
blr_7a8df44f64366dce,25th D Cross Road,2fifth d cross road,25th D Cross Road,,mixed
blr_7a8df44f64366dce,25th D Cross Road,2five d cross road,25th D Cross Road,,mixed
blr_7a8df44f64366dce,25th D Cross Road,25th d cross road,25th D Cross Road,,mixed
blr_7a8df44f64366dce,25th D Cross Road,in 2fifth d cross road,25th D Cross Road,,mixed
blr_7a8df44f64366dce,25th D Cross Road,near 2five d cross road,25th D Cross Road,,mixed
blr_c01261c84b318215,25th E Cross Road,2fifth e cross road,25th E Cross Road,,mixed
blr_c01261c84b318215,25th E Cross Road,2five e cross road,25th E Cross Road,,mixed
blr_c01261c84b318215,25th E Cross Road,25th e cross road,25th E Cross Road,,mixed
blr_c01261c84b318215,25th E Cross Road,in 2fifth e cross road,25th E Cross Road,,mixed
blr_c01261c84b318215,25th E Cross Road,near 2five e cross road,25th E Cross Road,,mixed
blr_2cc8bbb68ec2d1cf,24th A Cross Road,2four a cross road,24th A Cross Road,,mixed
blr_2cc8bbb68ec2d1cf,24th A Cross Road,2fourth a cross road,24th A Cross Road,,mixed
blr_2cc8bbb68ec2d1cf,24th A Cross Road,24th a cross road,24th A Cross Road,,mixed
blr_2cc8bbb68ec2d1cf,24th A Cross Road,in 2four a cross road,24th A Cross Road,,mixed
blr_2cc8bbb68ec2d1cf,24th A Cross Road,near 2fourth a cross road,24th A Cross Road,,mixed
blr_310d00b3587c83f5,25 A Cross Road,25 a cross road,25 A Cross Road,,mixed
blr_310d00b3587c83f5,25 A Cross Road,in 25 a cross road,25 A Cross Road,,mixed
blr_310d00b3587c83f5,25 A Cross Road,near 25 a cross road,25 A Cross Road,,mixed
blr_310d00b3587c83f5,25 A Cross Road,around 25 a cross road,25 A Cross Road,,mixed
blr_310d00b3587c83f5,25 A Cross Road,25 a cross road area,25 A Cross Road,,mixed
blr_7a6ff6e775f8d080,24th B Main Road,2four b main road,24th B Main Road,,mixed
blr_7a6ff6e775f8d080,24th B Main Road,2fourth b main road,24th B Main Road,,mixed
blr_7a6ff6e775f8d080,24th B Main Road,24th b main road,24th B Main Road,,mixed
blr_7a6ff6e775f8d080,24th B Main Road,in 2four b main road,24th B Main Road,,mixed
blr_7a6ff6e775f8d080,24th B Main Road,near 2fourth b main road,24th B Main Road,,mixed
blr_3541686d7438bb9d,36th Main Road,36th main road,36th Main Road,,mixed
blr_3541686d7438bb9d,36th Main Road,3sixth main road,36th Main Road,,mixed
blr_3541686d7438bb9d,36th Main Road,3six main road,36th Main Road,,mixed
blr_3541686d7438bb9d,36th Main Road,in 36th main road,36th Main Road,,mixed
blr_3541686d7438bb9d,36th Main Road,near 3sixth main road,36th Main Road,,mixed
blr_3b5c4671a5737ead,4th Cross LIC Colony,four cross lic colony,4th Cross LIC Colony,,mixed
blr_3b5c4671a5737ead,4th Cross LIC Colony,fourth cross lic colony,4th Cross LIC Colony,,mixed
blr_3b5c4671a5737ead,4th Cross LIC Colony,4th cross lic colony,4th Cross LIC Colony,,mixed
blr_3b5c4671a5737ead,4th Cross LIC Colony,in four cross lic colony,4th Cross LIC Colony,,mixed
blr_3b5c4671a5737ead,4th Cross LIC Colony,near fourth cross lic colony,4th Cross LIC Colony,,mixed
blr_27f8eda1b7f2c62d,28th B Cross Road,2eight b cross road,28th B Cross Road,,mixed
blr_27f8eda1b7f2c62d,28th B Cross Road,28th b cross road,28th B Cross Road,,mixed
blr_27f8eda1b7f2c62d,28th B Cross Road,2eighth b cross road,28th B Cross Road,,mixed
blr_27f8eda1b7f2c62d,28th B Cross Road,in 2eight b cross road,28th B Cross Road,,mixed
blr_27f8eda1b7f2c62d,28th B Cross Road,near 28th b cross road,28th B Cross Road,,mixed
blr_55cfbeee136b4f5b,27th C Cross Road,27th c cross road,27th C Cross Road,,mixed
blr_55cfbeee136b4f5b,27th C Cross Road,2seventh c cross road,27th C Cross Road,,mixed
blr_55cfbeee136b4f5b,27th C Cross Road,2seven c cross road,27th C Cross Road,,mixed
blr_55cfbeee136b4f5b,27th C Cross Road,in 27th c cross road,27th C Cross Road,,mixed
blr_55cfbeee136b4f5b,27th C Cross Road,near 2seventh c cross road,27th C Cross Road,,mixed
blr_1193b0f1e6d4ef14,3rd B Cross Road,three b cross road,3rd B Cross Road,,mixed
blr_1193b0f1e6d4ef14,3rd B Cross Road,third b cross road,3rd B Cross Road,,mixed
blr_1193b0f1e6d4ef14,3rd B Cross Road,3rd b cross road,3rd B Cross Road,,mixed
blr_1193b0f1e6d4ef14,3rd B Cross Road,in three b cross road,3rd B Cross Road,,mixed
blr_1193b0f1e6d4ef14,3rd B Cross Road,near third b cross road,3rd B Cross Road,,mixed
blr_43e64996c38e7a32,2nd B Cross,2nd b cross,2nd B Cross,,mixed
blr_43e64996c38e7a32,2nd B Cross,second b cross,2nd B Cross,,mixed
blr_43e64996c38e7a32,2nd B Cross,two b cross,2nd B Cross,,mixed
blr_43e64996c38e7a32,2nd B Cross,in 2nd b cross,2nd B Cross,,mixed
blr_43e64996c38e7a32,2nd B Cross,near second b cross,2nd B Cross,,mixed
blr_e21e8e6a2561536f,1st B Cross,1st b cross,1st B Cross,,mixed
blr_e21e8e6a2561536f,1st B Cross,in 1st b cross,1st B Cross,,mixed
blr_e21e8e6a2561536f,1st B Cross,near 1st b cross,1st B Cross,,mixed
blr_e21e8e6a2561536f,1st B Cross,around 1st b cross,1st B Cross,,mixed
blr_e21e8e6a2561536f,1st B Cross,1st b cross area,1st B Cross,,mixed
blr_e879defd32bacb4f,13th A Main,13th a main,13th A Main,,mixed
blr_e879defd32bacb4f,13th A Main,in 13th a main,13th A Main,,mixed
blr_e879defd32bacb4f,13th A Main,near 13th a main,13th A Main,,mixed
blr_e879defd32bacb4f,13th A Main,around 13th a main,13th A Main,,mixed
blr_e879defd32bacb4f,13th A Main,13th a main area,13th A Main,,mixed
blr_20eff634637429ce,16th A Main Road,1sixth a main road,16th A Main Road,,mixed
blr_20eff634637429ce,16th A Main Road,1six a main road,16th A Main Road,,mixed
blr_20eff634637429ce,16th A Main Road,16th a main road,16th A Main Road,,mixed
blr_20eff634637429ce,16th A Main Road,in 1sixth a main road,16th A Main Road,,mixed
blr_20eff634637429ce,16th A Main Road,near 1six a main road,16th A Main Road,,mixed
blr_006bf9fc46f6eab6,8th A Cross Road,eight a cross road,8th A Cross Road,,mixed
blr_006bf9fc46f6eab6,8th A Cross Road,eighth a cross road,8th A Cross Road,,mixed
blr_006bf9fc46f6eab6,8th A Cross Road,8th a cross road,8th A Cross Road,,mixed
blr_006bf9fc46f6eab6,8th A Cross Road,in eight a cross road,8th A Cross Road,,mixed
blr_006bf9fc46f6eab6,8th A Cross Road,near eighth a cross road,8th A Cross Road,,mixed
blr_a41cb3bdc64174b9,6th B Main Road,sixth b main road,6th B Main Road,,mixed
blr_a41cb3bdc64174b9,6th B Main Road,six b main road,6th B Main Road,,mixed
blr_a41cb3bdc64174b9,6th B Main Road,6th b main road,6th B Main Road,,mixed
blr_a41cb3bdc64174b9,6th B Main Road,in sixth b main road,6th B Main Road,,mixed
blr_a41cb3bdc64174b9,6th B Main Road,near six b main road,6th B Main Road,,mixed
blr_9573c32df294d829,1st A Main,1st a main,1st A Main,,mixed
blr_9573c32df294d829,1st A Main,in 1st a main,1st A Main,,mixed
blr_9573c32df294d829,1st A Main,near 1st a main,1st A Main,,mixed
blr_9573c32df294d829,1st A Main,around 1st a main,1st A Main,,mixed
blr_9573c32df294d829,1st A Main,1st a main area,1st A Main,,mixed
blr_71d9d0de1646bb91,8th Main,eighth main,8th Main,,mixed
blr_71d9d0de1646bb91,8th Main,eight main,8th Main,,mixed
blr_71d9d0de1646bb91,8th Main,8th main,8th Main,,mixed
blr_71d9d0de1646bb91,8th Main,in eighth main,8th Main,,mixed
blr_71d9d0de1646bb91,8th Main,near eight main,8th Main,,mixed
blr_f19e3deb165655c0,South End B Cross,south end b cross,South End B Cross,,mixed
blr_f19e3deb165655c0,South End B Cross,in south end b cross,South End B Cross,,mixed
blr_f19e3deb165655c0,South End B Cross,near south end b cross,South End B Cross,,mixed
blr_f19e3deb165655c0,South End B Cross,around south end b cross,South End B Cross,,mixed
blr_f19e3deb165655c0,South End B Cross,south end b cross area,South End B Cross,,mixed
blr_b0d2d2a0a80b7fef,South End C Cross,south end c cross,South End C Cross,,mixed
blr_b0d2d2a0a80b7fef,South End C Cross,in south end c cross,South End C Cross,,mixed
blr_b0d2d2a0a80b7fef,South End C Cross,near south end c cross,South End C Cross,,mixed
blr_b0d2d2a0a80b7fef,South End C Cross,around south end c cross,South End C Cross,,mixed
blr_b0d2d2a0a80b7fef,South End C Cross,south end c cross area,South End C Cross,,mixed
blr_3c8f34114f054e3c,South End D Cross,south end d cross,South End D Cross,,mixed
blr_3c8f34114f054e3c,South End D Cross,in south end d cross,South End D Cross,,mixed
blr_3c8f34114f054e3c,South End D Cross,near south end d cross,South End D Cross,,mixed
blr_3c8f34114f054e3c,South End D Cross,around south end d cross,South End D Cross,,mixed
blr_3c8f34114f054e3c,South End D Cross,south end d cross area,South End D Cross,,mixed
blr_24afaa24d29a2cfa,35th Main Road,3fifth main road,35th Main Road,,mixed
blr_24afaa24d29a2cfa,35th Main Road,35th main road,35th Main Road,,mixed
blr_24afaa24d29a2cfa,35th Main Road,3five main road,35th Main Road,,mixed
blr_24afaa24d29a2cfa,35th Main Road,in 3fifth main road,35th Main Road,,mixed
blr_24afaa24d29a2cfa,35th Main Road,near 35th main road,35th Main Road,,mixed
blr_5f8c75ff6111c3c2,32nd G Cross Street,3second g cross street,32nd G Cross Street,,mixed
blr_5f8c75ff6111c3c2,32nd G Cross Street,32nd g cross street,32nd G Cross Street,,mixed
blr_5f8c75ff6111c3c2,32nd G Cross Street,3two g cross street,32nd G Cross Street,,mixed
blr_5f8c75ff6111c3c2,32nd G Cross Street,in 3second g cross street,32nd G Cross Street,,mixed
blr_5f8c75ff6111c3c2,32nd G Cross Street,near 32nd g cross street,32nd G Cross Street,,mixed
blr_282c493e7b738805,35 D Cross Road,35 d cross road,35 D Cross Road,,mixed
blr_282c493e7b738805,35 D Cross Road,in 35 d cross road,35 D Cross Road,,mixed
blr_282c493e7b738805,35 D Cross Road,near 35 d cross road,35 D Cross Road,,mixed
blr_282c493e7b738805,35 D Cross Road,around 35 d cross road,35 D Cross Road,,mixed
blr_282c493e7b738805,35 D Cross Road,35 d cross road area,35 D Cross Road,,mixed
blr_f234e7d3538e3560,37th Cross Road,3seventh cross road,37th Cross Road,,mixed
blr_f234e7d3538e3560,37th Cross Road,37th cross road,37th Cross Road,,mixed
blr_f234e7d3538e3560,37th Cross Road,3seven cross road,37th Cross Road,,mixed
blr_f234e7d3538e3560,37th Cross Road,in 3seventh cross road,37th Cross Road,,mixed
blr_f234e7d3538e3560,37th Cross Road,near 37th cross road,37th Cross Road,,mixed
blr_26cfdcba999eb0b1,37 A Cross Road,37 a cross road,37 A Cross Road,,mixed
blr_26cfdcba999eb0b1,37 A Cross Road,in 37 a cross road,37 A Cross Road,,mixed
blr_26cfdcba999eb0b1,37 A Cross Road,near 37 a cross road,37 A Cross Road,,mixed
blr_26cfdcba999eb0b1,37 A Cross Road,around 37 a cross road,37 A Cross Road,,mixed
blr_26cfdcba999eb0b1,37 A Cross Road,37 a cross road area,37 A Cross Road,,mixed
blr_131b2dae272e54e4,38A Cross Road,38a cross road,38A Cross Road,,mixed
blr_131b2dae272e54e4,38A Cross Road,in 38a cross road,38A Cross Road,,mixed
blr_131b2dae272e54e4,38A Cross Road,near 38a cross road,38A Cross Road,,mixed
blr_131b2dae272e54e4,38A Cross Road,around 38a cross road,38A Cross Road,,mixed
blr_131b2dae272e54e4,38A Cross Road,38a cross road area,38A Cross Road,,mixed
blr_a26d0acb912cc29c,41st Cross Road,41st cross road,41st Cross Road,,mixed
blr_a26d0acb912cc29c,41st Cross Road,in 41st cross road,41st Cross Road,,mixed
blr_a26d0acb912cc29c,41st Cross Road,near 41st cross road,41st Cross Road,,mixed
blr_a26d0acb912cc29c,41st Cross Road,around 41st cross road,41st Cross Road,,mixed
blr_a26d0acb912cc29c,41st Cross Road,41st cross road area,41st Cross Road,,mixed
blr_0f6cd02c17704a48,42nd Cross Road,4second cross road,42nd Cross Road,,mixed
blr_0f6cd02c17704a48,42nd Cross Road,42nd cross road,42nd Cross Road,,mixed
blr_0f6cd02c17704a48,42nd Cross Road,4two cross road,42nd Cross Road,,mixed
blr_0f6cd02c17704a48,42nd Cross Road,in 4second cross road,42nd Cross Road,,mixed
blr_0f6cd02c17704a48,42nd Cross Road,near 42nd cross road,42nd Cross Road,,mixed
blr_741a3e46f0acbf37,43rd Cross Road,43rd cross road,43rd Cross Road,,mixed
blr_741a3e46f0acbf37,43rd Cross Road,4three cross road,43rd Cross Road,,mixed
blr_741a3e46f0acbf37,43rd Cross Road,4third cross road,43rd Cross Road,,mixed
blr_741a3e46f0acbf37,43rd Cross Road,in 43rd cross road,43rd Cross Road,,mixed
blr_741a3e46f0acbf37,43rd Cross Road,near 4three cross road,43rd Cross Road,,mixed
blr_efdd90e2fc1dd6f4,44th Cross Road,44th cross road,44th Cross Road,,mixed
blr_efdd90e2fc1dd6f4,44th Cross Road,4four cross road,44th Cross Road,,mixed
blr_efdd90e2fc1dd6f4,44th Cross Road,4fourth cross road,44th Cross Road,,mixed
blr_efdd90e2fc1dd6f4,44th Cross Road,in 44th cross road,44th Cross Road,,mixed
blr_efdd90e2fc1dd6f4,44th Cross Road,near 4four cross road,44th Cross Road,,mixed
blr_487c1b908c9fde9c,39th Cross Road,39th cross road,39th Cross Road,,mixed
blr_487c1b908c9fde9c,39th Cross Road,3nine cross road,39th Cross Road,,mixed
blr_487c1b908c9fde9c,39th Cross Road,3ninth cross road,39th Cross Road,,mixed
blr_487c1b908c9fde9c,39th Cross Road,in 39th cross road,39th Cross Road,,mixed
blr_487c1b908c9fde9c,39th Cross Road,near 3nine cross road,39th Cross Road,,mixed
blr_81ebd3f2cf27fe27,39C Cross Road,39c cross road,39C Cross Road,,mixed
blr_81ebd3f2cf27fe27,39C Cross Road,in 39c cross road,39C Cross Road,,mixed
blr_81ebd3f2cf27fe27,39C Cross Road,near 39c cross road,39C Cross Road,,mixed
blr_81ebd3f2cf27fe27,39C Cross Road,around 39c cross road,39C Cross Road,,mixed
blr_81ebd3f2cf27fe27,39C Cross Road,39c cross road area,39C Cross Road,,mixed
blr_ec7f38be5d824c7d,39B Cross Road,39b cross road,39B Cross Road,,mixed
blr_ec7f38be5d824c7d,39B Cross Road,in 39b cross road,39B Cross Road,,mixed
blr_ec7f38be5d824c7d,39B Cross Road,near 39b cross road,39B Cross Road,,mixed
blr_ec7f38be5d824c7d,39B Cross Road,around 39b cross road,39B Cross Road,,mixed
blr_ec7f38be5d824c7d,39B Cross Road,39b cross road area,39B Cross Road,,mixed
blr_901a22ac1e81b24b,39A Cross Road,39a cross road,39A Cross Road,,mixed
blr_901a22ac1e81b24b,39A Cross Road,in 39a cross road,39A Cross Road,,mixed
blr_901a22ac1e81b24b,39A Cross Road,near 39a cross road,39A Cross Road,,mixed
blr_901a22ac1e81b24b,39A Cross Road,around 39a cross road,39A Cross Road,,mixed
blr_901a22ac1e81b24b,39A Cross Road,39a cross road area,39A Cross Road,,mixed
blr_8998a65b278f51ec,36th A Cross Road,3sixth a cross road,36th A Cross Road,,mixed
blr_8998a65b278f51ec,36th A Cross Road,3six a cross road,36th A Cross Road,,mixed
blr_8998a65b278f51ec,36th A Cross Road,36th a cross road,36th A Cross Road,,mixed
blr_8998a65b278f51ec,36th A Cross Road,in 3sixth a cross road,36th A Cross Road,,mixed
blr_8998a65b278f51ec,36th A Cross Road,near 3six a cross road,36th A Cross Road,,mixed
blr_286679ac39a7f097,31st A Cross Road,31st a cross road,31st A Cross Road,,mixed
blr_286679ac39a7f097,31st A Cross Road,in 31st a cross road,31st A Cross Road,,mixed
blr_286679ac39a7f097,31st A Cross Road,near 31st a cross road,31st A Cross Road,,mixed
blr_286679ac39a7f097,31st A Cross Road,around 31st a cross road,31st A Cross Road,,mixed
blr_286679ac39a7f097,31st A Cross Road,31st a cross road area,31st A Cross Road,,mixed
blr_64defc2ea821dede,24th B Cross Road,2four b cross road,24th B Cross Road,,mixed
blr_64defc2ea821dede,24th B Cross Road,24th b cross road,24th B Cross Road,,mixed
blr_64defc2ea821dede,24th B Cross Road,2fourth b cross road,24th B Cross Road,,mixed
blr_64defc2ea821dede,24th B Cross Road,in 2four b cross road,24th B Cross Road,,mixed
blr_64defc2ea821dede,24th B Cross Road,near 24th b cross road,24th B Cross Road,,mixed
blr_deceab527f3d0926,1st Cross KV Colony,1st cross kv colony,1st Cross KV Colony,,mixed
blr_deceab527f3d0926,1st Cross KV Colony,in 1st cross kv colony,1st Cross KV Colony,,mixed
blr_deceab527f3d0926,1st Cross KV Colony,near 1st cross kv colony,1st Cross KV Colony,,mixed
blr_deceab527f3d0926,1st Cross KV Colony,around 1st cross kv colony,1st Cross KV Colony,,mixed
blr_deceab527f3d0926,1st Cross KV Colony,1st cross kv colony area,1st Cross KV Colony,,mixed
blr_6a6e2ac8edf97d27,2nd Cross KV Colony,2nd cross kv colony,2nd Cross KV Colony,,mixed
blr_6a6e2ac8edf97d27,2nd Cross KV Colony,second cross kv colony,2nd Cross KV Colony,,mixed
blr_6a6e2ac8edf97d27,2nd Cross KV Colony,two cross kv colony,2nd Cross KV Colony,,mixed
blr_6a6e2ac8edf97d27,2nd Cross KV Colony,in 2nd cross kv colony,2nd Cross KV Colony,,mixed
blr_6a6e2ac8edf97d27,2nd Cross KV Colony,near second cross kv colony,2nd Cross KV Colony,,mixed
blr_05a1a381a11d750c,5th A Main Road,5th a main road,5th A Main Road,,mixed
blr_05a1a381a11d750c,5th A Main Road,five a main road,5th A Main Road,,mixed
blr_05a1a381a11d750c,5th A Main Road,fifth a main road,5th A Main Road,,mixed
blr_05a1a381a11d750c,5th A Main Road,in 5th a main road,5th A Main Road,,mixed
blr_05a1a381a11d750c,5th A Main Road,near five a main road,5th A Main Road,,mixed
blr_e82147ffbc8ffdd0,12th Cross Road,12th cross road,12th Cross Road,,mixed
blr_e82147ffbc8ffdd0,12th Cross Road,in 12th cross road,12th Cross Road,,mixed
blr_e82147ffbc8ffdd0,12th Cross Road,near 12th cross road,12th Cross Road,,mixed
blr_e82147ffbc8ffdd0,12th Cross Road,around 12th cross road,12th Cross Road,,mixed
blr_e82147ffbc8ffdd0,12th Cross Road,12th cross road area,12th Cross Road,,mixed
blr_da00088f309c89ad,GKRB Road - 5th Main Road,gkrb road  fifth main road,GKRB Road - 5th Main Road,,mixed
blr_da00088f309c89ad,GKRB Road - 5th Main Road,gkrb road  five main road,GKRB Road - 5th Main Road,,mixed
blr_da00088f309c89ad,GKRB Road - 5th Main Road,gkrb road  5th main road,GKRB Road - 5th Main Road,,mixed
blr_da00088f309c89ad,GKRB Road - 5th Main Road,in gkrb road  fifth main road,GKRB Road - 5th Main Road,,mixed
blr_da00088f309c89ad,GKRB Road - 5th Main Road,near gkrb road  five main road,GKRB Road - 5th Main Road,,mixed
blr_f39905c48b69e7f5,"16th B Road, 4th Block",1sixth b road 4th block,"16th B Road, 4th Block",,mixed
blr_f39905c48b69e7f5,"16th B Road, 4th Block",1six b road 4th block,"16th B Road, 4th Block",,mixed
blr_f39905c48b69e7f5,"16th B Road, 4th Block",16th b road 4th block,"16th B Road, 4th Block",,mixed
blr_f39905c48b69e7f5,"16th B Road, 4th Block",16th b road four block,"16th B Road, 4th Block",,mixed
blr_f39905c48b69e7f5,"16th B Road, 4th Block",16th b road fourth block,"16th B Road, 4th Block",,mixed
blr_a28bf60f142f8eb9,16th B Main Road,1sixth b main road,16th B Main Road,,mixed
blr_a28bf60f142f8eb9,16th B Main Road,1six b main road,16th B Main Road,,mixed
blr_a28bf60f142f8eb9,16th B Main Road,16th b main road,16th B Main Road,,mixed
blr_a28bf60f142f8eb9,16th B Main Road,in 1sixth b main road,16th B Main Road,,mixed
blr_a28bf60f142f8eb9,16th B Main Road,near 1six b main road,16th B Main Road,,mixed
blr_9b53adb49b11f67d,7th C Cross Road,7th c cross road,7th C Cross Road,,mixed
blr_9b53adb49b11f67d,7th C Cross Road,seven c cross road,7th C Cross Road,,mixed
blr_9b53adb49b11f67d,7th C Cross Road,seventh c cross road,7th C Cross Road,,mixed
blr_9b53adb49b11f67d,7th C Cross Road,in 7th c cross road,7th C Cross Road,,mixed
blr_9b53adb49b11f67d,7th C Cross Road,near seven c cross road,7th C Cross Road,,mixed
blr_6b74f7dbfb802aed,17th A Main Road,1seventh a main road,17th A Main Road,,mixed
blr_6b74f7dbfb802aed,17th A Main Road,1seven a main road,17th A Main Road,,mixed
blr_6b74f7dbfb802aed,17th A Main Road,17th a main road,17th A Main Road,,mixed
blr_6b74f7dbfb802aed,17th A Main Road,in 1seventh a main road,17th A Main Road,,mixed
blr_6b74f7dbfb802aed,17th A Main Road,near 1seven a main road,17th A Main Road,,mixed
blr_c2ddc90dd44d58e5,17th D Main Road,1seven d main road,17th D Main Road,,mixed
blr_c2ddc90dd44d58e5,17th D Main Road,17th d main road,17th D Main Road,,mixed
blr_c2ddc90dd44d58e5,17th D Main Road,1seventh d main road,17th D Main Road,,mixed
blr_c2ddc90dd44d58e5,17th D Main Road,in 1seven d main road,17th D Main Road,,mixed
blr_c2ddc90dd44d58e5,17th D Main Road,near 17th d main road,17th D Main Road,,mixed
blr_6e7e5621e9a85b47,17 D Main Road,17 d main road,17 D Main Road,,mixed
blr_6e7e5621e9a85b47,17 D Main Road,in 17 d main road,17 D Main Road,,mixed
blr_6e7e5621e9a85b47,17 D Main Road,near 17 d main road,17 D Main Road,,mixed
blr_6e7e5621e9a85b47,17 D Main Road,around 17 d main road,17 D Main Road,,mixed
blr_6e7e5621e9a85b47,17 D Main Road,17 d main road area,17 D Main Road,,mixed
blr_2ff2a02e5caeba1b,17th H Main Road,17th h main road,17th H Main Road,,mixed
blr_2ff2a02e5caeba1b,17th H Main Road,1seventh h main road,17th H Main Road,,mixed
blr_2ff2a02e5caeba1b,17th H Main Road,1seven h main road,17th H Main Road,,mixed
blr_2ff2a02e5caeba1b,17th H Main Road,in 17th h main road,17th H Main Road,,mixed
blr_2ff2a02e5caeba1b,17th H Main Road,near 1seventh h main road,17th H Main Road,,mixed
blr_5cc4ca51fd20db01,17th F Main Road,1seventh f main road,17th F Main Road,,mixed
blr_5cc4ca51fd20db01,17th F Main Road,1seven f main road,17th F Main Road,,mixed
blr_5cc4ca51fd20db01,17th F Main Road,17th f main road,17th F Main Road,,mixed
blr_5cc4ca51fd20db01,17th F Main Road,in 1seventh f main road,17th F Main Road,,mixed
blr_5cc4ca51fd20db01,17th F Main Road,near 1seven f main road,17th F Main Road,,mixed
blr_a2a6d38a57aba670,6th C Cross Road,sixth c cross road,6th C Cross Road,,mixed
blr_a2a6d38a57aba670,6th C Cross Road,6th c cross road,6th C Cross Road,,mixed
blr_a2a6d38a57aba670,6th C Cross Road,six c cross road,6th C Cross Road,,mixed
blr_a2a6d38a57aba670,6th C Cross Road,in sixth c cross road,6th C Cross Road,,mixed
blr_a2a6d38a57aba670,6th C Cross Road,near 6th c cross road,6th C Cross Road,,mixed
blr_9f0d42c930c51f28,18 B Main Road,18 b main road,18 B Main Road,,mixed
blr_9f0d42c930c51f28,18 B Main Road,in 18 b main road,18 B Main Road,,mixed
blr_9f0d42c930c51f28,18 B Main Road,near 18 b main road,18 B Main Road,,mixed
blr_9f0d42c930c51f28,18 B Main Road,around 18 b main road,18 B Main Road,,mixed
blr_9f0d42c930c51f28,18 B Main Road,18 b main road area,18 B Main Road,,mixed
blr_a3c7c096663d332e,18 A Main Road,18 a main road,18 A Main Road,,mixed
blr_a3c7c096663d332e,18 A Main Road,in 18 a main road,18 A Main Road,,mixed
blr_a3c7c096663d332e,18 A Main Road,near 18 a main road,18 A Main Road,,mixed
blr_a3c7c096663d332e,18 A Main Road,around 18 a main road,18 A Main Road,,mixed
blr_a3c7c096663d332e,18 A Main Road,18 a main road area,18 A Main Road,,mixed
blr_7e11da8bff784451,18D Main Road,18d main road,18D Main Road,,mixed
blr_7e11da8bff784451,18D Main Road,in 18d main road,18D Main Road,,mixed
blr_7e11da8bff784451,18D Main Road,near 18d main road,18D Main Road,,mixed
blr_7e11da8bff784451,18D Main Road,around 18d main road,18D Main Road,,mixed
blr_7e11da8bff784451,18D Main Road,18d main road area,18D Main Road,,mixed
blr_80473937db4fe605,18A Main Road,18a main road,18A Main Road,,mixed
blr_80473937db4fe605,18A Main Road,in 18a main road,18A Main Road,,mixed
blr_80473937db4fe605,18A Main Road,near 18a main road,18A Main Road,,mixed
blr_80473937db4fe605,18A Main Road,around 18a main road,18A Main Road,,mixed
blr_80473937db4fe605,18A Main Road,18a main road area,18A Main Road,,mixed
blr_6973b57e2eb95747,6th D Cross Road,sixth d cross road,6th D Cross Road,,mixed
blr_6973b57e2eb95747,6th D Cross Road,6th d cross road,6th D Cross Road,,mixed
blr_6973b57e2eb95747,6th D Cross Road,six d cross road,6th D Cross Road,,mixed
blr_6973b57e2eb95747,6th D Cross Road,in sixth d cross road,6th D Cross Road,,mixed
blr_6973b57e2eb95747,6th D Cross Road,near 6th d cross road,6th D Cross Road,,mixed
blr_30701619e2718d1b,17th G Main Road,1seventh g main road,17th G Main Road,,mixed
blr_30701619e2718d1b,17th G Main Road,17th g main road,17th G Main Road,,mixed
blr_30701619e2718d1b,17th G Main Road,1seven g main road,17th G Main Road,,mixed
blr_30701619e2718d1b,17th G Main Road,in 1seventh g main road,17th G Main Road,,mixed
blr_30701619e2718d1b,17th G Main Road,near 17th g main road,17th G Main Road,,mixed
blr_3dd67538b4260b50,17th F3 Main Road,1seventh f3 main road,17th F3 Main Road,,mixed
blr_3dd67538b4260b50,17th F3 Main Road,17th f3 main road,17th F3 Main Road,,mixed
blr_3dd67538b4260b50,17th F3 Main Road,1seven f3 main road,17th F3 Main Road,,mixed
blr_3dd67538b4260b50,17th F3 Main Road,in 1seventh f3 main road,17th F3 Main Road,,mixed
blr_3dd67538b4260b50,17th F3 Main Road,near 17th f3 main road,17th F3 Main Road,,mixed
blr_b08aeb5c9e7bf3ba,17th F2 Main Road,17th f2 main road,17th F2 Main Road,,mixed
blr_b08aeb5c9e7bf3ba,17th F2 Main Road,1seven f2 main road,17th F2 Main Road,,mixed
blr_b08aeb5c9e7bf3ba,17th F2 Main Road,1seventh f2 main road,17th F2 Main Road,,mixed
blr_b08aeb5c9e7bf3ba,17th F2 Main Road,in 17th f2 main road,17th F2 Main Road,,mixed
blr_b08aeb5c9e7bf3ba,17th F2 Main Road,near 1seven f2 main road,17th F2 Main Road,,mixed
blr_88e55172ebb30843,17th F1 Main Road,1seven f1 main road,17th F1 Main Road,,mixed
blr_88e55172ebb30843,17th F1 Main Road,17th f1 main road,17th F1 Main Road,,mixed
blr_88e55172ebb30843,17th F1 Main Road,1seventh f1 main road,17th F1 Main Road,,mixed
blr_88e55172ebb30843,17th F1 Main Road,in 1seven f1 main road,17th F1 Main Road,,mixed
blr_88e55172ebb30843,17th F1 Main Road,near 17th f1 main road,17th F1 Main Road,,mixed
blr_4b871cd8b3e735a9,18G Main Road,18g main road,18G Main Road,,mixed
blr_4b871cd8b3e735a9,18G Main Road,in 18g main road,18G Main Road,,mixed
blr_4b871cd8b3e735a9,18G Main Road,near 18g main road,18G Main Road,,mixed
blr_4b871cd8b3e735a9,18G Main Road,around 18g main road,18G Main Road,,mixed
blr_4b871cd8b3e735a9,18G Main Road,18g main road area,18G Main Road,,mixed
blr_dd100759b5a5a7d4,18th F Main Road,1eighth f main road,18th F Main Road,,mixed
blr_dd100759b5a5a7d4,18th F Main Road,1eight f main road,18th F Main Road,,mixed
blr_dd100759b5a5a7d4,18th F Main Road,18th f main road,18th F Main Road,,mixed
blr_dd100759b5a5a7d4,18th F Main Road,in 1eighth f main road,18th F Main Road,,mixed
blr_dd100759b5a5a7d4,18th F Main Road,near 1eight f main road,18th F Main Road,,mixed
blr_8b404dd97c6a238e,18th E Main Road,18th e main road,18th E Main Road,,mixed
blr_8b404dd97c6a238e,18th E Main Road,1eighth e main road,18th E Main Road,,mixed
blr_8b404dd97c6a238e,18th E Main Road,1eight e main road,18th E Main Road,,mixed
blr_8b404dd97c6a238e,18th E Main Road,in 18th e main road,18th E Main Road,,mixed
blr_8b404dd97c6a238e,18th E Main Road,near 1eighth e main road,18th E Main Road,,mixed
blr_336028e3aaa15dcb,5th Cross Rd,five cross rd,5th Cross Rd,,mixed
blr_336028e3aaa15dcb,5th Cross Rd,5th cross rd,5th Cross Rd,,mixed
blr_336028e3aaa15dcb,5th Cross Rd,fifth cross rd,5th Cross Rd,,mixed
blr_336028e3aaa15dcb,5th Cross Rd,in five cross rd,5th Cross Rd,,mixed
blr_336028e3aaa15dcb,5th Cross Rd,near 5th cross rd,5th Cross Rd,,mixed
blr_f8a1f0f19d89b48a,7th A Cross Road,seven a cross road,7th A Cross Road,,mixed
blr_f8a1f0f19d89b48a,7th A Cross Road,seventh a cross road,7th A Cross Road,,mixed
blr_f8a1f0f19d89b48a,7th A Cross Road,7th a cross road,7th A Cross Road,,mixed
blr_f8a1f0f19d89b48a,7th A Cross Road,in seven a cross road,7th A Cross Road,,mixed
blr_f8a1f0f19d89b48a,7th A Cross Road,near seventh a cross road,7th A Cross Road,,mixed
blr_f98fb3d4e4e6f07d,7th B Cross Road,7th b cross road,7th B Cross Road,,mixed
blr_f98fb3d4e4e6f07d,7th B Cross Road,seven b cross road,7th B Cross Road,,mixed
blr_f98fb3d4e4e6f07d,7th B Cross Road,seventh b cross road,7th B Cross Road,,mixed
blr_f98fb3d4e4e6f07d,7th B Cross Road,in 7th b cross road,7th B Cross Road,,mixed
blr_f98fb3d4e4e6f07d,7th B Cross Road,near seven b cross road,7th B Cross Road,,mixed
blr_f177fac34a5ed6ea,11B Cross Road,11b cross road,11B Cross Road,,mixed
blr_f177fac34a5ed6ea,11B Cross Road,in 11b cross road,11B Cross Road,,mixed
blr_f177fac34a5ed6ea,11B Cross Road,near 11b cross road,11B Cross Road,,mixed
blr_f177fac34a5ed6ea,11B Cross Road,around 11b cross road,11B Cross Road,,mixed
blr_f177fac34a5ed6ea,11B Cross Road,11b cross road area,11B Cross Road,,mixed
blr_7112cb825d04982a,11th B Cross Road,11th b cross road,11th B Cross Road,,mixed
blr_7112cb825d04982a,11th B Cross Road,in 11th b cross road,11th B Cross Road,,mixed
blr_7112cb825d04982a,11th B Cross Road,near 11th b cross road,11th B Cross Road,,mixed
blr_7112cb825d04982a,11th B Cross Road,around 11th b cross road,11th B Cross Road,,mixed
blr_7112cb825d04982a,11th B Cross Road,11th b cross road area,11th B Cross Road,,mixed
blr_c29fedd870a54b5c,12th A Cross Road,12th a cross road,12th A Cross Road,,mixed
blr_c29fedd870a54b5c,12th A Cross Road,in 12th a cross road,12th A Cross Road,,mixed
blr_c29fedd870a54b5c,12th A Cross Road,near 12th a cross road,12th A Cross Road,,mixed
blr_c29fedd870a54b5c,12th A Cross Road,around 12th a cross road,12th A Cross Road,,mixed
blr_c29fedd870a54b5c,12th A Cross Road,12th a cross road area,12th A Cross Road,,mixed
blr_a1d5c070ca01a852,12th B Cross Road,12th b cross road,12th B Cross Road,,mixed
blr_a1d5c070ca01a852,12th B Cross Road,in 12th b cross road,12th B Cross Road,,mixed
blr_a1d5c070ca01a852,12th B Cross Road,near 12th b cross road,12th B Cross Road,,mixed
blr_a1d5c070ca01a852,12th B Cross Road,around 12th b cross road,12th B Cross Road,,mixed
blr_a1d5c070ca01a852,12th B Cross Road,12th b cross road area,12th B Cross Road,,mixed
blr_06673b55857d847b,13th A Cross Road,13th a cross road,13th A Cross Road,,mixed
blr_06673b55857d847b,13th A Cross Road,in 13th a cross road,13th A Cross Road,,mixed
blr_06673b55857d847b,13th A Cross Road,near 13th a cross road,13th A Cross Road,,mixed
blr_06673b55857d847b,13th A Cross Road,around 13th a cross road,13th A Cross Road,,mixed
blr_06673b55857d847b,13th A Cross Road,13th a cross road area,13th A Cross Road,,mixed
blr_b6ff800391573455,12 A Cross Road,12 a cross road,12 A Cross Road,,mixed
blr_b6ff800391573455,12 A Cross Road,in 12 a cross road,12 A Cross Road,,mixed
blr_b6ff800391573455,12 A Cross Road,near 12 a cross road,12 A Cross Road,,mixed
blr_b6ff800391573455,12 A Cross Road,around 12 a cross road,12 A Cross Road,,mixed
blr_b6ff800391573455,12 A Cross Road,12 a cross road area,12 A Cross Road,,mixed
blr_27962407306a9596,32nd A Cross Road,3second a cross road,32nd A Cross Road,,mixed
blr_27962407306a9596,32nd A Cross Road,32nd a cross road,32nd A Cross Road,,mixed
blr_27962407306a9596,32nd A Cross Road,3two a cross road,32nd A Cross Road,,mixed
blr_27962407306a9596,32nd A Cross Road,in 3second a cross road,32nd A Cross Road,,mixed
blr_27962407306a9596,32nd A Cross Road,near 32nd a cross road,32nd A Cross Road,,mixed
blr_f75ccfbe52404774,29th A Cross Road,2nine a cross road,29th A Cross Road,,mixed
blr_f75ccfbe52404774,29th A Cross Road,2ninth a cross road,29th A Cross Road,,mixed
blr_f75ccfbe52404774,29th A Cross Road,29th a cross road,29th A Cross Road,,mixed
blr_f75ccfbe52404774,29th A Cross Road,in 2nine a cross road,29th A Cross Road,,mixed
blr_f75ccfbe52404774,29th A Cross Road,near 2ninth a cross road,29th A Cross Road,,mixed
blr_fce3c6bd67a344c0,34 C Cross Road,34 c cross road,34 C Cross Road,,mixed
blr_fce3c6bd67a344c0,34 C Cross Road,in 34 c cross road,34 C Cross Road,,mixed
blr_fce3c6bd67a344c0,34 C Cross Road,near 34 c cross road,34 C Cross Road,,mixed
blr_fce3c6bd67a344c0,34 C Cross Road,around 34 c cross road,34 C Cross Road,,mixed
blr_fce3c6bd67a344c0,34 C Cross Road,34 c cross road area,34 C Cross Road,,mixed
blr_7917a4e52ae66537,37 B Cross Road,37 b cross road,37 B Cross Road,,mixed
blr_7917a4e52ae66537,37 B Cross Road,in 37 b cross road,37 B Cross Road,,mixed
blr_7917a4e52ae66537,37 B Cross Road,near 37 b cross road,37 B Cross Road,,mixed
blr_7917a4e52ae66537,37 B Cross Road,around 37 b cross road,37 B Cross Road,,mixed
blr_7917a4e52ae66537,37 B Cross Road,37 b cross road area,37 B Cross Road,,mixed
blr_3709626330cca87c,36 A Cross Road,36 a cross road,36 A Cross Road,,mixed
blr_3709626330cca87c,36 A Cross Road,in 36 a cross road,36 A Cross Road,,mixed
blr_3709626330cca87c,36 A Cross Road,near 36 a cross road,36 A Cross Road,,mixed
blr_3709626330cca87c,36 A Cross Road,around 36 a cross road,36 A Cross Road,,mixed
blr_3709626330cca87c,36 A Cross Road,36 a cross road area,36 A Cross Road,,mixed
blr_2186c83ffd32e5ce,36A Cross Road,36a cross road,36A Cross Road,,mixed
blr_2186c83ffd32e5ce,36A Cross Road,in 36a cross road,36A Cross Road,,mixed
blr_2186c83ffd32e5ce,36A Cross Road,near 36a cross road,36A Cross Road,,mixed
blr_2186c83ffd32e5ce,36A Cross Road,around 36a cross road,36A Cross Road,,mixed
blr_2186c83ffd32e5ce,36A Cross Road,36a cross road area,36A Cross Road,,mixed
blr_6fd8295585c9f978,26th A Main road,26th a main road,26th A Main road,,mixed
blr_6fd8295585c9f978,26th A Main road,2sixth a main road,26th A Main road,,mixed
blr_6fd8295585c9f978,26th A Main road,2six a main road,26th A Main road,,mixed
blr_6fd8295585c9f978,26th A Main road,in 26th a main road,26th A Main road,,mixed
blr_6fd8295585c9f978,26th A Main road,near 2sixth a main road,26th A Main road,,mixed
blr_f80ad08e149dc059,28th A Main Road,2eighth a main road,28th A Main Road,,mixed
blr_f80ad08e149dc059,28th A Main Road,2eight a main road,28th A Main Road,,mixed
blr_f80ad08e149dc059,28th A Main Road,28th a main road,28th A Main Road,,mixed
blr_f80ad08e149dc059,28th A Main Road,in 2eighth a main road,28th A Main Road,,mixed
blr_f80ad08e149dc059,28th A Main Road,near 2eight a main road,28th A Main Road,,mixed
blr_268ef4e09dbe8107,38 A Cross Road,38 a cross road,38 A Cross Road,,mixed
blr_268ef4e09dbe8107,38 A Cross Road,in 38 a cross road,38 A Cross Road,,mixed
blr_268ef4e09dbe8107,38 A Cross Road,near 38 a cross road,38 A Cross Road,,mixed
blr_268ef4e09dbe8107,38 A Cross Road,around 38 a cross road,38 A Cross Road,,mixed
blr_268ef4e09dbe8107,38 A Cross Road,38 a cross road area,38 A Cross Road,,mixed
blr_ce3ddeae5f1d2acf,28th Main Road,28th main road,28th Main Road,,mixed
blr_ce3ddeae5f1d2acf,28th Main Road,2eight main road,28th Main Road,,mixed
blr_ce3ddeae5f1d2acf,28th Main Road,2eighth main road,28th Main Road,,mixed
blr_ce3ddeae5f1d2acf,28th Main Road,in 28th main road,28th Main Road,,mixed
blr_ce3ddeae5f1d2acf,28th Main Road,near 2eight main road,28th Main Road,,mixed
blr_22cf8a9699d7bfbb,38 B Cross Road,38 b cross road,38 B Cross Road,,mixed
blr_22cf8a9699d7bfbb,38 B Cross Road,in 38 b cross road,38 B Cross Road,,mixed
blr_22cf8a9699d7bfbb,38 B Cross Road,near 38 b cross road,38 B Cross Road,,mixed
blr_22cf8a9699d7bfbb,38 B Cross Road,around 38 b cross road,38 B Cross Road,,mixed
blr_22cf8a9699d7bfbb,38 B Cross Road,38 b cross road area,38 B Cross Road,,mixed
blr_212111054541767e,40th A Cross Road,40th a cross road,40th A Cross Road,,mixed
blr_212111054541767e,40th A Cross Road,in 40th a cross road,40th A Cross Road,,mixed
blr_212111054541767e,40th A Cross Road,near 40th a cross road,40th A Cross Road,,mixed
blr_212111054541767e,40th A Cross Road,around 40th a cross road,40th A Cross Road,,mixed
blr_212111054541767e,40th A Cross Road,40th a cross road area,40th A Cross Road,,mixed
blr_ec09abb769366e06,East End A Main Road,east end a main road,East End A Main Road,,mixed
blr_ec09abb769366e06,East End A Main Road,in east end a main road,East End A Main Road,,mixed
blr_ec09abb769366e06,East End A Main Road,near east end a main road,East End A Main Road,,mixed
blr_ec09abb769366e06,East End A Main Road,around east end a main road,East End A Main Road,,mixed
blr_ec09abb769366e06,East End A Main Road,east end a main road area,East End A Main Road,,mixed
blr_e4933a1a1783f1c0,East End C Main Road,east end c main road,East End C Main Road,,mixed
blr_e4933a1a1783f1c0,East End C Main Road,in east end c main road,East End C Main Road,,mixed
blr_e4933a1a1783f1c0,East End C Main Road,near east end c main road,East End C Main Road,,mixed
blr_e4933a1a1783f1c0,East End C Main Road,around east end c main road,East End C Main Road,,mixed
blr_e4933a1a1783f1c0,East End C Main Road,east end c main road area,East End C Main Road,,mixed
blr_be8714fc8ab188e5,East End D Main Road,east end d main road,East End D Main Road,,mixed
blr_be8714fc8ab188e5,East End D Main Road,in east end d main road,East End D Main Road,,mixed
blr_be8714fc8ab188e5,East End D Main Road,near east end d main road,East End D Main Road,,mixed
blr_be8714fc8ab188e5,East End D Main Road,around east end d main road,East End D Main Road,,mixed
blr_be8714fc8ab188e5,East End D Main Road,east end d main road area,East End D Main Road,,mixed
blr_e1ce7e0af0ea6fe1,1st D Main,1st d main,1st D Main,,mixed
blr_e1ce7e0af0ea6fe1,1st D Main,in 1st d main,1st D Main,,mixed
blr_e1ce7e0af0ea6fe1,1st D Main,near 1st d main,1st D Main,,mixed
blr_e1ce7e0af0ea6fe1,1st D Main,around 1st d main,1st D Main,,mixed
blr_e1ce7e0af0ea6fe1,1st D Main,1st d main area,1st D Main,,mixed
blr_e103612de5978fc4,HAL Old Airport Road,hal old airport road,HAL Old Airport Road,,mixed
blr_e103612de5978fc4,HAL Old Airport Road,in hal old airport road,HAL Old Airport Road,,mixed
blr_e103612de5978fc4,HAL Old Airport Road,near hal old airport road,HAL Old Airport Road,,mixed
blr_e103612de5978fc4,HAL Old Airport Road,around hal old airport road,HAL Old Airport Road,,mixed
blr_e103612de5978fc4,HAL Old Airport Road,hal old airport road area,HAL Old Airport Road,,mixed
blr_8ba2b2de72e2f2a9,ISRO Quarters,isro quarters,ISRO Quarters,,mixed
blr_8ba2b2de72e2f2a9,ISRO Quarters,in isro quarters,ISRO Quarters,,mixed
blr_8ba2b2de72e2f2a9,ISRO Quarters,near isro quarters,ISRO Quarters,,mixed
blr_8ba2b2de72e2f2a9,ISRO Quarters,around isro quarters,ISRO Quarters,,mixed
blr_8ba2b2de72e2f2a9,ISRO Quarters,isro quarters area,ISRO Quarters,,mixed
blr_41efaf2aa2628c2e,4th B Main Road,4th b main road,4th B Main Road,,mixed
blr_41efaf2aa2628c2e,4th B Main Road,four b main road,4th B Main Road,,mixed
blr_41efaf2aa2628c2e,4th B Main Road,fourth b main road,4th B Main Road,,mixed
blr_41efaf2aa2628c2e,4th B Main Road,in 4th b main road,4th B Main Road,,mixed
blr_41efaf2aa2628c2e,4th B Main Road,near four b main road,4th B Main Road,,mixed
blr_f2fe28be7ce248aa,3rd B Main,third b main,3 B Main,,mixed
blr_f2fe28be7ce248aa,3rd B Main,three b main,3 B Main,,mixed
blr_f2fe28be7ce248aa,3rd B Main,3rd b main,3 B Main,,mixed
blr_f2fe28be7ce248aa,3rd B Main,in third b main,3 B Main,,mixed
blr_f2fe28be7ce248aa,3rd B Main,near three b main,3 B Main,,mixed
blr_c66d0b9dd172a694,2nd B Main,2nd b main,2 B Main,,mixed
blr_c66d0b9dd172a694,2nd B Main,two b main,2 B Main,,mixed
blr_c66d0b9dd172a694,2nd B Main,second b main,2 B Main,,mixed
blr_c66d0b9dd172a694,2nd B Main,in 2nd b main,2 B Main,,mixed
blr_c66d0b9dd172a694,2nd B Main,near two b main,2 B Main,,mixed
blr_a80abaf010d6b383,BDA Main Road,bda main road,BDA Main Road,,mixed
blr_a80abaf010d6b383,BDA Main Road,in bda main road,BDA Main Road,,mixed
blr_a80abaf010d6b383,BDA Main Road,near bda main road,BDA Main Road,,mixed
blr_a80abaf010d6b383,BDA Main Road,around bda main road,BDA Main Road,,mixed
blr_a80abaf010d6b383,BDA Main Road,bda main road area,BDA Main Road,,mixed
blr_884f643c227d7a8e,1st E Cross Road,1st e cross road,1st E Cross Road,,mixed
blr_884f643c227d7a8e,1st E Cross Road,in 1st e cross road,1st E Cross Road,,mixed
blr_884f643c227d7a8e,1st E Cross Road,near 1st e cross road,1st E Cross Road,,mixed
blr_884f643c227d7a8e,1st E Cross Road,around 1st e cross road,1st E Cross Road,,mixed
blr_884f643c227d7a8e,1st E Cross Road,1st e cross road area,1st E Cross Road,,mixed
blr_21a0f83f3d32ee65,3rd A Cross Road,third a cross road,3rd A Cross Road,,mixed
blr_21a0f83f3d32ee65,3rd A Cross Road,3rd a cross road,3rd A Cross Road,,mixed
blr_21a0f83f3d32ee65,3rd A Cross Road,three a cross road,3rd A Cross Road,,mixed
blr_21a0f83f3d32ee65,3rd A Cross Road,in third a cross road,3rd A Cross Road,,mixed
blr_21a0f83f3d32ee65,3rd A Cross Road,near 3rd a cross road,3rd A Cross Road,,mixed
blr_c0507fb9a2c4bf24,CMR Road,cmr road,CMR Road,,mixed
blr_c0507fb9a2c4bf24,CMR Road,in cmr road,CMR Road,,mixed
blr_c0507fb9a2c4bf24,CMR Road,near cmr road,CMR Road,,mixed
blr_c0507fb9a2c4bf24,CMR Road,around cmr road,CMR Road,,mixed
blr_c0507fb9a2c4bf24,CMR Road,cmr road area,CMR Road,,mixed
blr_38e0dc99ccfcfd68,MM Road,mm road,MM Road,,mixed
blr_38e0dc99ccfcfd68,MM Road,in mm road,MM Road,,mixed
blr_38e0dc99ccfcfd68,MM Road,near mm road,MM Road,,mixed
blr_38e0dc99ccfcfd68,MM Road,around mm road,MM Road,,mixed
blr_38e0dc99ccfcfd68,MM Road,mm road area,MM Road,,mixed
blr_98ced43ca8edb8b4,Kanaka Nagar 2nd Main Road,kanaka nagar second main road,Kanaka Nagar 2nd Main Road,,mixed
blr_98ced43ca8edb8b4,Kanaka Nagar 2nd Main Road,kanaka nagar 2nd main road,Kanaka Nagar 2nd Main Road,,mixed
blr_98ced43ca8edb8b4,Kanaka Nagar 2nd Main Road,kanaka nagar two main road,Kanaka Nagar 2nd Main Road,,mixed
blr_98ced43ca8edb8b4,Kanaka Nagar 2nd Main Road,in kanaka nagar second main road,Kanaka Nagar 2nd Main Road,,mixed
blr_98ced43ca8edb8b4,Kanaka Nagar 2nd Main Road,near kanaka nagar 2nd main road,Kanaka Nagar 2nd Main Road,,mixed
blr_64cf0c975507427c,Doctor APJ Abdul Kalam Road,doctor apj abdul kalam road,Doctor APJ Abdul Kalam Road,,mixed
blr_64cf0c975507427c,Doctor APJ Abdul Kalam Road,in doctor apj abdul kalam road,Doctor APJ Abdul Kalam Road,,mixed
blr_64cf0c975507427c,Doctor APJ Abdul Kalam Road,near doctor apj abdul kalam road,Doctor APJ Abdul Kalam Road,,mixed
blr_64cf0c975507427c,Doctor APJ Abdul Kalam Road,around doctor apj abdul kalam road,Doctor APJ Abdul Kalam Road,,mixed
blr_64cf0c975507427c,Doctor APJ Abdul Kalam Road,doctor apj abdul kalam road area,Doctor APJ Abdul Kalam Road,,mixed
blr_57f8fe6ce916550e,5th B Cross Road,5th b cross road,5th B Cross Road,,mixed
blr_57f8fe6ce916550e,5th B Cross Road,five b cross road,5th B Cross Road,,mixed
blr_57f8fe6ce916550e,5th B Cross Road,fifth b cross road,5th B Cross Road,,mixed
blr_57f8fe6ce916550e,5th B Cross Road,in 5th b cross road,5th B Cross Road,,mixed
blr_57f8fe6ce916550e,5th B Cross Road,near five b cross road,5th B Cross Road,,mixed
blr_b1c1e9e0107d0ffc,3rd C Cross Road,third c cross road,3rd C Cross Road,,mixed
blr_b1c1e9e0107d0ffc,3rd C Cross Road,three c cross road,3rd C Cross Road,,mixed
blr_b1c1e9e0107d0ffc,3rd C Cross Road,3rd c cross road,3rd C Cross Road,,mixed
blr_b1c1e9e0107d0ffc,3rd C Cross Road,in third c cross road,3rd C Cross Road,,mixed
blr_b1c1e9e0107d0ffc,3rd C Cross Road,near three c cross road,3rd C Cross Road,,mixed
blr_e656fccaeca79a7e,3rd D Cross Road,3rd d cross road,3rd D Cross Road,,mixed
blr_e656fccaeca79a7e,3rd D Cross Road,three d cross road,3rd D Cross Road,,mixed
blr_e656fccaeca79a7e,3rd D Cross Road,third d cross road,3rd D Cross Road,,mixed
blr_e656fccaeca79a7e,3rd D Cross Road,in 3rd d cross road,3rd D Cross Road,,mixed
blr_e656fccaeca79a7e,3rd D Cross Road,near three d cross road,3rd D Cross Road,,mixed
blr_6cd9c58f9fecd32b,Bay 2nd,bay two,Bay 2,,mixed
blr_6cd9c58f9fecd32b,Bay 2nd,bay 2nd,Bay 2,,mixed
blr_6cd9c58f9fecd32b,Bay 2nd,bay second,Bay 2,,mixed
blr_6cd9c58f9fecd32b,Bay 2nd,in bay two,Bay 2,,mixed
blr_6cd9c58f9fecd32b,Bay 2nd,near bay 2nd,Bay 2,,mixed
blr_5c2362e5b7dc7b4a,Bay 3rd,bay three,Bay 3,,mixed
blr_5c2362e5b7dc7b4a,Bay 3rd,bay 3rd,Bay 3,,mixed
blr_5c2362e5b7dc7b4a,Bay 3rd,bay third,Bay 3,,mixed
blr_5c2362e5b7dc7b4a,Bay 3rd,in bay three,Bay 3,,mixed
blr_5c2362e5b7dc7b4a,Bay 3rd,near bay 3rd,Bay 3,,mixed
blr_e5fbe1621d04f10c,Bay 4th,bay 4th,Bay 4,,mixed
blr_e5fbe1621d04f10c,Bay 4th,bay fourth,Bay 4,,mixed
blr_e5fbe1621d04f10c,Bay 4th,bay four,Bay 4,,mixed
blr_e5fbe1621d04f10c,Bay 4th,in bay 4th,Bay 4,,mixed
blr_e5fbe1621d04f10c,Bay 4th,near bay fourth,Bay 4,,mixed
blr_33fa5ce90a8236b2,2nd E Cross Road,second e cross road,2nd E Cross Road,,mixed
blr_33fa5ce90a8236b2,2nd E Cross Road,2nd e cross road,2nd E Cross Road,,mixed
blr_33fa5ce90a8236b2,2nd E Cross Road,two e cross road,2nd E Cross Road,,mixed
blr_33fa5ce90a8236b2,2nd E Cross Road,in second e cross road,2nd E Cross Road,,mixed
blr_33fa5ce90a8236b2,2nd E Cross Road,near 2nd e cross road,2nd E Cross Road,,mixed
blr_c16d0eaae8afc9c8,44 Cross Road,44 cross road,44 Cross Road,,mixed
blr_c16d0eaae8afc9c8,44 Cross Road,in 44 cross road,44 Cross Road,,mixed
blr_c16d0eaae8afc9c8,44 Cross Road,near 44 cross road,44 Cross Road,,mixed
blr_c16d0eaae8afc9c8,44 Cross Road,around 44 cross road,44 Cross Road,,mixed
blr_c16d0eaae8afc9c8,44 Cross Road,44 cross road area,44 Cross Road,,mixed
blr_521a3bb0821c53e6,80 Feet Main Road,80 feet main road,80 Feet Main Road,,mixed
blr_521a3bb0821c53e6,80 Feet Main Road,in 80 feet main road,80 Feet Main Road,,mixed
blr_521a3bb0821c53e6,80 Feet Main Road,near 80 feet main road,80 Feet Main Road,,mixed
blr_521a3bb0821c53e6,80 Feet Main Road,around 80 feet main road,80 Feet Main Road,,mixed
blr_521a3bb0821c53e6,80 Feet Main Road,80 feet main road area,80 Feet Main Road,,mixed
blr_c439179a8a995e50,4th A Main Road,fourth a main road,4th A Main Road,,mixed
blr_c439179a8a995e50,4th A Main Road,four a main road,4th A Main Road,,mixed
blr_c439179a8a995e50,4th A Main Road,4th a main road,4th A Main Road,,mixed
blr_c439179a8a995e50,4th A Main Road,in fourth a main road,4th A Main Road,,mixed
blr_c439179a8a995e50,4th A Main Road,near four a main road,4th A Main Road,,mixed
blr_8bd25069610ccdb7,IOC Main Road,ioc main road,IOC Main Road,,mixed
blr_8bd25069610ccdb7,IOC Main Road,in ioc main road,IOC Main Road,,mixed
blr_8bd25069610ccdb7,IOC Main Road,near ioc main road,IOC Main Road,,mixed
blr_8bd25069610ccdb7,IOC Main Road,around ioc main road,IOC Main Road,,mixed
blr_8bd25069610ccdb7,IOC Main Road,ioc main road area,IOC Main Road,,mixed
blr_6bc902258d07ae7f,1st AA cross,1st aa cross,1st AA cross,,mixed
blr_6bc902258d07ae7f,1st AA cross,in 1st aa cross,1st AA cross,,mixed
blr_6bc902258d07ae7f,1st AA cross,near 1st aa cross,1st AA cross,,mixed
blr_6bc902258d07ae7f,1st AA cross,around 1st aa cross,1st AA cross,,mixed
blr_6bc902258d07ae7f,1st AA cross,1st aa cross area,1st AA cross,,mixed
blr_382e2f20b19d45b5,MF Norrona Street,mf norrona street,MF Norrona Street,,mixed
blr_382e2f20b19d45b5,MF Norrona Street,in mf norrona street,MF Norrona Street,,mixed
blr_382e2f20b19d45b5,MF Norrona Street,near mf norrona street,MF Norrona Street,,mixed
blr_382e2f20b19d45b5,MF Norrona Street,around mf norrona street,MF Norrona Street,,mixed
blr_382e2f20b19d45b5,MF Norrona Street,mf norrona street area,MF Norrona Street,,mixed
blr_ac7ddbf0916f13ff,38th Cross Road,3eight cross road,38th Cross Road,,mixed
blr_ac7ddbf0916f13ff,38th Cross Road,3eighth cross road,38th Cross Road,,mixed
blr_ac7ddbf0916f13ff,38th Cross Road,38th cross road,38th Cross Road,,mixed
blr_ac7ddbf0916f13ff,38th Cross Road,in 3eight cross road,38th Cross Road,,mixed
blr_ac7ddbf0916f13ff,38th Cross Road,near 3eighth cross road,38th Cross Road,,mixed
blr_566cd22bc002f678,36th Cross Road,36th cross road,36th Cross Road,,mixed
blr_566cd22bc002f678,36th Cross Road,3six cross road,36th Cross Road,,mixed
blr_566cd22bc002f678,36th Cross Road,3sixth cross road,36th Cross Road,,mixed
blr_566cd22bc002f678,36th Cross Road,in 36th cross road,36th Cross Road,,mixed
blr_566cd22bc002f678,36th Cross Road,near 3six cross road,36th Cross Road,,mixed
blr_d9821e8aa92a590d,10A Cross Road,10a cross road,10A Cross Road,,mixed
blr_d9821e8aa92a590d,10A Cross Road,in 10a cross road,10A Cross Road,,mixed
blr_d9821e8aa92a590d,10A Cross Road,near 10a cross road,10A Cross Road,,mixed
blr_d9821e8aa92a590d,10A Cross Road,around 10a cross road,10A Cross Road,,mixed
blr_d9821e8aa92a590d,10A Cross Road,10a cross road area,10A Cross Road,,mixed
blr_0aa9f64186965fb0,10B Cross Road,10b cross road,10B Cross Road,,mixed
blr_0aa9f64186965fb0,10B Cross Road,in 10b cross road,10B Cross Road,,mixed
blr_0aa9f64186965fb0,10B Cross Road,near 10b cross road,10B Cross Road,,mixed
blr_0aa9f64186965fb0,10B Cross Road,around 10b cross road,10B Cross Road,,mixed
blr_0aa9f64186965fb0,10B Cross Road,10b cross road area,10B Cross Road,,mixed
blr_1cd9be2c1be227bd,6th C Main Road,6th c main road,6th C Main Road,,mixed
blr_1cd9be2c1be227bd,6th C Main Road,six c main road,6th C Main Road,,mixed
blr_1cd9be2c1be227bd,6th C Main Road,sixth c main road,6th C Main Road,,mixed
blr_1cd9be2c1be227bd,6th C Main Road,in 6th c main road,6th C Main Road,,mixed
blr_1cd9be2c1be227bd,6th C Main Road,near six c main road,6th C Main Road,,mixed
blr_df8637e738dc7983,6th A Main Road,6th a main road,6th A Main Road,,mixed
blr_df8637e738dc7983,6th A Main Road,six a main road,6th A Main Road,,mixed
blr_df8637e738dc7983,6th A Main Road,sixth a main road,6th A Main Road,,mixed
blr_df8637e738dc7983,6th A Main Road,in 6th a main road,6th A Main Road,,mixed
blr_df8637e738dc7983,6th A Main Road,near six a main road,6th A Main Road,,mixed
blr_a6368571a0260632,11 A Main Road,11 a main road,11 A Main Road,,mixed
blr_a6368571a0260632,11 A Main Road,in 11 a main road,11 A Main Road,,mixed
blr_a6368571a0260632,11 A Main Road,near 11 a main road,11 A Main Road,,mixed
blr_a6368571a0260632,11 A Main Road,around 11 a main road,11 A Main Road,,mixed
blr_a6368571a0260632,11 A Main Road,11 a main road area,11 A Main Road,,mixed
blr_2fafe2d338f6dc99,5th A Cross,5th a cross,5th A Cross,,mixed
blr_2fafe2d338f6dc99,5th A Cross,five a cross,5th A Cross,,mixed
blr_2fafe2d338f6dc99,5th A Cross,fifth a cross,5th A Cross,,mixed
blr_2fafe2d338f6dc99,5th A Cross,in 5th a cross,5th A Cross,,mixed
blr_2fafe2d338f6dc99,5th A Cross,near five a cross,5th A Cross,,mixed
blr_1ce7902fad1b8b85,18th A Main Road,18th a main road,18th A Main Road,,mixed
blr_1ce7902fad1b8b85,18th A Main Road,1eighth a main road,18th A Main Road,,mixed
blr_1ce7902fad1b8b85,18th A Main Road,1eight a main road,18th A Main Road,,mixed
blr_1ce7902fad1b8b85,18th A Main Road,in 18th a main road,18th A Main Road,,mixed
blr_1ce7902fad1b8b85,18th A Main Road,near 1eighth a main road,18th A Main Road,,mixed
blr_67e243f34df044bd,1B Cross Road,1b cross road,1B Cross Road,,mixed
blr_67e243f34df044bd,1B Cross Road,in 1b cross road,1B Cross Road,,mixed
blr_67e243f34df044bd,1B Cross Road,near 1b cross road,1B Cross Road,,mixed
blr_67e243f34df044bd,1B Cross Road,around 1b cross road,1B Cross Road,,mixed
blr_67e243f34df044bd,1B Cross Road,1b cross road area,1B Cross Road,,mixed
blr_6c643e2308fc0ecf,18th B Main Road,1eighth b main road,18th B Main Road,,mixed
blr_6c643e2308fc0ecf,18th B Main Road,1eight b main road,18th B Main Road,,mixed
blr_6c643e2308fc0ecf,18th B Main Road,18th b main road,18th B Main Road,,mixed
blr_6c643e2308fc0ecf,18th B Main Road,in 1eighth b main road,18th B Main Road,,mixed
blr_6c643e2308fc0ecf,18th B Main Road,near 1eight b main road,18th B Main Road,,mixed
blr_754cf38a66f739c4,3rd E Cross,three e cross,3rd E Cross,,mixed
blr_754cf38a66f739c4,3rd E Cross,3rd e cross,3rd E Cross,,mixed
blr_754cf38a66f739c4,3rd E Cross,third e cross,3rd E Cross,,mixed
blr_754cf38a66f739c4,3rd E Cross,in three e cross,3rd E Cross,,mixed
blr_754cf38a66f739c4,3rd E Cross,near 3rd e cross,3rd E Cross,,mixed
blr_9be9ab63c30cef9d,2nd B Cross Road,2nd b cross road,2nd B Cross Road,,mixed
blr_9be9ab63c30cef9d,2nd B Cross Road,two b cross road,2nd B Cross Road,,mixed
blr_9be9ab63c30cef9d,2nd B Cross Road,second b cross road,2nd B Cross Road,,mixed
blr_9be9ab63c30cef9d,2nd B Cross Road,in 2nd b cross road,2nd B Cross Road,,mixed
blr_9be9ab63c30cef9d,2nd B Cross Road,near two b cross road,2nd B Cross Road,,mixed
blr_52405a7425815e5a,6th E Cross Road,sixth e cross road,6th E Cross Road,,mixed
blr_52405a7425815e5a,6th E Cross Road,six e cross road,6th E Cross Road,,mixed
blr_52405a7425815e5a,6th E Cross Road,6th e cross road,6th E Cross Road,,mixed
blr_52405a7425815e5a,6th E Cross Road,in sixth e cross road,6th E Cross Road,,mixed
blr_52405a7425815e5a,6th E Cross Road,near six e cross road,6th E Cross Road,,mixed
blr_e62067b3870a98cb,6th G Cross Road,six g cross road,6th G Cross Road,,mixed
blr_e62067b3870a98cb,6th G Cross Road,6th g cross road,6th G Cross Road,,mixed
blr_e62067b3870a98cb,6th G Cross Road,sixth g cross road,6th G Cross Road,,mixed
blr_e62067b3870a98cb,6th G Cross Road,in six g cross road,6th G Cross Road,,mixed
blr_e62067b3870a98cb,6th G Cross Road,near 6th g cross road,6th G Cross Road,,mixed
blr_55b6f67795e2b201,17th A1 Main Road,1seven a1 main road,17th A1 Main Road,,mixed
blr_55b6f67795e2b201,17th A1 Main Road,17th a1 main road,17th A1 Main Road,,mixed
blr_55b6f67795e2b201,17th A1 Main Road,1seventh a1 main road,17th A1 Main Road,,mixed
blr_55b6f67795e2b201,17th A1 Main Road,in 1seven a1 main road,17th A1 Main Road,,mixed
blr_55b6f67795e2b201,17th A1 Main Road,near 17th a1 main road,17th A1 Main Road,,mixed
blr_ad936dc01d467d99,17th A2 Main Road,1seventh a2 main road,17th A2 Main Road,,mixed
blr_ad936dc01d467d99,17th A2 Main Road,17th a2 main road,17th A2 Main Road,,mixed
blr_ad936dc01d467d99,17th A2 Main Road,1seven a2 main road,17th A2 Main Road,,mixed
blr_ad936dc01d467d99,17th A2 Main Road,in 1seventh a2 main road,17th A2 Main Road,,mixed
blr_ad936dc01d467d99,17th A2 Main Road,near 17th a2 main road,17th A2 Main Road,,mixed
blr_3c6840a01bd11ced,17th A3 Main Road,17th a3 main road,17th A3 Main Road,,mixed
blr_3c6840a01bd11ced,17th A3 Main Road,1seventh a3 main road,17th A3 Main Road,,mixed
blr_3c6840a01bd11ced,17th A3 Main Road,1seven a3 main road,17th A3 Main Road,,mixed
blr_3c6840a01bd11ced,17th A3 Main Road,in 17th a3 main road,17th A3 Main Road,,mixed
blr_3c6840a01bd11ced,17th A3 Main Road,near 1seventh a3 main road,17th A3 Main Road,,mixed
blr_567c7ca19a234da8,20th A Main Road,20th a main road,20th A Main Road,,mixed
blr_567c7ca19a234da8,20th A Main Road,in 20th a main road,20th A Main Road,,mixed
blr_567c7ca19a234da8,20th A Main Road,near 20th a main road,20th A Main Road,,mixed
blr_567c7ca19a234da8,20th A Main Road,around 20th a main road,20th A Main Road,,mixed
blr_567c7ca19a234da8,20th A Main Road,20th a main road area,20th A Main Road,,mixed
blr_a9248f452f071627,1st F Cross Road,1st f cross road,1st F Cross Road,,mixed
blr_a9248f452f071627,1st F Cross Road,in 1st f cross road,1st F Cross Road,,mixed
blr_a9248f452f071627,1st F Cross Road,near 1st f cross road,1st F Cross Road,,mixed
blr_a9248f452f071627,1st F Cross Road,around 1st f cross road,1st F Cross Road,,mixed
blr_a9248f452f071627,1st F Cross Road,1st f cross road area,1st F Cross Road,,mixed
blr_06328f67dcf706e2,1C Cross Road,1c cross road,1C Cross Road,,mixed
blr_06328f67dcf706e2,1C Cross Road,in 1c cross road,1C Cross Road,,mixed
blr_06328f67dcf706e2,1C Cross Road,near 1c cross road,1C Cross Road,,mixed
blr_06328f67dcf706e2,1C Cross Road,around 1c cross road,1C Cross Road,,mixed
blr_06328f67dcf706e2,1C Cross Road,1c cross road area,1C Cross Road,,mixed
blr_bde99db06f74650b,1st C Cross Road,1st c cross road,1 C Cross Road,,mixed
blr_bde99db06f74650b,1st C Cross Road,in 1st c cross road,1 C Cross Road,,mixed
blr_bde99db06f74650b,1st C Cross Road,near 1st c cross road,1 C Cross Road,,mixed
blr_bde99db06f74650b,1st C Cross Road,around 1st c cross road,1 C Cross Road,,mixed
blr_bde99db06f74650b,1st C Cross Road,1st c cross road area,1 C Cross Road,,mixed
blr_0bbe2bd11940367a,2nd C Main Road,two c main road,2nd C Main Road,,mixed
blr_0bbe2bd11940367a,2nd C Main Road,2nd c main road,2nd C Main Road,,mixed
blr_0bbe2bd11940367a,2nd C Main Road,second c main road,2nd C Main Road,,mixed
blr_0bbe2bd11940367a,2nd C Main Road,in two c main road,2nd C Main Road,,mixed
blr_0bbe2bd11940367a,2nd C Main Road,near 2nd c main road,2nd C Main Road,,mixed
blr_6d97884b7b314e45,1st E Main Road,1st e main road,1st E Main Road,,mixed
blr_6d97884b7b314e45,1st E Main Road,in 1st e main road,1st E Main Road,,mixed
blr_6d97884b7b314e45,1st E Main Road,near 1st e main road,1st E Main Road,,mixed
blr_6d97884b7b314e45,1st E Main Road,around 1st e main road,1st E Main Road,,mixed
blr_6d97884b7b314e45,1st E Main Road,1st e main road area,1st E Main Road,,mixed
blr_e0eae1218c1cdce1,2nd D Main Road,2nd d main road,2nd D Main Road,,mixed
blr_e0eae1218c1cdce1,2nd D Main Road,two d main road,2nd D Main Road,,mixed
blr_e0eae1218c1cdce1,2nd D Main Road,second d main road,2nd D Main Road,,mixed
blr_e0eae1218c1cdce1,2nd D Main Road,in 2nd d main road,2nd D Main Road,,mixed
blr_e0eae1218c1cdce1,2nd D Main Road,near two d main road,2nd D Main Road,,mixed
blr_c3e6919a7aa0e4ba,2nd E Main Road,two e main road,2nd E Main Road,,mixed
blr_c3e6919a7aa0e4ba,2nd E Main Road,2nd e main road,2nd E Main Road,,mixed
blr_c3e6919a7aa0e4ba,2nd E Main Road,second e main road,2nd E Main Road,,mixed
blr_c3e6919a7aa0e4ba,2nd E Main Road,in two e main road,2nd E Main Road,,mixed
blr_c3e6919a7aa0e4ba,2nd E Main Road,near 2nd e main road,2nd E Main Road,,mixed
blr_9dbb294dd4fc557b,2nd F Main Road,2nd f main road,2nd F Main Road,,mixed
blr_9dbb294dd4fc557b,2nd F Main Road,two f main road,2nd F Main Road,,mixed
blr_9dbb294dd4fc557b,2nd F Main Road,second f main road,2nd F Main Road,,mixed
blr_9dbb294dd4fc557b,2nd F Main Road,in 2nd f main road,2nd F Main Road,,mixed
blr_9dbb294dd4fc557b,2nd F Main Road,near two f main road,2nd F Main Road,,mixed
blr_67ed2a360fba2a37,2nd G Main Road,second g main road,2nd G Main Road,,mixed
blr_67ed2a360fba2a37,2nd G Main Road,2nd g main road,2nd G Main Road,,mixed
blr_67ed2a360fba2a37,2nd G Main Road,two g main road,2nd G Main Road,,mixed
blr_67ed2a360fba2a37,2nd G Main Road,in second g main road,2nd G Main Road,,mixed
blr_67ed2a360fba2a37,2nd G Main Road,near 2nd g main road,2nd G Main Road,,mixed
blr_ae8af547078fcc63,2nd H Main Road,2nd h main road,2nd H Main Road,,mixed
blr_ae8af547078fcc63,2nd H Main Road,second h main road,2nd H Main Road,,mixed
blr_ae8af547078fcc63,2nd H Main Road,two h main road,2nd H Main Road,,mixed
blr_ae8af547078fcc63,2nd H Main Road,in 2nd h main road,2nd H Main Road,,mixed
blr_ae8af547078fcc63,2nd H Main Road,near second h main road,2nd H Main Road,,mixed
blr_7a6c53edaf9f0b9e,39 A Cross Road,39 a cross road,39 A Cross Road,,mixed
blr_7a6c53edaf9f0b9e,39 A Cross Road,in 39 a cross road,39 A Cross Road,,mixed
blr_7a6c53edaf9f0b9e,39 A Cross Road,near 39 a cross road,39 A Cross Road,,mixed
blr_7a6c53edaf9f0b9e,39 A Cross Road,around 39 a cross road,39 A Cross Road,,mixed
blr_7a6c53edaf9f0b9e,39 A Cross Road,39 a cross road area,39 A Cross Road,,mixed
blr_f896bd28497da070,45th Cross Road,45th cross road,45th Cross Road,,mixed
blr_f896bd28497da070,45th Cross Road,4fifth cross road,45th Cross Road,,mixed
blr_f896bd28497da070,45th Cross Road,4five cross road,45th Cross Road,,mixed
blr_f896bd28497da070,45th Cross Road,in 45th cross road,45th Cross Road,,mixed
blr_f896bd28497da070,45th Cross Road,near 4fifth cross road,45th Cross Road,,mixed
blr_f58879085107d026,32 Cross Road,32 cross road,32 Cross Road,,mixed
blr_f58879085107d026,32 Cross Road,in 32 cross road,32 Cross Road,,mixed
blr_f58879085107d026,32 Cross Road,near 32 cross road,32 Cross Road,,mixed
blr_f58879085107d026,32 Cross Road,around 32 cross road,32 Cross Road,,mixed
blr_f58879085107d026,32 Cross Road,32 cross road area,32 Cross Road,,mixed
blr_620fdd3aaa44d12f,16 A Main Road,16 a main road,16 A Main Road,,mixed
blr_620fdd3aaa44d12f,16 A Main Road,in 16 a main road,16 A Main Road,,mixed
blr_620fdd3aaa44d12f,16 A Main Road,near 16 a main road,16 A Main Road,,mixed
blr_620fdd3aaa44d12f,16 A Main Road,around 16 a main road,16 A Main Road,,mixed
blr_620fdd3aaa44d12f,16 A Main Road,16 a main road area,16 A Main Road,,mixed
blr_9ddffd5b402fb8ba,34B Cross Road,34b cross road,34B Cross Road,,mixed
blr_9ddffd5b402fb8ba,34B Cross Road,in 34b cross road,34B Cross Road,,mixed
blr_9ddffd5b402fb8ba,34B Cross Road,near 34b cross road,34B Cross Road,,mixed
blr_9ddffd5b402fb8ba,34B Cross Road,around 34b cross road,34B Cross Road,,mixed
blr_9ddffd5b402fb8ba,34B Cross Road,34b cross road area,34B Cross Road,,mixed
blr_ba8c6293a089f736,37A Cross,37a cross,37A Cross,,mixed
blr_ba8c6293a089f736,37A Cross,in 37a cross,37A Cross,,mixed
blr_ba8c6293a089f736,37A Cross,near 37a cross,37A Cross,,mixed
blr_ba8c6293a089f736,37A Cross,around 37a cross,37A Cross,,mixed
blr_ba8c6293a089f736,37A Cross,37a cross area,37A Cross,,mixed
blr_09d5280b8573de66,37B Cross,37b cross,37B Cross,,mixed
blr_09d5280b8573de66,37B Cross,in 37b cross,37B Cross,,mixed
blr_09d5280b8573de66,37B Cross,near 37b cross,37B Cross,,mixed
blr_09d5280b8573de66,37B Cross,around 37b cross,37B Cross,,mixed
blr_09d5280b8573de66,37B Cross,37b cross area,37B Cross,,mixed
blr_f410cbd8012c65e6,37C Cross,37c cross,37C Cross,,mixed
blr_f410cbd8012c65e6,37C Cross,in 37c cross,37C Cross,,mixed
blr_f410cbd8012c65e6,37C Cross,near 37c cross,37C Cross,,mixed
blr_f410cbd8012c65e6,37C Cross,around 37c cross,37C Cross,,mixed
blr_f410cbd8012c65e6,37C Cross,37c cross area,37C Cross,,mixed
blr_3fefe8b3d806efec,16A Main,16a main,16A Main,,mixed
blr_3fefe8b3d806efec,16A Main,in 16a main,16A Main,,mixed
blr_3fefe8b3d806efec,16A Main,near 16a main,16A Main,,mixed
blr_3fefe8b3d806efec,16A Main,around 16a main,16A Main,,mixed
blr_3fefe8b3d806efec,16A Main,16a main area,16A Main,,mixed
blr_adea1191d1bba04e,11th A Main Road,11th a main road,11th A Main Road,,mixed
blr_adea1191d1bba04e,11th A Main Road,in 11th a main road,11th A Main Road,,mixed
blr_adea1191d1bba04e,11th A Main Road,near 11th a main road,11th A Main Road,,mixed
blr_adea1191d1bba04e,11th A Main Road,around 11th a main road,11th A Main Road,,mixed
blr_adea1191d1bba04e,11th A Main Road,11th a main road area,11th A Main Road,,mixed
blr_a17c4744b28faeb4,39th F Cross Road,3nine f cross road,39th F Cross Road,,mixed
blr_a17c4744b28faeb4,39th F Cross Road,3ninth f cross road,39th F Cross Road,,mixed
blr_a17c4744b28faeb4,39th F Cross Road,39th f cross road,39th F Cross Road,,mixed
blr_a17c4744b28faeb4,39th F Cross Road,in 3nine f cross road,39th F Cross Road,,mixed
blr_a17c4744b28faeb4,39th F Cross Road,near 3ninth f cross road,39th F Cross Road,,mixed
blr_5917f902503b0a11,41st Cross Road- District Fund Road,41st cross road district fund road,41st Cross Road- District Fund Road,,mixed
blr_5917f902503b0a11,41st Cross Road- District Fund Road,in 41st cross road district fund road,41st Cross Road- District Fund Road,,mixed
blr_5917f902503b0a11,41st Cross Road- District Fund Road,near 41st cross road district fund road,41st Cross Road- District Fund Road,,mixed
blr_5917f902503b0a11,41st Cross Road- District Fund Road,around 41st cross road district fund road,41st Cross Road- District Fund Road,,mixed
blr_5917f902503b0a11,41st Cross Road- District Fund Road,41st cross road district fund road area,41st Cross Road- District Fund Road,,mixed
blr_0ad9e288ab6449b9,18th C Main Road,1eighth c main road,18th C Main Road,,mixed
blr_0ad9e288ab6449b9,18th C Main Road,1eight c main road,18th C Main Road,,mixed
blr_0ad9e288ab6449b9,18th C Main Road,18th c main road,18th C Main Road,,mixed
blr_0ad9e288ab6449b9,18th C Main Road,in 1eighth c main road,18th C Main Road,,mixed
blr_0ad9e288ab6449b9,18th C Main Road,near 1eight c main road,18th C Main Road,,mixed
blr_811aad114807e5e9,25 A Main Road,25 a main road,25 A Main Road,,mixed
blr_811aad114807e5e9,25 A Main Road,in 25 a main road,25 A Main Road,,mixed
blr_811aad114807e5e9,25 A Main Road,near 25 a main road,25 A Main Road,,mixed
blr_811aad114807e5e9,25 A Main Road,around 25 a main road,25 A Main Road,,mixed
blr_811aad114807e5e9,25 A Main Road,25 a main road area,25 A Main Road,,mixed
blr_56c2572ebb492abf,ISRO Road,isro road,ISRO Road,,mixed
blr_56c2572ebb492abf,ISRO Road,in isro road,ISRO Road,,mixed
blr_56c2572ebb492abf,ISRO Road,near isro road,ISRO Road,,mixed
blr_56c2572ebb492abf,ISRO Road,around isro road,ISRO Road,,mixed
blr_56c2572ebb492abf,ISRO Road,isro road area,ISRO Road,,mixed
blr_19f40e2f199a30b3,6th A Cross,sixth a cross,6th A Cross,,mixed
blr_19f40e2f199a30b3,6th A Cross,6th a cross,6th A Cross,,mixed
blr_19f40e2f199a30b3,6th A Cross,six a cross,6th A Cross,,mixed
blr_19f40e2f199a30b3,6th A Cross,in sixth a cross,6th A Cross,,mixed
blr_19f40e2f199a30b3,6th A Cross,near 6th a cross,6th A Cross,,mixed
blr_2c1f96fc0a833bd0,5B Road,5b road,5B Road,,mixed
blr_2c1f96fc0a833bd0,5B Road,in 5b road,5B Road,,mixed
blr_2c1f96fc0a833bd0,5B Road,near 5b road,5B Road,,mixed
blr_2c1f96fc0a833bd0,5B Road,around 5b road,5B Road,,mixed
blr_2c1f96fc0a833bd0,5B Road,5b road area,5B Road,,mixed
blr_7d0a7f6961db33d1,8th Road,eight road,8th Road,,mixed
blr_7d0a7f6961db33d1,8th Road,8th road,8th Road,,mixed
blr_7d0a7f6961db33d1,8th Road,eighth road,8th Road,,mixed
blr_7d0a7f6961db33d1,8th Road,in eight road,8th Road,,mixed
blr_7d0a7f6961db33d1,8th Road,near 8th road,8th Road,,mixed
blr_259401cd486ae9e5,1st A & 3rd A Link Road,1st a  3rd a link road,1st A & 3rd A Link Road,,mixed
blr_259401cd486ae9e5,1st A & 3rd A Link Road,1st a  third a link road,1st A & 3rd A Link Road,,mixed
blr_259401cd486ae9e5,1st A & 3rd A Link Road,1st a  three a link road,1st A & 3rd A Link Road,,mixed
blr_259401cd486ae9e5,1st A & 3rd A Link Road,in 1st a  3rd a link road,1st A & 3rd A Link Road,,mixed
blr_259401cd486ae9e5,1st A & 3rd A Link Road,near 1st a  third a link road,1st A & 3rd A Link Road,,mixed
blr_4c7eda1c2d8380f5,TMR Road,tmr road,TMR Road,,mixed
blr_4c7eda1c2d8380f5,TMR Road,in tmr road,TMR Road,,mixed
blr_4c7eda1c2d8380f5,TMR Road,near tmr road,TMR Road,,mixed
blr_4c7eda1c2d8380f5,TMR Road,around tmr road,TMR Road,,mixed
blr_4c7eda1c2d8380f5,TMR Road,tmr road area,TMR Road,,mixed
blr_cf1f1b47df624475,SLV Spring Fields,slv spring fields,SLV Spring Fields,,mixed
blr_cf1f1b47df624475,SLV Spring Fields,in slv spring fields,SLV Spring Fields,,mixed
blr_cf1f1b47df624475,SLV Spring Fields,near slv spring fields,SLV Spring Fields,,mixed
blr_cf1f1b47df624475,SLV Spring Fields,around slv spring fields,SLV Spring Fields,,mixed
blr_cf1f1b47df624475,SLV Spring Fields,slv spring fields area,SLV Spring Fields,,mixed
blr_11243a534c392723,28th Cross Rd,28th cross rd,28th Cross Rd,,mixed
blr_11243a534c392723,28th Cross Rd,2eighth cross rd,28th Cross Rd,,mixed
blr_11243a534c392723,28th Cross Rd,2eight cross rd,28th Cross Rd,,mixed
blr_11243a534c392723,28th Cross Rd,in 28th cross rd,28th Cross Rd,,mixed
blr_11243a534c392723,28th Cross Rd,near 2eighth cross rd,28th Cross Rd,,mixed
blr_6860e4e0d7676658,RKH 1st Main Road,rkh 1st main road,RKH 1st Main Road,,mixed
blr_6860e4e0d7676658,RKH 1st Main Road,in rkh 1st main road,RKH 1st Main Road,,mixed
blr_6860e4e0d7676658,RKH 1st Main Road,near rkh 1st main road,RKH 1st Main Road,,mixed
blr_6860e4e0d7676658,RKH 1st Main Road,around rkh 1st main road,RKH 1st Main Road,,mixed
blr_6860e4e0d7676658,RKH 1st Main Road,rkh 1st main road area,RKH 1st Main Road,,mixed
blr_3f6e4c1afa56402f,4th Avenue,fourth avenue,4th Avenue,,mixed
blr_3f6e4c1afa56402f,4th Avenue,four avenue,4th Avenue,,mixed
blr_3f6e4c1afa56402f,4th Avenue,4th avenue,4th Avenue,,mixed
blr_3f6e4c1afa56402f,4th Avenue,in fourth avenue,4th Avenue,,mixed
blr_3f6e4c1afa56402f,4th Avenue,near four avenue,4th Avenue,,mixed
blr_370859c90272a1cb,HMT Main Road,hmt main road,HMT Main Road,,mixed
blr_370859c90272a1cb,HMT Main Road,in hmt main road,HMT Main Road,,mixed
blr_370859c90272a1cb,HMT Main Road,near hmt main road,HMT Main Road,,mixed
blr_370859c90272a1cb,HMT Main Road,around hmt main road,HMT Main Road,,mixed
blr_370859c90272a1cb,HMT Main Road,hmt main road area,HMT Main Road,,mixed
blr_2d6c76435a524685,BDS Gardens,bds gardens,BDS Gardens,,mixed
blr_2d6c76435a524685,BDS Gardens,in bds gardens,BDS Gardens,,mixed
blr_2d6c76435a524685,BDS Gardens,near bds gardens,BDS Gardens,,mixed
blr_2d6c76435a524685,BDS Gardens,around bds gardens,BDS Gardens,,mixed
blr_2d6c76435a524685,BDS Gardens,bds gardens area,BDS Gardens,,mixed
blr_87d64a2ab537e00a,3rd A Main,three a main,3rd A Main,,mixed
blr_87d64a2ab537e00a,3rd A Main,3rd a main,3rd A Main,,mixed
blr_87d64a2ab537e00a,3rd A Main,third a main,3rd A Main,,mixed
blr_87d64a2ab537e00a,3rd A Main,in three a main,3rd A Main,,mixed
blr_87d64a2ab537e00a,3rd A Main,near 3rd a main,3rd A Main,,mixed
blr_bb4339adbdb4413f,2nd A Main,second a main,2nd A Main,,mixed
blr_bb4339adbdb4413f,2nd A Main,two a main,2nd A Main,,mixed
blr_bb4339adbdb4413f,2nd A Main,2nd a main,2nd A Main,,mixed
blr_bb4339adbdb4413f,2nd A Main,in second a main,2nd A Main,,mixed
blr_bb4339adbdb4413f,2nd A Main,near two a main,2nd A Main,,mixed
blr_daef98881131b78e,2nd A Cross,two a cross,2nd A Cross,,mixed
blr_daef98881131b78e,2nd A Cross,2nd a cross,2nd A Cross,,mixed
blr_daef98881131b78e,2nd A Cross,second a cross,2nd A Cross,,mixed
blr_daef98881131b78e,2nd A Cross,in two a cross,2nd A Cross,,mixed
blr_daef98881131b78e,2nd A Cross,near 2nd a cross,2nd A Cross,,mixed
blr_0f4da633295dc3a4,3rd A Cross,3rd a cross,3rd A Cross,,mixed
blr_0f4da633295dc3a4,3rd A Cross,three a cross,3rd A Cross,,mixed
blr_0f4da633295dc3a4,3rd A Cross,third a cross,3rd A Cross,,mixed
blr_0f4da633295dc3a4,3rd A Cross,in 3rd a cross,3rd A Cross,,mixed
blr_0f4da633295dc3a4,3rd A Cross,near three a cross,3rd A Cross,,mixed
blr_eb1f2b9c715ab735,3rd B Cross,third b cross,3rd B Cross,,mixed
blr_eb1f2b9c715ab735,3rd B Cross,3rd b cross,3rd B Cross,,mixed
blr_eb1f2b9c715ab735,3rd B Cross,three b cross,3rd B Cross,,mixed
blr_eb1f2b9c715ab735,3rd B Cross,in third b cross,3rd B Cross,,mixed
blr_eb1f2b9c715ab735,3rd B Cross,near 3rd b cross,3rd B Cross,,mixed
blr_a35e5c82f665af6a,1st B Main,1st b main,1st B Main,,mixed
blr_a35e5c82f665af6a,1st B Main,in 1st b main,1st B Main,,mixed
blr_a35e5c82f665af6a,1st B Main,near 1st b main,1st B Main,,mixed
blr_a35e5c82f665af6a,1st B Main,around 1st b main,1st B Main,,mixed
blr_a35e5c82f665af6a,1st B Main,1st b main area,1st B Main,,mixed
blr_ad849fc928b5c694,12th A Main,12th a main,12th A Main,,mixed
blr_ad849fc928b5c694,12th A Main,in 12th a main,12th A Main,,mixed
blr_ad849fc928b5c694,12th A Main,near 12th a main,12th A Main,,mixed
blr_ad849fc928b5c694,12th A Main,around 12th a main,12th A Main,,mixed
blr_ad849fc928b5c694,12th A Main,12th a main area,12th A Main,,mixed
blr_c8e58c55c92ec0fd,12th B Main Road,12th b main road,12th B Main Road,,mixed
blr_c8e58c55c92ec0fd,12th B Main Road,in 12th b main road,12th B Main Road,,mixed
blr_c8e58c55c92ec0fd,12th B Main Road,near 12th b main road,12th B Main Road,,mixed
blr_c8e58c55c92ec0fd,12th B Main Road,around 12th b main road,12th B Main Road,,mixed
blr_c8e58c55c92ec0fd,12th B Main Road,12th b main road area,12th B Main Road,,mixed
blr_975bb9c85bf20b69,14th A Main Road,14th a main road,14th A Main Road,,mixed
blr_975bb9c85bf20b69,14th A Main Road,1four a main road,14th A Main Road,,mixed
blr_975bb9c85bf20b69,14th A Main Road,1fourth a main road,14th A Main Road,,mixed
blr_975bb9c85bf20b69,14th A Main Road,in 14th a main road,14th A Main Road,,mixed
blr_975bb9c85bf20b69,14th A Main Road,near 1four a main road,14th A Main Road,,mixed
blr_6467802e460fc514,17th Main,1seven main,17th Main,,mixed
blr_6467802e460fc514,17th Main,17th main,17th Main,,mixed
blr_6467802e460fc514,17th Main,1seventh main,17th Main,,mixed
blr_6467802e460fc514,17th Main,in 1seven main,17th Main,,mixed
blr_6467802e460fc514,17th Main,near 17th main,17th Main,,mixed
blr_0bf7638c27265390,Someshwarpura 1st Main Road,someshwarpura 1st main road,Someshwarpura 1st Main Road,,mixed
blr_0bf7638c27265390,Someshwarpura 1st Main Road,in someshwarpura 1st main road,Someshwarpura 1st Main Road,,mixed
blr_0bf7638c27265390,Someshwarpura 1st Main Road,near someshwarpura 1st main road,Someshwarpura 1st Main Road,,mixed
blr_0bf7638c27265390,Someshwarpura 1st Main Road,around someshwarpura 1st main road,Someshwarpura 1st Main Road,,mixed
blr_0bf7638c27265390,Someshwarpura 1st Main Road,someshwarpura 1st main road area,Someshwarpura 1st Main Road,,mixed
blr_6ac78aaf4759c4ab,Dr. CV Raman Road,dr cv raman road,Dr. CV Raman Road,,mixed
blr_6ac78aaf4759c4ab,Dr. CV Raman Road,in dr cv raman road,Dr. CV Raman Road,,mixed
blr_6ac78aaf4759c4ab,Dr. CV Raman Road,near dr cv raman road,Dr. CV Raman Road,,mixed
blr_6ac78aaf4759c4ab,Dr. CV Raman Road,around dr cv raman road,Dr. CV Raman Road,,mixed
blr_6ac78aaf4759c4ab,Dr. CV Raman Road,dr cv raman road area,Dr. CV Raman Road,,mixed
blr_dac1734957ed0e24,LCR School Road,lcr school road,LCR School Road,,mixed
blr_dac1734957ed0e24,LCR School Road,in lcr school road,LCR School Road,,mixed
blr_dac1734957ed0e24,LCR School Road,near lcr school road,LCR School Road,,mixed
blr_dac1734957ed0e24,LCR School Road,around lcr school road,LCR School Road,,mixed
blr_dac1734957ed0e24,LCR School Road,lcr school road area,LCR School Road,,mixed
blr_e1b984c373dce2d7,17th A Cross Road,1seventh a cross road,17th A Cross Road,,mixed
blr_e1b984c373dce2d7,17th A Cross Road,1seven a cross road,17th A Cross Road,,mixed
blr_e1b984c373dce2d7,17th A Cross Road,17th a cross road,17th A Cross Road,,mixed
blr_e1b984c373dce2d7,17th A Cross Road,in 1seventh a cross road,17th A Cross Road,,mixed
blr_e1b984c373dce2d7,17th A Cross Road,near 1seven a cross road,17th A Cross Road,,mixed
blr_46153265a09f2282,Conservancy Lane 3rd,conservancy lane third,Conservancy Lane 3,,mixed
blr_46153265a09f2282,Conservancy Lane 3rd,conservancy lane 3rd,Conservancy Lane 3,,mixed
blr_46153265a09f2282,Conservancy Lane 3rd,conservancy lane three,Conservancy Lane 3,,mixed
blr_46153265a09f2282,Conservancy Lane 3rd,in conservancy lane third,Conservancy Lane 3,,mixed
blr_46153265a09f2282,Conservancy Lane 3rd,near conservancy lane 3rd,Conservancy Lane 3,,mixed
blr_0dcb52b2018ac9dc,Conservancy Lane 4th,conservancy lane four,Conservancy Lane 4,,mixed
blr_0dcb52b2018ac9dc,Conservancy Lane 4th,conservancy lane 4th,Conservancy Lane 4,,mixed
blr_0dcb52b2018ac9dc,Conservancy Lane 4th,conservancy lane fourth,Conservancy Lane 4,,mixed
blr_0dcb52b2018ac9dc,Conservancy Lane 4th,in conservancy lane four,Conservancy Lane 4,,mixed
blr_0dcb52b2018ac9dc,Conservancy Lane 4th,near conservancy lane 4th,Conservancy Lane 4,,mixed
blr_045b85a1d0fa5713,2nd Temple Street,2nd temple street,2nd Temple Street,,mixed
blr_045b85a1d0fa5713,2nd Temple Street,two temple street,2nd Temple Street,,mixed
blr_045b85a1d0fa5713,2nd Temple Street,second temple street,2nd Temple Street,,mixed
blr_045b85a1d0fa5713,2nd Temple Street,in 2nd temple street,2nd Temple Street,,mixed
blr_045b85a1d0fa5713,2nd Temple Street,near two temple street,2nd Temple Street,,mixed
blr_d0a18e3547281dd9,5th Temple Street,5th temple street,5th Temple Street,,mixed
blr_d0a18e3547281dd9,5th Temple Street,fifth temple street,5th Temple Street,,mixed
blr_d0a18e3547281dd9,5th Temple Street,five temple street,5th Temple Street,,mixed
blr_d0a18e3547281dd9,5th Temple Street,in 5th temple street,5th Temple Street,,mixed
blr_d0a18e3547281dd9,5th Temple Street,near fifth temple street,5th Temple Street,,mixed
blr_7fd2956235aa4f43,11th C Cross Road,11th c cross road,11th C Cross Road,,mixed
blr_7fd2956235aa4f43,11th C Cross Road,in 11th c cross road,11th C Cross Road,,mixed
blr_7fd2956235aa4f43,11th C Cross Road,near 11th c cross road,11th C Cross Road,,mixed
blr_7fd2956235aa4f43,11th C Cross Road,around 11th c cross road,11th C Cross Road,,mixed
blr_7fd2956235aa4f43,11th C Cross Road,11th c cross road area,11th C Cross Road,,mixed
blr_4dd8de8d432aa4a9,4th Temple Street,4th temple street,4th Temple Street,,mixed
blr_4dd8de8d432aa4a9,4th Temple Street,fourth temple street,4th Temple Street,,mixed
blr_4dd8de8d432aa4a9,4th Temple Street,four temple street,4th Temple Street,,mixed
blr_4dd8de8d432aa4a9,4th Temple Street,in 4th temple street,4th Temple Street,,mixed
blr_4dd8de8d432aa4a9,4th Temple Street,near fourth temple street,4th Temple Street,,mixed
blr_14ced84fe081048b,3rd Temple Street,3rd temple street,3rd Temple Street,,mixed
blr_14ced84fe081048b,3rd Temple Street,third temple street,3rd Temple Street,,mixed
blr_14ced84fe081048b,3rd Temple Street,three temple street,3rd Temple Street,,mixed
blr_14ced84fe081048b,3rd Temple Street,in 3rd temple street,3rd Temple Street,,mixed
blr_14ced84fe081048b,3rd Temple Street,near third temple street,3rd Temple Street,,mixed
blr_129b45405e249e84,D B Street,d b street,D B Street,,mixed
blr_129b45405e249e84,D B Street,in d b street,D B Street,,mixed
blr_129b45405e249e84,D B Street,near d b street,D B Street,,mixed
blr_129b45405e249e84,D B Street,around d b street,D B Street,,mixed
blr_129b45405e249e84,D B Street,d b street area,D B Street,,mixed
blr_fa19cf8c680601ee,Conservancy Lane 1st,conservancy lane 1st,Conservancy Lane 1,,mixed
blr_fa19cf8c680601ee,Conservancy Lane 1st,in conservancy lane 1st,Conservancy Lane 1,,mixed
blr_fa19cf8c680601ee,Conservancy Lane 1st,near conservancy lane 1st,Conservancy Lane 1,,mixed
blr_fa19cf8c680601ee,Conservancy Lane 1st,around conservancy lane 1st,Conservancy Lane 1,,mixed
blr_fa19cf8c680601ee,Conservancy Lane 1st,conservancy lane 1st area,Conservancy Lane 1,,mixed
blr_0a6e63063336eb93,6th Race Course Cross Road,6th race course cross road,6th Race Course Cross Road,,mixed
blr_0a6e63063336eb93,6th Race Course Cross Road,sixth race course cross road,6th Race Course Cross Road,,mixed
blr_0a6e63063336eb93,6th Race Course Cross Road,six race course cross road,6th Race Course Cross Road,,mixed
blr_0a6e63063336eb93,6th Race Course Cross Road,in 6th race course cross road,6th Race Course Cross Road,,mixed
blr_0a6e63063336eb93,6th Race Course Cross Road,near sixth race course cross road,6th Race Course Cross Road,,mixed
blr_d718dc667074bdf4,BGS Flyover,bgs flyover,BGS Flyover,,mixed
blr_d718dc667074bdf4,BGS Flyover,in bgs flyover,BGS Flyover,,mixed
blr_d718dc667074bdf4,BGS Flyover,near bgs flyover,BGS Flyover,,mixed
blr_d718dc667074bdf4,BGS Flyover,around bgs flyover,BGS Flyover,,mixed
blr_d718dc667074bdf4,BGS Flyover,bgs flyover area,BGS Flyover,,mixed
blr_34f7508a2c415021,SJP Road,sjp road,SJP Road,,mixed
blr_34f7508a2c415021,SJP Road,in sjp road,SJP Road,,mixed
blr_34f7508a2c415021,SJP Road,near sjp road,SJP Road,,mixed
blr_34f7508a2c415021,SJP Road,around sjp road,SJP Road,,mixed
blr_34f7508a2c415021,SJP Road,sjp road area,SJP Road,,mixed
blr_adbd84df29eea6e0,Doctor TCM Royan Road,doctor tcm royan road,Doctor TCM Royan Road,,mixed
blr_adbd84df29eea6e0,Doctor TCM Royan Road,in doctor tcm royan road,Doctor TCM Royan Road,,mixed
blr_adbd84df29eea6e0,Doctor TCM Royan Road,near doctor tcm royan road,Doctor TCM Royan Road,,mixed
blr_adbd84df29eea6e0,Doctor TCM Royan Road,around doctor tcm royan road,Doctor TCM Royan Road,,mixed
blr_adbd84df29eea6e0,Doctor TCM Royan Road,doctor tcm royan road area,Doctor TCM Royan Road,,mixed
blr_aa1fe0ec1e09e6f3,W H Hanumanthappa Road,w h hanumanthappa road,W H Hanumanthappa Road,,mixed
blr_aa1fe0ec1e09e6f3,W H Hanumanthappa Road,in w h hanumanthappa road,W H Hanumanthappa Road,,mixed
blr_aa1fe0ec1e09e6f3,W H Hanumanthappa Road,near w h hanumanthappa road,W H Hanumanthappa Road,,mixed
blr_aa1fe0ec1e09e6f3,W H Hanumanthappa Road,around w h hanumanthappa road,W H Hanumanthappa Road,,mixed
blr_aa1fe0ec1e09e6f3,W H Hanumanthappa Road,w h hanumanthappa road area,W H Hanumanthappa Road,,mixed
blr_c12b90115060e3f9,5th Main Cross Road,5th main cross road,5th Main Cross Road,,mixed
blr_c12b90115060e3f9,5th Main Cross Road,fifth main cross road,5th Main Cross Road,,mixed
blr_c12b90115060e3f9,5th Main Cross Road,five main cross road,5th Main Cross Road,,mixed
blr_c12b90115060e3f9,5th Main Cross Road,in 5th main cross road,5th Main Cross Road,,mixed
blr_c12b90115060e3f9,5th Main Cross Road,near fifth main cross road,5th Main Cross Road,,mixed
blr_9795ef094beb9f2c,Shri J Lingaiah Road,shri j lingaiah road,Shri J Lingaiah Road,,mixed
blr_9795ef094beb9f2c,Shri J Lingaiah Road,in shri j lingaiah road,Shri J Lingaiah Road,,mixed
blr_9795ef094beb9f2c,Shri J Lingaiah Road,near shri j lingaiah road,Shri J Lingaiah Road,,mixed
blr_9795ef094beb9f2c,Shri J Lingaiah Road,around shri j lingaiah road,Shri J Lingaiah Road,,mixed
blr_9795ef094beb9f2c,Shri J Lingaiah Road,shri j lingaiah road area,Shri J Lingaiah Road,,mixed
blr_4a66924ee3cdae24,50th Cross Road,50th cross road,50th Cross Road,,mixed
blr_4a66924ee3cdae24,50th Cross Road,in 50th cross road,50th Cross Road,,mixed
blr_4a66924ee3cdae24,50th Cross Road,near 50th cross road,50th Cross Road,,mixed
blr_4a66924ee3cdae24,50th Cross Road,around 50th cross road,50th Cross Road,,mixed
blr_4a66924ee3cdae24,50th Cross Road,50th cross road area,50th Cross Road,,mixed
blr_cf68e5753dfee5e7,Slater House A Street,slater house a street,Slater House A Street,,mixed
blr_cf68e5753dfee5e7,Slater House A Street,in slater house a street,Slater House A Street,,mixed
blr_cf68e5753dfee5e7,Slater House A Street,near slater house a street,Slater House A Street,,mixed
blr_cf68e5753dfee5e7,Slater House A Street,around slater house a street,Slater House A Street,,mixed
blr_cf68e5753dfee5e7,Slater House A Street,slater house a street area,Slater House A Street,,mixed
blr_f613363b88a066aa,LM Street,lm street,LM Street,,mixed
blr_f613363b88a066aa,LM Street,in lm street,LM Street,,mixed
blr_f613363b88a066aa,LM Street,near lm street,LM Street,,mixed
blr_f613363b88a066aa,LM Street,around lm street,LM Street,,mixed
blr_f613363b88a066aa,LM Street,lm street area,LM Street,,mixed
blr_716e3ce6fa7a0e90,AM Road,am road,AM Road,,mixed
blr_716e3ce6fa7a0e90,AM Road,in am road,AM Road,,mixed
blr_716e3ce6fa7a0e90,AM Road,near am road,AM Road,,mixed
blr_716e3ce6fa7a0e90,AM Road,around am road,AM Road,,mixed
blr_716e3ce6fa7a0e90,AM Road,am road area,AM Road,,mixed
blr_436c3af33aaff4df,1st Street,1st street,1st Street,,mixed
blr_436c3af33aaff4df,1st Street,in 1st street,1st Street,,mixed
blr_436c3af33aaff4df,1st Street,near 1st street,1st Street,,mixed
blr_436c3af33aaff4df,1st Street,around 1st street,1st Street,,mixed
blr_436c3af33aaff4df,1st Street,1st street area,1st Street,,mixed
blr_b310d96a460d3efc,CQAL Road,cqal road,CQAL Road,,mixed
blr_b310d96a460d3efc,CQAL Road,in cqal road,CQAL Road,,mixed
blr_b310d96a460d3efc,CQAL Road,near cqal road,CQAL Road,,mixed
blr_b310d96a460d3efc,CQAL Road,around cqal road,CQAL Road,,mixed
blr_b310d96a460d3efc,CQAL Road,cqal road area,CQAL Road,,mixed
blr_d9196019fd94ec54,JC Nagar Main Road,jc nagar main road,JC Nagar Main Road,,mixed
blr_d9196019fd94ec54,JC Nagar Main Road,in jc nagar main road,JC Nagar Main Road,,mixed
blr_d9196019fd94ec54,JC Nagar Main Road,near jc nagar main road,JC Nagar Main Road,,mixed
blr_d9196019fd94ec54,JC Nagar Main Road,around jc nagar main road,JC Nagar Main Road,,mixed
blr_d9196019fd94ec54,JC Nagar Main Road,jc nagar main road area,JC Nagar Main Road,,mixed
blr_b0067589e042c5cb,RT Nagar Main Road,rt nagar main road,RT Nagar Main Road,,mixed
blr_b0067589e042c5cb,RT Nagar Main Road,in rt nagar main road,RT Nagar Main Road,,mixed
blr_b0067589e042c5cb,RT Nagar Main Road,near rt nagar main road,RT Nagar Main Road,,mixed
blr_b0067589e042c5cb,RT Nagar Main Road,around rt nagar main road,RT Nagar Main Road,,mixed
blr_b0067589e042c5cb,RT Nagar Main Road,rt nagar main road area,RT Nagar Main Road,,mixed
blr_7ece5021769e4a63,M V Jayaram Road,m v jayaram road,M V Jayaram Road,,mixed
blr_7ece5021769e4a63,M V Jayaram Road,in m v jayaram road,M V Jayaram Road,,mixed
blr_7ece5021769e4a63,M V Jayaram Road,near m v jayaram road,M V Jayaram Road,,mixed
blr_7ece5021769e4a63,M V Jayaram Road,around m v jayaram road,M V Jayaram Road,,mixed
blr_7ece5021769e4a63,M V Jayaram Road,m v jayaram road area,M V Jayaram Road,,mixed
blr_364ba00ab43bfb87,Sadashiva MDR Road,sadashiva mdr road,Sadashiva MDR Road,,mixed
blr_364ba00ab43bfb87,Sadashiva MDR Road,in sadashiva mdr road,Sadashiva MDR Road,,mixed
blr_364ba00ab43bfb87,Sadashiva MDR Road,near sadashiva mdr road,Sadashiva MDR Road,,mixed
blr_364ba00ab43bfb87,Sadashiva MDR Road,around sadashiva mdr road,Sadashiva MDR Road,,mixed
blr_364ba00ab43bfb87,Sadashiva MDR Road,sadashiva mdr road area,Sadashiva MDR Road,,mixed
blr_082938eddc217e5f,B Srinivas Murthy Road,b srinivas murthy road,B Srinivas Murthy Road,,mixed
blr_082938eddc217e5f,B Srinivas Murthy Road,in b srinivas murthy road,B Srinivas Murthy Road,,mixed
blr_082938eddc217e5f,B Srinivas Murthy Road,near b srinivas murthy road,B Srinivas Murthy Road,,mixed
blr_082938eddc217e5f,B Srinivas Murthy Road,around b srinivas murthy road,B Srinivas Murthy Road,,mixed
blr_082938eddc217e5f,B Srinivas Murthy Road,b srinivas murthy road area,B Srinivas Murthy Road,,mixed
blr_e1ffa57b966bd0c0,Jalahalli 1st Main Road,jalahalli 1st main road,Jalahalli 1st Main Road,,mixed
blr_e1ffa57b966bd0c0,Jalahalli 1st Main Road,in jalahalli 1st main road,Jalahalli 1st Main Road,,mixed
blr_e1ffa57b966bd0c0,Jalahalli 1st Main Road,near jalahalli 1st main road,Jalahalli 1st Main Road,,mixed
blr_e1ffa57b966bd0c0,Jalahalli 1st Main Road,around jalahalli 1st main road,Jalahalli 1st Main Road,,mixed
blr_e1ffa57b966bd0c0,Jalahalli 1st Main Road,jalahalli 1st main road area,Jalahalli 1st Main Road,,mixed
blr_fe055b8ddf503c7b,PSK Naidu Road,psk naidu road,PSK Naidu Road,,mixed
blr_fe055b8ddf503c7b,PSK Naidu Road,in psk naidu road,PSK Naidu Road,,mixed
blr_fe055b8ddf503c7b,PSK Naidu Road,near psk naidu road,PSK Naidu Road,,mixed
blr_fe055b8ddf503c7b,PSK Naidu Road,around psk naidu road,PSK Naidu Road,,mixed
blr_fe055b8ddf503c7b,PSK Naidu Road,psk naidu road area,PSK Naidu Road,,mixed
blr_ea728b2b0147aad4,4th Main road ISRO Layout,four main road isro layout,4th Main road ISRO Layout,,mixed
blr_ea728b2b0147aad4,4th Main road ISRO Layout,fourth main road isro layout,4th Main road ISRO Layout,,mixed
blr_ea728b2b0147aad4,4th Main road ISRO Layout,4th main road isro layout,4th Main road ISRO Layout,,mixed
blr_ea728b2b0147aad4,4th Main road ISRO Layout,in four main road isro layout,4th Main road ISRO Layout,,mixed
blr_ea728b2b0147aad4,4th Main road ISRO Layout,near fourth main road isro layout,4th Main road ISRO Layout,,mixed
blr_395afa2046c06e82,SM Patil Road,sm patil road,SM Patil Road,,mixed
blr_395afa2046c06e82,SM Patil Road,in sm patil road,SM Patil Road,,mixed
blr_395afa2046c06e82,SM Patil Road,near sm patil road,SM Patil Road,,mixed
blr_395afa2046c06e82,SM Patil Road,around sm patil road,SM Patil Road,,mixed
blr_395afa2046c06e82,SM Patil Road,sm patil road area,SM Patil Road,,mixed
blr_d71fb90c6ff93bf2,Kalkere Main road,kalkere main road,Kalkere Main road,,mixed
blr_d71fb90c6ff93bf2,Kalkere Main road,in kalkere main road,Kalkere Main road,,mixed
blr_d71fb90c6ff93bf2,Kalkere Main road,near kalkere main road,Kalkere Main road,,mixed
blr_d71fb90c6ff93bf2,Kalkere Main road,around kalkere main road,Kalkere Main road,,mixed
blr_d71fb90c6ff93bf2,Kalkere Main road,kalkere main road area,Kalkere Main road,,mixed
blr_2326995fdf3951fe,F C I Main Road,f c i main road,F C I Main Road,,mixed
blr_2326995fdf3951fe,F C I Main Road,in f c i main road,F C I Main Road,,mixed
blr_2326995fdf3951fe,F C I Main Road,near f c i main road,F C I Main Road,,mixed
blr_2326995fdf3951fe,F C I Main Road,around f c i main road,F C I Main Road,,mixed
blr_2326995fdf3951fe,F C I Main Road,f c i main road area,F C I Main Road,,mixed
blr_ef235b07b8f372b3,2nd C Cross Road,2nd c cross road,2nd C Cross Road,,mixed
blr_ef235b07b8f372b3,2nd C Cross Road,second c cross road,2nd C Cross Road,,mixed
blr_ef235b07b8f372b3,2nd C Cross Road,two c cross road,2nd C Cross Road,,mixed
blr_ef235b07b8f372b3,2nd C Cross Road,in 2nd c cross road,2nd C Cross Road,,mixed
blr_ef235b07b8f372b3,2nd C Cross Road,near second c cross road,2nd C Cross Road,,mixed
blr_429f28e81e4af921,1st D Cross,1st d cross,1st D Cross,,mixed
blr_429f28e81e4af921,1st D Cross,in 1st d cross,1st D Cross,,mixed
blr_429f28e81e4af921,1st D Cross,near 1st d cross,1st D Cross,,mixed
blr_429f28e81e4af921,1st D Cross,around 1st d cross,1st D Cross,,mixed
blr_429f28e81e4af921,1st D Cross,1st d cross area,1st D Cross,,mixed
blr_c071e078a7cfa457,1st AB cross,1st ab cross,1st AB cross,,mixed
blr_c071e078a7cfa457,1st AB cross,in 1st ab cross,1st AB cross,,mixed
blr_c071e078a7cfa457,1st AB cross,near 1st ab cross,1st AB cross,,mixed
blr_c071e078a7cfa457,1st AB cross,around 1st ab cross,1st AB cross,,mixed
blr_c071e078a7cfa457,1st AB cross,1st ab cross area,1st AB cross,,mixed
blr_aba9fa1d2f45f9d9,1st BC Cross,1st bc cross,1st BC Cross,,mixed
blr_aba9fa1d2f45f9d9,1st BC Cross,in 1st bc cross,1st BC Cross,,mixed
blr_aba9fa1d2f45f9d9,1st BC Cross,near 1st bc cross,1st BC Cross,,mixed
blr_aba9fa1d2f45f9d9,1st BC Cross,around 1st bc cross,1st BC Cross,,mixed
blr_aba9fa1d2f45f9d9,1st BC Cross,1st bc cross area,1st BC Cross,,mixed
blr_7a180b44d0c879e8,1st AC cross,1st ac cross,1st AC cross,,mixed
blr_7a180b44d0c879e8,1st AC cross,in 1st ac cross,1st AC cross,,mixed
blr_7a180b44d0c879e8,1st AC cross,near 1st ac cross,1st AC cross,,mixed
blr_7a180b44d0c879e8,1st AC cross,around 1st ac cross,1st AC cross,,mixed
blr_7a180b44d0c879e8,1st AC cross,1st ac cross area,1st AC cross,,mixed
blr_b84c98f876a8c77e,Outer ring road,outer ring road,Outer ring road,,mixed
blr_b84c98f876a8c77e,Outer ring road,in outer ring road,Outer ring road,,mixed
blr_b84c98f876a8c77e,Outer ring road,near outer ring road,Outer ring road,,mixed
blr_b84c98f876a8c77e,Outer ring road,around outer ring road,Outer ring road,,mixed
blr_b84c98f876a8c77e,Outer ring road,outer ring road area,Outer ring road,,mixed
blr_27ae64d9cf06661f,B Channasandra Main Road,b channasandra main road,B Channasandra Main Road,,mixed
blr_27ae64d9cf06661f,B Channasandra Main Road,in b channasandra main road,B Channasandra Main Road,,mixed
blr_27ae64d9cf06661f,B Channasandra Main Road,near b channasandra main road,B Channasandra Main Road,,mixed
blr_27ae64d9cf06661f,B Channasandra Main Road,around b channasandra main road,B Channasandra Main Road,,mixed
blr_27ae64d9cf06661f,B Channasandra Main Road,b channasandra main road area,B Channasandra Main Road,,mixed
blr_0b1947530ea7f151,3rd C Cross,three c cross,3rd C Cross,,mixed
blr_0b1947530ea7f151,3rd C Cross,third c cross,3rd C Cross,,mixed
blr_0b1947530ea7f151,3rd C Cross,3rd c cross,3rd C Cross,,mixed
blr_0b1947530ea7f151,3rd C Cross,in three c cross,3rd C Cross,,mixed
blr_0b1947530ea7f151,3rd C Cross,near third c cross,3rd C Cross,,mixed
blr_7ce28f80ca6bf24b,1st H Main Road,1st h main road,1st H Main Road,,mixed
blr_7ce28f80ca6bf24b,1st H Main Road,in 1st h main road,1st H Main Road,,mixed
blr_7ce28f80ca6bf24b,1st H Main Road,near 1st h main road,1st H Main Road,,mixed
blr_7ce28f80ca6bf24b,1st H Main Road,around 1st h main road,1st H Main Road,,mixed
blr_7ce28f80ca6bf24b,1st H Main Road,1st h main road area,1st H Main Road,,mixed
blr_a8933cc9fa0a665d,4th B Main,four b main,4th B Main,,mixed
blr_a8933cc9fa0a665d,4th B Main,fourth b main,4th B Main,,mixed
blr_a8933cc9fa0a665d,4th B Main,4th b main,4th B Main,,mixed
blr_a8933cc9fa0a665d,4th B Main,in four b main,4th B Main,,mixed
blr_a8933cc9fa0a665d,4th B Main,near fourth b main,4th B Main,,mixed
blr_126d2eb1a7186369,4th A Main,4th a main,4th A Main,,mixed
blr_126d2eb1a7186369,4th A Main,four a main,4th A Main,,mixed
blr_126d2eb1a7186369,4th A Main,fourth a main,4th A Main,,mixed
blr_126d2eb1a7186369,4th A Main,in 4th a main,4th A Main,,mixed
blr_126d2eb1a7186369,4th A Main,near four a main,4th A Main,,mixed
blr_52c35c2699994739,4th Main,fourth main,4th Main,,mixed
blr_52c35c2699994739,4th Main,4th main,4th Main,,mixed
blr_52c35c2699994739,4th Main,four main,4th Main,,mixed
blr_52c35c2699994739,4th Main,in fourth main,4th Main,,mixed
blr_52c35c2699994739,4th Main,near 4th main,4th Main,,mixed
blr_6cc2e723b67cc5f2,4th C Main Road,4th c main road,4 C Main Road,,mixed
blr_6cc2e723b67cc5f2,4th C Main Road,four c main road,4 C Main Road,,mixed
blr_6cc2e723b67cc5f2,4th C Main Road,fourth c main road,4 C Main Road,,mixed
blr_6cc2e723b67cc5f2,4th C Main Road,in 4th c main road,4 C Main Road,,mixed
blr_6cc2e723b67cc5f2,4th C Main Road,near four c main road,4 C Main Road,,mixed
blr_a1ec22bca7ede626,4th D Cross Road,four d cross road,4th D Cross Road,,mixed
blr_a1ec22bca7ede626,4th D Cross Road,4th d cross road,4th D Cross Road,,mixed
blr_a1ec22bca7ede626,4th D Cross Road,fourth d cross road,4th D Cross Road,,mixed
blr_a1ec22bca7ede626,4th D Cross Road,in four d cross road,4th D Cross Road,,mixed
blr_a1ec22bca7ede626,4th D Cross Road,near 4th d cross road,4th D Cross Road,,mixed
blr_f88963aca59c7f91,4th J Cross Road,4th j cross road,4th J Cross Road,,mixed
blr_f88963aca59c7f91,4th J Cross Road,four j cross road,4th J Cross Road,,mixed
blr_f88963aca59c7f91,4th J Cross Road,fourth j cross road,4th J Cross Road,,mixed
blr_f88963aca59c7f91,4th J Cross Road,in 4th j cross road,4th J Cross Road,,mixed
blr_f88963aca59c7f91,4th J Cross Road,near four j cross road,4th J Cross Road,,mixed
blr_d5b4680b46bd591d,4th H Cross,four h cross,4th H Cross,,mixed
blr_d5b4680b46bd591d,4th H Cross,4th h cross,4th H Cross,,mixed
blr_d5b4680b46bd591d,4th H Cross,fourth h cross,4th H Cross,,mixed
blr_d5b4680b46bd591d,4th H Cross,in four h cross,4th H Cross,,mixed
blr_d5b4680b46bd591d,4th H Cross,near 4th h cross,4th H Cross,,mixed
blr_85543d762d4a4311,4th G Cross,fourth g cross,4th G Cross,,mixed
blr_85543d762d4a4311,4th G Cross,four g cross,4th G Cross,,mixed
blr_85543d762d4a4311,4th G Cross,4th g cross,4th G Cross,,mixed
blr_85543d762d4a4311,4th G Cross,in fourth g cross,4th G Cross,,mixed
blr_85543d762d4a4311,4th G Cross,near four g cross,4th G Cross,,mixed
blr_187c033cb6062101,4th F Cross Road,fourth f cross road,4th F Cross Road,,mixed
blr_187c033cb6062101,4th F Cross Road,4th f cross road,4th F Cross Road,,mixed
blr_187c033cb6062101,4th F Cross Road,four f cross road,4th F Cross Road,,mixed
blr_187c033cb6062101,4th F Cross Road,in fourth f cross road,4th F Cross Road,,mixed
blr_187c033cb6062101,4th F Cross Road,near 4th f cross road,4th F Cross Road,,mixed
blr_5242fcc5cb60b5d4,4th E Cross Road,4th e cross road,4th E Cross Road,,mixed
blr_5242fcc5cb60b5d4,4th E Cross Road,four e cross road,4th E Cross Road,,mixed
blr_5242fcc5cb60b5d4,4th E Cross Road,fourth e cross road,4th E Cross Road,,mixed
blr_5242fcc5cb60b5d4,4th E Cross Road,in 4th e cross road,4th E Cross Road,,mixed
blr_5242fcc5cb60b5d4,4th E Cross Road,near four e cross road,4th E Cross Road,,mixed
blr_399a2d01444384dc,3rd F Cross Road,3rd f cross road,3rd F Cross Road,,mixed
blr_399a2d01444384dc,3rd F Cross Road,third f cross road,3rd F Cross Road,,mixed
blr_399a2d01444384dc,3rd F Cross Road,three f cross road,3rd F Cross Road,,mixed
blr_399a2d01444384dc,3rd F Cross Road,in 3rd f cross road,3rd F Cross Road,,mixed
blr_399a2d01444384dc,3rd F Cross Road,near third f cross road,3rd F Cross Road,,mixed
blr_a7c3067d40334bfd,4th C Cross,four c cross,4th C Cross,,mixed
blr_a7c3067d40334bfd,4th C Cross,4th c cross,4th C Cross,,mixed
blr_a7c3067d40334bfd,4th C Cross,fourth c cross,4th C Cross,,mixed
blr_a7c3067d40334bfd,4th C Cross,in four c cross,4th C Cross,,mixed
blr_a7c3067d40334bfd,4th C Cross,near 4th c cross,4th C Cross,,mixed
blr_eee71b961fc52c54,4th A Cross,fourth a cross,4th A Cross,,mixed
blr_eee71b961fc52c54,4th A Cross,four a cross,4th A Cross,,mixed
blr_eee71b961fc52c54,4th A Cross,4th a cross,4th A Cross,,mixed
blr_eee71b961fc52c54,4th A Cross,in fourth a cross,4th A Cross,,mixed
blr_eee71b961fc52c54,4th A Cross,near four a cross,4th A Cross,,mixed
blr_5592e5984c0f5806,4th C Cross Road,four c cross road,4th C Cross Road,,mixed
blr_5592e5984c0f5806,4th C Cross Road,4th c cross road,4th C Cross Road,,mixed
blr_5592e5984c0f5806,4th C Cross Road,fourth c cross road,4th C Cross Road,,mixed
blr_5592e5984c0f5806,4th C Cross Road,in four c cross road,4th C Cross Road,,mixed
blr_5592e5984c0f5806,4th C Cross Road,near 4th c cross road,4th C Cross Road,,mixed
blr_5ce8f48558ed99a0,12 B Cross,12 b cross,12 B Cross,,mixed
blr_5ce8f48558ed99a0,12 B Cross,in 12 b cross,12 B Cross,,mixed
blr_5ce8f48558ed99a0,12 B Cross,near 12 b cross,12 B Cross,,mixed
blr_5ce8f48558ed99a0,12 B Cross,around 12 b cross,12 B Cross,,mixed
blr_5ce8f48558ed99a0,12 B Cross,12 b cross area,12 B Cross,,mixed
blr_36603987d78d72fa,JSS Public School Road,jss public school road,JSS Public School Road,,mixed
blr_36603987d78d72fa,JSS Public School Road,in jss public school road,JSS Public School Road,,mixed
blr_36603987d78d72fa,JSS Public School Road,near jss public school road,JSS Public School Road,,mixed
blr_36603987d78d72fa,JSS Public School Road,around jss public school road,JSS Public School Road,,mixed
blr_36603987d78d72fa,JSS Public School Road,jss public school road area,JSS Public School Road,,mixed
blr_9ce113a246ec47e2,8th Main Road(east),eighth main roadeast,8th Main Road(east),,mixed
blr_9ce113a246ec47e2,8th Main Road(east),eight main roadeast,8th Main Road(east),,mixed
blr_9ce113a246ec47e2,8th Main Road(east),8th main roadeast,8th Main Road(east),,mixed
blr_9ce113a246ec47e2,8th Main Road(east),in eighth main roadeast,8th Main Road(east),,mixed
blr_9ce113a246ec47e2,8th Main Road(east),near eight main roadeast,8th Main Road(east),,mixed
blr_96bbc196461d3ece,8th Main Road (east),eight main road east,8th Main Road (east),,mixed
blr_96bbc196461d3ece,8th Main Road (east),eighth main road east,8th Main Road (east),,mixed
blr_96bbc196461d3ece,8th Main Road (east),8th main road east,8th Main Road (east),,mixed
blr_96bbc196461d3ece,8th Main Road (east),in eight main road east,8th Main Road (east),,mixed
blr_96bbc196461d3ece,8th Main Road (east),near eighth main road east,8th Main Road (east),,mixed
blr_736ee7a1db32b949,9th A Main,ninth a main,9th A Main,,mixed
blr_736ee7a1db32b949,9th A Main,9th a main,9th A Main,,mixed
blr_736ee7a1db32b949,9th A Main,nine a main,9th A Main,,mixed
blr_736ee7a1db32b949,9th A Main,in ninth a main,9th A Main,,mixed
blr_736ee7a1db32b949,9th A Main,near 9th a main,9th A Main,,mixed
blr_a87d610b4f6c49ef,9th D Main Road,ninth d main road,9th D Main Road,,mixed
blr_a87d610b4f6c49ef,9th D Main Road,nine d main road,9th D Main Road,,mixed
blr_a87d610b4f6c49ef,9th D Main Road,9th d main road,9th D Main Road,,mixed
blr_a87d610b4f6c49ef,9th D Main Road,in ninth d main road,9th D Main Road,,mixed
blr_a87d610b4f6c49ef,9th D Main Road,near nine d main road,9th D Main Road,,mixed
blr_e3231c65d684bd67,2nd K Cross Road,2nd k cross road,2nd K Cross Road,,mixed
blr_e3231c65d684bd67,2nd K Cross Road,two k cross road,2nd K Cross Road,,mixed
blr_e3231c65d684bd67,2nd K Cross Road,second k cross road,2nd K Cross Road,,mixed
blr_e3231c65d684bd67,2nd K Cross Road,in 2nd k cross road,2nd K Cross Road,,mixed
blr_e3231c65d684bd67,2nd K Cross Road,near two k cross road,2nd K Cross Road,,mixed
blr_0b9e1724d293ce33,6th B Main,6th b main,6th B Main,,mixed
blr_0b9e1724d293ce33,6th B Main,six b main,6th B Main,,mixed
blr_0b9e1724d293ce33,6th B Main,sixth b main,6th B Main,,mixed
blr_0b9e1724d293ce33,6th B Main,in 6th b main,6th B Main,,mixed
blr_0b9e1724d293ce33,6th B Main,near six b main,6th B Main,,mixed
blr_d2e3192f65afc3a1,MEI Road,mei road,MEI Road,,mixed
blr_d2e3192f65afc3a1,MEI Road,in mei road,MEI Road,,mixed
blr_d2e3192f65afc3a1,MEI Road,near mei road,MEI Road,,mixed
blr_d2e3192f65afc3a1,MEI Road,around mei road,MEI Road,,mixed
blr_d2e3192f65afc3a1,MEI Road,mei road area,MEI Road,,mixed
blr_af6992cb4c92ecbf,Subbanna Garden Main road,subbanna garden main road,Subbanna Garden Main road,,mixed
blr_af6992cb4c92ecbf,Subbanna Garden Main road,in subbanna garden main road,Subbanna Garden Main road,,mixed
blr_af6992cb4c92ecbf,Subbanna Garden Main road,near subbanna garden main road,Subbanna Garden Main road,,mixed
blr_af6992cb4c92ecbf,Subbanna Garden Main road,around subbanna garden main road,Subbanna Garden Main road,,mixed
blr_af6992cb4c92ecbf,Subbanna Garden Main road,subbanna garden main road area,Subbanna Garden Main road,,mixed
blr_44167efd1b591cda,14th Cross Chandra Layout,1fourth cross chandra layout,14th Cross Chandra Layout,,mixed
blr_44167efd1b591cda,14th Cross Chandra Layout,1four cross chandra layout,14th Cross Chandra Layout,,mixed
blr_44167efd1b591cda,14th Cross Chandra Layout,14th cross chandra layout,14th Cross Chandra Layout,,mixed
blr_44167efd1b591cda,14th Cross Chandra Layout,in 1fourth cross chandra layout,14th Cross Chandra Layout,,mixed
blr_44167efd1b591cda,14th Cross Chandra Layout,near 1four cross chandra layout,14th Cross Chandra Layout,,mixed
blr_501842398fbb3547,58th Cross Road,5eight cross road,58th Cross Road,,mixed
blr_501842398fbb3547,58th Cross Road,58th cross road,58th Cross Road,,mixed
blr_501842398fbb3547,58th Cross Road,5eighth cross road,58th Cross Road,,mixed
blr_501842398fbb3547,58th Cross Road,in 5eight cross road,58th Cross Road,,mixed
blr_501842398fbb3547,58th Cross Road,near 58th cross road,58th Cross Road,,mixed
blr_befc819bfef14861,B P Wadia Road,b p wadia road,B P Wadia Road,,mixed
blr_befc819bfef14861,B P Wadia Road,in b p wadia road,B P Wadia Road,,mixed
blr_befc819bfef14861,B P Wadia Road,near b p wadia road,B P Wadia Road,,mixed
blr_befc819bfef14861,B P Wadia Road,around b p wadia road,B P Wadia Road,,mixed
blr_befc819bfef14861,B P Wadia Road,b p wadia road area,B P Wadia Road,,mixed
blr_2f4b775a35bf7d26,17th Main (S. Nijalingappa Road),17th main s nijalingappa road,17th Main (S. Nijalingappa Road),,mixed
blr_2f4b775a35bf7d26,17th Main (S. Nijalingappa Road),1seventh main s nijalingappa road,17th Main (S. Nijalingappa Road),,mixed
blr_2f4b775a35bf7d26,17th Main (S. Nijalingappa Road),1seven main s nijalingappa road,17th Main (S. Nijalingappa Road),,mixed
blr_2f4b775a35bf7d26,17th Main (S. Nijalingappa Road),in 17th main s nijalingappa road,17th Main (S. Nijalingappa Road),,mixed
blr_2f4b775a35bf7d26,17th Main (S. Nijalingappa Road),near 1seventh main s nijalingappa road,17th Main (S. Nijalingappa Road),,mixed
blr_e234545066e454dd,4th Cross Street,fourth cross street,4th Cross Street,,mixed
blr_e234545066e454dd,4th Cross Street,4th cross street,4th Cross Street,,mixed
blr_e234545066e454dd,4th Cross Street,four cross street,4th Cross Street,,mixed
blr_e234545066e454dd,4th Cross Street,in fourth cross street,4th Cross Street,,mixed
blr_e234545066e454dd,4th Cross Street,near 4th cross street,4th Cross Street,,mixed
blr_adad6329397fcac7,2nd H Cross Road,2nd h cross road,2nd H Cross Road,,mixed
blr_adad6329397fcac7,2nd H Cross Road,two h cross road,2nd H Cross Road,,mixed
blr_adad6329397fcac7,2nd H Cross Road,second h cross road,2nd H Cross Road,,mixed
blr_adad6329397fcac7,2nd H Cross Road,in 2nd h cross road,2nd H Cross Road,,mixed
blr_adad6329397fcac7,2nd H Cross Road,near two h cross road,2nd H Cross Road,,mixed
blr_0d5865f3311692aa,5th C Main Road,5th c main road,5th C Main Road,,mixed
blr_0d5865f3311692aa,5th C Main Road,fifth c main road,5th C Main Road,,mixed
blr_0d5865f3311692aa,5th C Main Road,five c main road,5th C Main Road,,mixed
blr_0d5865f3311692aa,5th C Main Road,in 5th c main road,5th C Main Road,,mixed
blr_0d5865f3311692aa,5th C Main Road,near fifth c main road,5th C Main Road,,mixed
blr_022524dba5601d3e,5th D Main Road,5th d main road,5th D Main Road,,mixed
blr_022524dba5601d3e,5th D Main Road,fifth d main road,5th D Main Road,,mixed
blr_022524dba5601d3e,5th D Main Road,five d main road,5th D Main Road,,mixed
blr_022524dba5601d3e,5th D Main Road,in 5th d main road,5th D Main Road,,mixed
blr_022524dba5601d3e,5th D Main Road,near fifth d main road,5th D Main Road,,mixed
blr_06eb856d1053c3f7,3rd D Cross,3rd d cross,3rd D Cross,,mixed
blr_06eb856d1053c3f7,3rd D Cross,three d cross,3rd D Cross,,mixed
blr_06eb856d1053c3f7,3rd D Cross,third d cross,3rd D Cross,,mixed
blr_06eb856d1053c3f7,3rd D Cross,in 3rd d cross,3rd D Cross,,mixed
blr_06eb856d1053c3f7,3rd D Cross,near three d cross,3rd D Cross,,mixed
blr_fd6fff6e83aa9cb6,2nd I Cross,second i cross,2nd I Cross,,mixed
blr_fd6fff6e83aa9cb6,2nd I Cross,2nd i cross,2nd I Cross,,mixed
blr_fd6fff6e83aa9cb6,2nd I Cross,two i cross,2nd I Cross,,mixed
blr_fd6fff6e83aa9cb6,2nd I Cross,in second i cross,2nd I Cross,,mixed
blr_fd6fff6e83aa9cb6,2nd I Cross,near 2nd i cross,2nd I Cross,,mixed
blr_978374568be74be9,2nd H Cross,second h cross,2nd H Cross,,mixed
blr_978374568be74be9,2nd H Cross,two h cross,2nd H Cross,,mixed
blr_978374568be74be9,2nd H Cross,2nd h cross,2nd H Cross,,mixed
blr_978374568be74be9,2nd H Cross,in second h cross,2nd H Cross,,mixed
blr_978374568be74be9,2nd H Cross,near two h cross,2nd H Cross,,mixed
blr_8e384b798894f83f,2nd G Cross,two g cross,2nd G Cross,,mixed
blr_8e384b798894f83f,2nd G Cross,second g cross,2nd G Cross,,mixed
blr_8e384b798894f83f,2nd G Cross,2nd g cross,2nd G Cross,,mixed
blr_8e384b798894f83f,2nd G Cross,in two g cross,2nd G Cross,,mixed
blr_8e384b798894f83f,2nd G Cross,near second g cross,2nd G Cross,,mixed
blr_54356e951d29eb23,2nd F Cross Road,two f cross road,2nd F Cross Road,,mixed
blr_54356e951d29eb23,2nd F Cross Road,second f cross road,2nd F Cross Road,,mixed
blr_54356e951d29eb23,2nd F Cross Road,2nd f cross road,2nd F Cross Road,,mixed
blr_54356e951d29eb23,2nd F Cross Road,in two f cross road,2nd F Cross Road,,mixed
blr_54356e951d29eb23,2nd F Cross Road,near second f cross road,2nd F Cross Road,,mixed
blr_87c65af50f35dbc2,3rd E Main,3rd e main,3rd E Main,,mixed
blr_87c65af50f35dbc2,3rd E Main,three e main,3rd E Main,,mixed
blr_87c65af50f35dbc2,3rd E Main,third e main,3rd E Main,,mixed
blr_87c65af50f35dbc2,3rd E Main,in 3rd e main,3rd E Main,,mixed
blr_87c65af50f35dbc2,3rd E Main,near three e main,3rd E Main,,mixed
blr_4b3dcc122ca5026f,MLA Office Road,mla office road,MLA Office Road,,mixed
blr_4b3dcc122ca5026f,MLA Office Road,in mla office road,MLA Office Road,,mixed
blr_4b3dcc122ca5026f,MLA Office Road,near mla office road,MLA Office Road,,mixed
blr_4b3dcc122ca5026f,MLA Office Road,around mla office road,MLA Office Road,,mixed
blr_4b3dcc122ca5026f,MLA Office Road,mla office road area,MLA Office Road,,mixed
blr_7588b6da1e285461,"14Th Cross, Swimming Pool Extension",1four cross swimming pool extension,"14Th Cross, Swimming Pool Extension",,mixed
blr_7588b6da1e285461,"14Th Cross, Swimming Pool Extension",1fourth cross swimming pool extension,"14Th Cross, Swimming Pool Extension",,mixed
blr_7588b6da1e285461,"14Th Cross, Swimming Pool Extension",14th cross swimming pool extension,"14Th Cross, Swimming Pool Extension",,mixed
blr_7588b6da1e285461,"14Th Cross, Swimming Pool Extension",in 1four cross swimming pool extension,"14Th Cross, Swimming Pool Extension",,mixed
blr_7588b6da1e285461,"14Th Cross, Swimming Pool Extension",near 1fourth cross swimming pool extension,"14Th Cross, Swimming Pool Extension",,mixed
blr_6af506dcc9264815,NS Iyengar Street,ns iyengar street,NS Iyengar Street,,mixed
blr_6af506dcc9264815,NS Iyengar Street,in ns iyengar street,NS Iyengar Street,,mixed
blr_6af506dcc9264815,NS Iyengar Street,near ns iyengar street,NS Iyengar Street,,mixed
blr_6af506dcc9264815,NS Iyengar Street,around ns iyengar street,NS Iyengar Street,,mixed
blr_6af506dcc9264815,NS Iyengar Street,ns iyengar street area,NS Iyengar Street,,mixed
blr_c2509a59d3f0b717,MSA Lane,msa lane,MSA Lane,,mixed
blr_c2509a59d3f0b717,MSA Lane,in msa lane,MSA Lane,,mixed
blr_c2509a59d3f0b717,MSA Lane,near msa lane,MSA Lane,,mixed
blr_c2509a59d3f0b717,MSA Lane,around msa lane,MSA Lane,,mixed
blr_c2509a59d3f0b717,MSA Lane,msa lane area,MSA Lane,,mixed
blr_cc536b67be35ba12,AM Lane,am lane,AM Lane,,mixed
blr_cc536b67be35ba12,AM Lane,in am lane,AM Lane,,mixed
blr_cc536b67be35ba12,AM Lane,near am lane,AM Lane,,mixed
blr_cc536b67be35ba12,AM Lane,around am lane,AM Lane,,mixed
blr_cc536b67be35ba12,AM Lane,am lane area,AM Lane,,mixed
blr_54890c197a3e8488,DK Lane,dk lane,DK Lane,,mixed
blr_54890c197a3e8488,DK Lane,in dk lane,DK Lane,,mixed
blr_54890c197a3e8488,DK Lane,near dk lane,DK Lane,,mixed
blr_54890c197a3e8488,DK Lane,around dk lane,DK Lane,,mixed
blr_54890c197a3e8488,DK Lane,dk lane area,DK Lane,,mixed
blr_acefb1e4ad0dcff9,MT Street,mt street,MT Street,,mixed
blr_acefb1e4ad0dcff9,MT Street,in mt street,MT Street,,mixed
blr_acefb1e4ad0dcff9,MT Street,near mt street,MT Street,,mixed
blr_acefb1e4ad0dcff9,MT Street,around mt street,MT Street,,mixed
blr_acefb1e4ad0dcff9,MT Street,mt street area,MT Street,,mixed
blr_80c4e82397042e19,BT Street,bt street,BT Street,,mixed
blr_80c4e82397042e19,BT Street,in bt street,BT Street,,mixed
blr_80c4e82397042e19,BT Street,near bt street,BT Street,,mixed
blr_80c4e82397042e19,BT Street,around bt street,BT Street,,mixed
blr_80c4e82397042e19,BT Street,bt street area,BT Street,,mixed
blr_4cdb38d3fffef644,11th Cross,11th cross,11th Cross,,mixed
blr_4cdb38d3fffef644,11th Cross,in 11th cross,11th Cross,,mixed
blr_4cdb38d3fffef644,11th Cross,near 11th cross,11th Cross,,mixed
blr_4cdb38d3fffef644,11th Cross,around 11th cross,11th Cross,,mixed
blr_4cdb38d3fffef644,11th Cross,11th cross area,11th Cross,,mixed
blr_87c2cac05b772d30,B T Muniyappa Road,b t muniyappa road,B T Muniyappa Road,,mixed
blr_87c2cac05b772d30,B T Muniyappa Road,in b t muniyappa road,B T Muniyappa Road,,mixed
blr_87c2cac05b772d30,B T Muniyappa Road,near b t muniyappa road,B T Muniyappa Road,,mixed
blr_87c2cac05b772d30,B T Muniyappa Road,around b t muniyappa road,B T Muniyappa Road,,mixed
blr_87c2cac05b772d30,B T Muniyappa Road,b t muniyappa road area,B T Muniyappa Road,,mixed
blr_525d0239aeb8e653,1st Cross Lakshmi Road,1st cross lakshmi road,1st Cross Lakshmi Road,,mixed
blr_525d0239aeb8e653,1st Cross Lakshmi Road,in 1st cross lakshmi road,1st Cross Lakshmi Road,,mixed
blr_525d0239aeb8e653,1st Cross Lakshmi Road,near 1st cross lakshmi road,1st Cross Lakshmi Road,,mixed
blr_525d0239aeb8e653,1st Cross Lakshmi Road,around 1st cross lakshmi road,1st Cross Lakshmi Road,,mixed
blr_525d0239aeb8e653,1st Cross Lakshmi Road,1st cross lakshmi road area,1st Cross Lakshmi Road,,mixed
blr_e190d9ac5fab6833,3rd Cross Lakshmi Road,3rd cross lakshmi road,3rd Cross Lakshmi Road,,mixed
blr_e190d9ac5fab6833,3rd Cross Lakshmi Road,three cross lakshmi road,3rd Cross Lakshmi Road,,mixed
blr_e190d9ac5fab6833,3rd Cross Lakshmi Road,third cross lakshmi road,3rd Cross Lakshmi Road,,mixed
blr_e190d9ac5fab6833,3rd Cross Lakshmi Road,in 3rd cross lakshmi road,3rd Cross Lakshmi Road,,mixed
blr_e190d9ac5fab6833,3rd Cross Lakshmi Road,near three cross lakshmi road,3rd Cross Lakshmi Road,,mixed
blr_f7c249bb1b22137d,5th Cross Lakshmi Road,fifth cross lakshmi road,5th Cross Lakshmi Road,,mixed
blr_f7c249bb1b22137d,5th Cross Lakshmi Road,5th cross lakshmi road,5th Cross Lakshmi Road,,mixed
blr_f7c249bb1b22137d,5th Cross Lakshmi Road,five cross lakshmi road,5th Cross Lakshmi Road,,mixed
blr_f7c249bb1b22137d,5th Cross Lakshmi Road,in fifth cross lakshmi road,5th Cross Lakshmi Road,,mixed
blr_f7c249bb1b22137d,5th Cross Lakshmi Road,near 5th cross lakshmi road,5th Cross Lakshmi Road,,mixed
blr_0188f1688a3b59cd,9th Cross Lakshmi Road,ninth cross lakshmi road,9th Cross Lakshmi Road,,mixed
blr_0188f1688a3b59cd,9th Cross Lakshmi Road,9th cross lakshmi road,9th Cross Lakshmi Road,,mixed
blr_0188f1688a3b59cd,9th Cross Lakshmi Road,nine cross lakshmi road,9th Cross Lakshmi Road,,mixed
blr_0188f1688a3b59cd,9th Cross Lakshmi Road,in ninth cross lakshmi road,9th Cross Lakshmi Road,,mixed
blr_0188f1688a3b59cd,9th Cross Lakshmi Road,near 9th cross lakshmi road,9th Cross Lakshmi Road,,mixed
blr_55ae894ee9d887e7,T Street,t street,T Street,,mixed
blr_55ae894ee9d887e7,T Street,in t street,T Street,,mixed
blr_55ae894ee9d887e7,T Street,near t street,T Street,,mixed
blr_55ae894ee9d887e7,T Street,around t street,T Street,,mixed
blr_55ae894ee9d887e7,T Street,t street area,T Street,,mixed
blr_97a8a05fadbd5ddd,P Street,p street,P Street,,mixed
blr_97a8a05fadbd5ddd,P Street,in p street,P Street,,mixed
blr_97a8a05fadbd5ddd,P Street,near p street,P Street,,mixed
blr_97a8a05fadbd5ddd,P Street,around p street,P Street,,mixed
blr_97a8a05fadbd5ddd,P Street,p street area,P Street,,mixed
blr_647ca7b234413a2c,Bethel Lane 2nd Cross,bethel lane second cross,Bethel Lane 2nd Cross,,mixed
blr_647ca7b234413a2c,Bethel Lane 2nd Cross,bethel lane 2nd cross,Bethel Lane 2nd Cross,,mixed
blr_647ca7b234413a2c,Bethel Lane 2nd Cross,bethel lane two cross,Bethel Lane 2nd Cross,,mixed
blr_647ca7b234413a2c,Bethel Lane 2nd Cross,in bethel lane second cross,Bethel Lane 2nd Cross,,mixed
blr_647ca7b234413a2c,Bethel Lane 2nd Cross,near bethel lane 2nd cross,Bethel Lane 2nd Cross,,mixed
blr_eac3aedb4cd74e48,7th Cross Lakshmi Road,7th cross lakshmi road,7th Cross Lakshmi Road,,mixed
blr_eac3aedb4cd74e48,7th Cross Lakshmi Road,seventh cross lakshmi road,7th Cross Lakshmi Road,,mixed
blr_eac3aedb4cd74e48,7th Cross Lakshmi Road,seven cross lakshmi road,7th Cross Lakshmi Road,,mixed
blr_eac3aedb4cd74e48,7th Cross Lakshmi Road,in 7th cross lakshmi road,7th Cross Lakshmi Road,,mixed
blr_eac3aedb4cd74e48,7th Cross Lakshmi Road,near seventh cross lakshmi road,7th Cross Lakshmi Road,,mixed
blr_6967835c78ec10e9,Arab Lane B street,arab lane b street,Arab Lane B street,,mixed
blr_6967835c78ec10e9,Arab Lane B street,in arab lane b street,Arab Lane B street,,mixed
blr_6967835c78ec10e9,Arab Lane B street,near arab lane b street,Arab Lane B street,,mixed
blr_6967835c78ec10e9,Arab Lane B street,around arab lane b street,Arab Lane B street,,mixed
blr_6967835c78ec10e9,Arab Lane B street,arab lane b street area,Arab Lane B street,,mixed
blr_a5d9ea4c8122c7b1,4th Square Ln,four square ln,4th Square Ln,,mixed
blr_a5d9ea4c8122c7b1,4th Square Ln,4th square ln,4th Square Ln,,mixed
blr_a5d9ea4c8122c7b1,4th Square Ln,fourth square ln,4th Square Ln,,mixed
blr_a5d9ea4c8122c7b1,4th Square Ln,in four square ln,4th Square Ln,,mixed
blr_a5d9ea4c8122c7b1,4th Square Ln,near 4th square ln,4th Square Ln,,mixed
blr_945a326712cddea6,6th A Cross Rd.,six a cross rd,6th A Cross Rd.,,mixed
blr_945a326712cddea6,6th A Cross Rd.,sixth a cross rd,6th A Cross Rd.,,mixed
blr_945a326712cddea6,6th A Cross Rd.,6th a cross rd,6th A Cross Rd.,,mixed
blr_945a326712cddea6,6th A Cross Rd.,in six a cross rd,6th A Cross Rd.,,mixed
blr_945a326712cddea6,6th A Cross Rd.,near sixth a cross rd,6th A Cross Rd.,,mixed
blr_4d61aaad7405cf49,16th Cross Street,16th cross street,16th Cross Street,,mixed
blr_4d61aaad7405cf49,16th Cross Street,1sixth cross street,16th Cross Street,,mixed
blr_4d61aaad7405cf49,16th Cross Street,1six cross street,16th Cross Street,,mixed
blr_4d61aaad7405cf49,16th Cross Street,in 16th cross street,16th Cross Street,,mixed
blr_4d61aaad7405cf49,16th Cross Street,near 1sixth cross street,16th Cross Street,,mixed
blr_b6dccf511bc5fdc1,A Cross Road,a cross road,A Cross Road,,mixed
blr_b6dccf511bc5fdc1,A Cross Road,in a cross road,A Cross Road,,mixed
blr_b6dccf511bc5fdc1,A Cross Road,near a cross road,A Cross Road,,mixed
blr_b6dccf511bc5fdc1,A Cross Road,around a cross road,A Cross Road,,mixed
blr_b6dccf511bc5fdc1,A Cross Road,a cross road area,A Cross Road,,mixed
blr_4f94ed3e179e50c2,RBI Quarters,rbi quarters,RBI Quarters,,mixed
blr_4f94ed3e179e50c2,RBI Quarters,in rbi quarters,RBI Quarters,,mixed
blr_4f94ed3e179e50c2,RBI Quarters,near rbi quarters,RBI Quarters,,mixed
blr_4f94ed3e179e50c2,RBI Quarters,around rbi quarters,RBI Quarters,,mixed
blr_4f94ed3e179e50c2,RBI Quarters,rbi quarters area,RBI Quarters,,mixed
blr_1e1329da71e73d65,S End Street,s end street,S End Street,,mixed
blr_1e1329da71e73d65,S End Street,in s end street,S End Street,,mixed
blr_1e1329da71e73d65,S End Street,near s end street,S End Street,,mixed
blr_1e1329da71e73d65,S End Street,around s end street,S End Street,,mixed
blr_1e1329da71e73d65,S End Street,s end street area,S End Street,,mixed
blr_b0478cf176337e6f,30th Feet Road,30th feet road,30th Feet Road,,mixed
blr_b0478cf176337e6f,30th Feet Road,in 30th feet road,30th Feet Road,,mixed
blr_b0478cf176337e6f,30th Feet Road,near 30th feet road,30th Feet Road,,mixed
blr_b0478cf176337e6f,30th Feet Road,around 30th feet road,30th Feet Road,,mixed
blr_b0478cf176337e6f,30th Feet Road,30th feet road area,30th Feet Road,,mixed
blr_8e9e25b405f896e8,15th B Main Road,15th b main road,15th B Main Road,,mixed
blr_8e9e25b405f896e8,15th B Main Road,1five b main road,15th B Main Road,,mixed
blr_8e9e25b405f896e8,15th B Main Road,1fifth b main road,15th B Main Road,,mixed
blr_8e9e25b405f896e8,15th B Main Road,in 15th b main road,15th B Main Road,,mixed
blr_8e9e25b405f896e8,15th B Main Road,near 1five b main road,15th B Main Road,,mixed
blr_7803d44a5af94522,Anjaheya Temple zcross,anjaheya temple zcross,Anjaheya Temple zcross,,mixed
blr_7803d44a5af94522,Anjaheya Temple zcross,in anjaheya temple zcross,Anjaheya Temple zcross,,mixed
blr_7803d44a5af94522,Anjaheya Temple zcross,near anjaheya temple zcross,Anjaheya Temple zcross,,mixed
blr_7803d44a5af94522,Anjaheya Temple zcross,around anjaheya temple zcross,Anjaheya Temple zcross,,mixed
blr_7803d44a5af94522,Anjaheya Temple zcross,anjaheya temple zcross area,Anjaheya Temple zcross,,mixed
blr_1c7d6fb9990ab08a,McPherson Road,mcpherson road,McPherson Road,,mixed
blr_1c7d6fb9990ab08a,McPherson Road,in mcpherson road,McPherson Road,,mixed
blr_1c7d6fb9990ab08a,McPherson Road,near mcpherson road,McPherson Road,,mixed
blr_1c7d6fb9990ab08a,McPherson Road,around mcpherson road,McPherson Road,,mixed
blr_1c7d6fb9990ab08a,McPherson Road,mcpherson road area,McPherson Road,,mixed
blr_6474ef16dc65191c,DaCosta Layout 1st Cross,dacosta layout 1st cross,DaCosta Layout 1st Cross,,mixed
blr_6474ef16dc65191c,DaCosta Layout 1st Cross,in dacosta layout 1st cross,DaCosta Layout 1st Cross,,mixed
blr_6474ef16dc65191c,DaCosta Layout 1st Cross,near dacosta layout 1st cross,DaCosta Layout 1st Cross,,mixed
blr_6474ef16dc65191c,DaCosta Layout 1st Cross,around dacosta layout 1st cross,DaCosta Layout 1st Cross,,mixed
blr_6474ef16dc65191c,DaCosta Layout 1st Cross,dacosta layout 1st cross area,DaCosta Layout 1st Cross,,mixed
blr_8c699ce0b77a7339,"3rd Cross, Dacosta Square",3rd cross dacosta square,"3rd Cross, Dacosta Square",,mixed
blr_8c699ce0b77a7339,"3rd Cross, Dacosta Square",third cross dacosta square,"3rd Cross, Dacosta Square",,mixed
blr_8c699ce0b77a7339,"3rd Cross, Dacosta Square",three cross dacosta square,"3rd Cross, Dacosta Square",,mixed
blr_8c699ce0b77a7339,"3rd Cross, Dacosta Square",in 3rd cross dacosta square,"3rd Cross, Dacosta Square",,mixed
blr_8c699ce0b77a7339,"3rd Cross, Dacosta Square",near third cross dacosta square,"3rd Cross, Dacosta Square",,mixed
blr_774bcec383077963,"2nd Cross, Dacosta Square",second cross dacosta square,"2nd Cross, Dacosta Square",,mixed
blr_774bcec383077963,"2nd Cross, Dacosta Square",2nd cross dacosta square,"2nd Cross, Dacosta Square",,mixed
blr_774bcec383077963,"2nd Cross, Dacosta Square",two cross dacosta square,"2nd Cross, Dacosta Square",,mixed
blr_774bcec383077963,"2nd Cross, Dacosta Square",in second cross dacosta square,"2nd Cross, Dacosta Square",,mixed
blr_774bcec383077963,"2nd Cross, Dacosta Square",near 2nd cross dacosta square,"2nd Cross, Dacosta Square",,mixed
blr_0a6e13b63328de70,Hutchins 5th Cross,hutchins five cross,Hutchins 5th Cross,,mixed
blr_0a6e13b63328de70,Hutchins 5th Cross,hutchins fifth cross,Hutchins 5th Cross,,mixed
blr_0a6e13b63328de70,Hutchins 5th Cross,hutchins 5th cross,Hutchins 5th Cross,,mixed
blr_0a6e13b63328de70,Hutchins 5th Cross,in hutchins five cross,Hutchins 5th Cross,,mixed
blr_0a6e13b63328de70,Hutchins 5th Cross,near hutchins fifth cross,Hutchins 5th Cross,,mixed
blr_0a2b3969498c706c,Rangarao road,rangarao road,Rangarao road,,mixed
blr_0a2b3969498c706c,Rangarao road,in rangarao road,Rangarao road,,mixed
blr_0a2b3969498c706c,Rangarao road,near rangarao road,Rangarao road,,mixed
blr_0a2b3969498c706c,Rangarao road,around rangarao road,Rangarao road,,mixed
blr_0a2b3969498c706c,Rangarao road,rangarao road area,Rangarao road,,mixed
blr_6f98e11cf2d07d34,S V Narayan Rao Road,s v narayan rao road,S V Narayan Rao Road,,mixed
blr_6f98e11cf2d07d34,S V Narayan Rao Road,in s v narayan rao road,S V Narayan Rao Road,,mixed
blr_6f98e11cf2d07d34,S V Narayan Rao Road,near s v narayan rao road,S V Narayan Rao Road,,mixed
blr_6f98e11cf2d07d34,S V Narayan Rao Road,around s v narayan rao road,S V Narayan Rao Road,,mixed
blr_6f98e11cf2d07d34,S V Narayan Rao Road,s v narayan rao road area,S V Narayan Rao Road,,mixed
blr_2747b3ba68af3f30,17th Cross Krishna Rajendra Road,17th cross krishna rajendra road,17th Cross Krishna Rajendra Road,,mixed
blr_2747b3ba68af3f30,17th Cross Krishna Rajendra Road,1seven cross krishna rajendra road,17th Cross Krishna Rajendra Road,,mixed
blr_2747b3ba68af3f30,17th Cross Krishna Rajendra Road,1seventh cross krishna rajendra road,17th Cross Krishna Rajendra Road,,mixed
blr_2747b3ba68af3f30,17th Cross Krishna Rajendra Road,in 17th cross krishna rajendra road,17th Cross Krishna Rajendra Road,,mixed
blr_2747b3ba68af3f30,17th Cross Krishna Rajendra Road,near 1seven cross krishna rajendra road,17th Cross Krishna Rajendra Road,,mixed
blr_7e06a111b42dc850,34th A Cross,3four a cross,34th A Cross,,mixed
blr_7e06a111b42dc850,34th A Cross,34th a cross,34th A Cross,,mixed
blr_7e06a111b42dc850,34th A Cross,3fourth a cross,34th A Cross,,mixed
blr_7e06a111b42dc850,34th A Cross,in 3four a cross,34th A Cross,,mixed
blr_7e06a111b42dc850,34th A Cross,near 34th a cross,34th A Cross,,mixed
blr_2af806f031818e68,3rd Main,third main,3rd Main,,mixed
blr_2af806f031818e68,3rd Main,3rd main,3rd Main,,mixed
blr_2af806f031818e68,3rd Main,three main,3rd Main,,mixed
blr_2af806f031818e68,3rd Main,in third main,3rd Main,,mixed
blr_2af806f031818e68,3rd Main,near 3rd main,3rd Main,,mixed
blr_2fc95330dad49740,B Main Road,b main road,B Main Road,,mixed
blr_2fc95330dad49740,B Main Road,in b main road,B Main Road,,mixed
blr_2fc95330dad49740,B Main Road,near b main road,B Main Road,,mixed
blr_2fc95330dad49740,B Main Road,around b main road,B Main Road,,mixed
blr_2fc95330dad49740,B Main Road,b main road area,B Main Road,,mixed
blr_498b466c065b7d6d,E Main Road,e main road,E Main Road,,mixed
blr_498b466c065b7d6d,E Main Road,in e main road,E Main Road,,mixed
blr_498b466c065b7d6d,E Main Road,near e main road,E Main Road,,mixed
blr_498b466c065b7d6d,E Main Road,around e main road,E Main Road,,mixed
blr_498b466c065b7d6d,E Main Road,e main road area,E Main Road,,mixed
blr_df669825fa68c02d,46th Cross Road,4sixth cross road,46th Cross Road,,mixed
blr_df669825fa68c02d,46th Cross Road,46th cross road,46th Cross Road,,mixed
blr_df669825fa68c02d,46th Cross Road,4six cross road,46th Cross Road,,mixed
blr_df669825fa68c02d,46th Cross Road,in 4sixth cross road,46th Cross Road,,mixed
blr_df669825fa68c02d,46th Cross Road,near 46th cross road,46th Cross Road,,mixed
blr_026d705c1ebf76e7,BSNL Quarters,bsnl quarters,BSNL Quarters,,mixed
blr_026d705c1ebf76e7,BSNL Quarters,in bsnl quarters,BSNL Quarters,,mixed
blr_026d705c1ebf76e7,BSNL Quarters,near bsnl quarters,BSNL Quarters,,mixed
blr_026d705c1ebf76e7,BSNL Quarters,around bsnl quarters,BSNL Quarters,,mixed
blr_026d705c1ebf76e7,BSNL Quarters,bsnl quarters area,BSNL Quarters,,mixed
blr_808e657c73256f4d,South End A Cross,south end a cross,South End A Cross,,mixed
blr_808e657c73256f4d,South End A Cross,in south end a cross,South End A Cross,,mixed
blr_808e657c73256f4d,South End A Cross,near south end a cross,South End A Cross,,mixed
blr_808e657c73256f4d,South End A Cross,around south end a cross,South End A Cross,,mixed
blr_808e657c73256f4d,South End A Cross,south end a cross area,South End A Cross,,mixed
blr_86d73ca80537a5f7,BG Cross Road,bg cross road,BG Cross Road,,mixed
blr_86d73ca80537a5f7,BG Cross Road,in bg cross road,BG Cross Road,,mixed
blr_86d73ca80537a5f7,BG Cross Road,near bg cross road,BG Cross Road,,mixed
blr_86d73ca80537a5f7,BG Cross Road,around bg cross road,BG Cross Road,,mixed
blr_86d73ca80537a5f7,BG Cross Road,bg cross road area,BG Cross Road,,mixed
blr_8ae2bbfdaa18909c,36 Cross Road,36 cross road,36 Cross Road,,mixed
blr_8ae2bbfdaa18909c,36 Cross Road,in 36 cross road,36 Cross Road,,mixed
blr_8ae2bbfdaa18909c,36 Cross Road,near 36 cross road,36 Cross Road,,mixed
blr_8ae2bbfdaa18909c,36 Cross Road,around 36 cross road,36 Cross Road,,mixed
blr_8ae2bbfdaa18909c,36 Cross Road,36 cross road area,36 Cross Road,,mixed
blr_757cebf1830a5a2d,13th B Cross Road,13th b cross road,13th B Cross Road,,mixed
blr_757cebf1830a5a2d,13th B Cross Road,in 13th b cross road,13th B Cross Road,,mixed
blr_757cebf1830a5a2d,13th B Cross Road,near 13th b cross road,13th B Cross Road,,mixed
blr_757cebf1830a5a2d,13th B Cross Road,around 13th b cross road,13th B Cross Road,,mixed
blr_757cebf1830a5a2d,13th B Cross Road,13th b cross road area,13th B Cross Road,,mixed
blr_85c5172b4844a0b9,13 A Cross Road,13 a cross road,13 A Cross Road,,mixed
blr_85c5172b4844a0b9,13 A Cross Road,in 13 a cross road,13 A Cross Road,,mixed
blr_85c5172b4844a0b9,13 A Cross Road,near 13 a cross road,13 A Cross Road,,mixed
blr_85c5172b4844a0b9,13 A Cross Road,around 13 a cross road,13 A Cross Road,,mixed
blr_85c5172b4844a0b9,13 A Cross Road,13 a cross road area,13 A Cross Road,,mixed
blr_cfb8bc028a9c59f7,4A Cross Road,4a cross road,4A Cross Road,,mixed
blr_cfb8bc028a9c59f7,4A Cross Road,in 4a cross road,4A Cross Road,,mixed
blr_cfb8bc028a9c59f7,4A Cross Road,near 4a cross road,4A Cross Road,,mixed
blr_cfb8bc028a9c59f7,4A Cross Road,around 4a cross road,4A Cross Road,,mixed
blr_cfb8bc028a9c59f7,4A Cross Road,4a cross road area,4A Cross Road,,mixed
blr_914c1cfa0bc9cd33,25th B Main,25th b main,25th B Main,,mixed
blr_914c1cfa0bc9cd33,25th B Main,2fifth b main,25th B Main,,mixed
blr_914c1cfa0bc9cd33,25th B Main,2five b main,25th B Main,,mixed
blr_914c1cfa0bc9cd33,25th B Main,in 25th b main,25th B Main,,mixed
blr_914c1cfa0bc9cd33,25th B Main,near 2fifth b main,25th B Main,,mixed
blr_123d3726c239db50,5th C Cross Road,fifth c cross road,5th C Cross Road,,mixed
blr_123d3726c239db50,5th C Cross Road,five c cross road,5th C Cross Road,,mixed
blr_123d3726c239db50,5th C Cross Road,5th c cross road,5th C Cross Road,,mixed
blr_123d3726c239db50,5th C Cross Road,in fifth c cross road,5th C Cross Road,,mixed
blr_123d3726c239db50,5th C Cross Road,near five c cross road,5th C Cross Road,,mixed
blr_88cce7dbd97bbf6b,VP Road,vp road,VP Road,,mixed
blr_88cce7dbd97bbf6b,VP Road,in vp road,VP Road,,mixed
blr_88cce7dbd97bbf6b,VP Road,near vp road,VP Road,,mixed
blr_88cce7dbd97bbf6b,VP Road,around vp road,VP Road,,mixed
blr_88cce7dbd97bbf6b,VP Road,vp road area,VP Road,,mixed
blr_f28da1bf2e50b597,NICE Expressway,nice expressway,NICE Expressway,,mixed
blr_f28da1bf2e50b597,NICE Expressway,in nice expressway,NICE Expressway,,mixed
blr_f28da1bf2e50b597,NICE Expressway,near nice expressway,NICE Expressway,,mixed
blr_f28da1bf2e50b597,NICE Expressway,around nice expressway,NICE Expressway,,mixed
blr_f28da1bf2e50b597,NICE Expressway,nice expressway area,NICE Expressway,,mixed
blr_41ed9a88832af91d,22nd A Cross Road,2two a cross road,22nd A Cross Road,,mixed
blr_41ed9a88832af91d,22nd A Cross Road,2second a cross road,22nd A Cross Road,,mixed
blr_41ed9a88832af91d,22nd A Cross Road,22nd a cross road,22nd A Cross Road,,mixed
blr_41ed9a88832af91d,22nd A Cross Road,in 2two a cross road,22nd A Cross Road,,mixed
blr_41ed9a88832af91d,22nd A Cross Road,near 2second a cross road,22nd A Cross Road,,mixed
blr_e3f7df1a1e066ca1,24th B Cross,24th b cross,24th B Cross,,mixed
blr_e3f7df1a1e066ca1,24th B Cross,2fourth b cross,24th B Cross,,mixed
blr_e3f7df1a1e066ca1,24th B Cross,2four b cross,24th B Cross,,mixed
blr_e3f7df1a1e066ca1,24th B Cross,in 24th b cross,24th B Cross,,mixed
blr_e3f7df1a1e066ca1,24th B Cross,near 2fourth b cross,24th B Cross,,mixed
blr_faba004e570f0dd9,2nd Cross Gururaja layout,second cross gururaja layout,2nd Cross Gururaja layout,,mixed
blr_faba004e570f0dd9,2nd Cross Gururaja layout,two cross gururaja layout,2nd Cross Gururaja layout,,mixed
blr_faba004e570f0dd9,2nd Cross Gururaja layout,2nd cross gururaja layout,2nd Cross Gururaja layout,,mixed
blr_faba004e570f0dd9,2nd Cross Gururaja layout,in second cross gururaja layout,2nd Cross Gururaja layout,,mixed
blr_faba004e570f0dd9,2nd Cross Gururaja layout,near two cross gururaja layout,2nd Cross Gururaja layout,,mixed
blr_b1664e5da3110272,"12th Main, Contour Road",12th main contour road,"12th Main, Contour Road",,mixed
blr_b1664e5da3110272,"12th Main, Contour Road",in 12th main contour road,"12th Main, Contour Road",,mixed
blr_b1664e5da3110272,"12th Main, Contour Road",near 12th main contour road,"12th Main, Contour Road",,mixed
blr_b1664e5da3110272,"12th Main, Contour Road",around 12th main contour road,"12th Main, Contour Road",,mixed
blr_b1664e5da3110272,"12th Main, Contour Road",12th main contour road area,"12th Main, Contour Road",,mixed
blr_05b554b322a17b38,CSV Road,csv road,CSV Road,,mixed
blr_05b554b322a17b38,CSV Road,in csv road,CSV Road,,mixed
blr_05b554b322a17b38,CSV Road,near csv road,CSV Road,,mixed
blr_05b554b322a17b38,CSV Road,around csv road,CSV Road,,mixed
blr_05b554b322a17b38,CSV Road,csv road area,CSV Road,,mixed
blr_fcbfd88903bc1196,50 Feet Road,50 feet road,50 Feet Road,,mixed
blr_fcbfd88903bc1196,50 Feet Road,in 50 feet road,50 Feet Road,,mixed
blr_fcbfd88903bc1196,50 Feet Road,near 50 feet road,50 Feet Road,,mixed
blr_fcbfd88903bc1196,50 Feet Road,around 50 feet road,50 Feet Road,,mixed
blr_fcbfd88903bc1196,50 Feet Road,50 feet road area,50 Feet Road,,mixed
blr_4296f9377893ff52,1st I Cross road,1st i cross road,1st I Cross road,,mixed
blr_4296f9377893ff52,1st I Cross road,in 1st i cross road,1st I Cross road,,mixed
blr_4296f9377893ff52,1st I Cross road,near 1st i cross road,1st I Cross road,,mixed
blr_4296f9377893ff52,1st I Cross road,around 1st i cross road,1st I Cross road,,mixed
blr_4296f9377893ff52,1st I Cross road,1st i cross road area,1st I Cross road,,mixed
blr_adc13544a55c48d5,1st D Cross Road,1st d cross road,1st D Cross Road,,mixed
blr_adc13544a55c48d5,1st D Cross Road,in 1st d cross road,1st D Cross Road,,mixed
blr_adc13544a55c48d5,1st D Cross Road,near 1st d cross road,1st D Cross Road,,mixed
blr_adc13544a55c48d5,1st D Cross Road,around 1st d cross road,1st D Cross Road,,mixed
blr_adc13544a55c48d5,1st D Cross Road,1st d cross road area,1st D Cross Road,,mixed
blr_ffc4984e17c4960a,1st G Cross Road,1st g cross road,1 G Cross Road,,mixed
blr_ffc4984e17c4960a,1st G Cross Road,in 1st g cross road,1 G Cross Road,,mixed
blr_ffc4984e17c4960a,1st G Cross Road,near 1st g cross road,1 G Cross Road,,mixed
blr_ffc4984e17c4960a,1st G Cross Road,around 1st g cross road,1 G Cross Road,,mixed
blr_ffc4984e17c4960a,1st G Cross Road,1st g cross road area,1 G Cross Road,,mixed
blr_065313cf542120e8,15th B Cross Road,15th b cross road,15th B Cross Road,,mixed
blr_065313cf542120e8,15th B Cross Road,1five b cross road,15th B Cross Road,,mixed
blr_065313cf542120e8,15th B Cross Road,1fifth b cross road,15th B Cross Road,,mixed
blr_065313cf542120e8,15th B Cross Road,in 15th b cross road,15th B Cross Road,,mixed
blr_065313cf542120e8,15th B Cross Road,near 1five b cross road,15th B Cross Road,,mixed
blr_f1bee139602801c8,11th B Main Road,11th b main road,11th B Main Road,,mixed
blr_f1bee139602801c8,11th B Main Road,in 11th b main road,11th B Main Road,,mixed
blr_f1bee139602801c8,11th B Main Road,near 11th b main road,11th B Main Road,,mixed
blr_f1bee139602801c8,11th B Main Road,around 11th b main road,11th B Main Road,,mixed
blr_f1bee139602801c8,11th B Main Road,11th b main road area,11th B Main Road,,mixed
blr_8e26085b2568de43,10th B Cross Road,10th b cross road,10th B Cross Road,,mixed
blr_8e26085b2568de43,10th B Cross Road,tenth b cross road,10th B Cross Road,,mixed
blr_8e26085b2568de43,10th B Cross Road,ten b cross road,10th B Cross Road,,mixed
blr_8e26085b2568de43,10th B Cross Road,in 10th b cross road,10th B Cross Road,,mixed
blr_8e26085b2568de43,10th B Cross Road,near tenth b cross road,10th B Cross Road,,mixed
blr_edae8cc02a4401b2,9th B Main,nine b main,9th B Main,,mixed
blr_edae8cc02a4401b2,9th B Main,9th b main,9th B Main,,mixed
blr_edae8cc02a4401b2,9th B Main,ninth b main,9th B Main,,mixed
blr_edae8cc02a4401b2,9th B Main,in nine b main,9th B Main,,mixed
blr_edae8cc02a4401b2,9th B Main,near 9th b main,9th B Main,,mixed
blr_c999022672c0279e,8th B Main,8th b main,8th B Main,,mixed
blr_c999022672c0279e,8th B Main,eight b main,8th B Main,,mixed
blr_c999022672c0279e,8th B Main,eighth b main,8th B Main,,mixed
blr_c999022672c0279e,8th B Main,in 8th b main,8th B Main,,mixed
blr_c999022672c0279e,8th B Main,near eight b main,8th B Main,,mixed
blr_b86a1ccf733974ff,9th B Cross Road,9th b cross road,9th B Cross Road,,mixed
blr_b86a1ccf733974ff,9th B Cross Road,ninth b cross road,9th B Cross Road,,mixed
blr_b86a1ccf733974ff,9th B Cross Road,nine b cross road,9th B Cross Road,,mixed
blr_b86a1ccf733974ff,9th B Cross Road,in 9th b cross road,9th B Cross Road,,mixed
blr_b86a1ccf733974ff,9th B Cross Road,near ninth b cross road,9th B Cross Road,,mixed
blr_03e3f902ac0859d6,5th B Main Road,fifth b main road,5th B Main Road,,mixed
blr_03e3f902ac0859d6,5th B Main Road,5th b main road,5th B Main Road,,mixed
blr_03e3f902ac0859d6,5th B Main Road,five b main road,5th B Main Road,,mixed
blr_03e3f902ac0859d6,5th B Main Road,in fifth b main road,5th B Main Road,,mixed
blr_03e3f902ac0859d6,5th B Main Road,near 5th b main road,5th B Main Road,,mixed
blr_5734ea8d129e5a4f,12th A Cross,12th a cross,12th A Cross,,mixed
blr_5734ea8d129e5a4f,12th A Cross,in 12th a cross,12th A Cross,,mixed
blr_5734ea8d129e5a4f,12th A Cross,near 12th a cross,12th A Cross,,mixed
blr_5734ea8d129e5a4f,12th A Cross,around 12th a cross,12th A Cross,,mixed
blr_5734ea8d129e5a4f,12th A Cross,12th a cross area,12th A Cross,,mixed
blr_8fc33aaeb1ba7f79,1st Road,1st road,1st Road,,mixed
blr_8fc33aaeb1ba7f79,1st Road,in 1st road,1st Road,,mixed
blr_8fc33aaeb1ba7f79,1st Road,near 1st road,1st Road,,mixed
blr_8fc33aaeb1ba7f79,1st Road,around 1st road,1st Road,,mixed
blr_8fc33aaeb1ba7f79,1st Road,1st road area,1st Road,,mixed
blr_0985870da9a5d748,B Narayanapura Road,b narayanapura road,B Narayanapura Road,,mixed
blr_0985870da9a5d748,B Narayanapura Road,in b narayanapura road,B Narayanapura Road,,mixed
blr_0985870da9a5d748,B Narayanapura Road,near b narayanapura road,B Narayanapura Road,,mixed
blr_0985870da9a5d748,B Narayanapura Road,around b narayanapura road,B Narayanapura Road,,mixed
blr_0985870da9a5d748,B Narayanapura Road,b narayanapura road area,B Narayanapura Road,,mixed
blr_a4195878c9204d0d,8th B Cross Road,eighth b cross road,8th B Cross Road,,mixed
blr_a4195878c9204d0d,8th B Cross Road,8th b cross road,8th B Cross Road,,mixed
blr_a4195878c9204d0d,8th B Cross Road,eight b cross road,8th B Cross Road,,mixed
blr_a4195878c9204d0d,8th B Cross Road,in eighth b cross road,8th B Cross Road,,mixed
blr_a4195878c9204d0d,8th B Cross Road,near 8th b cross road,8th B Cross Road,,mixed
blr_97464f9f92b226d4,1D Cross Road,1d cross road,1D Cross Road,,mixed
blr_97464f9f92b226d4,1D Cross Road,in 1d cross road,1D Cross Road,,mixed
blr_97464f9f92b226d4,1D Cross Road,near 1d cross road,1D Cross Road,,mixed
blr_97464f9f92b226d4,1D Cross Road,around 1d cross road,1D Cross Road,,mixed
blr_97464f9f92b226d4,1D Cross Road,1d cross road area,1D Cross Road,,mixed
blr_4604645e2e801be6,1A Cross Road,1a cross road,1A Cross Road,,mixed
blr_4604645e2e801be6,1A Cross Road,in 1a cross road,1A Cross Road,,mixed
blr_4604645e2e801be6,1A Cross Road,near 1a cross road,1A Cross Road,,mixed
blr_4604645e2e801be6,1A Cross Road,around 1a cross road,1A Cross Road,,mixed
blr_4604645e2e801be6,1A Cross Road,1a cross road area,1A Cross Road,,mixed
blr_62bc58fa461cdcea,HMR Industrial Area,hmr industrial area,HMR Industrial Area,,mixed
blr_62bc58fa461cdcea,HMR Industrial Area,in hmr industrial area,HMR Industrial Area,,mixed
blr_62bc58fa461cdcea,HMR Industrial Area,near hmr industrial area,HMR Industrial Area,,mixed
blr_62bc58fa461cdcea,HMR Industrial Area,around hmr industrial area,HMR Industrial Area,,mixed
blr_62bc58fa461cdcea,HMR Industrial Area,hmr industrial area area,HMR Industrial Area,,mixed
blr_95df497ad88cec9d,HMT Quarters,hmt quarters,HMT Quarters,,mixed
blr_95df497ad88cec9d,HMT Quarters,in hmt quarters,HMT Quarters,,mixed
blr_95df497ad88cec9d,HMT Quarters,near hmt quarters,HMT Quarters,,mixed
blr_95df497ad88cec9d,HMT Quarters,around hmt quarters,HMT Quarters,,mixed
blr_95df497ad88cec9d,HMT Quarters,hmt quarters area,HMT Quarters,,mixed
blr_b2ae5773ce9063ce,MSRIT Road,msrit road,MSRIT Road,,mixed
blr_b2ae5773ce9063ce,MSRIT Road,in msrit road,MSRIT Road,,mixed
blr_b2ae5773ce9063ce,MSRIT Road,near msrit road,MSRIT Road,,mixed
blr_b2ae5773ce9063ce,MSRIT Road,around msrit road,MSRIT Road,,mixed
blr_b2ae5773ce9063ce,MSRIT Road,msrit road area,MSRIT Road,,mixed
blr_e43ba97d508cbb6c,New BEL Road,new bel road,New BEL Road,,mixed
blr_e43ba97d508cbb6c,New BEL Road,in new bel road,New BEL Road,,mixed
blr_e43ba97d508cbb6c,New BEL Road,near new bel road,New BEL Road,,mixed
blr_e43ba97d508cbb6c,New BEL Road,around new bel road,New BEL Road,,mixed
blr_e43ba97d508cbb6c,New BEL Road,new bel road area,New BEL Road,,mixed
blr_f18869593bf1bc75,MS Ramaiah Road,ms ramaiah road,MS Ramaiah Road,,mixed
blr_f18869593bf1bc75,MS Ramaiah Road,in ms ramaiah road,MS Ramaiah Road,,mixed
blr_f18869593bf1bc75,MS Ramaiah Road,near ms ramaiah road,MS Ramaiah Road,,mixed
blr_f18869593bf1bc75,MS Ramaiah Road,around ms ramaiah road,MS Ramaiah Road,,mixed
blr_f18869593bf1bc75,MS Ramaiah Road,ms ramaiah road area,MS Ramaiah Road,,mixed
blr_f66893eb2a2babe3,BEL Bridge,bel bridge,BEL Bridge,,mixed
blr_f66893eb2a2babe3,BEL Bridge,in bel bridge,BEL Bridge,,mixed
blr_f66893eb2a2babe3,BEL Bridge,near bel bridge,BEL Bridge,,mixed
blr_f66893eb2a2babe3,BEL Bridge,around bel bridge,BEL Bridge,,mixed
blr_f66893eb2a2babe3,BEL Bridge,bel bridge area,BEL Bridge,,mixed
blr_eeddb5216499ef25,Poojari Layout 2nd cross,poojari layout 2nd cross,Poojari Layout 2nd cross,,mixed
blr_eeddb5216499ef25,Poojari Layout 2nd cross,poojari layout second cross,Poojari Layout 2nd cross,,mixed
blr_eeddb5216499ef25,Poojari Layout 2nd cross,poojari layout two cross,Poojari Layout 2nd cross,,mixed
blr_eeddb5216499ef25,Poojari Layout 2nd cross,in poojari layout 2nd cross,Poojari Layout 2nd cross,,mixed
blr_eeddb5216499ef25,Poojari Layout 2nd cross,near poojari layout second cross,Poojari Layout 2nd cross,,mixed
blr_3bb63e504594dca3,Tank Bund Road(4th Cross Road),tank bund road4th cross road,Tank Bund Road(4th Cross Road),,mixed
blr_3bb63e504594dca3,Tank Bund Road(4th Cross Road),tank bund roadfourth cross road,Tank Bund Road(4th Cross Road),,mixed
blr_3bb63e504594dca3,Tank Bund Road(4th Cross Road),tank bund roadfour cross road,Tank Bund Road(4th Cross Road),,mixed
blr_3bb63e504594dca3,Tank Bund Road(4th Cross Road),in tank bund road4th cross road,Tank Bund Road(4th Cross Road),,mixed
blr_3bb63e504594dca3,Tank Bund Road(4th Cross Road),near tank bund roadfourth cross road,Tank Bund Road(4th Cross Road),,mixed
blr_43e7f288defa62c0,BEL Road,bel road,BEL Road,,mixed
blr_43e7f288defa62c0,BEL Road,in bel road,BEL Road,,mixed
blr_43e7f288defa62c0,BEL Road,near bel road,BEL Road,,mixed
blr_43e7f288defa62c0,BEL Road,around bel road,BEL Road,,mixed
blr_43e7f288defa62c0,BEL Road,bel road area,BEL Road,,mixed
blr_056b752c2613a1b6,4th Cross Kariappa Layout,fourth cross kariappa layout,4th Cross Kariappa Layout,,mixed
blr_056b752c2613a1b6,4th Cross Kariappa Layout,4th cross kariappa layout,4th Cross Kariappa Layout,,mixed
blr_056b752c2613a1b6,4th Cross Kariappa Layout,four cross kariappa layout,4th Cross Kariappa Layout,,mixed
blr_056b752c2613a1b6,4th Cross Kariappa Layout,in fourth cross kariappa layout,4th Cross Kariappa Layout,,mixed
blr_056b752c2613a1b6,4th Cross Kariappa Layout,near 4th cross kariappa layout,4th Cross Kariappa Layout,,mixed
blr_26c8250bb89be08a,Poojari layout 3rd cross,poojari layout 3rd cross,Poojari layout 3rd cross,,mixed
blr_26c8250bb89be08a,Poojari layout 3rd cross,poojari layout third cross,Poojari layout 3rd cross,,mixed
blr_26c8250bb89be08a,Poojari layout 3rd cross,poojari layout three cross,Poojari layout 3rd cross,,mixed
blr_26c8250bb89be08a,Poojari layout 3rd cross,in poojari layout 3rd cross,Poojari layout 3rd cross,,mixed
blr_26c8250bb89be08a,Poojari layout 3rd cross,near poojari layout third cross,Poojari layout 3rd cross,,mixed
blr_311fce7475cdd318,Poojari Layout 4th cross,poojari layout 4th cross,Poojari Layout 4th cross,,mixed
blr_311fce7475cdd318,Poojari Layout 4th cross,poojari layout fourth cross,Poojari Layout 4th cross,,mixed
blr_311fce7475cdd318,Poojari Layout 4th cross,poojari layout four cross,Poojari Layout 4th cross,,mixed
blr_311fce7475cdd318,Poojari Layout 4th cross,in poojari layout 4th cross,Poojari Layout 4th cross,,mixed
blr_311fce7475cdd318,Poojari Layout 4th cross,near poojari layout fourth cross,Poojari Layout 4th cross,,mixed
blr_46c52324ae4c0290,Poojari Layout 1st Cross,poojari layout 1st cross,Poojari Layout 1st Cross,,mixed
blr_46c52324ae4c0290,Poojari Layout 1st Cross,in poojari layout 1st cross,Poojari Layout 1st Cross,,mixed
blr_46c52324ae4c0290,Poojari Layout 1st Cross,near poojari layout 1st cross,Poojari Layout 1st Cross,,mixed
blr_46c52324ae4c0290,Poojari Layout 1st Cross,around poojari layout 1st cross,Poojari Layout 1st Cross,,mixed
blr_46c52324ae4c0290,Poojari Layout 1st Cross,poojari layout 1st cross area,Poojari Layout 1st Cross,,mixed
blr_d9000ea8f13a7df5,Daffodils school road,daffodils school road,Daffodils school road,,mixed
blr_d9000ea8f13a7df5,Daffodils school road,in daffodils school road,Daffodils school road,,mixed
blr_d9000ea8f13a7df5,Daffodils school road,near daffodils school road,Daffodils school road,,mixed
blr_d9000ea8f13a7df5,Daffodils school road,around daffodils school road,Daffodils school road,,mixed
blr_d9000ea8f13a7df5,Daffodils school road,daffodils school road area,Daffodils school road,,mixed
blr_7a0466608eff9a55,"2nd Cross, Sanjaynagar Main Road",2nd cross sanjaynagar main road,"2nd Cross, Sanjaynagar Main Road",,mixed
blr_7a0466608eff9a55,"2nd Cross, Sanjaynagar Main Road",second cross sanjaynagar main road,"2nd Cross, Sanjaynagar Main Road",,mixed
blr_7a0466608eff9a55,"2nd Cross, Sanjaynagar Main Road",two cross sanjaynagar main road,"2nd Cross, Sanjaynagar Main Road",,mixed
blr_7a0466608eff9a55,"2nd Cross, Sanjaynagar Main Road",in 2nd cross sanjaynagar main road,"2nd Cross, Sanjaynagar Main Road",,mixed
blr_7a0466608eff9a55,"2nd Cross, Sanjaynagar Main Road",near second cross sanjaynagar main road,"2nd Cross, Sanjaynagar Main Road",,mixed
blr_83307c96f6a7b7a1,"5th Cross,Ashwathnagar 1st Main Road",five crossashwathnagar 1st main road,"5th Cross,Ashwathnagar 1st Main Road",,mixed
blr_83307c96f6a7b7a1,"5th Cross,Ashwathnagar 1st Main Road",5th crossashwathnagar 1st main road,"5th Cross,Ashwathnagar 1st Main Road",,mixed
blr_83307c96f6a7b7a1,"5th Cross,Ashwathnagar 1st Main Road",fifth crossashwathnagar 1st main road,"5th Cross,Ashwathnagar 1st Main Road",,mixed
blr_83307c96f6a7b7a1,"5th Cross,Ashwathnagar 1st Main Road",in five crossashwathnagar 1st main road,"5th Cross,Ashwathnagar 1st Main Road",,mixed
blr_83307c96f6a7b7a1,"5th Cross,Ashwathnagar 1st Main Road",near 5th crossashwathnagar 1st main road,"5th Cross,Ashwathnagar 1st Main Road",,mixed
blr_8ef621f0d93c8267,"3rd Cross,Ashwathnagar 1st Main Road",third crossashwathnagar 1st main road,"3rd Cross,Ashwathnagar 1st Main Road",,mixed
blr_8ef621f0d93c8267,"3rd Cross,Ashwathnagar 1st Main Road",three crossashwathnagar 1st main road,"3rd Cross,Ashwathnagar 1st Main Road",,mixed
blr_8ef621f0d93c8267,"3rd Cross,Ashwathnagar 1st Main Road",3rd crossashwathnagar 1st main road,"3rd Cross,Ashwathnagar 1st Main Road",,mixed
blr_8ef621f0d93c8267,"3rd Cross,Ashwathnagar 1st Main Road",in third crossashwathnagar 1st main road,"3rd Cross,Ashwathnagar 1st Main Road",,mixed
blr_8ef621f0d93c8267,"3rd Cross,Ashwathnagar 1st Main Road",near three crossashwathnagar 1st main road,"3rd Cross,Ashwathnagar 1st Main Road",,mixed
blr_f9ec4a229e56a63a,2nd Main (Flour mill road),two main flour mill road,2nd Main (Flour mill road),,mixed
blr_f9ec4a229e56a63a,2nd Main (Flour mill road),2nd main flour mill road,2nd Main (Flour mill road),,mixed
blr_f9ec4a229e56a63a,2nd Main (Flour mill road),second main flour mill road,2nd Main (Flour mill road),,mixed
blr_f9ec4a229e56a63a,2nd Main (Flour mill road),in two main flour mill road,2nd Main (Flour mill road),,mixed
blr_f9ec4a229e56a63a,2nd Main (Flour mill road),near 2nd main flour mill road,2nd Main (Flour mill road),,mixed
blr_3f33407efc395ae8,"2nd Cross,Ashwathnagar 1st Main Road",2nd crossashwathnagar 1st main road,"2nd Cross,Ashwathnagar 1st Main Road",,mixed
blr_3f33407efc395ae8,"2nd Cross,Ashwathnagar 1st Main Road",second crossashwathnagar 1st main road,"2nd Cross,Ashwathnagar 1st Main Road",,mixed
blr_3f33407efc395ae8,"2nd Cross,Ashwathnagar 1st Main Road",two crossashwathnagar 1st main road,"2nd Cross,Ashwathnagar 1st Main Road",,mixed
blr_3f33407efc395ae8,"2nd Cross,Ashwathnagar 1st Main Road",in 2nd crossashwathnagar 1st main road,"2nd Cross,Ashwathnagar 1st Main Road",,mixed
blr_3f33407efc395ae8,"2nd Cross,Ashwathnagar 1st Main Road",near second crossashwathnagar 1st main road,"2nd Cross,Ashwathnagar 1st Main Road",,mixed
blr_89a8544fa35244f8,"5th Cross, Sanjaynagar Main Road",fifth cross sanjaynagar main road,"5th Cross, Sanjaynagar Main Road",,mixed
blr_89a8544fa35244f8,"5th Cross, Sanjaynagar Main Road",5th cross sanjaynagar main road,"5th Cross, Sanjaynagar Main Road",,mixed
blr_89a8544fa35244f8,"5th Cross, Sanjaynagar Main Road",five cross sanjaynagar main road,"5th Cross, Sanjaynagar Main Road",,mixed
blr_89a8544fa35244f8,"5th Cross, Sanjaynagar Main Road",in fifth cross sanjaynagar main road,"5th Cross, Sanjaynagar Main Road",,mixed
blr_89a8544fa35244f8,"5th Cross, Sanjaynagar Main Road",near 5th cross sanjaynagar main road,"5th Cross, Sanjaynagar Main Road",,mixed
blr_528a4134158f4af3,KEB Layout 2nd Cross road,keb layout 2nd cross road,KEB Layout 2nd Cross road,,mixed
blr_528a4134158f4af3,KEB Layout 2nd Cross road,keb layout second cross road,KEB Layout 2nd Cross road,,mixed
blr_528a4134158f4af3,KEB Layout 2nd Cross road,keb layout two cross road,KEB Layout 2nd Cross road,,mixed
blr_528a4134158f4af3,KEB Layout 2nd Cross road,in keb layout 2nd cross road,KEB Layout 2nd Cross road,,mixed
blr_528a4134158f4af3,KEB Layout 2nd Cross road,near keb layout second cross road,KEB Layout 2nd Cross road,,mixed
blr_3706d9876720867d,IISc Quarters,iisc quarters,IISc Quarters,,mixed
blr_3706d9876720867d,IISc Quarters,in iisc quarters,IISc Quarters,,mixed
blr_3706d9876720867d,IISc Quarters,near iisc quarters,IISc Quarters,,mixed
blr_3706d9876720867d,IISc Quarters,around iisc quarters,IISc Quarters,,mixed
blr_3706d9876720867d,IISc Quarters,iisc quarters area,IISc Quarters,,mixed
blr_e4bf226bc672f03d,5th D Cross Road,5th d cross road,5th D Cross Road,,mixed
blr_e4bf226bc672f03d,5th D Cross Road,five d cross road,5th D Cross Road,,mixed
blr_e4bf226bc672f03d,5th D Cross Road,fifth d cross road,5th D Cross Road,,mixed
blr_e4bf226bc672f03d,5th D Cross Road,in 5th d cross road,5th D Cross Road,,mixed
blr_e4bf226bc672f03d,5th D Cross Road,near five d cross road,5th D Cross Road,,mixed
blr_b4075a5c01f9bced,Sri M Thimmaiah Road,sri m thimmaiah road,Sri M Thimmaiah Road,,mixed
blr_b4075a5c01f9bced,Sri M Thimmaiah Road,in sri m thimmaiah road,Sri M Thimmaiah Road,,mixed
blr_b4075a5c01f9bced,Sri M Thimmaiah Road,near sri m thimmaiah road,Sri M Thimmaiah Road,,mixed
blr_b4075a5c01f9bced,Sri M Thimmaiah Road,around sri m thimmaiah road,Sri M Thimmaiah Road,,mixed
blr_b4075a5c01f9bced,Sri M Thimmaiah Road,sri m thimmaiah road area,Sri M Thimmaiah Road,,mixed
blr_e189a84993b17fc7,BSF STS Road,bsf sts road,BSF STS Road,,mixed
blr_e189a84993b17fc7,BSF STS Road,in bsf sts road,BSF STS Road,,mixed
blr_e189a84993b17fc7,BSF STS Road,near bsf sts road,BSF STS Road,,mixed
blr_e189a84993b17fc7,BSF STS Road,around bsf sts road,BSF STS Road,,mixed
blr_e189a84993b17fc7,BSF STS Road,bsf sts road area,BSF STS Road,,mixed
blr_86426cd33e636323,T Thimmiah Road,t thimmiah road,T Thimmiah Road,,mixed
blr_86426cd33e636323,T Thimmiah Road,in t thimmiah road,T Thimmiah Road,,mixed
blr_86426cd33e636323,T Thimmiah Road,near t thimmiah road,T Thimmiah Road,,mixed
blr_86426cd33e636323,T Thimmiah Road,around t thimmiah road,T Thimmiah Road,,mixed
blr_86426cd33e636323,T Thimmiah Road,t thimmiah road area,T Thimmiah Road,,mixed
blr_13a9c059b987ba5f,C J Venkatesa Das Road,c j venkatesa das road,C J Venkatesa Das Road,,mixed
blr_13a9c059b987ba5f,C J Venkatesa Das Road,in c j venkatesa das road,C J Venkatesa Das Road,,mixed
blr_13a9c059b987ba5f,C J Venkatesa Das Road,near c j venkatesa das road,C J Venkatesa Das Road,,mixed
blr_13a9c059b987ba5f,C J Venkatesa Das Road,around c j venkatesa das road,C J Venkatesa Das Road,,mixed
blr_13a9c059b987ba5f,C J Venkatesa Das Road,c j venkatesa das road area,C J Venkatesa Das Road,,mixed
blr_32c4759d7a0cead9,Andrahalli Main road,andrahalli main road,Andrahalli Main road,,mixed
blr_32c4759d7a0cead9,Andrahalli Main road,in andrahalli main road,Andrahalli Main road,,mixed
blr_32c4759d7a0cead9,Andrahalli Main road,near andrahalli main road,Andrahalli Main road,,mixed
blr_32c4759d7a0cead9,Andrahalli Main road,around andrahalli main road,Andrahalli Main road,,mixed
blr_32c4759d7a0cead9,Andrahalli Main road,andrahalli main road area,Andrahalli Main road,,mixed
blr_c93ae3a864af0839,Union street,union street,Union street,,mixed
blr_c93ae3a864af0839,Union street,in union street,Union street,,mixed
blr_c93ae3a864af0839,Union street,near union street,Union street,,mixed
blr_c93ae3a864af0839,Union street,around union street,Union street,,mixed
blr_c93ae3a864af0839,Union street,union street area,Union street,,mixed
blr_16916b68dfb77bc5,15th A Cross Road,1five a cross road,15th A Cross Road,,mixed
blr_16916b68dfb77bc5,15th A Cross Road,15th a cross road,15th A Cross Road,,mixed
blr_16916b68dfb77bc5,15th A Cross Road,1fifth a cross road,15th A Cross Road,,mixed
blr_16916b68dfb77bc5,15th A Cross Road,in 1five a cross road,15th A Cross Road,,mixed
blr_16916b68dfb77bc5,15th A Cross Road,near 15th a cross road,15th A Cross Road,,mixed
blr_fab10d710e07f37a,Ganganagara 5th Main Road,ganganagara fifth main road,Ganganagara 5th Main Road,,mixed
blr_fab10d710e07f37a,Ganganagara 5th Main Road,ganganagara 5th main road,Ganganagara 5th Main Road,,mixed
blr_fab10d710e07f37a,Ganganagara 5th Main Road,ganganagara five main road,Ganganagara 5th Main Road,,mixed
blr_fab10d710e07f37a,Ganganagara 5th Main Road,in ganganagara fifth main road,Ganganagara 5th Main Road,,mixed
blr_fab10d710e07f37a,Ganganagara 5th Main Road,near ganganagara 5th main road,Ganganagara 5th Main Road,,mixed
blr_4364352b5e342ee3,CBI Road,cbi road,CBI Road,,mixed
blr_4364352b5e342ee3,CBI Road,in cbi road,CBI Road,,mixed
blr_4364352b5e342ee3,CBI Road,near cbi road,CBI Road,,mixed
blr_4364352b5e342ee3,CBI Road,around cbi road,CBI Road,,mixed
blr_4364352b5e342ee3,CBI Road,cbi road area,CBI Road,,mixed
blr_58f93bd746cdd554,6th D Main Road,6th d main road,6th D Main Road,,mixed
blr_58f93bd746cdd554,6th D Main Road,six d main road,6th D Main Road,,mixed
blr_58f93bd746cdd554,6th D Main Road,sixth d main road,6th D Main Road,,mixed
blr_58f93bd746cdd554,6th D Main Road,in 6th d main road,6th D Main Road,,mixed
blr_58f93bd746cdd554,6th D Main Road,near six d main road,6th D Main Road,,mixed
blr_af94f473ec6bf9c1,7th B Cross,seven b cross,7th B Cross,,mixed
blr_af94f473ec6bf9c1,7th B Cross,seventh b cross,7th B Cross,,mixed
blr_af94f473ec6bf9c1,7th B Cross,7th b cross,7th B Cross,,mixed
blr_af94f473ec6bf9c1,7th B Cross,in seven b cross,7th B Cross,,mixed
blr_af94f473ec6bf9c1,7th B Cross,near seventh b cross,7th B Cross,,mixed
blr_632351b535d86cb0,Kanaka Nagar 1st Main Road,kanaka nagar 1st main road,Kanaka Nagar 1st Main Road,,mixed
blr_632351b535d86cb0,Kanaka Nagar 1st Main Road,in kanaka nagar 1st main road,Kanaka Nagar 1st Main Road,,mixed
blr_632351b535d86cb0,Kanaka Nagar 1st Main Road,near kanaka nagar 1st main road,Kanaka Nagar 1st Main Road,,mixed
blr_632351b535d86cb0,Kanaka Nagar 1st Main Road,around kanaka nagar 1st main road,Kanaka Nagar 1st Main Road,,mixed
blr_632351b535d86cb0,Kanaka Nagar 1st Main Road,kanaka nagar 1st main road area,Kanaka Nagar 1st Main Road,,mixed
blr_f33d64c48d0bdfa1,KHB Main Road,khb main road,KHB Main Road,,mixed
blr_f33d64c48d0bdfa1,KHB Main Road,in khb main road,KHB Main Road,,mixed
blr_f33d64c48d0bdfa1,KHB Main Road,near khb main road,KHB Main Road,,mixed
blr_f33d64c48d0bdfa1,KHB Main Road,around khb main road,KHB Main Road,,mixed
blr_f33d64c48d0bdfa1,KHB Main Road,khb main road area,KHB Main Road,,mixed
blr_777c648782ba4dbe,LR Bande Road,lr bande road,LR Bande Road,,mixed
blr_777c648782ba4dbe,LR Bande Road,in lr bande road,LR Bande Road,,mixed
blr_777c648782ba4dbe,LR Bande Road,near lr bande road,LR Bande Road,,mixed
blr_777c648782ba4dbe,LR Bande Road,around lr bande road,LR Bande Road,,mixed
blr_777c648782ba4dbe,LR Bande Road,lr bande road area,LR Bande Road,,mixed
blr_eb7bd01d446ed7b6,10th Cross Krishnappa Block,ten cross krishnappa block,10th Cross Krishnappa Block,,mixed
blr_eb7bd01d446ed7b6,10th Cross Krishnappa Block,tenth cross krishnappa block,10th Cross Krishnappa Block,,mixed
blr_eb7bd01d446ed7b6,10th Cross Krishnappa Block,10th cross krishnappa block,10th Cross Krishnappa Block,,mixed
blr_eb7bd01d446ed7b6,10th Cross Krishnappa Block,in ten cross krishnappa block,10th Cross Krishnappa Block,,mixed
blr_eb7bd01d446ed7b6,10th Cross Krishnappa Block,near tenth cross krishnappa block,10th Cross Krishnappa Block,,mixed
blr_d9ee4567213e070d,9th Main Krishnappa Block,9th main krishnappa block,9th Main Krishnappa Block,,mixed
blr_d9ee4567213e070d,9th Main Krishnappa Block,nine main krishnappa block,9th Main Krishnappa Block,,mixed
blr_d9ee4567213e070d,9th Main Krishnappa Block,ninth main krishnappa block,9th Main Krishnappa Block,,mixed
blr_d9ee4567213e070d,9th Main Krishnappa Block,in 9th main krishnappa block,9th Main Krishnappa Block,,mixed
blr_d9ee4567213e070d,9th Main Krishnappa Block,near nine main krishnappa block,9th Main Krishnappa Block,,mixed
blr_181b58e46baf4252,8th Main Krishnappa Block,eighth main krishnappa block,8th Main Krishnappa Block,,mixed
blr_181b58e46baf4252,8th Main Krishnappa Block,8th main krishnappa block,8th Main Krishnappa Block,,mixed
blr_181b58e46baf4252,8th Main Krishnappa Block,eight main krishnappa block,8th Main Krishnappa Block,,mixed
blr_181b58e46baf4252,8th Main Krishnappa Block,in eighth main krishnappa block,8th Main Krishnappa Block,,mixed
blr_181b58e46baf4252,8th Main Krishnappa Block,near 8th main krishnappa block,8th Main Krishnappa Block,,mixed
blr_8044014cd8ca5f18,6th Main Krishnappa Block,sixth main krishnappa block,6th Main Krishnappa Block,,mixed
blr_8044014cd8ca5f18,6th Main Krishnappa Block,6th main krishnappa block,6th Main Krishnappa Block,,mixed
blr_8044014cd8ca5f18,6th Main Krishnappa Block,six main krishnappa block,6th Main Krishnappa Block,,mixed
blr_8044014cd8ca5f18,6th Main Krishnappa Block,in sixth main krishnappa block,6th Main Krishnappa Block,,mixed
blr_8044014cd8ca5f18,6th Main Krishnappa Block,near 6th main krishnappa block,6th Main Krishnappa Block,,mixed
blr_e6984395e4cd0792,7th Main Krishnappa Block,seventh main krishnappa block,7th Main Krishnappa Block,,mixed
blr_e6984395e4cd0792,7th Main Krishnappa Block,7th main krishnappa block,7th Main Krishnappa Block,,mixed
blr_e6984395e4cd0792,7th Main Krishnappa Block,seven main krishnappa block,7th Main Krishnappa Block,,mixed
blr_e6984395e4cd0792,7th Main Krishnappa Block,in seventh main krishnappa block,7th Main Krishnappa Block,,mixed
blr_e6984395e4cd0792,7th Main Krishnappa Block,near 7th main krishnappa block,7th Main Krishnappa Block,,mixed
blr_9a4b2b16a38425b4,"1st Cross, Nrupatunga layout",1st cross nrupatunga layout,"1st Cross, Nrupatunga layout",,mixed
blr_9a4b2b16a38425b4,"1st Cross, Nrupatunga layout",in 1st cross nrupatunga layout,"1st Cross, Nrupatunga layout",,mixed
blr_9a4b2b16a38425b4,"1st Cross, Nrupatunga layout",near 1st cross nrupatunga layout,"1st Cross, Nrupatunga layout",,mixed
blr_9a4b2b16a38425b4,"1st Cross, Nrupatunga layout",around 1st cross nrupatunga layout,"1st Cross, Nrupatunga layout",,mixed
blr_9a4b2b16a38425b4,"1st Cross, Nrupatunga layout",1st cross nrupatunga layout area,"1st Cross, Nrupatunga layout",,mixed
blr_b278a151e74679ca,"2nd Cross, Nrupatunga layout",second cross nrupatunga layout,"2nd Cross, Nrupatunga layout",,mixed
blr_b278a151e74679ca,"2nd Cross, Nrupatunga layout",two cross nrupatunga layout,"2nd Cross, Nrupatunga layout",,mixed
blr_b278a151e74679ca,"2nd Cross, Nrupatunga layout",2nd cross nrupatunga layout,"2nd Cross, Nrupatunga layout",,mixed
blr_b278a151e74679ca,"2nd Cross, Nrupatunga layout",in second cross nrupatunga layout,"2nd Cross, Nrupatunga layout",,mixed
blr_b278a151e74679ca,"2nd Cross, Nrupatunga layout",near two cross nrupatunga layout,"2nd Cross, Nrupatunga layout",,mixed
blr_8d9e563558c8f2c5,"3rd Cross, Nrupatunga layout",three cross nrupatunga layout,"3rd Cross, Nrupatunga layout",,mixed
blr_8d9e563558c8f2c5,"3rd Cross, Nrupatunga layout",3rd cross nrupatunga layout,"3rd Cross, Nrupatunga layout",,mixed
blr_8d9e563558c8f2c5,"3rd Cross, Nrupatunga layout",third cross nrupatunga layout,"3rd Cross, Nrupatunga layout",,mixed
blr_8d9e563558c8f2c5,"3rd Cross, Nrupatunga layout",in three cross nrupatunga layout,"3rd Cross, Nrupatunga layout",,mixed
blr_8d9e563558c8f2c5,"3rd Cross, Nrupatunga layout",near 3rd cross nrupatunga layout,"3rd Cross, Nrupatunga layout",,mixed
blr_90601fe5ab0b1814,"4th Cross, Nrupatunga layout",fourth cross nrupatunga layout,"4th Cross, Nrupatunga layout",,mixed
blr_90601fe5ab0b1814,"4th Cross, Nrupatunga layout",4th cross nrupatunga layout,"4th Cross, Nrupatunga layout",,mixed
blr_90601fe5ab0b1814,"4th Cross, Nrupatunga layout",four cross nrupatunga layout,"4th Cross, Nrupatunga layout",,mixed
blr_90601fe5ab0b1814,"4th Cross, Nrupatunga layout",in fourth cross nrupatunga layout,"4th Cross, Nrupatunga layout",,mixed
blr_90601fe5ab0b1814,"4th Cross, Nrupatunga layout",near 4th cross nrupatunga layout,"4th Cross, Nrupatunga layout",,mixed
blr_89e10773c335857a,CMM,cmm,CMM,,mixed
blr_89e10773c335857a,CMM,in cmm,CMM,,mixed
blr_89e10773c335857a,CMM,near cmm,CMM,,mixed
blr_89e10773c335857a,CMM,around cmm,CMM,,mixed
blr_89e10773c335857a,CMM,cmm area,CMM,,mixed
blr_f4d631d48156e010,Yellamma Temple road,yellamma temple road,Yellamma Temple road,,mixed
blr_f4d631d48156e010,Yellamma Temple road,in yellamma temple road,Yellamma Temple road,,mixed
blr_f4d631d48156e010,Yellamma Temple road,near yellamma temple road,Yellamma Temple road,,mixed
blr_f4d631d48156e010,Yellamma Temple road,around yellamma temple road,Yellamma Temple road,,mixed
blr_f4d631d48156e010,Yellamma Temple road,yellamma temple road area,Yellamma Temple road,,mixed
blr_9bbd654881c4fe5c,TATA Aquila Heights Apartments,tata aquila heights apartments,TATA Aquila Heights Apartments,,mixed
blr_9bbd654881c4fe5c,TATA Aquila Heights Apartments,in tata aquila heights apartments,TATA Aquila Heights Apartments,,mixed
blr_9bbd654881c4fe5c,TATA Aquila Heights Apartments,near tata aquila heights apartments,TATA Aquila Heights Apartments,,mixed
blr_9bbd654881c4fe5c,TATA Aquila Heights Apartments,around tata aquila heights apartments,TATA Aquila Heights Apartments,,mixed
blr_9bbd654881c4fe5c,TATA Aquila Heights Apartments,tata aquila heights apartments area,TATA Aquila Heights Apartments,,mixed
blr_d70036ee1f954cb4,AFTC Quarters,aftc quarters,AFTC Quarters,,mixed
blr_d70036ee1f954cb4,AFTC Quarters,in aftc quarters,AFTC Quarters,,mixed
blr_d70036ee1f954cb4,AFTC Quarters,near aftc quarters,AFTC Quarters,,mixed
blr_d70036ee1f954cb4,AFTC Quarters,around aftc quarters,AFTC Quarters,,mixed
blr_d70036ee1f954cb4,AFTC Quarters,aftc quarters area,AFTC Quarters,,mixed
blr_a56e8ee6f778e613,MTRDC Enclave,mtrdc enclave,MTRDC Enclave,,mixed
blr_a56e8ee6f778e613,MTRDC Enclave,in mtrdc enclave,MTRDC Enclave,,mixed
blr_a56e8ee6f778e613,MTRDC Enclave,near mtrdc enclave,MTRDC Enclave,,mixed
blr_a56e8ee6f778e613,MTRDC Enclave,around mtrdc enclave,MTRDC Enclave,,mixed
blr_a56e8ee6f778e613,MTRDC Enclave,mtrdc enclave area,MTRDC Enclave,,mixed
blr_bd4d692b1856a66f,Conservancy Lane 2nd,conservancy lane 2nd,Conservancy Lane 2,,mixed
blr_bd4d692b1856a66f,Conservancy Lane 2nd,conservancy lane two,Conservancy Lane 2,,mixed
blr_bd4d692b1856a66f,Conservancy Lane 2nd,conservancy lane second,Conservancy Lane 2,,mixed
blr_bd4d692b1856a66f,Conservancy Lane 2nd,in conservancy lane 2nd,Conservancy Lane 2,,mixed
blr_bd4d692b1856a66f,Conservancy Lane 2nd,near conservancy lane two,Conservancy Lane 2,,mixed
blr_efe7d011fd612b26,Rajagopalnagar Main road,rajagopalnagar main road,Rajagopalnagar Main road,,mixed
blr_efe7d011fd612b26,Rajagopalnagar Main road,in rajagopalnagar main road,Rajagopalnagar Main road,,mixed
blr_efe7d011fd612b26,Rajagopalnagar Main road,near rajagopalnagar main road,Rajagopalnagar Main road,,mixed
blr_efe7d011fd612b26,Rajagopalnagar Main road,around rajagopalnagar main road,Rajagopalnagar Main road,,mixed
blr_efe7d011fd612b26,Rajagopalnagar Main road,rajagopalnagar main road area,Rajagopalnagar Main road,,mixed
blr_209e9d0439b70383,Andhrahalli Main Road - Peenya 2nd Stage,andhrahalli main road  peenya two stage,Andhrahalli Main Road - Peenya 2nd Stage,,mixed
blr_209e9d0439b70383,Andhrahalli Main Road - Peenya 2nd Stage,andhrahalli main road  peenya second stage,Andhrahalli Main Road - Peenya 2nd Stage,,mixed
blr_209e9d0439b70383,Andhrahalli Main Road - Peenya 2nd Stage,andhrahalli main road  peenya 2nd stage,Andhrahalli Main Road - Peenya 2nd Stage,,mixed
blr_209e9d0439b70383,Andhrahalli Main Road - Peenya 2nd Stage,in andhrahalli main road  peenya two stage,Andhrahalli Main Road - Peenya 2nd Stage,,mixed
blr_209e9d0439b70383,Andhrahalli Main Road - Peenya 2nd Stage,near andhrahalli main road  peenya second stage,Andhrahalli Main Road - Peenya 2nd Stage,,mixed
blr_0aac8eaf33faf555,2nd G Cross Road,2nd g cross road,2nd G Cross Road,,mixed
blr_0aac8eaf33faf555,2nd G Cross Road,second g cross road,2nd G Cross Road,,mixed
blr_0aac8eaf33faf555,2nd G Cross Road,two g cross road,2nd G Cross Road,,mixed
blr_0aac8eaf33faf555,2nd G Cross Road,in 2nd g cross road,2nd G Cross Road,,mixed
blr_0aac8eaf33faf555,2nd G Cross Road,near second g cross road,2nd G Cross Road,,mixed
blr_82b147c7bbd18346,8th Main Road (west),eight main road west,8th Main Road (west),,mixed
blr_82b147c7bbd18346,8th Main Road (west),eighth main road west,8th Main Road (west),,mixed
blr_82b147c7bbd18346,8th Main Road (west),8th main road west,8th Main Road (west),,mixed
blr_82b147c7bbd18346,8th Main Road (west),in eight main road west,8th Main Road (west),,mixed
blr_82b147c7bbd18346,8th Main Road (west),near eighth main road west,8th Main Road (west),,mixed
blr_e236e6dc85e99c49,9th E Main Road,9th e main road,9th E Main Road,,mixed
blr_e236e6dc85e99c49,9th E Main Road,ninth e main road,9th E Main Road,,mixed
blr_e236e6dc85e99c49,9th E Main Road,nine e main road,9th E Main Road,,mixed
blr_e236e6dc85e99c49,9th E Main Road,in 9th e main road,9th E Main Road,,mixed
blr_e236e6dc85e99c49,9th E Main Road,near ninth e main road,9th E Main Road,,mixed
blr_368cf41e50825f80,5th Cross Street,5th cross street,5th Cross Street,,mixed
blr_368cf41e50825f80,5th Cross Street,fifth cross street,5th Cross Street,,mixed
blr_368cf41e50825f80,5th Cross Street,five cross street,5th Cross Street,,mixed
blr_368cf41e50825f80,5th Cross Street,in 5th cross street,5th Cross Street,,mixed
blr_368cf41e50825f80,5th Cross Street,near fifth cross street,5th Cross Street,,mixed
blr_86ce71471660b594,7th C Main Road,7th c main road,7th C Main Road,,mixed
blr_86ce71471660b594,7th C Main Road,seven c main road,7th C Main Road,,mixed
blr_86ce71471660b594,7th C Main Road,seventh c main road,7th C Main Road,,mixed
blr_86ce71471660b594,7th C Main Road,in 7th c main road,7th C Main Road,,mixed
blr_86ce71471660b594,7th C Main Road,near seven c main road,7th C Main Road,,mixed
blr_aae6f3cd58a4351a,8th E Main Road,eight e main road,8th E Main Road,,mixed
blr_aae6f3cd58a4351a,8th E Main Road,8th e main road,8th E Main Road,,mixed
blr_aae6f3cd58a4351a,8th E Main Road,eighth e main road,8th E Main Road,,mixed
blr_aae6f3cd58a4351a,8th E Main Road,in eight e main road,8th E Main Road,,mixed
blr_aae6f3cd58a4351a,8th E Main Road,near 8th e main road,8th E Main Road,,mixed
blr_a2d257af67336a3d,8th D Main Road,eighth d main road,8th D Main Road,,mixed
blr_a2d257af67336a3d,8th D Main Road,8th d main road,8th D Main Road,,mixed
blr_a2d257af67336a3d,8th D Main Road,eight d main road,8th D Main Road,,mixed
blr_a2d257af67336a3d,8th D Main Road,in eighth d main road,8th D Main Road,,mixed
blr_a2d257af67336a3d,8th D Main Road,near 8th d main road,8th D Main Road,,mixed
blr_36057bc065fe54aa,8th C Main Road,eight c main road,8th C Main Road,,mixed
blr_36057bc065fe54aa,8th C Main Road,eighth c main road,8th C Main Road,,mixed
blr_36057bc065fe54aa,8th C Main Road,8th c main road,8th C Main Road,,mixed
blr_36057bc065fe54aa,8th C Main Road,in eight c main road,8th C Main Road,,mixed
blr_36057bc065fe54aa,8th C Main Road,near eighth c main road,8th C Main Road,,mixed
blr_b93d789b2dbcb691,2nd E Cross,2nd e cross,2nd E Cross,,mixed
blr_b93d789b2dbcb691,2nd E Cross,second e cross,2nd E Cross,,mixed
blr_b93d789b2dbcb691,2nd E Cross,two e cross,2nd E Cross,,mixed
blr_b93d789b2dbcb691,2nd E Cross,in 2nd e cross,2nd E Cross,,mixed
blr_b93d789b2dbcb691,2nd E Cross,near second e cross,2nd E Cross,,mixed
blr_c207f579f0713433,9th H Main road,9th h main road,9th H Main road,,mixed
blr_c207f579f0713433,9th H Main road,ninth h main road,9th H Main road,,mixed
blr_c207f579f0713433,9th H Main road,nine h main road,9th H Main road,,mixed
blr_c207f579f0713433,9th H Main road,in 9th h main road,9th H Main road,,mixed
blr_c207f579f0713433,9th H Main road,near ninth h main road,9th H Main road,,mixed
blr_ee90f931daa94993,9th 'C' Main road,nine c main road,9th 'C' Main road,,mixed
blr_ee90f931daa94993,9th 'C' Main road,9th c main road,9th 'C' Main road,,mixed
blr_ee90f931daa94993,9th 'C' Main road,ninth c main road,9th 'C' Main road,,mixed
blr_ee90f931daa94993,9th 'C' Main road,in nine c main road,9th 'C' Main road,,mixed
blr_ee90f931daa94993,9th 'C' Main road,near 9th c main road,9th 'C' Main road,,mixed
blr_482ef1494cedd56b,9th B Main Road,ninth b main road,9th B Main Road,,mixed
blr_482ef1494cedd56b,9th B Main Road,nine b main road,9th B Main Road,,mixed
blr_482ef1494cedd56b,9th B Main Road,9th b main road,9th B Main Road,,mixed
blr_482ef1494cedd56b,9th B Main Road,in ninth b main road,9th B Main Road,,mixed
blr_482ef1494cedd56b,9th B Main Road,near nine b main road,9th B Main Road,,mixed
blr_9e0178ed5bc7372f,4th B Cross,fourth b cross,4th B Cross,,mixed
blr_9e0178ed5bc7372f,4th B Cross,four b cross,4th B Cross,,mixed
blr_9e0178ed5bc7372f,4th B Cross,4th b cross,4th B Cross,,mixed
blr_9e0178ed5bc7372f,4th B Cross,in fourth b cross,4th B Cross,,mixed
blr_9e0178ed5bc7372f,4th B Cross,near four b cross,4th B Cross,,mixed
blr_7fbc36226a6a1192,9th G Main Road,9th g main road,9th G Main Road,,mixed
blr_7fbc36226a6a1192,9th G Main Road,ninth g main road,9th G Main Road,,mixed
blr_7fbc36226a6a1192,9th G Main Road,nine g main road,9th G Main Road,,mixed
blr_7fbc36226a6a1192,9th G Main Road,in 9th g main road,9th G Main Road,,mixed
blr_7fbc36226a6a1192,9th G Main Road,near ninth g main road,9th G Main Road,,mixed
blr_31ebdd2a060dfb8d,Anjanapura 60 Feet Road,anjanapura 60 feet road,Anjanapura 60 Feet Road,,mixed
blr_31ebdd2a060dfb8d,Anjanapura 60 Feet Road,in anjanapura 60 feet road,Anjanapura 60 Feet Road,,mixed
blr_31ebdd2a060dfb8d,Anjanapura 60 Feet Road,near anjanapura 60 feet road,Anjanapura 60 Feet Road,,mixed
blr_31ebdd2a060dfb8d,Anjanapura 60 Feet Road,around anjanapura 60 feet road,Anjanapura 60 Feet Road,,mixed
blr_31ebdd2a060dfb8d,Anjanapura 60 Feet Road,anjanapura 60 feet road area,Anjanapura 60 Feet Road,,mixed
blr_b6ec4a35cdfc4784,C Maddayya Road,c maddayya road,C Maddayya Road,,mixed
blr_b6ec4a35cdfc4784,C Maddayya Road,in c maddayya road,C Maddayya Road,,mixed
blr_b6ec4a35cdfc4784,C Maddayya Road,near c maddayya road,C Maddayya Road,,mixed
blr_b6ec4a35cdfc4784,C Maddayya Road,around c maddayya road,C Maddayya Road,,mixed
blr_b6ec4a35cdfc4784,C Maddayya Road,c maddayya road area,C Maddayya Road,,mixed
blr_ac20bd6b921409f4,11 A Cross Road,11 a cross road,11 A Cross Road,,mixed
blr_ac20bd6b921409f4,11 A Cross Road,in 11 a cross road,11 A Cross Road,,mixed
blr_ac20bd6b921409f4,11 A Cross Road,near 11 a cross road,11 A Cross Road,,mixed
blr_ac20bd6b921409f4,11 A Cross Road,around 11 a cross road,11 A Cross Road,,mixed
blr_ac20bd6b921409f4,11 A Cross Road,11 a cross road area,11 A Cross Road,,mixed
blr_53e358febcfebd6b,N S Rao Road,n s rao road,N S Rao Road,,mixed
blr_53e358febcfebd6b,N S Rao Road,in n s rao road,N S Rao Road,,mixed
blr_53e358febcfebd6b,N S Rao Road,near n s rao road,N S Rao Road,,mixed
blr_53e358febcfebd6b,N S Rao Road,around n s rao road,N S Rao Road,,mixed
blr_53e358febcfebd6b,N S Rao Road,n s rao road area,N S Rao Road,,mixed
blr_4e2a689fc6057d9d,9th K Main Road,9th k main road,9th K Main Road,,mixed
blr_4e2a689fc6057d9d,9th K Main Road,nine k main road,9th K Main Road,,mixed
blr_4e2a689fc6057d9d,9th K Main Road,ninth k main road,9th K Main Road,,mixed
blr_4e2a689fc6057d9d,9th K Main Road,in 9th k main road,9th K Main Road,,mixed
blr_4e2a689fc6057d9d,9th K Main Road,near nine k main road,9th K Main Road,,mixed
blr_042acec8af477352,"9th F Main Road, Srigandha raste",nine f main road srigandha raste,"9th F Main Road, Srigandha raste",,mixed
blr_042acec8af477352,"9th F Main Road, Srigandha raste",ninth f main road srigandha raste,"9th F Main Road, Srigandha raste",,mixed
blr_042acec8af477352,"9th F Main Road, Srigandha raste",9th f main road srigandha raste,"9th F Main Road, Srigandha raste",,mixed
blr_042acec8af477352,"9th F Main Road, Srigandha raste",in nine f main road srigandha raste,"9th F Main Road, Srigandha raste",,mixed
blr_042acec8af477352,"9th F Main Road, Srigandha raste",near ninth f main road srigandha raste,"9th F Main Road, Srigandha raste",,mixed
blr_1dabf021d9105139,Road to Someshwarnagar,road to someshwarnagar,Road to Someshwarnagar,,mixed
blr_1dabf021d9105139,Road to Someshwarnagar,in road to someshwarnagar,Road to Someshwarnagar,,mixed
blr_1dabf021d9105139,Road to Someshwarnagar,near road to someshwarnagar,Road to Someshwarnagar,,mixed
blr_1dabf021d9105139,Road to Someshwarnagar,around road to someshwarnagar,Road to Someshwarnagar,,mixed
blr_1dabf021d9105139,Road to Someshwarnagar,road to someshwarnagar area,Road to Someshwarnagar,,mixed
blr_f8f94c2dcaea77aa,NITTE Meenakshi College Road,nitte meenakshi college road,NITTE Meenakshi College Road,,mixed
blr_f8f94c2dcaea77aa,NITTE Meenakshi College Road,in nitte meenakshi college road,NITTE Meenakshi College Road,,mixed
blr_f8f94c2dcaea77aa,NITTE Meenakshi College Road,near nitte meenakshi college road,NITTE Meenakshi College Road,,mixed
blr_f8f94c2dcaea77aa,NITTE Meenakshi College Road,around nitte meenakshi college road,NITTE Meenakshi College Road,,mixed
blr_f8f94c2dcaea77aa,NITTE Meenakshi College Road,nitte meenakshi college road area,NITTE Meenakshi College Road,,mixed
blr_e3b47ef2b2662cd9,CPRI Staff Colony,cpri staff colony,CPRI Staff Colony,,mixed
blr_e3b47ef2b2662cd9,CPRI Staff Colony,in cpri staff colony,CPRI Staff Colony,,mixed
blr_e3b47ef2b2662cd9,CPRI Staff Colony,near cpri staff colony,CPRI Staff Colony,,mixed
blr_e3b47ef2b2662cd9,CPRI Staff Colony,around cpri staff colony,CPRI Staff Colony,,mixed
blr_e3b47ef2b2662cd9,CPRI Staff Colony,cpri staff colony area,CPRI Staff Colony,,mixed
blr_caae043473ba95d7,13th Street,13th street,13th Street,,mixed
blr_caae043473ba95d7,13th Street,in 13th street,13th Street,,mixed
blr_caae043473ba95d7,13th Street,near 13th street,13th Street,,mixed
blr_caae043473ba95d7,13th Street,around 13th street,13th Street,,mixed
blr_caae043473ba95d7,13th Street,13th street area,13th Street,,mixed
blr_06ec13abaf3cdd3a,8th Street,8th street,8th Street,,mixed
blr_06ec13abaf3cdd3a,8th Street,eight street,8th Street,,mixed
blr_06ec13abaf3cdd3a,8th Street,eighth street,8th Street,,mixed
blr_06ec13abaf3cdd3a,8th Street,in 8th street,8th Street,,mixed
blr_06ec13abaf3cdd3a,8th Street,near eight street,8th Street,,mixed
blr_04c724dd1685b4ad,KR Circle Underpass,kr circle underpass,KR Circle Underpass,,mixed
blr_04c724dd1685b4ad,KR Circle Underpass,in kr circle underpass,KR Circle Underpass,,mixed
blr_04c724dd1685b4ad,KR Circle Underpass,near kr circle underpass,KR Circle Underpass,,mixed
blr_04c724dd1685b4ad,KR Circle Underpass,around kr circle underpass,KR Circle Underpass,,mixed
blr_04c724dd1685b4ad,KR Circle Underpass,kr circle underpass area,KR Circle Underpass,,mixed
blr_d352aa1a43dea4ac,5th B Cross,fifth b cross,5th B Cross,,mixed
blr_d352aa1a43dea4ac,5th B Cross,five b cross,5th B Cross,,mixed
blr_d352aa1a43dea4ac,5th B Cross,5th b cross,5th B Cross,,mixed
blr_d352aa1a43dea4ac,5th B Cross,in fifth b cross,5th B Cross,,mixed
blr_d352aa1a43dea4ac,5th B Cross,near five b cross,5th B Cross,,mixed
blr_5b18724647b9c084,Santara Magan Place 1st Road,santara magan place 1st road,Santara Magan Place 1 Road,,mixed
blr_5b18724647b9c084,Santara Magan Place 1st Road,in santara magan place 1st road,Santara Magan Place 1 Road,,mixed
blr_5b18724647b9c084,Santara Magan Place 1st Road,near santara magan place 1st road,Santara Magan Place 1 Road,,mixed
blr_5b18724647b9c084,Santara Magan Place 1st Road,around santara magan place 1st road,Santara Magan Place 1 Road,,mixed
blr_5b18724647b9c084,Santara Magan Place 1st Road,santara magan place 1st road area,Santara Magan Place 1 Road,,mixed
blr_bee741bf690b661b,MLA Layout Main Road,mla layout main road,MLA Layout Main Road,,mixed
blr_bee741bf690b661b,MLA Layout Main Road,in mla layout main road,MLA Layout Main Road,,mixed
blr_bee741bf690b661b,MLA Layout Main Road,near mla layout main road,MLA Layout Main Road,,mixed
blr_bee741bf690b661b,MLA Layout Main Road,around mla layout main road,MLA Layout Main Road,,mixed
blr_bee741bf690b661b,MLA Layout Main Road,mla layout main road area,MLA Layout Main Road,,mixed
blr_d3c501cd3d111afc,Mysore Road 2nd Cross Road,mysore road 2nd cross road,Mysore Road 2nd Cross Road,,mixed
blr_d3c501cd3d111afc,Mysore Road 2nd Cross Road,mysore road two cross road,Mysore Road 2nd Cross Road,,mixed
blr_d3c501cd3d111afc,Mysore Road 2nd Cross Road,mysore road second cross road,Mysore Road 2nd Cross Road,,mixed
blr_d3c501cd3d111afc,Mysore Road 2nd Cross Road,in mysore road 2nd cross road,Mysore Road 2nd Cross Road,,mixed
blr_d3c501cd3d111afc,Mysore Road 2nd Cross Road,near mysore road two cross road,Mysore Road 2nd Cross Road,,mixed
blr_498041a8a465bee7,"2nd Cross, Ram Mandir Road",2nd cross ram mandir road,"2 Cross, Ram Mandir Road",,mixed
blr_498041a8a465bee7,"2nd Cross, Ram Mandir Road",second cross ram mandir road,"2 Cross, Ram Mandir Road",,mixed
blr_498041a8a465bee7,"2nd Cross, Ram Mandir Road",two cross ram mandir road,"2 Cross, Ram Mandir Road",,mixed
blr_498041a8a465bee7,"2nd Cross, Ram Mandir Road",in 2nd cross ram mandir road,"2 Cross, Ram Mandir Road",,mixed
blr_498041a8a465bee7,"2nd Cross, Ram Mandir Road",near second cross ram mandir road,"2 Cross, Ram Mandir Road",,mixed
blr_eb5e927644d5db11,7th A Cross,seventh a cross,7th A Cross,,mixed
blr_eb5e927644d5db11,7th A Cross,seven a cross,7th A Cross,,mixed
blr_eb5e927644d5db11,7th A Cross,7th a cross,7th A Cross,,mixed
blr_eb5e927644d5db11,7th A Cross,in seventh a cross,7th A Cross,,mixed
blr_eb5e927644d5db11,7th A Cross,near seven a cross,7th A Cross,,mixed
blr_d320e3731a0e577f,9th J Main Road,9th j main road,9th J Main Road,,mixed
blr_d320e3731a0e577f,9th J Main Road,ninth j main road,9th J Main Road,,mixed
blr_d320e3731a0e577f,9th J Main Road,nine j main road,9th J Main Road,,mixed
blr_d320e3731a0e577f,9th J Main Road,in 9th j main road,9th J Main Road,,mixed
blr_d320e3731a0e577f,9th J Main Road,near ninth j main road,9th J Main Road,,mixed
blr_4c91608586c3e1bf,20F Cross Road,20f cross road,20F Cross Road,,mixed
blr_4c91608586c3e1bf,20F Cross Road,in 20f cross road,20F Cross Road,,mixed
blr_4c91608586c3e1bf,20F Cross Road,near 20f cross road,20F Cross Road,,mixed
blr_4c91608586c3e1bf,20F Cross Road,around 20f cross road,20F Cross Road,,mixed
blr_4c91608586c3e1bf,20F Cross Road,20f cross road area,20F Cross Road,,mixed
blr_9a3f5f56a3efb70c,13th H Main,13th h main,13th H Main,,mixed
blr_9a3f5f56a3efb70c,13th H Main,in 13th h main,13th H Main,,mixed
blr_9a3f5f56a3efb70c,13th H Main,near 13th h main,13th H Main,,mixed
blr_9a3f5f56a3efb70c,13th H Main,around 13th h main,13th H Main,,mixed
blr_9a3f5f56a3efb70c,13th H Main,13th h main area,13th H Main,,mixed
blr_37724fd369e537a9,1st A Cross,1st a cross,1st A Cross,,mixed
blr_37724fd369e537a9,1st A Cross,in 1st a cross,1st A Cross,,mixed
blr_37724fd369e537a9,1st A Cross,near 1st a cross,1st A Cross,,mixed
blr_37724fd369e537a9,1st A Cross,around 1st a cross,1st A Cross,,mixed
blr_37724fd369e537a9,1st A Cross,1st a cross area,1st A Cross,,mixed
blr_b7ddaa271bdce11b,2nd D Cross Road,two d cross road,2nd D Cross Road,,mixed
blr_b7ddaa271bdce11b,2nd D Cross Road,2nd d cross road,2nd D Cross Road,,mixed
blr_b7ddaa271bdce11b,2nd D Cross Road,second d cross road,2nd D Cross Road,,mixed
blr_b7ddaa271bdce11b,2nd D Cross Road,in two d cross road,2nd D Cross Road,,mixed
blr_b7ddaa271bdce11b,2nd D Cross Road,near 2nd d cross road,2nd D Cross Road,,mixed
blr_9c31ad0446b12a1f,76th A Cross Road,7six a cross road,76th A Cross Road,,mixed
blr_9c31ad0446b12a1f,76th A Cross Road,7sixth a cross road,76th A Cross Road,,mixed
blr_9c31ad0446b12a1f,76th A Cross Road,76th a cross road,76th A Cross Road,,mixed
blr_9c31ad0446b12a1f,76th A Cross Road,in 7six a cross road,76th A Cross Road,,mixed
blr_9c31ad0446b12a1f,76th A Cross Road,near 7sixth a cross road,76th A Cross Road,,mixed
blr_908199928a61d5ca,MK Street,mk street,MK Street,,mixed
blr_908199928a61d5ca,MK Street,in mk street,MK Street,,mixed
blr_908199928a61d5ca,MK Street,near mk street,MK Street,,mixed
blr_908199928a61d5ca,MK Street,around mk street,MK Street,,mixed
blr_908199928a61d5ca,MK Street,mk street area,MK Street,,mixed
blr_9300d1ca2d864f39,17th B Cross Road,1seven b cross road,17th B Cross Road,,mixed
blr_9300d1ca2d864f39,17th B Cross Road,17th b cross road,17th B Cross Road,,mixed
blr_9300d1ca2d864f39,17th B Cross Road,1seventh b cross road,17th B Cross Road,,mixed
blr_9300d1ca2d864f39,17th B Cross Road,in 1seven b cross road,17th B Cross Road,,mixed
blr_9300d1ca2d864f39,17th B Cross Road,near 17th b cross road,17th B Cross Road,,mixed
blr_18834dfcdc2c5680,19th A Cross Road,19th a cross road,19th A Cross Road,,mixed
blr_18834dfcdc2c5680,19th A Cross Road,1ninth a cross road,19th A Cross Road,,mixed
blr_18834dfcdc2c5680,19th A Cross Road,1nine a cross road,19th A Cross Road,,mixed
blr_18834dfcdc2c5680,19th A Cross Road,in 19th a cross road,19th A Cross Road,,mixed
blr_18834dfcdc2c5680,19th A Cross Road,near 1ninth a cross road,19th A Cross Road,,mixed
blr_2227eedd713c6e85,13th B Main,13th b main,13th B Main,,mixed
blr_2227eedd713c6e85,13th B Main,in 13th b main,13th B Main,,mixed
blr_2227eedd713c6e85,13th B Main,near 13th b main,13th B Main,,mixed
blr_2227eedd713c6e85,13th B Main,around 13th b main,13th B Main,,mixed
blr_2227eedd713c6e85,13th B Main,13th b main area,13th B Main,,mixed
blr_5dd2a618abebfd0d,17th C Cross,17th c cross,17th C Cross,,mixed
blr_5dd2a618abebfd0d,17th C Cross,1seventh c cross,17th C Cross,,mixed
blr_5dd2a618abebfd0d,17th C Cross,1seven c cross,17th C Cross,,mixed
blr_5dd2a618abebfd0d,17th C Cross,in 17th c cross,17th C Cross,,mixed
blr_5dd2a618abebfd0d,17th C Cross,near 1seventh c cross,17th C Cross,,mixed
blr_14568563d31d1104,6th C Main,6th c main,6th C Main,,mixed
blr_14568563d31d1104,6th C Main,sixth c main,6th C Main,,mixed
blr_14568563d31d1104,6th C Main,six c main,6th C Main,,mixed
blr_14568563d31d1104,6th C Main,in 6th c main,6th C Main,,mixed
blr_14568563d31d1104,6th C Main,near sixth c main,6th C Main,,mixed
blr_e3d7f679caeac40e,17th D Cross,17th d cross,17th D Cross,,mixed
blr_e3d7f679caeac40e,17th D Cross,1seven d cross,17th D Cross,,mixed
blr_e3d7f679caeac40e,17th D Cross,1seventh d cross,17th D Cross,,mixed
blr_e3d7f679caeac40e,17th D Cross,in 17th d cross,17th D Cross,,mixed
blr_e3d7f679caeac40e,17th D Cross,near 1seven d cross,17th D Cross,,mixed
blr_4eb7355d8660b432,7th Cross,seventh cross,7th Cross,,mixed
blr_4eb7355d8660b432,7th Cross,seven cross,7th Cross,,mixed
blr_4eb7355d8660b432,7th Cross,7th cross,7th Cross,,mixed
blr_4eb7355d8660b432,7th Cross,in seventh cross,7th Cross,,mixed
blr_4eb7355d8660b432,7th Cross,near seven cross,7th Cross,,mixed
blr_120c54a4be225753,L Narayana Reddy Main Road,l narayana reddy main road,L Narayana Reddy Main Road,,mixed
blr_120c54a4be225753,L Narayana Reddy Main Road,in l narayana reddy main road,L Narayana Reddy Main Road,,mixed
blr_120c54a4be225753,L Narayana Reddy Main Road,near l narayana reddy main road,L Narayana Reddy Main Road,,mixed
blr_120c54a4be225753,L Narayana Reddy Main Road,around l narayana reddy main road,L Narayana Reddy Main Road,,mixed
blr_120c54a4be225753,L Narayana Reddy Main Road,l narayana reddy main road area,L Narayana Reddy Main Road,,mixed
blr_1f45d79e5d37b646,Kuttys corner,kuttys corner,Kuttys corner,,mixed
blr_1f45d79e5d37b646,Kuttys corner,in kuttys corner,Kuttys corner,,mixed
blr_1f45d79e5d37b646,Kuttys corner,near kuttys corner,Kuttys corner,,mixed
blr_1f45d79e5d37b646,Kuttys corner,around kuttys corner,Kuttys corner,,mixed
blr_1f45d79e5d37b646,Kuttys corner,kuttys corner area,Kuttys corner,,mixed
blr_762d4bb7a92f9007,60th Main Road,60th main road,60th Main Road,,mixed
blr_762d4bb7a92f9007,60th Main Road,in 60th main road,60th Main Road,,mixed
blr_762d4bb7a92f9007,60th Main Road,near 60th main road,60th Main Road,,mixed
blr_762d4bb7a92f9007,60th Main Road,around 60th main road,60th Main Road,,mixed
blr_762d4bb7a92f9007,60th Main Road,60th main road area,60th Main Road,,mixed
blr_e366e789a1882125,DSR Green Vista,dsr green vista,DSR Green Vista,,mixed
blr_e366e789a1882125,DSR Green Vista,in dsr green vista,DSR Green Vista,,mixed
blr_e366e789a1882125,DSR Green Vista,near dsr green vista,DSR Green Vista,,mixed
blr_e366e789a1882125,DSR Green Vista,around dsr green vista,DSR Green Vista,,mixed
blr_e366e789a1882125,DSR Green Vista,dsr green vista area,DSR Green Vista,,mixed
blr_b786e10fe075d3c2,RMZ Ecoworld Internal Road,rmz ecoworld internal road,RMZ Ecoworld Internal Road,,mixed
blr_b786e10fe075d3c2,RMZ Ecoworld Internal Road,in rmz ecoworld internal road,RMZ Ecoworld Internal Road,,mixed
blr_b786e10fe075d3c2,RMZ Ecoworld Internal Road,near rmz ecoworld internal road,RMZ Ecoworld Internal Road,,mixed
blr_b786e10fe075d3c2,RMZ Ecoworld Internal Road,around rmz ecoworld internal road,RMZ Ecoworld Internal Road,,mixed
blr_b786e10fe075d3c2,RMZ Ecoworld Internal Road,rmz ecoworld internal road area,RMZ Ecoworld Internal Road,,mixed
blr_c0c45e30f5f875a7,Netharavati 3rd Cross,netharavati three cross,Netharavati 3rd Cross,,mixed
blr_c0c45e30f5f875a7,Netharavati 3rd Cross,netharavati 3rd cross,Netharavati 3rd Cross,,mixed
blr_c0c45e30f5f875a7,Netharavati 3rd Cross,netharavati third cross,Netharavati 3rd Cross,,mixed
blr_c0c45e30f5f875a7,Netharavati 3rd Cross,in netharavati three cross,Netharavati 3rd Cross,,mixed
blr_c0c45e30f5f875a7,Netharavati 3rd Cross,near netharavati 3rd cross,Netharavati 3rd Cross,,mixed
blr_415d24245352e066,"Gangappa Layout, 5th Cross",gangappa layout fifth cross,"Gangappa Layout, 5th Cross",,mixed
blr_415d24245352e066,"Gangappa Layout, 5th Cross",gangappa layout 5th cross,"Gangappa Layout, 5th Cross",,mixed
blr_415d24245352e066,"Gangappa Layout, 5th Cross",gangappa layout five cross,"Gangappa Layout, 5th Cross",,mixed
blr_415d24245352e066,"Gangappa Layout, 5th Cross",in gangappa layout fifth cross,"Gangappa Layout, 5th Cross",,mixed
blr_415d24245352e066,"Gangappa Layout, 5th Cross",near gangappa layout 5th cross,"Gangappa Layout, 5th Cross",,mixed
blr_665d09b44276d197,16th D Main Road,16th d main road,16th D Main Road,,mixed
blr_665d09b44276d197,16th D Main Road,1six d main road,16th D Main Road,,mixed
blr_665d09b44276d197,16th D Main Road,1sixth d main road,16th D Main Road,,mixed
blr_665d09b44276d197,16th D Main Road,in 16th d main road,16th D Main Road,,mixed
blr_665d09b44276d197,16th D Main Road,near 1six d main road,16th D Main Road,,mixed
blr_676afc741df14f58,16th E Main,1six e main,16th E Main,,mixed
blr_676afc741df14f58,16th E Main,16th e main,16th E Main,,mixed
blr_676afc741df14f58,16th E Main,1sixth e main,16th E Main,,mixed
blr_676afc741df14f58,16th E Main,in 1six e main,16th E Main,,mixed
blr_676afc741df14f58,16th E Main,near 16th e main,16th E Main,,mixed
blr_5c83130299af6796,5th Cross Chico Square,5th cross chico square,5th Cross Chico Square,,mixed
blr_5c83130299af6796,5th Cross Chico Square,five cross chico square,5th Cross Chico Square,,mixed
blr_5c83130299af6796,5th Cross Chico Square,fifth cross chico square,5th Cross Chico Square,,mixed
blr_5c83130299af6796,5th Cross Chico Square,in 5th cross chico square,5th Cross Chico Square,,mixed
blr_5c83130299af6796,5th Cross Chico Square,near five cross chico square,5th Cross Chico Square,,mixed
blr_0630201cc184883a,Hutchins 6th Cross,hutchins 6th cross,Hutchins 6th Cross,,mixed
blr_0630201cc184883a,Hutchins 6th Cross,hutchins sixth cross,Hutchins 6th Cross,,mixed
blr_0630201cc184883a,Hutchins 6th Cross,hutchins six cross,Hutchins 6th Cross,,mixed
blr_0630201cc184883a,Hutchins 6th Cross,in hutchins 6th cross,Hutchins 6th Cross,,mixed
blr_0630201cc184883a,Hutchins 6th Cross,near hutchins sixth cross,Hutchins 6th Cross,,mixed
blr_5fb2152cb43c8e2b,"Hutchins 5th Cross ""A"" Street",hutchins five cross a street,"Hutchins 5th Cross ""A"" Street",,mixed
blr_5fb2152cb43c8e2b,"Hutchins 5th Cross ""A"" Street",hutchins fifth cross a street,"Hutchins 5th Cross ""A"" Street",,mixed
blr_5fb2152cb43c8e2b,"Hutchins 5th Cross ""A"" Street",hutchins 5th cross a street,"Hutchins 5th Cross ""A"" Street",,mixed
blr_5fb2152cb43c8e2b,"Hutchins 5th Cross ""A"" Street",in hutchins five cross a street,"Hutchins 5th Cross ""A"" Street",,mixed
blr_5fb2152cb43c8e2b,"Hutchins 5th Cross ""A"" Street",near hutchins fifth cross a street,"Hutchins 5th Cross ""A"" Street",,mixed
blr_196c759a4ec66d6c,Hutchins 3rd Cross,hutchins 3rd cross,Hutchins 3rd Cross,,mixed
blr_196c759a4ec66d6c,Hutchins 3rd Cross,hutchins three cross,Hutchins 3rd Cross,,mixed
blr_196c759a4ec66d6c,Hutchins 3rd Cross,hutchins third cross,Hutchins 3rd Cross,,mixed
blr_196c759a4ec66d6c,Hutchins 3rd Cross,in hutchins 3rd cross,Hutchins 3rd Cross,,mixed
blr_196c759a4ec66d6c,Hutchins 3rd Cross,near hutchins three cross,Hutchins 3rd Cross,,mixed
blr_bff8187ee8d27355,Hutchins 4th Cross,hutchins four cross,Hutchins 4th Cross,,mixed
blr_bff8187ee8d27355,Hutchins 4th Cross,hutchins 4th cross,Hutchins 4th Cross,,mixed
blr_bff8187ee8d27355,Hutchins 4th Cross,hutchins fourth cross,Hutchins 4th Cross,,mixed
blr_bff8187ee8d27355,Hutchins 4th Cross,in hutchins four cross,Hutchins 4th Cross,,mixed
blr_bff8187ee8d27355,Hutchins 4th Cross,near hutchins 4th cross,Hutchins 4th Cross,,mixed
blr_0cfb645690199f67,DaCosta Square,dacosta square,DaCosta Square,,mixed
blr_0cfb645690199f67,DaCosta Square,in dacosta square,DaCosta Square,,mixed
blr_0cfb645690199f67,DaCosta Square,near dacosta square,DaCosta Square,,mixed
blr_0cfb645690199f67,DaCosta Square,around dacosta square,DaCosta Square,,mixed
blr_0cfb645690199f67,DaCosta Square,dacosta square area,DaCosta Square,,mixed
blr_40cd2562bf150630,"1st Cross, Dacosta Square",1st cross dacosta square,"1st Cross, Dacosta Square",,mixed
blr_40cd2562bf150630,"1st Cross, Dacosta Square",in 1st cross dacosta square,"1st Cross, Dacosta Square",,mixed
blr_40cd2562bf150630,"1st Cross, Dacosta Square",near 1st cross dacosta square,"1st Cross, Dacosta Square",,mixed
blr_40cd2562bf150630,"1st Cross, Dacosta Square",around 1st cross dacosta square,"1st Cross, Dacosta Square",,mixed
blr_40cd2562bf150630,"1st Cross, Dacosta Square",1st cross dacosta square area,"1st Cross, Dacosta Square",,mixed
blr_7892b41cb07900b7,Hutchins 2nd Cross,hutchins two cross,Hutchins 2nd Cross,,mixed
blr_7892b41cb07900b7,Hutchins 2nd Cross,hutchins second cross,Hutchins 2nd Cross,,mixed
blr_7892b41cb07900b7,Hutchins 2nd Cross,hutchins 2nd cross,Hutchins 2nd Cross,,mixed
blr_7892b41cb07900b7,Hutchins 2nd Cross,in hutchins two cross,Hutchins 2nd Cross,,mixed
blr_7892b41cb07900b7,Hutchins 2nd Cross,near hutchins second cross,Hutchins 2nd Cross,,mixed
blr_1f352c4bca292683,"Hutchins 5th Cross ""C"" Street",hutchins 5th cross c street,"Hutchins 5th Cross ""C"" Street",,mixed
blr_1f352c4bca292683,"Hutchins 5th Cross ""C"" Street",hutchins fifth cross c street,"Hutchins 5th Cross ""C"" Street",,mixed
blr_1f352c4bca292683,"Hutchins 5th Cross ""C"" Street",hutchins five cross c street,"Hutchins 5th Cross ""C"" Street",,mixed
blr_1f352c4bca292683,"Hutchins 5th Cross ""C"" Street",in hutchins 5th cross c street,"Hutchins 5th Cross ""C"" Street",,mixed
blr_1f352c4bca292683,"Hutchins 5th Cross ""C"" Street",near hutchins fifth cross c street,"Hutchins 5th Cross ""C"" Street",,mixed
blr_a4f75b8a4742fd6e,"Hutchins 5th Cross ""B"" Street",hutchins fifth cross b street,"Hutchins 5th Cross ""B"" Street",,mixed
blr_a4f75b8a4742fd6e,"Hutchins 5th Cross ""B"" Street",hutchins 5th cross b street,"Hutchins 5th Cross ""B"" Street",,mixed
blr_a4f75b8a4742fd6e,"Hutchins 5th Cross ""B"" Street",hutchins five cross b street,"Hutchins 5th Cross ""B"" Street",,mixed
blr_a4f75b8a4742fd6e,"Hutchins 5th Cross ""B"" Street",in hutchins fifth cross b street,"Hutchins 5th Cross ""B"" Street",,mixed
blr_a4f75b8a4742fd6e,"Hutchins 5th Cross ""B"" Street",near hutchins 5th cross b street,"Hutchins 5th Cross ""B"" Street",,mixed
blr_4f8a47bd5ba75a4b,ORR Service Road,orr service road,ORR Service Road,,mixed
blr_4f8a47bd5ba75a4b,ORR Service Road,in orr service road,ORR Service Road,,mixed
blr_4f8a47bd5ba75a4b,ORR Service Road,near orr service road,ORR Service Road,,mixed
blr_4f8a47bd5ba75a4b,ORR Service Road,around orr service road,ORR Service Road,,mixed
blr_4f8a47bd5ba75a4b,ORR Service Road,orr service road area,ORR Service Road,,mixed
blr_c9e5fdbaff7fa308,SR Layout Main Road,sr layout main road,SR Layout Main Road,,mixed
blr_c9e5fdbaff7fa308,SR Layout Main Road,in sr layout main road,SR Layout Main Road,,mixed
blr_c9e5fdbaff7fa308,SR Layout Main Road,near sr layout main road,SR Layout Main Road,,mixed
blr_c9e5fdbaff7fa308,SR Layout Main Road,around sr layout main road,SR Layout Main Road,,mixed
blr_c9e5fdbaff7fa308,SR Layout Main Road,sr layout main road area,SR Layout Main Road,,mixed
blr_573aac4221e5e85b,6th Street,sixth street,6th Street,,mixed
blr_573aac4221e5e85b,6th Street,6th street,6th Street,,mixed
blr_573aac4221e5e85b,6th Street,six street,6th Street,,mixed
blr_573aac4221e5e85b,6th Street,in sixth street,6th Street,,mixed
blr_573aac4221e5e85b,6th Street,near 6th street,6th Street,,mixed
blr_8f38cb4efedcf2fc,7th Street,7th street,7th Street,,mixed
blr_8f38cb4efedcf2fc,7th Street,seven street,7th Street,,mixed
blr_8f38cb4efedcf2fc,7th Street,seventh street,7th Street,,mixed
blr_8f38cb4efedcf2fc,7th Street,in 7th street,7th Street,,mixed
blr_8f38cb4efedcf2fc,7th Street,near seven street,7th Street,,mixed
blr_df0a74b8b42637a2,4th Street,four street,4th Street,,mixed
blr_df0a74b8b42637a2,4th Street,fourth street,4th Street,,mixed
blr_df0a74b8b42637a2,4th Street,4th street,4th Street,,mixed
blr_df0a74b8b42637a2,4th Street,in four street,4th Street,,mixed
blr_df0a74b8b42637a2,4th Street,near fourth street,4th Street,,mixed
blr_469914ce99aa72b6,2nd Street,2nd street,2nd Street,,mixed
blr_469914ce99aa72b6,2nd Street,two street,2nd Street,,mixed
blr_469914ce99aa72b6,2nd Street,second street,2nd Street,,mixed
blr_469914ce99aa72b6,2nd Street,in 2nd street,2nd Street,,mixed
blr_469914ce99aa72b6,2nd Street,near two street,2nd Street,,mixed
blr_7c9f1c6c74828470,9th Street,9th street,9th Street,,mixed
blr_7c9f1c6c74828470,9th Street,nine street,9th Street,,mixed
blr_7c9f1c6c74828470,9th Street,ninth street,9th Street,,mixed
blr_7c9f1c6c74828470,9th Street,in 9th street,9th Street,,mixed
blr_7c9f1c6c74828470,9th Street,near nine street,9th Street,,mixed
blr_38920fda010477c6,5th Street,5th street,5th Street,,mixed
blr_38920fda010477c6,5th Street,fifth street,5th Street,,mixed
blr_38920fda010477c6,5th Street,five street,5th Street,,mixed
blr_38920fda010477c6,5th Street,in 5th street,5th Street,,mixed
blr_38920fda010477c6,5th Street,near fifth street,5th Street,,mixed
blr_b7554f747e6db69c,14th A Cross,1four a cross,14th A Cross,,mixed
blr_b7554f747e6db69c,14th A Cross,14th a cross,14th A Cross,,mixed
blr_b7554f747e6db69c,14th A Cross,1fourth a cross,14th A Cross,,mixed
blr_b7554f747e6db69c,14th A Cross,in 1four a cross,14th A Cross,,mixed
blr_b7554f747e6db69c,14th A Cross,near 14th a cross,14th A Cross,,mixed
blr_3fe60326a48cea4b,5th Road,5th road,5th Road,,mixed
blr_3fe60326a48cea4b,5th Road,fifth road,5th Road,,mixed
blr_3fe60326a48cea4b,5th Road,five road,5th Road,,mixed
blr_3fe60326a48cea4b,5th Road,in 5th road,5th Road,,mixed
blr_3fe60326a48cea4b,5th Road,near fifth road,5th Road,,mixed
blr_182ce5e6bf223b7c,1st F Main Road,1st f main road,1st F Main Road,,mixed
blr_182ce5e6bf223b7c,1st F Main Road,in 1st f main road,1st F Main Road,,mixed
blr_182ce5e6bf223b7c,1st F Main Road,near 1st f main road,1st F Main Road,,mixed
blr_182ce5e6bf223b7c,1st F Main Road,around 1st f main road,1st F Main Road,,mixed
blr_182ce5e6bf223b7c,1st F Main Road,1st f main road area,1st F Main Road,,mixed
blr_424e2f2bde1ed747,1st G Main Road,1st g main road,1st G Main Road,,mixed
blr_424e2f2bde1ed747,1st G Main Road,in 1st g main road,1st G Main Road,,mixed
blr_424e2f2bde1ed747,1st G Main Road,near 1st g main road,1st G Main Road,,mixed
blr_424e2f2bde1ed747,1st G Main Road,around 1st g main road,1st G Main Road,,mixed
blr_424e2f2bde1ed747,1st G Main Road,1st g main road area,1st G Main Road,,mixed
blr_4d6e1448673d8b7f,13th A Main Road,13th a main road,13th A Main Road,,mixed
blr_4d6e1448673d8b7f,13th A Main Road,in 13th a main road,13th A Main Road,,mixed
blr_4d6e1448673d8b7f,13th A Main Road,near 13th a main road,13th A Main Road,,mixed
blr_4d6e1448673d8b7f,13th A Main Road,around 13th a main road,13th A Main Road,,mixed
blr_4d6e1448673d8b7f,13th A Main Road,13th a main road area,13th A Main Road,,mixed
blr_a17d465db051a10b,8th B Cross,8th b cross,8th B Cross,,mixed
blr_a17d465db051a10b,8th B Cross,eight b cross,8th B Cross,,mixed
blr_a17d465db051a10b,8th B Cross,eighth b cross,8th B Cross,,mixed
blr_a17d465db051a10b,8th B Cross,in 8th b cross,8th B Cross,,mixed
blr_a17d465db051a10b,8th B Cross,near eight b cross,8th B Cross,,mixed
blr_ba360dc366ef1166,14th A Main,14th a main,14th A Main,,mixed
blr_ba360dc366ef1166,14th A Main,1four a main,14th A Main,,mixed
blr_ba360dc366ef1166,14th A Main,1fourth a main,14th A Main,,mixed
blr_ba360dc366ef1166,14th A Main,in 14th a main,14th A Main,,mixed
blr_ba360dc366ef1166,14th A Main,near 1four a main,14th A Main,,mixed
blr_f1c6b919d9f55802,9th A Cross,9th a cross,9th A Cross,,mixed
blr_f1c6b919d9f55802,9th A Cross,nine a cross,9th A Cross,,mixed
blr_f1c6b919d9f55802,9th A Cross,ninth a cross,9th A Cross,,mixed
blr_f1c6b919d9f55802,9th A Cross,in 9th a cross,9th A Cross,,mixed
blr_f1c6b919d9f55802,9th A Cross,near nine a cross,9th A Cross,,mixed
blr_8a81ce37fe950264,15th A Main Road,1fifth a main road,15th A Main Road,,mixed
blr_8a81ce37fe950264,15th A Main Road,15th a main road,15th A Main Road,,mixed
blr_8a81ce37fe950264,15th A Main Road,1five a main road,15th A Main Road,,mixed
blr_8a81ce37fe950264,15th A Main Road,in 1fifth a main road,15th A Main Road,,mixed
blr_8a81ce37fe950264,15th A Main Road,near 15th a main road,15th A Main Road,,mixed
blr_6adc6249dec4da85,YNK Railway Station Road,ynk railway station road,YNK Railway Station Road,,mixed
blr_6adc6249dec4da85,YNK Railway Station Road,in ynk railway station road,YNK Railway Station Road,,mixed
blr_6adc6249dec4da85,YNK Railway Station Road,near ynk railway station road,YNK Railway Station Road,,mixed
blr_6adc6249dec4da85,YNK Railway Station Road,around ynk railway station road,YNK Railway Station Road,,mixed
blr_6adc6249dec4da85,YNK Railway Station Road,ynk railway station road area,YNK Railway Station Road,,mixed
blr_69f427db9c121649,16th A Cross Road,16th a cross road,16th A Cross Road,,mixed
blr_69f427db9c121649,16th A Cross Road,1sixth a cross road,16th A Cross Road,,mixed
blr_69f427db9c121649,16th A Cross Road,1six a cross road,16th A Cross Road,,mixed
blr_69f427db9c121649,16th A Cross Road,in 16th a cross road,16th A Cross Road,,mixed
blr_69f427db9c121649,16th A Cross Road,near 1sixth a cross road,16th A Cross Road,,mixed
blr_acbc033ddc9b0fab,"Judicial Layout, 27th Cross",judicial layout 2seven cross,"Judicial Layout, 27th Cross",,mixed
blr_acbc033ddc9b0fab,"Judicial Layout, 27th Cross",judicial layout 27th cross,"Judicial Layout, 27th Cross",,mixed
blr_acbc033ddc9b0fab,"Judicial Layout, 27th Cross",judicial layout 2seventh cross,"Judicial Layout, 27th Cross",,mixed
blr_acbc033ddc9b0fab,"Judicial Layout, 27th Cross",in judicial layout 2seven cross,"Judicial Layout, 27th Cross",,mixed
blr_acbc033ddc9b0fab,"Judicial Layout, 27th Cross",near judicial layout 27th cross,"Judicial Layout, 27th Cross",,mixed
blr_be278f6c3bc98ba4,19th B Cross Road,19th b cross road,19th B Cross Road,,mixed
blr_be278f6c3bc98ba4,19th B Cross Road,1ninth b cross road,19th B Cross Road,,mixed
blr_be278f6c3bc98ba4,19th B Cross Road,1nine b cross road,19th B Cross Road,,mixed
blr_be278f6c3bc98ba4,19th B Cross Road,in 19th b cross road,19th B Cross Road,,mixed
blr_be278f6c3bc98ba4,19th B Cross Road,near 1ninth b cross road,19th B Cross Road,,mixed
blr_44adae66ed16de42,18th B Cross Road,18th b cross road,18th B Cross Road,,mixed
blr_44adae66ed16de42,18th B Cross Road,1eight b cross road,18th B Cross Road,,mixed
blr_44adae66ed16de42,18th B Cross Road,1eighth b cross road,18th B Cross Road,,mixed
blr_44adae66ed16de42,18th B Cross Road,in 18th b cross road,18th B Cross Road,,mixed
blr_44adae66ed16de42,18th B Cross Road,near 1eight b cross road,18th B Cross Road,,mixed
blr_43f2682b585ce894,18th Main,18th main,18th Main,,mixed
blr_43f2682b585ce894,18th Main,1eighth main,18th Main,,mixed
blr_43f2682b585ce894,18th Main,1eight main,18th Main,,mixed
blr_43f2682b585ce894,18th Main,in 18th main,18th Main,,mixed
blr_43f2682b585ce894,18th Main,near 1eighth main,18th Main,,mixed
blr_63520915a24ec234,2nd Main,two main,2nd Main,,mixed
blr_63520915a24ec234,2nd Main,2nd main,2nd Main,,mixed
blr_63520915a24ec234,2nd Main,second main,2nd Main,,mixed
blr_63520915a24ec234,2nd Main,in two main,2nd Main,,mixed
blr_63520915a24ec234,2nd Main,near 2nd main,2nd Main,,mixed
blr_c96d2b18ac9add55,17th B Cross,1seventh b cross,17th B Cross,,mixed
blr_c96d2b18ac9add55,17th B Cross,17th b cross,17th B Cross,,mixed
blr_c96d2b18ac9add55,17th B Cross,1seven b cross,17th B Cross,,mixed
blr_c96d2b18ac9add55,17th B Cross,in 1seventh b cross,17th B Cross,,mixed
blr_c96d2b18ac9add55,17th B Cross,near 17th b cross,17th B Cross,,mixed
blr_8817c590963de278,Kaggadasapura To outer Ring Road,kaggadasapura to outer ring road,Kaggadasapura To outer Ring Road,,mixed
blr_8817c590963de278,Kaggadasapura To outer Ring Road,in kaggadasapura to outer ring road,Kaggadasapura To outer Ring Road,,mixed
blr_8817c590963de278,Kaggadasapura To outer Ring Road,near kaggadasapura to outer ring road,Kaggadasapura To outer Ring Road,,mixed
blr_8817c590963de278,Kaggadasapura To outer Ring Road,around kaggadasapura to outer ring road,Kaggadasapura To outer Ring Road,,mixed
blr_8817c590963de278,Kaggadasapura To outer Ring Road,kaggadasapura to outer ring road area,Kaggadasapura To outer Ring Road,,mixed
blr_6f0ca3f8046ebe3f,SMR Vinay Galaxy,smr vinay galaxy,SMR Vinay Galaxy,,mixed
blr_6f0ca3f8046ebe3f,SMR Vinay Galaxy,in smr vinay galaxy,SMR Vinay Galaxy,,mixed
blr_6f0ca3f8046ebe3f,SMR Vinay Galaxy,near smr vinay galaxy,SMR Vinay Galaxy,,mixed
blr_6f0ca3f8046ebe3f,SMR Vinay Galaxy,around smr vinay galaxy,SMR Vinay Galaxy,,mixed
blr_6f0ca3f8046ebe3f,SMR Vinay Galaxy,smr vinay galaxy area,SMR Vinay Galaxy,,mixed
blr_12ecb4255a38502d,3rd Street,3rd street,3rd Street,,mixed
blr_12ecb4255a38502d,3rd Street,third street,3rd Street,,mixed
blr_12ecb4255a38502d,3rd Street,three street,3rd Street,,mixed
blr_12ecb4255a38502d,3rd Street,in 3rd street,3rd Street,,mixed
blr_12ecb4255a38502d,3rd Street,near third street,3rd Street,,mixed
blr_0b0afb789f25509d,DNA Oaksville,dna oaksville,DNA Oaksville,,mixed
blr_0b0afb789f25509d,DNA Oaksville,in dna oaksville,DNA Oaksville,,mixed
blr_0b0afb789f25509d,DNA Oaksville,near dna oaksville,DNA Oaksville,,mixed
blr_0b0afb789f25509d,DNA Oaksville,around dna oaksville,DNA Oaksville,,mixed
blr_0b0afb789f25509d,DNA Oaksville,dna oaksville area,DNA Oaksville,,mixed
blr_3fbb60bebfaa6a30,DNA Apartment Road,dna apartment road,DNA Apartment Road,,mixed
blr_3fbb60bebfaa6a30,DNA Apartment Road,in dna apartment road,DNA Apartment Road,,mixed
blr_3fbb60bebfaa6a30,DNA Apartment Road,near dna apartment road,DNA Apartment Road,,mixed
blr_3fbb60bebfaa6a30,DNA Apartment Road,around dna apartment road,DNA Apartment Road,,mixed
blr_3fbb60bebfaa6a30,DNA Apartment Road,dna apartment road area,DNA Apartment Road,,mixed
blr_f5e9ee6f99acc636,6th B Cross,sixth b cross,6th B Cross,,mixed
blr_f5e9ee6f99acc636,6th B Cross,6th b cross,6th B Cross,,mixed
blr_f5e9ee6f99acc636,6th B Cross,six b cross,6th B Cross,,mixed
blr_f5e9ee6f99acc636,6th B Cross,in sixth b cross,6th B Cross,,mixed
blr_f5e9ee6f99acc636,6th B Cross,near 6th b cross,6th B Cross,,mixed
blr_eb7e356b8e058757,2nd Road,2nd road,2nd Road,,mixed
blr_eb7e356b8e058757,2nd Road,second road,2nd Road,,mixed
blr_eb7e356b8e058757,2nd Road,two road,2nd Road,,mixed
blr_eb7e356b8e058757,2nd Road,in 2nd road,2nd Road,,mixed
blr_eb7e356b8e058757,2nd Road,near second road,2nd Road,,mixed
blr_282d354426bb6638,34 A Cross Road,34 a cross road,34 A Cross Road,,mixed
blr_282d354426bb6638,34 A Cross Road,in 34 a cross road,34 A Cross Road,,mixed
blr_282d354426bb6638,34 A Cross Road,near 34 a cross road,34 A Cross Road,,mixed
blr_282d354426bb6638,34 A Cross Road,around 34 a cross road,34 A Cross Road,,mixed
blr_282d354426bb6638,34 A Cross Road,34 a cross road area,34 A Cross Road,,mixed
blr_a0bfa896a00ea59f,35 A Cross Road,35 a cross road,35 A Cross Road,,mixed
blr_a0bfa896a00ea59f,35 A Cross Road,in 35 a cross road,35 A Cross Road,,mixed
blr_a0bfa896a00ea59f,35 A Cross Road,near 35 a cross road,35 A Cross Road,,mixed
blr_a0bfa896a00ea59f,35 A Cross Road,around 35 a cross road,35 A Cross Road,,mixed
blr_a0bfa896a00ea59f,35 A Cross Road,35 a cross road area,35 A Cross Road,,mixed
blr_14418fe2b8b7096d,Vagdevi School drive way,vagdevi school drive way,Vagdevi School drive way,,mixed
blr_14418fe2b8b7096d,Vagdevi School drive way,in vagdevi school drive way,Vagdevi School drive way,,mixed
blr_14418fe2b8b7096d,Vagdevi School drive way,near vagdevi school drive way,Vagdevi School drive way,,mixed
blr_14418fe2b8b7096d,Vagdevi School drive way,around vagdevi school drive way,Vagdevi School drive way,,mixed
blr_14418fe2b8b7096d,Vagdevi School drive way,vagdevi school drive way area,Vagdevi School drive way,,mixed
blr_a56cd04b6f96ee50,NCC Maple Heights,ncc maple heights,NCC Maple Heights,,mixed
blr_a56cd04b6f96ee50,NCC Maple Heights,in ncc maple heights,NCC Maple Heights,,mixed
blr_a56cd04b6f96ee50,NCC Maple Heights,near ncc maple heights,NCC Maple Heights,,mixed
blr_a56cd04b6f96ee50,NCC Maple Heights,around ncc maple heights,NCC Maple Heights,,mixed
blr_a56cd04b6f96ee50,NCC Maple Heights,ncc maple heights area,NCC Maple Heights,,mixed
blr_1e5604f3c2056f3a,DSR Elite,dsr elite,DSR Elite,,mixed
blr_1e5604f3c2056f3a,DSR Elite,in dsr elite,DSR Elite,,mixed
blr_1e5604f3c2056f3a,DSR Elite,near dsr elite,DSR Elite,,mixed
blr_1e5604f3c2056f3a,DSR Elite,around dsr elite,DSR Elite,,mixed
blr_1e5604f3c2056f3a,DSR Elite,dsr elite area,DSR Elite,,mixed
blr_2773a2b88b9c88ae,UKN Esperanza,ukn esperanza,UKN Esperanza,,mixed
blr_2773a2b88b9c88ae,UKN Esperanza,in ukn esperanza,UKN Esperanza,,mixed
blr_2773a2b88b9c88ae,UKN Esperanza,near ukn esperanza,UKN Esperanza,,mixed
blr_2773a2b88b9c88ae,UKN Esperanza,around ukn esperanza,UKN Esperanza,,mixed
blr_2773a2b88b9c88ae,UKN Esperanza,ukn esperanza area,UKN Esperanza,,mixed
blr_e938126f0f210e60,HMT Link Road,hmt link road,HMT Link Road,,mixed
blr_e938126f0f210e60,HMT Link Road,in hmt link road,HMT Link Road,,mixed
blr_e938126f0f210e60,HMT Link Road,near hmt link road,HMT Link Road,,mixed
blr_e938126f0f210e60,HMT Link Road,around hmt link road,HMT Link Road,,mixed
blr_e938126f0f210e60,HMT Link Road,hmt link road area,HMT Link Road,,mixed
blr_8d1757ce8168fcc8,SJR Brooklyn,sjr brooklyn,SJR Brooklyn,,mixed
blr_8d1757ce8168fcc8,SJR Brooklyn,in sjr brooklyn,SJR Brooklyn,,mixed
blr_8d1757ce8168fcc8,SJR Brooklyn,near sjr brooklyn,SJR Brooklyn,,mixed
blr_8d1757ce8168fcc8,SJR Brooklyn,around sjr brooklyn,SJR Brooklyn,,mixed
blr_8d1757ce8168fcc8,SJR Brooklyn,sjr brooklyn area,SJR Brooklyn,,mixed
blr_9b3f418a21b66df4,AKME Encore,akme encore,AKME Encore,,mixed
blr_9b3f418a21b66df4,AKME Encore,in akme encore,AKME Encore,,mixed
blr_9b3f418a21b66df4,AKME Encore,near akme encore,AKME Encore,,mixed
blr_9b3f418a21b66df4,AKME Encore,around akme encore,AKME Encore,,mixed
blr_9b3f418a21b66df4,AKME Encore,akme encore area,AKME Encore,,mixed
blr_8e97d3b5a99dd926,6th Main Ext Road,6th main ext road,6th Main Ext Road,,mixed
blr_8e97d3b5a99dd926,6th Main Ext Road,sixth main ext road,6th Main Ext Road,,mixed
blr_8e97d3b5a99dd926,6th Main Ext Road,six main ext road,6th Main Ext Road,,mixed
blr_8e97d3b5a99dd926,6th Main Ext Road,in 6th main ext road,6th Main Ext Road,,mixed
blr_8e97d3b5a99dd926,6th Main Ext Road,near sixth main ext road,6th Main Ext Road,,mixed
blr_36d4c66a1b973216,7th Main Road I T I Layout,seven main road i t i layout,7th Main Road I T I Layout,,mixed
blr_36d4c66a1b973216,7th Main Road I T I Layout,7th main road i t i layout,7th Main Road I T I Layout,,mixed
blr_36d4c66a1b973216,7th Main Road I T I Layout,seventh main road i t i layout,7th Main Road I T I Layout,,mixed
blr_36d4c66a1b973216,7th Main Road I T I Layout,in seven main road i t i layout,7th Main Road I T I Layout,,mixed
blr_36d4c66a1b973216,7th Main Road I T I Layout,near 7th main road i t i layout,7th Main Road I T I Layout,,mixed
blr_b593619d56734f12,BK Nagar Main Road,bk nagar main road,BK Nagar Main Road,,mixed
blr_b593619d56734f12,BK Nagar Main Road,in bk nagar main road,BK Nagar Main Road,,mixed
blr_b593619d56734f12,BK Nagar Main Road,near bk nagar main road,BK Nagar Main Road,,mixed
blr_b593619d56734f12,BK Nagar Main Road,around bk nagar main road,BK Nagar Main Road,,mixed
blr_b593619d56734f12,BK Nagar Main Road,bk nagar main road area,BK Nagar Main Road,,mixed
blr_b98f95b55edaad88,TATA Sherwood Apartments,tata sherwood apartments,TATA Sherwood Apartments,,mixed
blr_b98f95b55edaad88,TATA Sherwood Apartments,in tata sherwood apartments,TATA Sherwood Apartments,,mixed
blr_b98f95b55edaad88,TATA Sherwood Apartments,near tata sherwood apartments,TATA Sherwood Apartments,,mixed
blr_b98f95b55edaad88,TATA Sherwood Apartments,around tata sherwood apartments,TATA Sherwood Apartments,,mixed
blr_b98f95b55edaad88,TATA Sherwood Apartments,tata sherwood apartments area,TATA Sherwood Apartments,,mixed
blr_453a3d1c9418568c,K B Venkatesh Road,k b venkatesh road,K B Venkatesh Road,,mixed
blr_453a3d1c9418568c,K B Venkatesh Road,in k b venkatesh road,K B Venkatesh Road,,mixed
blr_453a3d1c9418568c,K B Venkatesh Road,near k b venkatesh road,K B Venkatesh Road,,mixed
blr_453a3d1c9418568c,K B Venkatesh Road,around k b venkatesh road,K B Venkatesh Road,,mixed
blr_453a3d1c9418568c,K B Venkatesh Road,k b venkatesh road area,K B Venkatesh Road,,mixed
blr_cd01ac758fbd6dbf,7th Road,seventh road,7th Road,,mixed
blr_cd01ac758fbd6dbf,7th Road,seven road,7th Road,,mixed
blr_cd01ac758fbd6dbf,7th Road,7th road,7th Road,,mixed
blr_cd01ac758fbd6dbf,7th Road,in seventh road,7th Road,,mixed
blr_cd01ac758fbd6dbf,7th Road,near seven road,7th Road,,mixed
blr_7a790de420070062,WhiteField - Hoskote Road,whitefield  hoskote road,WhiteField  - Hoskote Road,,mixed
blr_7a790de420070062,WhiteField - Hoskote Road,in whitefield  hoskote road,WhiteField  - Hoskote Road,,mixed
blr_7a790de420070062,WhiteField - Hoskote Road,near whitefield  hoskote road,WhiteField  - Hoskote Road,,mixed
blr_7a790de420070062,WhiteField - Hoskote Road,around whitefield  hoskote road,WhiteField  - Hoskote Road,,mixed
blr_7a790de420070062,WhiteField - Hoskote Road,whitefield  hoskote road area,WhiteField  - Hoskote Road,,mixed
blr_02fe6ef1d77d487c,WOC,woc,WOC,,mixed
blr_02fe6ef1d77d487c,WOC,in woc,WOC,,mixed
blr_02fe6ef1d77d487c,WOC,near woc,WOC,,mixed
blr_02fe6ef1d77d487c,WOC,around woc,WOC,,mixed
blr_02fe6ef1d77d487c,WOC,woc area,WOC,,mixed
blr_f76fd11ab4bbf03d,60th Cross Road,60th cross road,60th Cross Road,,mixed
blr_f76fd11ab4bbf03d,60th Cross Road,in 60th cross road,60th Cross Road,,mixed
blr_f76fd11ab4bbf03d,60th Cross Road,near 60th cross road,60th Cross Road,,mixed
blr_f76fd11ab4bbf03d,60th Cross Road,around 60th cross road,60th Cross Road,,mixed
blr_f76fd11ab4bbf03d,60th Cross Road,60th cross road area,60th Cross Road,,mixed
blr_a08228d85b1b9719,48th Cross Road,4eighth cross road,48th Cross Road,,mixed
blr_a08228d85b1b9719,48th Cross Road,4eight cross road,48th Cross Road,,mixed
blr_a08228d85b1b9719,48th Cross Road,48th cross road,48th Cross Road,,mixed
blr_a08228d85b1b9719,48th Cross Road,in 4eighth cross road,48th Cross Road,,mixed
blr_a08228d85b1b9719,48th Cross Road,near 4eight cross road,48th Cross Road,,mixed
blr_b473e48ec1f970f1,49th Cross Road,49th cross road,49th Cross Road,,mixed
blr_b473e48ec1f970f1,49th Cross Road,4nine cross road,49th Cross Road,,mixed
blr_b473e48ec1f970f1,49th Cross Road,4ninth cross road,49th Cross Road,,mixed
blr_b473e48ec1f970f1,49th Cross Road,in 49th cross road,49th Cross Road,,mixed
blr_b473e48ec1f970f1,49th Cross Road,near 4nine cross road,49th Cross Road,,mixed
blr_8b372b7745adcecc,NCC Nagarjuna Premier Apartments,ncc nagarjuna premier apartments,NCC Nagarjuna Premier Apartments,,mixed
blr_8b372b7745adcecc,NCC Nagarjuna Premier Apartments,in ncc nagarjuna premier apartments,NCC Nagarjuna Premier Apartments,,mixed
blr_8b372b7745adcecc,NCC Nagarjuna Premier Apartments,near ncc nagarjuna premier apartments,NCC Nagarjuna Premier Apartments,,mixed
blr_8b372b7745adcecc,NCC Nagarjuna Premier Apartments,around ncc nagarjuna premier apartments,NCC Nagarjuna Premier Apartments,,mixed
blr_8b372b7745adcecc,NCC Nagarjuna Premier Apartments,ncc nagarjuna premier apartments area,NCC Nagarjuna Premier Apartments,,mixed
blr_696d8f1a9496e39e,SJR Luxuria Apartments,sjr luxuria apartments,SJR Luxuria Apartments,,mixed
blr_696d8f1a9496e39e,SJR Luxuria Apartments,in sjr luxuria apartments,SJR Luxuria Apartments,,mixed
blr_696d8f1a9496e39e,SJR Luxuria Apartments,near sjr luxuria apartments,SJR Luxuria Apartments,,mixed
blr_696d8f1a9496e39e,SJR Luxuria Apartments,around sjr luxuria apartments,SJR Luxuria Apartments,,mixed
blr_696d8f1a9496e39e,SJR Luxuria Apartments,sjr luxuria apartments area,SJR Luxuria Apartments,,mixed
blr_268b4034a9c4ce80,BWSSB Pipeline Track,bwssb pipeline track,BWSSB Pipeline Track,,mixed
blr_268b4034a9c4ce80,BWSSB Pipeline Track,in bwssb pipeline track,BWSSB Pipeline Track,,mixed
blr_268b4034a9c4ce80,BWSSB Pipeline Track,near bwssb pipeline track,BWSSB Pipeline Track,,mixed
blr_268b4034a9c4ce80,BWSSB Pipeline Track,around bwssb pipeline track,BWSSB Pipeline Track,,mixed
blr_268b4034a9c4ce80,BWSSB Pipeline Track,bwssb pipeline track area,BWSSB Pipeline Track,,mixed
blr_a01a948934b53693,S G R Dental College Road,s g r dental college road,S G R Dental College Road,,mixed
blr_a01a948934b53693,S G R Dental College Road,in s g r dental college road,S G R Dental College Road,,mixed
blr_a01a948934b53693,S G R Dental College Road,near s g r dental college road,S G R Dental College Road,,mixed
blr_a01a948934b53693,S G R Dental College Road,around s g r dental college road,S G R Dental College Road,,mixed
blr_a01a948934b53693,S G R Dental College Road,s g r dental college road area,S G R Dental College Road,,mixed
blr_cde5a796f35cb56d,Nisarga Layout 1st Main Road,nisarga layout 1st main road,Nisarga Layout 1st Main Road,,mixed
blr_cde5a796f35cb56d,Nisarga Layout 1st Main Road,in nisarga layout 1st main road,Nisarga Layout 1st Main Road,,mixed
blr_cde5a796f35cb56d,Nisarga Layout 1st Main Road,near nisarga layout 1st main road,Nisarga Layout 1st Main Road,,mixed
blr_cde5a796f35cb56d,Nisarga Layout 1st Main Road,around nisarga layout 1st main road,Nisarga Layout 1st Main Road,,mixed
blr_cde5a796f35cb56d,Nisarga Layout 1st Main Road,nisarga layout 1st main road area,Nisarga Layout 1st Main Road,,mixed
blr_953ba4b338188b1f,SGT Goods Shed Road,sgt goods shed road,SGT Goods Shed Road,,mixed
blr_953ba4b338188b1f,SGT Goods Shed Road,in sgt goods shed road,SGT Goods Shed Road,,mixed
blr_953ba4b338188b1f,SGT Goods Shed Road,near sgt goods shed road,SGT Goods Shed Road,,mixed
blr_953ba4b338188b1f,SGT Goods Shed Road,around sgt goods shed road,SGT Goods Shed Road,,mixed
blr_953ba4b338188b1f,SGT Goods Shed Road,sgt goods shed road area,SGT Goods Shed Road,,mixed
blr_e9e5c80886d69fe1,HLRC Road,hlrc road,HLRC Road,,mixed
blr_e9e5c80886d69fe1,HLRC Road,in hlrc road,HLRC Road,,mixed
blr_e9e5c80886d69fe1,HLRC Road,near hlrc road,HLRC Road,,mixed
blr_e9e5c80886d69fe1,HLRC Road,around hlrc road,HLRC Road,,mixed
blr_e9e5c80886d69fe1,HLRC Road,hlrc road area,HLRC Road,,mixed
blr_642df548e1249c8e,A K Gopalan Main Road,a k gopalan main road,A K Gopalan Main Road,,mixed
blr_642df548e1249c8e,A K Gopalan Main Road,in a k gopalan main road,A K Gopalan Main Road,,mixed
blr_642df548e1249c8e,A K Gopalan Main Road,near a k gopalan main road,A K Gopalan Main Road,,mixed
blr_642df548e1249c8e,A K Gopalan Main Road,around a k gopalan main road,A K Gopalan Main Road,,mixed
blr_642df548e1249c8e,A K Gopalan Main Road,a k gopalan main road area,A K Gopalan Main Road,,mixed
blr_6035a0b349908243,Pattandur Agrahara - 2nd Cross Road,pattandur agrahara  two cross road,Pattandur Agrahara - 2nd Cross Road,,mixed
blr_6035a0b349908243,Pattandur Agrahara - 2nd Cross Road,pattandur agrahara  2nd cross road,Pattandur Agrahara - 2nd Cross Road,,mixed
blr_6035a0b349908243,Pattandur Agrahara - 2nd Cross Road,pattandur agrahara  second cross road,Pattandur Agrahara - 2nd Cross Road,,mixed
blr_6035a0b349908243,Pattandur Agrahara - 2nd Cross Road,in pattandur agrahara  two cross road,Pattandur Agrahara - 2nd Cross Road,,mixed
blr_6035a0b349908243,Pattandur Agrahara - 2nd Cross Road,near pattandur agrahara  2nd cross road,Pattandur Agrahara - 2nd Cross Road,,mixed
blr_4e37bcd784c0594d,17th F Cross,1seventh f cross,17th F Cross,,mixed
blr_4e37bcd784c0594d,17th F Cross,1seven f cross,17th F Cross,,mixed
blr_4e37bcd784c0594d,17th F Cross,17th f cross,17th F Cross,,mixed
blr_4e37bcd784c0594d,17th F Cross,in 1seventh f cross,17th F Cross,,mixed
blr_4e37bcd784c0594d,17th F Cross,near 1seven f cross,17th F Cross,,mixed
blr_6f276e9fd2c7d3fe,17th E Cross,17th e cross,17th E Cross,,mixed
blr_6f276e9fd2c7d3fe,17th E Cross,1seventh e cross,17th E Cross,,mixed
blr_6f276e9fd2c7d3fe,17th E Cross,1seven e cross,17th E Cross,,mixed
blr_6f276e9fd2c7d3fe,17th E Cross,in 17th e cross,17th E Cross,,mixed
blr_6f276e9fd2c7d3fe,17th E Cross,near 1seventh e cross,17th E Cross,,mixed
blr_2f9b04b5fa756a72,DCA Quarters,dca quarters,DCA Quarters,,mixed
blr_2f9b04b5fa756a72,DCA Quarters,in dca quarters,DCA Quarters,,mixed
blr_2f9b04b5fa756a72,DCA Quarters,near dca quarters,DCA Quarters,,mixed
blr_2f9b04b5fa756a72,DCA Quarters,around dca quarters,DCA Quarters,,mixed
blr_2f9b04b5fa756a72,DCA Quarters,dca quarters area,DCA Quarters,,mixed
blr_ccc84fe0856a9d48,BDA MIG Flats,bda mig flats,BDA MIG Flats,,mixed
blr_ccc84fe0856a9d48,BDA MIG Flats,in bda mig flats,BDA MIG Flats,,mixed
blr_ccc84fe0856a9d48,BDA MIG Flats,near bda mig flats,BDA MIG Flats,,mixed
blr_ccc84fe0856a9d48,BDA MIG Flats,around bda mig flats,BDA MIG Flats,,mixed
blr_ccc84fe0856a9d48,BDA MIG Flats,bda mig flats area,BDA MIG Flats,,mixed
blr_9b12a851506c1ac4,ISRO Newland Housing Colony,isro newland housing colony,ISRO Newland Housing Colony,,mixed
blr_9b12a851506c1ac4,ISRO Newland Housing Colony,in isro newland housing colony,ISRO Newland Housing Colony,,mixed
blr_9b12a851506c1ac4,ISRO Newland Housing Colony,near isro newland housing colony,ISRO Newland Housing Colony,,mixed
blr_9b12a851506c1ac4,ISRO Newland Housing Colony,around isro newland housing colony,ISRO Newland Housing Colony,,mixed
blr_9b12a851506c1ac4,ISRO Newland Housing Colony,isro newland housing colony area,ISRO Newland Housing Colony,,mixed
blr_a1c91d3fc8dc0249,DAD Quarters,dad quarters,DAD Quarters,,mixed
blr_a1c91d3fc8dc0249,DAD Quarters,in dad quarters,DAD Quarters,,mixed
blr_a1c91d3fc8dc0249,DAD Quarters,near dad quarters,DAD Quarters,,mixed
blr_a1c91d3fc8dc0249,DAD Quarters,around dad quarters,DAD Quarters,,mixed
blr_a1c91d3fc8dc0249,DAD Quarters,dad quarters area,DAD Quarters,,mixed
blr_72b8989aa79782ef,Pattandur Agrahara 1st Main Road,pattandur agrahara 1st main road,Pattandur Agrahara 1st Main Road,,mixed
blr_72b8989aa79782ef,Pattandur Agrahara 1st Main Road,in pattandur agrahara 1st main road,Pattandur Agrahara 1st Main Road,,mixed
blr_72b8989aa79782ef,Pattandur Agrahara 1st Main Road,near pattandur agrahara 1st main road,Pattandur Agrahara 1st Main Road,,mixed
blr_72b8989aa79782ef,Pattandur Agrahara 1st Main Road,around pattandur agrahara 1st main road,Pattandur Agrahara 1st Main Road,,mixed
blr_72b8989aa79782ef,Pattandur Agrahara 1st Main Road,pattandur agrahara 1st main road area,Pattandur Agrahara 1st Main Road,,mixed
blr_156c2f73b2f3fbdb,ND Passion Apartments,nd passion apartments,ND Passion Apartments,,mixed
blr_156c2f73b2f3fbdb,ND Passion Apartments,in nd passion apartments,ND Passion Apartments,,mixed
blr_156c2f73b2f3fbdb,ND Passion Apartments,near nd passion apartments,ND Passion Apartments,,mixed
blr_156c2f73b2f3fbdb,ND Passion Apartments,around nd passion apartments,ND Passion Apartments,,mixed
blr_156c2f73b2f3fbdb,ND Passion Apartments,nd passion apartments area,ND Passion Apartments,,mixed
blr_54a813f1a1586e8b,8th C Cross Road,8th c cross road,8th C Cross Road,,mixed
blr_54a813f1a1586e8b,8th C Cross Road,eight c cross road,8th C Cross Road,,mixed
blr_54a813f1a1586e8b,8th C Cross Road,eighth c cross road,8th C Cross Road,,mixed
blr_54a813f1a1586e8b,8th C Cross Road,in 8th c cross road,8th C Cross Road,,mixed
blr_54a813f1a1586e8b,8th C Cross Road,near eight c cross road,8th C Cross Road,,mixed
blr_5f33111e88ce476c,KempFort Apartments,kempfort apartments,KempFort Apartments,,mixed
blr_5f33111e88ce476c,KempFort Apartments,in kempfort apartments,KempFort Apartments,,mixed
blr_5f33111e88ce476c,KempFort Apartments,near kempfort apartments,KempFort Apartments,,mixed
blr_5f33111e88ce476c,KempFort Apartments,around kempfort apartments,KempFort Apartments,,mixed
blr_5f33111e88ce476c,KempFort Apartments,kempfort apartments area,KempFort Apartments,,mixed
blr_8b01028f372d36d0,CPWD Quarters,cpwd quarters,CPWD Quarters,,mixed
blr_8b01028f372d36d0,CPWD Quarters,in cpwd quarters,CPWD Quarters,,mixed
blr_8b01028f372d36d0,CPWD Quarters,near cpwd quarters,CPWD Quarters,,mixed
blr_8b01028f372d36d0,CPWD Quarters,around cpwd quarters,CPWD Quarters,,mixed
blr_8b01028f372d36d0,CPWD Quarters,cpwd quarters area,CPWD Quarters,,mixed
blr_f88c37b302c9e182,G 8th street,g 8th street,G 8th street,,mixed
blr_f88c37b302c9e182,G 8th street,g eighth street,G 8th street,,mixed
blr_f88c37b302c9e182,G 8th street,g eight street,G 8th street,,mixed
blr_f88c37b302c9e182,G 8th street,in g 8th street,G 8th street,,mixed
blr_f88c37b302c9e182,G 8th street,near g eighth street,G 8th street,,mixed
blr_1c0e08ca820782d6,16E Cross,16e cross,16E Cross,,mixed
blr_1c0e08ca820782d6,16E Cross,in 16e cross,16E Cross,,mixed
blr_1c0e08ca820782d6,16E Cross,near 16e cross,16E Cross,,mixed
blr_1c0e08ca820782d6,16E Cross,around 16e cross,16E Cross,,mixed
blr_1c0e08ca820782d6,16E Cross,16e cross area,16E Cross,,mixed
blr_0a0245d713ca1c9a,NGEF Layout Road,ngef layout road,NGEF Layout Road,,mixed
blr_0a0245d713ca1c9a,NGEF Layout Road,in ngef layout road,NGEF Layout Road,,mixed
blr_0a0245d713ca1c9a,NGEF Layout Road,near ngef layout road,NGEF Layout Road,,mixed
blr_0a0245d713ca1c9a,NGEF Layout Road,around ngef layout road,NGEF Layout Road,,mixed
blr_0a0245d713ca1c9a,NGEF Layout Road,ngef layout road area,NGEF Layout Road,,mixed
blr_ae64d4c650a4103a,4th Block Main Road,4th block main road,4th Block Main Road,,mixed
blr_ae64d4c650a4103a,4th Block Main Road,four block main road,4th Block Main Road,,mixed
blr_ae64d4c650a4103a,4th Block Main Road,fourth block main road,4th Block Main Road,,mixed
blr_ae64d4c650a4103a,4th Block Main Road,in 4th block main road,4th Block Main Road,,mixed
blr_ae64d4c650a4103a,4th Block Main Road,near four block main road,4th Block Main Road,,mixed
blr_93fe4370f77982f6,6th Temple Street,six temple street,6th Temple Street,,mixed
blr_93fe4370f77982f6,6th Temple Street,6th temple street,6th Temple Street,,mixed
blr_93fe4370f77982f6,6th Temple Street,sixth temple street,6th Temple Street,,mixed
blr_93fe4370f77982f6,6th Temple Street,in six temple street,6th Temple Street,,mixed
blr_93fe4370f77982f6,6th Temple Street,near 6th temple street,6th Temple Street,,mixed
blr_aeb217039eea6763,12th C Cross Road,12th c cross road,12th C Cross Road,,mixed
blr_aeb217039eea6763,12th C Cross Road,in 12th c cross road,12th C Cross Road,,mixed
blr_aeb217039eea6763,12th C Cross Road,near 12th c cross road,12th C Cross Road,,mixed
blr_aeb217039eea6763,12th C Cross Road,around 12th c cross road,12th C Cross Road,,mixed
blr_aeb217039eea6763,12th C Cross Road,12th c cross road area,12th C Cross Road,,mixed
blr_7550bd5f2b6d1904,6th Avenue,6th avenue,6th Avenue,,mixed
blr_7550bd5f2b6d1904,6th Avenue,six avenue,6th Avenue,,mixed
blr_7550bd5f2b6d1904,6th Avenue,sixth avenue,6th Avenue,,mixed
blr_7550bd5f2b6d1904,6th Avenue,in 6th avenue,6th Avenue,,mixed
blr_7550bd5f2b6d1904,6th Avenue,near six avenue,6th Avenue,,mixed
blr_1a5a0dbe3ba6478d,9th Avenue,ninth avenue,9th Avenue,,mixed
blr_1a5a0dbe3ba6478d,9th Avenue,9th avenue,9th Avenue,,mixed
blr_1a5a0dbe3ba6478d,9th Avenue,nine avenue,9th Avenue,,mixed
blr_1a5a0dbe3ba6478d,9th Avenue,in ninth avenue,9th Avenue,,mixed
blr_1a5a0dbe3ba6478d,9th Avenue,near 9th avenue,9th Avenue,,mixed
blr_323cb128a581f91e,5th Avenue,fifth avenue,5th Avenue,,mixed
blr_323cb128a581f91e,5th Avenue,five avenue,5th Avenue,,mixed
blr_323cb128a581f91e,5th Avenue,5th avenue,5th Avenue,,mixed
blr_323cb128a581f91e,5th Avenue,in fifth avenue,5th Avenue,,mixed
blr_323cb128a581f91e,5th Avenue,near five avenue,5th Avenue,,mixed
blr_c0e1eb7d409d42cd,7th Avenue,seven avenue,7th Avenue,,mixed
blr_c0e1eb7d409d42cd,7th Avenue,seventh avenue,7th Avenue,,mixed
blr_c0e1eb7d409d42cd,7th Avenue,7th avenue,7th Avenue,,mixed
blr_c0e1eb7d409d42cd,7th Avenue,in seven avenue,7th Avenue,,mixed
blr_c0e1eb7d409d42cd,7th Avenue,near seventh avenue,7th Avenue,,mixed
blr_4017d0e70285650e,8th Avenue,8th avenue,8th Avenue,,mixed
blr_4017d0e70285650e,8th Avenue,eight avenue,8th Avenue,,mixed
blr_4017d0e70285650e,8th Avenue,eighth avenue,8th Avenue,,mixed
blr_4017d0e70285650e,8th Avenue,in 8th avenue,8th Avenue,,mixed
blr_4017d0e70285650e,8th Avenue,near eight avenue,8th Avenue,,mixed
blr_7d7fbbef3480fb1b,11th Avenue,11th avenue,11th Avenue,,mixed
blr_7d7fbbef3480fb1b,11th Avenue,in 11th avenue,11th Avenue,,mixed
blr_7d7fbbef3480fb1b,11th Avenue,near 11th avenue,11th Avenue,,mixed
blr_7d7fbbef3480fb1b,11th Avenue,around 11th avenue,11th Avenue,,mixed
blr_7d7fbbef3480fb1b,11th Avenue,11th avenue area,11th Avenue,,mixed
blr_ab5f5631d947764f,10th Avenue,tenth avenue,10th Avenue,,mixed
blr_ab5f5631d947764f,10th Avenue,10th avenue,10th Avenue,,mixed
blr_ab5f5631d947764f,10th Avenue,ten avenue,10th Avenue,,mixed
blr_ab5f5631d947764f,10th Avenue,in tenth avenue,10th Avenue,,mixed
blr_ab5f5631d947764f,10th Avenue,near 10th avenue,10th Avenue,,mixed
blr_a2dcb51cfb0b756b,14th Avenue,14th avenue,14th Avenue,,mixed
blr_a2dcb51cfb0b756b,14th Avenue,1four avenue,14th Avenue,,mixed
blr_a2dcb51cfb0b756b,14th Avenue,1fourth avenue,14th Avenue,,mixed
blr_a2dcb51cfb0b756b,14th Avenue,in 14th avenue,14th Avenue,,mixed
blr_a2dcb51cfb0b756b,14th Avenue,near 1four avenue,14th Avenue,,mixed
blr_be4c4351208cabf2,13th Avenue,13th avenue,13th Avenue,,mixed
blr_be4c4351208cabf2,13th Avenue,in 13th avenue,13th Avenue,,mixed
blr_be4c4351208cabf2,13th Avenue,near 13th avenue,13th Avenue,,mixed
blr_be4c4351208cabf2,13th Avenue,around 13th avenue,13th Avenue,,mixed
blr_be4c4351208cabf2,13th Avenue,13th avenue area,13th Avenue,,mixed
blr_8e9dfe95a89477e5,12th Avenue,12th avenue,12th Avenue,,mixed
blr_8e9dfe95a89477e5,12th Avenue,in 12th avenue,12th Avenue,,mixed
blr_8e9dfe95a89477e5,12th Avenue,near 12th avenue,12th Avenue,,mixed
blr_8e9dfe95a89477e5,12th Avenue,around 12th avenue,12th Avenue,,mixed
blr_8e9dfe95a89477e5,12th Avenue,12th avenue area,12th Avenue,,mixed
blr_46e7d0069a6686be,19th Avenue,1nine avenue,19th Avenue,,mixed
blr_46e7d0069a6686be,19th Avenue,1ninth avenue,19th Avenue,,mixed
blr_46e7d0069a6686be,19th Avenue,19th avenue,19th Avenue,,mixed
blr_46e7d0069a6686be,19th Avenue,in 1nine avenue,19th Avenue,,mixed
blr_46e7d0069a6686be,19th Avenue,near 1ninth avenue,19th Avenue,,mixed
blr_bda4f47077d50d55,Sri Ganesh PG Road,sri ganesh pg road,Sri Ganesh PG Road,,mixed
blr_bda4f47077d50d55,Sri Ganesh PG Road,in sri ganesh pg road,Sri Ganesh PG Road,,mixed
blr_bda4f47077d50d55,Sri Ganesh PG Road,near sri ganesh pg road,Sri Ganesh PG Road,,mixed
blr_bda4f47077d50d55,Sri Ganesh PG Road,around sri ganesh pg road,Sri Ganesh PG Road,,mixed
blr_bda4f47077d50d55,Sri Ganesh PG Road,sri ganesh pg road area,Sri Ganesh PG Road,,mixed
blr_8b6f7239a39ad4cd,4th Main Road BSK 5th Stage,four main road bsk 5th stage,4th Main Road BSK 5 Stage,,mixed
blr_8b6f7239a39ad4cd,4th Main Road BSK 5th Stage,4th main road bsk fifth stage,4th Main Road BSK 5 Stage,,mixed
blr_8b6f7239a39ad4cd,4th Main Road BSK 5th Stage,fourth main road bsk 5th stage,4th Main Road BSK 5 Stage,,mixed
blr_8b6f7239a39ad4cd,4th Main Road BSK 5th Stage,4th main road bsk 5th stage,4th Main Road BSK 5 Stage,,mixed
blr_8b6f7239a39ad4cd,4th Main Road BSK 5th Stage,4th main road bsk five stage,4th Main Road BSK 5 Stage,,mixed
blr_62cc870b714ba4da,9B Cross Devarakere,9b cross devarakere,9B Cross Devarakere,,mixed
blr_62cc870b714ba4da,9B Cross Devarakere,in 9b cross devarakere,9B Cross Devarakere,,mixed
blr_62cc870b714ba4da,9B Cross Devarakere,near 9b cross devarakere,9B Cross Devarakere,,mixed
blr_62cc870b714ba4da,9B Cross Devarakere,around 9b cross devarakere,9B Cross Devarakere,,mixed
blr_62cc870b714ba4da,9B Cross Devarakere,9b cross devarakere area,9B Cross Devarakere,,mixed
blr_dca435be73056c55,3rd Cross Road Bsk 5th Stage,three cross road bsk 5th stage,3rd Cross Road Bsk 5th Stage,,mixed
blr_dca435be73056c55,3rd Cross Road Bsk 5th Stage,3rd cross road bsk 5th stage,3rd Cross Road Bsk 5th Stage,,mixed
blr_dca435be73056c55,3rd Cross Road Bsk 5th Stage,3rd cross road bsk fifth stage,3rd Cross Road Bsk 5th Stage,,mixed
blr_dca435be73056c55,3rd Cross Road Bsk 5th Stage,3rd cross road bsk five stage,3rd Cross Road Bsk 5th Stage,,mixed
blr_dca435be73056c55,3rd Cross Road Bsk 5th Stage,third cross road bsk 5th stage,3rd Cross Road Bsk 5th Stage,,mixed
blr_bfc78ab7865fff04,SLS Serenity Apartments,sls serenity apartments,SLS Serenity Apartments,,mixed
blr_bfc78ab7865fff04,SLS Serenity Apartments,in sls serenity apartments,SLS Serenity Apartments,,mixed
blr_bfc78ab7865fff04,SLS Serenity Apartments,near sls serenity apartments,SLS Serenity Apartments,,mixed
blr_bfc78ab7865fff04,SLS Serenity Apartments,around sls serenity apartments,SLS Serenity Apartments,,mixed
blr_bfc78ab7865fff04,SLS Serenity Apartments,sls serenity apartments area,SLS Serenity Apartments,,mixed
blr_86f4d025db2e0360,BVL Serene Apartments,bvl serene apartments,BVL Serene Apartments,,mixed
blr_86f4d025db2e0360,BVL Serene Apartments,in bvl serene apartments,BVL Serene Apartments,,mixed
blr_86f4d025db2e0360,BVL Serene Apartments,near bvl serene apartments,BVL Serene Apartments,,mixed
blr_86f4d025db2e0360,BVL Serene Apartments,around bvl serene apartments,BVL Serene Apartments,,mixed
blr_86f4d025db2e0360,BVL Serene Apartments,bvl serene apartments area,BVL Serene Apartments,,mixed
blr_e21101fadf05dfec,SJR Watermark,sjr watermark,SJR Watermark,,mixed
blr_e21101fadf05dfec,SJR Watermark,in sjr watermark,SJR Watermark,,mixed
blr_e21101fadf05dfec,SJR Watermark,near sjr watermark,SJR Watermark,,mixed
blr_e21101fadf05dfec,SJR Watermark,around sjr watermark,SJR Watermark,,mixed
blr_e21101fadf05dfec,SJR Watermark,sjr watermark area,SJR Watermark,,mixed
blr_2ebe125b194472f5,NR Colony Main Road,nr colony main road,NR Colony Main Road,,mixed
blr_2ebe125b194472f5,NR Colony Main Road,in nr colony main road,NR Colony Main Road,,mixed
blr_2ebe125b194472f5,NR Colony Main Road,near nr colony main road,NR Colony Main Road,,mixed
blr_2ebe125b194472f5,NR Colony Main Road,around nr colony main road,NR Colony Main Road,,mixed
blr_2ebe125b194472f5,NR Colony Main Road,nr colony main road area,NR Colony Main Road,,mixed
blr_e5231e9c39af919e,49th Main Road,4nine main road,49th Main Road,,mixed
blr_e5231e9c39af919e,49th Main Road,49th main road,49th Main Road,,mixed
blr_e5231e9c39af919e,49th Main Road,4ninth main road,49th Main Road,,mixed
blr_e5231e9c39af919e,49th Main Road,in 4nine main road,49th Main Road,,mixed
blr_e5231e9c39af919e,49th Main Road,near 49th main road,49th Main Road,,mixed
blr_015ee9a81399d961,69th Main Road,69th main road,69th Main Road,,mixed
blr_015ee9a81399d961,69th Main Road,6ninth main road,69th Main Road,,mixed
blr_015ee9a81399d961,69th Main Road,6nine main road,69th Main Road,,mixed
blr_015ee9a81399d961,69th Main Road,in 69th main road,69th Main Road,,mixed
blr_015ee9a81399d961,69th Main Road,near 6ninth main road,69th Main Road,,mixed
blr_2933c6c212373c06,HM World City,hm world city,HM World City,,mixed
blr_2933c6c212373c06,HM World City,in hm world city,HM World City,,mixed
blr_2933c6c212373c06,HM World City,near hm world city,HM World City,,mixed
blr_2933c6c212373c06,HM World City,around hm world city,HM World City,,mixed
blr_2933c6c212373c06,HM World City,hm world city area,HM World City,,mixed
blr_6d2431151dd3aa5f,kothanur Main Road,kothanur main road,kothanur Main Road,,mixed
blr_6d2431151dd3aa5f,kothanur Main Road,in kothanur main road,kothanur Main Road,,mixed
blr_6d2431151dd3aa5f,kothanur Main Road,near kothanur main road,kothanur Main Road,,mixed
blr_6d2431151dd3aa5f,kothanur Main Road,around kothanur main road,kothanur Main Road,,mixed
blr_6d2431151dd3aa5f,kothanur Main Road,kothanur main road area,kothanur Main Road,,mixed
blr_ce27612b20a9393b,50th Main Road,50th main road,50th Main Road,,mixed
blr_ce27612b20a9393b,50th Main Road,in 50th main road,50th Main Road,,mixed
blr_ce27612b20a9393b,50th Main Road,near 50th main road,50th Main Road,,mixed
blr_ce27612b20a9393b,50th Main Road,around 50th main road,50th Main Road,,mixed
blr_ce27612b20a9393b,50th Main Road,50th main road area,50th Main Road,,mixed
blr_296f3ca899f9f188,52nd Main Road,5two main road,52nd Main Road,,mixed
blr_296f3ca899f9f188,52nd Main Road,52nd main road,52nd Main Road,,mixed
blr_296f3ca899f9f188,52nd Main Road,5second main road,52nd Main Road,,mixed
blr_296f3ca899f9f188,52nd Main Road,in 5two main road,52nd Main Road,,mixed
blr_296f3ca899f9f188,52nd Main Road,near 52nd main road,52nd Main Road,,mixed
blr_a33a96193755f521,2nd Cross Road BSK 5th Stage,2nd cross road bsk five stage,2nd Cross Road BSK 5th Stage,,mixed
blr_a33a96193755f521,2nd Cross Road BSK 5th Stage,2nd cross road bsk 5th stage,2nd Cross Road BSK 5th Stage,,mixed
blr_a33a96193755f521,2nd Cross Road BSK 5th Stage,second cross road bsk 5th stage,2nd Cross Road BSK 5th Stage,,mixed
blr_a33a96193755f521,2nd Cross Road BSK 5th Stage,2nd cross road bsk fifth stage,2nd Cross Road BSK 5th Stage,,mixed
blr_a33a96193755f521,2nd Cross Road BSK 5th Stage,two cross road bsk 5th stage,2nd Cross Road BSK 5th Stage,,mixed
blr_f5952382e5449ab4,51st Main Road,51st main road,51st Main Road,,mixed
blr_f5952382e5449ab4,51st Main Road,in 51st main road,51st Main Road,,mixed
blr_f5952382e5449ab4,51st Main Road,near 51st main road,51st Main Road,,mixed
blr_f5952382e5449ab4,51st Main Road,around 51st main road,51st Main Road,,mixed
blr_f5952382e5449ab4,51st Main Road,51st main road area,51st Main Road,,mixed
blr_439d66bddbc39e96,53rd Main Road,5three main road,53rd Main Road,,mixed
blr_439d66bddbc39e96,53rd Main Road,5third main road,53rd Main Road,,mixed
blr_439d66bddbc39e96,53rd Main Road,53rd main road,53rd Main Road,,mixed
blr_439d66bddbc39e96,53rd Main Road,in 5three main road,53rd Main Road,,mixed
blr_439d66bddbc39e96,53rd Main Road,near 5third main road,53rd Main Road,,mixed
blr_594910d666ec2a6d,BTS Main Road,bts main road,BTS Main Road,,mixed
blr_594910d666ec2a6d,BTS Main Road,in bts main road,BTS Main Road,,mixed
blr_594910d666ec2a6d,BTS Main Road,near bts main road,BTS Main Road,,mixed
blr_594910d666ec2a6d,BTS Main Road,around bts main road,BTS Main Road,,mixed
blr_594910d666ec2a6d,BTS Main Road,bts main road area,BTS Main Road,,mixed
blr_cf3316ce1eea56e7,1st Main Mico Layout,1st main mico layout,1st Main Mico Layout,,mixed
blr_cf3316ce1eea56e7,1st Main Mico Layout,in 1st main mico layout,1st Main Mico Layout,,mixed
blr_cf3316ce1eea56e7,1st Main Mico Layout,near 1st main mico layout,1st Main Mico Layout,,mixed
blr_cf3316ce1eea56e7,1st Main Mico Layout,around 1st main mico layout,1st Main Mico Layout,,mixed
blr_cf3316ce1eea56e7,1st Main Mico Layout,1st main mico layout area,1st Main Mico Layout,,mixed
blr_b0aedf96dee2b8b5,M Viswesvaraya Road,m viswesvaraya road,M Viswesvaraya Road,,mixed
blr_b0aedf96dee2b8b5,M Viswesvaraya Road,in m viswesvaraya road,M Viswesvaraya Road,,mixed
blr_b0aedf96dee2b8b5,M Viswesvaraya Road,near m viswesvaraya road,M Viswesvaraya Road,,mixed
blr_b0aedf96dee2b8b5,M Viswesvaraya Road,around m viswesvaraya road,M Viswesvaraya Road,,mixed
blr_b0aedf96dee2b8b5,M Viswesvaraya Road,m viswesvaraya road area,M Viswesvaraya Road,,mixed
blr_6526b8454ddfd528,Nandi Gardens Apartments (Phase-1),nandi gardens apartments phase1,Nandi Gardens Apartments (Phase-1),,mixed
blr_6526b8454ddfd528,Nandi Gardens Apartments (Phase-1),in nandi gardens apartments phase1,Nandi Gardens Apartments (Phase-1),,mixed
blr_6526b8454ddfd528,Nandi Gardens Apartments (Phase-1),near nandi gardens apartments phase1,Nandi Gardens Apartments (Phase-1),,mixed
blr_6526b8454ddfd528,Nandi Gardens Apartments (Phase-1),around nandi gardens apartments phase1,Nandi Gardens Apartments (Phase-1),,mixed
blr_6526b8454ddfd528,Nandi Gardens Apartments (Phase-1),nandi gardens apartments phase1 area,Nandi Gardens Apartments (Phase-1),,mixed
blr_59893d101cb7cf59,Nandi Garden Apartments (Phase-2),nandi garden apartments phase2,Nandi Garden Apartments (Phase-2),,mixed
blr_59893d101cb7cf59,Nandi Garden Apartments (Phase-2),in nandi garden apartments phase2,Nandi Garden Apartments (Phase-2),,mixed
blr_59893d101cb7cf59,Nandi Garden Apartments (Phase-2),near nandi garden apartments phase2,Nandi Garden Apartments (Phase-2),,mixed
blr_59893d101cb7cf59,Nandi Garden Apartments (Phase-2),around nandi garden apartments phase2,Nandi Garden Apartments (Phase-2),,mixed
blr_59893d101cb7cf59,Nandi Garden Apartments (Phase-2),nandi garden apartments phase2 area,Nandi Garden Apartments (Phase-2),,mixed
blr_d406a2cfe48f2aa5,IMG Elite Apartments,img elite apartments,IMG Elite Apartments,,mixed
blr_d406a2cfe48f2aa5,IMG Elite Apartments,in img elite apartments,IMG Elite Apartments,,mixed
blr_d406a2cfe48f2aa5,IMG Elite Apartments,near img elite apartments,IMG Elite Apartments,,mixed
blr_d406a2cfe48f2aa5,IMG Elite Apartments,around img elite apartments,IMG Elite Apartments,,mixed
blr_d406a2cfe48f2aa5,IMG Elite Apartments,img elite apartments area,IMG Elite Apartments,,mixed
blr_84cf06a07c0b85ac,SJR Spencer,sjr spencer,SJR Spencer,,mixed
blr_84cf06a07c0b85ac,SJR Spencer,in sjr spencer,SJR Spencer,,mixed
blr_84cf06a07c0b85ac,SJR Spencer,near sjr spencer,SJR Spencer,,mixed
blr_84cf06a07c0b85ac,SJR Spencer,around sjr spencer,SJR Spencer,,mixed
blr_84cf06a07c0b85ac,SJR Spencer,sjr spencer area,SJR Spencer,,mixed
blr_cf3bc3ed8b10003e,10th B Cross,tenth b cross,10 B Cross,,mixed
blr_cf3bc3ed8b10003e,10th B Cross,10th b cross,10 B Cross,,mixed
blr_cf3bc3ed8b10003e,10th B Cross,ten b cross,10 B Cross,,mixed
blr_cf3bc3ed8b10003e,10th B Cross,in tenth b cross,10 B Cross,,mixed
blr_cf3bc3ed8b10003e,10th B Cross,near 10th b cross,10 B Cross,,mixed
blr_fd683656f83e0006,5th Cross,5th cross,5th Cross,,mixed
blr_fd683656f83e0006,5th Cross,five cross,5th Cross,,mixed
blr_fd683656f83e0006,5th Cross,fifth cross,5th Cross,,mixed
blr_fd683656f83e0006,5th Cross,in 5th cross,5th Cross,,mixed
blr_fd683656f83e0006,5th Cross,near five cross,5th Cross,,mixed
blr_47f2db7143a184ef,Ramesh Nagar 1st Main Road,ramesh nagar 1st main road,Ramesh Nagar 1st Main Road,,mixed
blr_47f2db7143a184ef,Ramesh Nagar 1st Main Road,in ramesh nagar 1st main road,Ramesh Nagar 1st Main Road,,mixed
blr_47f2db7143a184ef,Ramesh Nagar 1st Main Road,near ramesh nagar 1st main road,Ramesh Nagar 1st Main Road,,mixed
blr_47f2db7143a184ef,Ramesh Nagar 1st Main Road,around ramesh nagar 1st main road,Ramesh Nagar 1st Main Road,,mixed
blr_47f2db7143a184ef,Ramesh Nagar 1st Main Road,ramesh nagar 1st main road area,Ramesh Nagar 1st Main Road,,mixed
blr_7a8d52698f235576,Boothiah Lane 3rd Cross,boothiah lane 3rd cross,Boothiah Lane 3rd Cross,,mixed
blr_7a8d52698f235576,Boothiah Lane 3rd Cross,boothiah lane three cross,Boothiah Lane 3rd Cross,,mixed
blr_7a8d52698f235576,Boothiah Lane 3rd Cross,boothiah lane third cross,Boothiah Lane 3rd Cross,,mixed
blr_7a8d52698f235576,Boothiah Lane 3rd Cross,in boothiah lane 3rd cross,Boothiah Lane 3rd Cross,,mixed
blr_7a8d52698f235576,Boothiah Lane 3rd Cross,near boothiah lane three cross,Boothiah Lane 3rd Cross,,mixed
blr_907541b1c00513bf,7th A Main,7th a main,7th A Main,,mixed
blr_907541b1c00513bf,7th A Main,seventh a main,7th A Main,,mixed
blr_907541b1c00513bf,7th A Main,seven a main,7th A Main,,mixed
blr_907541b1c00513bf,7th A Main,in 7th a main,7th A Main,,mixed
blr_907541b1c00513bf,7th A Main,near seventh a main,7th A Main,,mixed
blr_6fd30f41005945a5,Karnataka State Reserve Police 9th Battalion,karnataka state reserve police ninth battalion,Karnataka State Reserve Police 9th Battalion,,mixed
blr_6fd30f41005945a5,Karnataka State Reserve Police 9th Battalion,karnataka state reserve police nine battalion,Karnataka State Reserve Police 9th Battalion,,mixed
blr_6fd30f41005945a5,Karnataka State Reserve Police 9th Battalion,karnataka state reserve police 9th battalion,Karnataka State Reserve Police 9th Battalion,,mixed
blr_6fd30f41005945a5,Karnataka State Reserve Police 9th Battalion,in karnataka state reserve police ninth battalion,Karnataka State Reserve Police 9th Battalion,,mixed
blr_6fd30f41005945a5,Karnataka State Reserve Police 9th Battalion,near karnataka state reserve police nine battalion,Karnataka State Reserve Police 9th Battalion,,mixed
blr_fd80b8f96f7aa897,10th Cross,ten cross,10th Cross,,mixed
blr_fd80b8f96f7aa897,10th Cross,tenth cross,10th Cross,,mixed
blr_fd80b8f96f7aa897,10th Cross,10th cross,10th Cross,,mixed
blr_fd80b8f96f7aa897,10th Cross,in ten cross,10th Cross,,mixed
blr_fd80b8f96f7aa897,10th Cross,near tenth cross,10th Cross,,mixed
blr_86cd5c83e0af6ba5,E Cross Road,e cross road,E Cross Road,,mixed
blr_86cd5c83e0af6ba5,E Cross Road,in e cross road,E Cross Road,,mixed
blr_86cd5c83e0af6ba5,E Cross Road,near e cross road,E Cross Road,,mixed
blr_86cd5c83e0af6ba5,E Cross Road,around e cross road,E Cross Road,,mixed
blr_86cd5c83e0af6ba5,E Cross Road,e cross road area,E Cross Road,,mixed
blr_686d4e5951761412,1st Main 3rd Cross,1st main third cross,1st Main 3rd Cross,,mixed
blr_686d4e5951761412,1st Main 3rd Cross,1st main three cross,1st Main 3rd Cross,,mixed
blr_686d4e5951761412,1st Main 3rd Cross,1st main 3rd cross,1st Main 3rd Cross,,mixed
blr_686d4e5951761412,1st Main 3rd Cross,in 1st main third cross,1st Main 3rd Cross,,mixed
blr_686d4e5951761412,1st Main 3rd Cross,near 1st main three cross,1st Main 3rd Cross,,mixed
blr_af192f8cad4b9611,D Cross Road,d cross road,D Cross Road,,mixed
blr_af192f8cad4b9611,D Cross Road,in d cross road,D Cross Road,,mixed
blr_af192f8cad4b9611,D Cross Road,near d cross road,D Cross Road,,mixed
blr_af192f8cad4b9611,D Cross Road,around d cross road,D Cross Road,,mixed
blr_af192f8cad4b9611,D Cross Road,d cross road area,D Cross Road,,mixed
blr_bfece13d77d9a263,4th Road,4th road,4th Road,,mixed
blr_bfece13d77d9a263,4th Road,four road,4th Road,,mixed
blr_bfece13d77d9a263,4th Road,fourth road,4th Road,,mixed
blr_bfece13d77d9a263,4th Road,in 4th road,4th Road,,mixed
blr_bfece13d77d9a263,4th Road,near four road,4th Road,,mixed
blr_fd9419ad83923be7,MCECHS Layout Main Road,mcechs layout main road,MCECHS Layout Main Road,,mixed
blr_fd9419ad83923be7,MCECHS Layout Main Road,in mcechs layout main road,MCECHS Layout Main Road,,mixed
blr_fd9419ad83923be7,MCECHS Layout Main Road,near mcechs layout main road,MCECHS Layout Main Road,,mixed
blr_fd9419ad83923be7,MCECHS Layout Main Road,around mcechs layout main road,MCECHS Layout Main Road,,mixed
blr_fd9419ad83923be7,MCECHS Layout Main Road,mcechs layout main road area,MCECHS Layout Main Road,,mixed
blr_fc557da260dd70fb,1st A Cross BEL 6th Block Road,1st a cross bel 6th block road,1 A Cross BEL 6th Block Road,,mixed
blr_fc557da260dd70fb,1st A Cross BEL 6th Block Road,1st a cross bel sixth block road,1 A Cross BEL 6th Block Road,,mixed
blr_fc557da260dd70fb,1st A Cross BEL 6th Block Road,1st a cross bel six block road,1 A Cross BEL 6th Block Road,,mixed
blr_fc557da260dd70fb,1st A Cross BEL 6th Block Road,in 1st a cross bel 6th block road,1 A Cross BEL 6th Block Road,,mixed
blr_fc557da260dd70fb,1st A Cross BEL 6th Block Road,near 1st a cross bel sixth block road,1 A Cross BEL 6th Block Road,,mixed
blr_7498c0f4fa224078,3rd Road,third road,3rd Road,,mixed
blr_7498c0f4fa224078,3rd Road,three road,3rd Road,,mixed
blr_7498c0f4fa224078,3rd Road,3rd road,3rd Road,,mixed
blr_7498c0f4fa224078,3rd Road,in third road,3rd Road,,mixed
blr_7498c0f4fa224078,3rd Road,near three road,3rd Road,,mixed
blr_7a30933d9e18e0c6,HAL Employees Quarters,hal employees quarters,HAL Employees Quarters,,mixed
blr_7a30933d9e18e0c6,HAL Employees Quarters,in hal employees quarters,HAL Employees Quarters,,mixed
blr_7a30933d9e18e0c6,HAL Employees Quarters,near hal employees quarters,HAL Employees Quarters,,mixed
blr_7a30933d9e18e0c6,HAL Employees Quarters,around hal employees quarters,HAL Employees Quarters,,mixed
blr_7a30933d9e18e0c6,HAL Employees Quarters,hal employees quarters area,HAL Employees Quarters,,mixed
blr_8dfa1211472d7051,19th C Cross,1ninth c cross,19th C Cross,,mixed
blr_8dfa1211472d7051,19th C Cross,19th c cross,19th C Cross,,mixed
blr_8dfa1211472d7051,19th C Cross,1nine c cross,19th C Cross,,mixed
blr_8dfa1211472d7051,19th C Cross,in 1ninth c cross,19th C Cross,,mixed
blr_8dfa1211472d7051,19th C Cross,near 19th c cross,19th C Cross,,mixed
blr_801c5576e365a0e6,19th D Cross Road,19th d cross road,19th D Cross Road,,mixed
blr_801c5576e365a0e6,19th D Cross Road,1ninth d cross road,19th D Cross Road,,mixed
blr_801c5576e365a0e6,19th D Cross Road,1nine d cross road,19th D Cross Road,,mixed
blr_801c5576e365a0e6,19th D Cross Road,in 19th d cross road,19th D Cross Road,,mixed
blr_801c5576e365a0e6,19th D Cross Road,near 1ninth d cross road,19th D Cross Road,,mixed
blr_1a68bc0180f6f1a7,2nd Cross Street,second cross street,2nd Cross Street,,mixed
blr_1a68bc0180f6f1a7,2nd Cross Street,two cross street,2nd Cross Street,,mixed
blr_1a68bc0180f6f1a7,2nd Cross Street,2nd cross street,2nd Cross Street,,mixed
blr_1a68bc0180f6f1a7,2nd Cross Street,in second cross street,2nd Cross Street,,mixed
blr_1a68bc0180f6f1a7,2nd Cross Street,near two cross street,2nd Cross Street,,mixed
blr_e44bdd729fd8eedb,"4th Cross, Balaji Nagar",fourth cross balaji nagar,"4th Cross, Balaji Nagar",,mixed
blr_e44bdd729fd8eedb,"4th Cross, Balaji Nagar",4th cross balaji nagar,"4th Cross, Balaji Nagar",,mixed
blr_e44bdd729fd8eedb,"4th Cross, Balaji Nagar",four cross balaji nagar,"4th Cross, Balaji Nagar",,mixed
blr_e44bdd729fd8eedb,"4th Cross, Balaji Nagar",in fourth cross balaji nagar,"4th Cross, Balaji Nagar",,mixed
blr_e44bdd729fd8eedb,"4th Cross, Balaji Nagar",near 4th cross balaji nagar,"4th Cross, Balaji Nagar",,mixed
blr_4ec2e6831cc2efe2,Lane 11,lane 11,Lane 11,,mixed
blr_4ec2e6831cc2efe2,Lane 11,in lane 11,Lane 11,,mixed
blr_4ec2e6831cc2efe2,Lane 11,near lane 11,Lane 11,,mixed
blr_4ec2e6831cc2efe2,Lane 11,around lane 11,Lane 11,,mixed
blr_4ec2e6831cc2efe2,Lane 11,lane 11 area,Lane 11,,mixed
blr_e5fc79c9f28d35c3,Lane 1st,lane 1st,Lane 1,,mixed
blr_e5fc79c9f28d35c3,Lane 1st,in lane 1st,Lane 1,,mixed
blr_e5fc79c9f28d35c3,Lane 1st,near lane 1st,Lane 1,,mixed
blr_e5fc79c9f28d35c3,Lane 1st,around lane 1st,Lane 1,,mixed
blr_e5fc79c9f28d35c3,Lane 1st,lane 1st area,Lane 1,,mixed
blr_cd9d01c767413a5a,Lane 6th,lane 6th,Lane 6,,mixed
blr_cd9d01c767413a5a,Lane 6th,lane sixth,Lane 6,,mixed
blr_cd9d01c767413a5a,Lane 6th,lane six,Lane 6,,mixed
blr_cd9d01c767413a5a,Lane 6th,in lane 6th,Lane 6,,mixed
blr_cd9d01c767413a5a,Lane 6th,near lane sixth,Lane 6,,mixed
blr_62e5c5e827bce770,Lane 5th,lane 5th,Lane 5,,mixed
blr_62e5c5e827bce770,Lane 5th,lane five,Lane 5,,mixed
blr_62e5c5e827bce770,Lane 5th,lane fifth,Lane 5,,mixed
blr_62e5c5e827bce770,Lane 5th,in lane 5th,Lane 5,,mixed
blr_62e5c5e827bce770,Lane 5th,near lane five,Lane 5,,mixed
blr_d722954b284e3992,Lane 9th,lane nine,Lane 9,,mixed
blr_d722954b284e3992,Lane 9th,lane 9th,Lane 9,,mixed
blr_d722954b284e3992,Lane 9th,lane ninth,Lane 9,,mixed
blr_d722954b284e3992,Lane 9th,in lane nine,Lane 9,,mixed
blr_d722954b284e3992,Lane 9th,near lane 9th,Lane 9,,mixed
blr_7843c68f0030d417,Lane 2nd,lane 2nd,Lane 2,,mixed
blr_7843c68f0030d417,Lane 2nd,lane two,Lane 2,,mixed
blr_7843c68f0030d417,Lane 2nd,lane second,Lane 2,,mixed
blr_7843c68f0030d417,Lane 2nd,in lane 2nd,Lane 2,,mixed
blr_7843c68f0030d417,Lane 2nd,near lane two,Lane 2,,mixed
blr_6565c803b6f3860c,Lane 8th,lane eighth,Lane 8,,mixed
blr_6565c803b6f3860c,Lane 8th,lane eight,Lane 8,,mixed
blr_6565c803b6f3860c,Lane 8th,lane 8th,Lane 8,,mixed
blr_6565c803b6f3860c,Lane 8th,in lane eighth,Lane 8,,mixed
blr_6565c803b6f3860c,Lane 8th,near lane eight,Lane 8,,mixed
blr_93c8cb67ad133101,Lane 7th,lane 7th,Lane 7,,mixed
blr_93c8cb67ad133101,Lane 7th,lane seventh,Lane 7,,mixed
blr_93c8cb67ad133101,Lane 7th,lane seven,Lane 7,,mixed
blr_93c8cb67ad133101,Lane 7th,in lane 7th,Lane 7,,mixed
blr_93c8cb67ad133101,Lane 7th,near lane seventh,Lane 7,,mixed
blr_c2af567faae9dd3a,Lane 10th,lane ten,Lane 10,,mixed
blr_c2af567faae9dd3a,Lane 10th,lane tenth,Lane 10,,mixed
blr_c2af567faae9dd3a,Lane 10th,lane 10th,Lane 10,,mixed
blr_c2af567faae9dd3a,Lane 10th,in lane ten,Lane 10,,mixed
blr_c2af567faae9dd3a,Lane 10th,near lane tenth,Lane 10,,mixed
blr_590a7a04462418f7,Lane 3rd,lane third,Lane 3,,mixed
blr_590a7a04462418f7,Lane 3rd,lane 3rd,Lane 3,,mixed
blr_590a7a04462418f7,Lane 3rd,lane three,Lane 3,,mixed
blr_590a7a04462418f7,Lane 3rd,in lane third,Lane 3,,mixed
blr_590a7a04462418f7,Lane 3rd,near lane 3rd,Lane 3,,mixed
blr_bf770127860839b7,Lane 4th,lane fourth,Lane 4,,mixed
blr_bf770127860839b7,Lane 4th,lane 4th,Lane 4,,mixed
blr_bf770127860839b7,Lane 4th,lane four,Lane 4,,mixed
blr_bf770127860839b7,Lane 4th,in lane fourth,Lane 4,,mixed
blr_bf770127860839b7,Lane 4th,near lane 4th,Lane 4,,mixed
blr_15f3d7a0f8886d6c,SLV Temple Road,slv temple road,SLV Temple Road,,mixed
blr_15f3d7a0f8886d6c,SLV Temple Road,in slv temple road,SLV Temple Road,,mixed
blr_15f3d7a0f8886d6c,SLV Temple Road,near slv temple road,SLV Temple Road,,mixed
blr_15f3d7a0f8886d6c,SLV Temple Road,around slv temple road,SLV Temple Road,,mixed
blr_15f3d7a0f8886d6c,SLV Temple Road,slv temple road area,SLV Temple Road,,mixed
blr_569e55397ac0e5c3,8th A Cross,eighth a cross,8th A Cross,,mixed
blr_569e55397ac0e5c3,8th A Cross,8th a cross,8th A Cross,,mixed
blr_569e55397ac0e5c3,8th A Cross,eight a cross,8th A Cross,,mixed
blr_569e55397ac0e5c3,8th A Cross,in eighth a cross,8th A Cross,,mixed
blr_569e55397ac0e5c3,8th A Cross,near 8th a cross,8th A Cross,,mixed
blr_504da8c6306c188a,16th C Main,16th c main,16th C Main,,mixed
blr_504da8c6306c188a,16th C Main,1sixth c main,16th C Main,,mixed
blr_504da8c6306c188a,16th C Main,1six c main,16th C Main,,mixed
blr_504da8c6306c188a,16th C Main,in 16th c main,16th C Main,,mixed
blr_504da8c6306c188a,16th C Main,near 1sixth c main,16th C Main,,mixed
blr_23e63470c5e4ffa0,13th D Main,13th d main,13th D Main,,mixed
blr_23e63470c5e4ffa0,13th D Main,in 13th d main,13th D Main,,mixed
blr_23e63470c5e4ffa0,13th D Main,near 13th d main,13th D Main,,mixed
blr_23e63470c5e4ffa0,13th D Main,around 13th d main,13th D Main,,mixed
blr_23e63470c5e4ffa0,13th D Main,13th d main area,13th D Main,,mixed
blr_b24e6aa2d2d232d4,BDA Flats,bda flats,BDA Flats,,mixed
blr_b24e6aa2d2d232d4,BDA Flats,in bda flats,BDA Flats,,mixed
blr_b24e6aa2d2d232d4,BDA Flats,near bda flats,BDA Flats,,mixed
blr_b24e6aa2d2d232d4,BDA Flats,around bda flats,BDA Flats,,mixed
blr_b24e6aa2d2d232d4,BDA Flats,bda flats area,BDA Flats,,mixed
blr_f0ebf1d8bd80b161,13th E Main,13th e main,13th E Main,,mixed
blr_f0ebf1d8bd80b161,13th E Main,in 13th e main,13th E Main,,mixed
blr_f0ebf1d8bd80b161,13th E Main,near 13th e main,13th E Main,,mixed
blr_f0ebf1d8bd80b161,13th E Main,around 13th e main,13th E Main,,mixed
blr_f0ebf1d8bd80b161,13th E Main,13th e main area,13th E Main,,mixed
blr_d4f54aed4aaf4e2d,13th F Main,13th f main,13th F Main,,mixed
blr_d4f54aed4aaf4e2d,13th F Main,in 13th f main,13th F Main,,mixed
blr_d4f54aed4aaf4e2d,13th F Main,near 13th f main,13th F Main,,mixed
blr_d4f54aed4aaf4e2d,13th F Main,around 13th f main,13th F Main,,mixed
blr_d4f54aed4aaf4e2d,13th F Main,13th f main area,13th F Main,,mixed
blr_94d1b2360612458e,13th G Main,13th g main,13th G Main,,mixed
blr_94d1b2360612458e,13th G Main,in 13th g main,13th G Main,,mixed
blr_94d1b2360612458e,13th G Main,near 13th g main,13th G Main,,mixed
blr_94d1b2360612458e,13th G Main,around 13th g main,13th G Main,,mixed
blr_94d1b2360612458e,13th G Main,13th g main area,13th G Main,,mixed
blr_46e22d029b40045b,CPWD Complex,cpwd complex,CPWD Complex,,mixed
blr_46e22d029b40045b,CPWD Complex,in cpwd complex,CPWD Complex,,mixed
blr_46e22d029b40045b,CPWD Complex,near cpwd complex,CPWD Complex,,mixed
blr_46e22d029b40045b,CPWD Complex,around cpwd complex,CPWD Complex,,mixed
blr_46e22d029b40045b,CPWD Complex,cpwd complex area,CPWD Complex,,mixed
blr_4f5cffbe0f46b22c,Presige LakeVista,presige lakevista,Presige LakeVista,,mixed
blr_4f5cffbe0f46b22c,Presige LakeVista,in presige lakevista,Presige LakeVista,,mixed
blr_4f5cffbe0f46b22c,Presige LakeVista,near presige lakevista,Presige LakeVista,,mixed
blr_4f5cffbe0f46b22c,Presige LakeVista,around presige lakevista,Presige LakeVista,,mixed
blr_4f5cffbe0f46b22c,Presige LakeVista,presige lakevista area,Presige LakeVista,,mixed
blr_0f3b2568adb23d51,"7th main, 2nd stage, Basaveshwaranagar, Bangalore",seventh main 2nd stage basaveshwaranagar bangalore,"7th main, 2nd stage, Basaveshwaranagar, Bangalore",,mixed
blr_0f3b2568adb23d51,"7th main, 2nd stage, Basaveshwaranagar, Bangalore",7th main 2nd stage basaveshwaranagar bangalore,"7th main, 2nd stage, Basaveshwaranagar, Bangalore",,mixed
blr_0f3b2568adb23d51,"7th main, 2nd stage, Basaveshwaranagar, Bangalore",seven main 2nd stage basaveshwaranagar bangalore,"7th main, 2nd stage, Basaveshwaranagar, Bangalore",,mixed
blr_0f3b2568adb23d51,"7th main, 2nd stage, Basaveshwaranagar, Bangalore",7th main second stage basaveshwaranagar bangalore,"7th main, 2nd stage, Basaveshwaranagar, Bangalore",,mixed
blr_0f3b2568adb23d51,"7th main, 2nd stage, Basaveshwaranagar, Bangalore",7th main two stage basaveshwaranagar bangalore,"7th main, 2nd stage, Basaveshwaranagar, Bangalore",,mixed
blr_0453e83c09bc449e,"6th Cross, 2nd Stage, Basaveshwaranagar",6th cross two stage basaveshwaranagar,"6th Cross, 2nd Stage, Basaveshwaranagar",,mixed
blr_0453e83c09bc449e,"6th Cross, 2nd Stage, Basaveshwaranagar",6th cross 2nd stage basaveshwaranagar,"6th Cross, 2nd Stage, Basaveshwaranagar",,mixed
blr_0453e83c09bc449e,"6th Cross, 2nd Stage, Basaveshwaranagar",sixth cross 2nd stage basaveshwaranagar,"6th Cross, 2nd Stage, Basaveshwaranagar",,mixed
blr_0453e83c09bc449e,"6th Cross, 2nd Stage, Basaveshwaranagar",six cross 2nd stage basaveshwaranagar,"6th Cross, 2nd Stage, Basaveshwaranagar",,mixed
blr_0453e83c09bc449e,"6th Cross, 2nd Stage, Basaveshwaranagar",6th cross second stage basaveshwaranagar,"6th Cross, 2nd Stage, Basaveshwaranagar",,mixed
blr_01b27e0924990484,17th C Cross Road,1seven c cross road,17th C Cross Road,,mixed
blr_01b27e0924990484,17th C Cross Road,1seventh c cross road,17th C Cross Road,,mixed
blr_01b27e0924990484,17th C Cross Road,17th c cross road,17th C Cross Road,,mixed
blr_01b27e0924990484,17th C Cross Road,in 1seven c cross road,17th C Cross Road,,mixed
blr_01b27e0924990484,17th C Cross Road,near 1seventh c cross road,17th C Cross Road,,mixed
blr_312306283573325b,7th D Main Road,7th d main road,7th D Main Road,,mixed
blr_312306283573325b,7th D Main Road,seven d main road,7th D Main Road,,mixed
blr_312306283573325b,7th D Main Road,seventh d main road,7th D Main Road,,mixed
blr_312306283573325b,7th D Main Road,in 7th d main road,7th D Main Road,,mixed
blr_312306283573325b,7th D Main Road,near seven d main road,7th D Main Road,,mixed
blr_33a0222e90374784,C T Street,c t street,C T Street,,mixed
blr_33a0222e90374784,C T Street,in c t street,C T Street,,mixed
blr_33a0222e90374784,C T Street,near c t street,C T Street,,mixed
blr_33a0222e90374784,C T Street,around c t street,C T Street,,mixed
blr_33a0222e90374784,C T Street,c t street area,C T Street,,mixed
blr_cc2a4bda3c90b08d,2nd Cross Rd,two cross rd,2nd Cross Rd,,mixed
blr_cc2a4bda3c90b08d,2nd Cross Rd,2nd cross rd,2nd Cross Rd,,mixed
blr_cc2a4bda3c90b08d,2nd Cross Rd,second cross rd,2nd Cross Rd,,mixed
blr_cc2a4bda3c90b08d,2nd Cross Rd,in two cross rd,2nd Cross Rd,,mixed
blr_cc2a4bda3c90b08d,2nd Cross Rd,near 2nd cross rd,2nd Cross Rd,,mixed
blr_2ca16de45596c8b6,5th Main,five main,5th Main,,mixed
blr_2ca16de45596c8b6,5th Main,5th main,5th Main,,mixed
blr_2ca16de45596c8b6,5th Main,fifth main,5th Main,,mixed
blr_2ca16de45596c8b6,5th Main,in five main,5th Main,,mixed
blr_2ca16de45596c8b6,5th Main,near 5th main,5th Main,,mixed
blr_9ffe83e4ad544478,D Rajgopal Road,d rajgopal road,D Rajgopal Road,,mixed
blr_9ffe83e4ad544478,D Rajgopal Road,in d rajgopal road,D Rajgopal Road,,mixed
blr_9ffe83e4ad544478,D Rajgopal Road,near d rajgopal road,D Rajgopal Road,,mixed
blr_9ffe83e4ad544478,D Rajgopal Road,around d rajgopal road,D Rajgopal Road,,mixed
blr_9ffe83e4ad544478,D Rajgopal Road,d rajgopal road area,D Rajgopal Road,,mixed
blr_8a03a719b88ef59a,10th E Main Road,10th e main road,10th E Main Road,,mixed
blr_8a03a719b88ef59a,10th E Main Road,tenth e main road,10th E Main Road,,mixed
blr_8a03a719b88ef59a,10th E Main Road,ten e main road,10th E Main Road,,mixed
blr_8a03a719b88ef59a,10th E Main Road,in 10th e main road,10th E Main Road,,mixed
blr_8a03a719b88ef59a,10th E Main Road,near tenth e main road,10th E Main Road,,mixed
blr_e5fb3f928084e922,Lane D,lane d,Lane D,,mixed
blr_e5fb3f928084e922,Lane D,in lane d,Lane D,,mixed
blr_e5fb3f928084e922,Lane D,near lane d,Lane D,,mixed
blr_e5fb3f928084e922,Lane D,around lane d,Lane D,,mixed
blr_e5fb3f928084e922,Lane D,lane d area,Lane D,,mixed
blr_2437caa67f839a0b,HAL Central Road,hal central road,HAL Central Road,,mixed
blr_2437caa67f839a0b,HAL Central Road,in hal central road,HAL Central Road,,mixed
blr_2437caa67f839a0b,HAL Central Road,near hal central road,HAL Central Road,,mixed
blr_2437caa67f839a0b,HAL Central Road,around hal central road,HAL Central Road,,mixed
blr_2437caa67f839a0b,HAL Central Road,hal central road area,HAL Central Road,,mixed
blr_b1c6ea9f1526c2ac,17th A Main,17th a main,17th A Main,,mixed
blr_b1c6ea9f1526c2ac,17th A Main,1seven a main,17th A Main,,mixed
blr_b1c6ea9f1526c2ac,17th A Main,1seventh a main,17th A Main,,mixed
blr_b1c6ea9f1526c2ac,17th A Main,in 17th a main,17th A Main,,mixed
blr_b1c6ea9f1526c2ac,17th A Main,near 1seven a main,17th A Main,,mixed
blr_ef934caf0cfd3bf1,18th A Main,18th a main,18th A Main,,mixed
blr_ef934caf0cfd3bf1,18th A Main,1eight a main,18th A Main,,mixed
blr_ef934caf0cfd3bf1,18th A Main,1eighth a main,18th A Main,,mixed
blr_ef934caf0cfd3bf1,18th A Main,in 18th a main,18th A Main,,mixed
blr_ef934caf0cfd3bf1,18th A Main,near 1eight a main,18th A Main,,mixed
blr_ef66e5371fcf1021,"4th Main, LIC Colony",fourth main lic colony,"4th Main, LIC Colony",,mixed
blr_ef66e5371fcf1021,"4th Main, LIC Colony",four main lic colony,"4th Main, LIC Colony",,mixed
blr_ef66e5371fcf1021,"4th Main, LIC Colony",4th main lic colony,"4th Main, LIC Colony",,mixed
blr_ef66e5371fcf1021,"4th Main, LIC Colony",in fourth main lic colony,"4th Main, LIC Colony",,mixed
blr_ef66e5371fcf1021,"4th Main, LIC Colony",near four main lic colony,"4th Main, LIC Colony",,mixed
blr_5f858acc2402176e,4cross 10th Thmain,4cross 10th thmain,4cross 10 Thmain,,mixed
blr_5f858acc2402176e,4cross 10th Thmain,4cross tenth thmain,4cross 10 Thmain,,mixed
blr_5f858acc2402176e,4cross 10th Thmain,4cross ten thmain,4cross 10 Thmain,,mixed
blr_5f858acc2402176e,4cross 10th Thmain,in 4cross 10th thmain,4cross 10 Thmain,,mixed
blr_5f858acc2402176e,4cross 10th Thmain,near 4cross tenth thmain,4cross 10 Thmain,,mixed
blr_b365cc76a797b580,19th D Main Road,1ninth d main road,19th D Main Road,,mixed
blr_b365cc76a797b580,19th D Main Road,1nine d main road,19th D Main Road,,mixed
blr_b365cc76a797b580,19th D Main Road,19th d main road,19th D Main Road,,mixed
blr_b365cc76a797b580,19th D Main Road,in 1ninth d main road,19th D Main Road,,mixed
blr_b365cc76a797b580,19th D Main Road,near 1nine d main road,19th D Main Road,,mixed
blr_dc885fa0cea282e2,20th B Main Road,20th b main road,20th B Main Road,,mixed
blr_dc885fa0cea282e2,20th B Main Road,in 20th b main road,20th B Main Road,,mixed
blr_dc885fa0cea282e2,20th B Main Road,near 20th b main road,20th B Main Road,,mixed
blr_dc885fa0cea282e2,20th B Main Road,around 20th b main road,20th B Main Road,,mixed
blr_dc885fa0cea282e2,20th B Main Road,20th b main road area,20th B Main Road,,mixed
blr_f21f698de045f9fd,C T Bed Road,c t bed road,C T Bed Road,,mixed
blr_f21f698de045f9fd,C T Bed Road,in c t bed road,C T Bed Road,,mixed
blr_f21f698de045f9fd,C T Bed Road,near c t bed road,C T Bed Road,,mixed
blr_f21f698de045f9fd,C T Bed Road,around c t bed road,C T Bed Road,,mixed
blr_f21f698de045f9fd,C T Bed Road,c t bed road area,C T Bed Road,,mixed
blr_5cb6828d0e089ed4,6h Main Road Dattatreyanagar,6h main road dattatreyanagar,6h Main Road Dattatreyanagar,,mixed
blr_5cb6828d0e089ed4,6h Main Road Dattatreyanagar,in 6h main road dattatreyanagar,6h Main Road Dattatreyanagar,,mixed
blr_5cb6828d0e089ed4,6h Main Road Dattatreyanagar,near 6h main road dattatreyanagar,6h Main Road Dattatreyanagar,,mixed
blr_5cb6828d0e089ed4,6h Main Road Dattatreyanagar,around 6h main road dattatreyanagar,6h Main Road Dattatreyanagar,,mixed
blr_5cb6828d0e089ed4,6h Main Road Dattatreyanagar,6h main road dattatreyanagar area,6h Main Road Dattatreyanagar,,mixed
blr_78f75904d9a4cd16,Bhadrappa Layout 3rd Cross,bhadrappa layout third cross,Bhadrappa Layout 3rd Cross,,mixed
blr_78f75904d9a4cd16,Bhadrappa Layout 3rd Cross,bhadrappa layout three cross,Bhadrappa Layout 3rd Cross,,mixed
blr_78f75904d9a4cd16,Bhadrappa Layout 3rd Cross,bhadrappa layout 3rd cross,Bhadrappa Layout 3rd Cross,,mixed
blr_78f75904d9a4cd16,Bhadrappa Layout 3rd Cross,in bhadrappa layout third cross,Bhadrappa Layout 3rd Cross,,mixed
blr_78f75904d9a4cd16,Bhadrappa Layout 3rd Cross,near bhadrappa layout three cross,Bhadrappa Layout 3rd Cross,,mixed
blr_8b6f3d0211ac9318,Bhadrappa Layout 4th Cross,bhadrappa layout four cross,Bhadrappa Layout 4th Cross,,mixed
blr_8b6f3d0211ac9318,Bhadrappa Layout 4th Cross,bhadrappa layout 4th cross,Bhadrappa Layout 4th Cross,,mixed
blr_8b6f3d0211ac9318,Bhadrappa Layout 4th Cross,bhadrappa layout fourth cross,Bhadrappa Layout 4th Cross,,mixed
blr_8b6f3d0211ac9318,Bhadrappa Layout 4th Cross,in bhadrappa layout four cross,Bhadrappa Layout 4th Cross,,mixed
blr_8b6f3d0211ac9318,Bhadrappa Layout 4th Cross,near bhadrappa layout 4th cross,Bhadrappa Layout 4th Cross,,mixed
blr_e4b5070cced99687,Bhadrappa Layout 5th Cross,bhadrappa layout 5th cross,Bhadrappa Layout 5th Cross,,mixed
blr_e4b5070cced99687,Bhadrappa Layout 5th Cross,bhadrappa layout five cross,Bhadrappa Layout 5th Cross,,mixed
blr_e4b5070cced99687,Bhadrappa Layout 5th Cross,bhadrappa layout fifth cross,Bhadrappa Layout 5th Cross,,mixed
blr_e4b5070cced99687,Bhadrappa Layout 5th Cross,in bhadrappa layout 5th cross,Bhadrappa Layout 5th Cross,,mixed
blr_e4b5070cced99687,Bhadrappa Layout 5th Cross,near bhadrappa layout five cross,Bhadrappa Layout 5th Cross,,mixed
blr_f7a9d905e833de8c,"3rd Cross, Sanjaynagar Main Road",third cross sanjaynagar main road,"3rd Cross, Sanjaynagar Main Road",,mixed
blr_f7a9d905e833de8c,"3rd Cross, Sanjaynagar Main Road",three cross sanjaynagar main road,"3rd Cross, Sanjaynagar Main Road",,mixed
blr_f7a9d905e833de8c,"3rd Cross, Sanjaynagar Main Road",3rd cross sanjaynagar main road,"3rd Cross, Sanjaynagar Main Road",,mixed
blr_f7a9d905e833de8c,"3rd Cross, Sanjaynagar Main Road",in third cross sanjaynagar main road,"3rd Cross, Sanjaynagar Main Road",,mixed
blr_f7a9d905e833de8c,"3rd Cross, Sanjaynagar Main Road",near three cross sanjaynagar main road,"3rd Cross, Sanjaynagar Main Road",,mixed
blr_ddbe24fc42425a69,"6th Cross,Ashwathnagar 1st Main Road",sixth crossashwathnagar 1st main road,"6th Cross,Ashwathnagar 1st Main Road",,mixed
blr_ddbe24fc42425a69,"6th Cross,Ashwathnagar 1st Main Road",6th crossashwathnagar 1st main road,"6th Cross,Ashwathnagar 1st Main Road",,mixed
blr_ddbe24fc42425a69,"6th Cross,Ashwathnagar 1st Main Road",six crossashwathnagar 1st main road,"6th Cross,Ashwathnagar 1st Main Road",,mixed
blr_ddbe24fc42425a69,"6th Cross,Ashwathnagar 1st Main Road",in sixth crossashwathnagar 1st main road,"6th Cross,Ashwathnagar 1st Main Road",,mixed
blr_ddbe24fc42425a69,"6th Cross,Ashwathnagar 1st Main Road",near 6th crossashwathnagar 1st main road,"6th Cross,Ashwathnagar 1st Main Road",,mixed
blr_4dcb29affea6a960,"4th Cross,Ashwathnagar 1st Main Road",four crossashwathnagar 1st main road,"4th Cross,Ashwathnagar 1st Main Road",,mixed
blr_4dcb29affea6a960,"4th Cross,Ashwathnagar 1st Main Road",4th crossashwathnagar 1st main road,"4th Cross,Ashwathnagar 1st Main Road",,mixed
blr_4dcb29affea6a960,"4th Cross,Ashwathnagar 1st Main Road",fourth crossashwathnagar 1st main road,"4th Cross,Ashwathnagar 1st Main Road",,mixed
blr_4dcb29affea6a960,"4th Cross,Ashwathnagar 1st Main Road",in four crossashwathnagar 1st main road,"4th Cross,Ashwathnagar 1st Main Road",,mixed
blr_4dcb29affea6a960,"4th Cross,Ashwathnagar 1st Main Road",near 4th crossashwathnagar 1st main road,"4th Cross,Ashwathnagar 1st Main Road",,mixed
blr_3cadc19ff9370ea6,Balaji Layout 6th Cross,balaji layout 6th cross,Balaji Layout 6th Cross,,mixed
blr_3cadc19ff9370ea6,Balaji Layout 6th Cross,balaji layout sixth cross,Balaji Layout 6th Cross,,mixed
blr_3cadc19ff9370ea6,Balaji Layout 6th Cross,balaji layout six cross,Balaji Layout 6th Cross,,mixed
blr_3cadc19ff9370ea6,Balaji Layout 6th Cross,in balaji layout 6th cross,Balaji Layout 6th Cross,,mixed
blr_3cadc19ff9370ea6,Balaji Layout 6th Cross,near balaji layout sixth cross,Balaji Layout 6th Cross,,mixed
blr_013097d1457ccab7,AECS Naidu Layout 4th Cross Road,aecs naidu layout four cross road,AECS Naidu Layout 4th Cross Road,,mixed
blr_013097d1457ccab7,AECS Naidu Layout 4th Cross Road,aecs naidu layout fourth cross road,AECS Naidu Layout 4th Cross Road,,mixed
blr_013097d1457ccab7,AECS Naidu Layout 4th Cross Road,aecs naidu layout 4th cross road,AECS Naidu Layout 4th Cross Road,,mixed
blr_013097d1457ccab7,AECS Naidu Layout 4th Cross Road,in aecs naidu layout four cross road,AECS Naidu Layout 4th Cross Road,,mixed
blr_013097d1457ccab7,AECS Naidu Layout 4th Cross Road,near aecs naidu layout fourth cross road,AECS Naidu Layout 4th Cross Road,,mixed
blr_e2971ec3679a22f7,15th D Cross Road,15th d cross road,15th D Cross Road,,mixed
blr_e2971ec3679a22f7,15th D Cross Road,1fifth d cross road,15th D Cross Road,,mixed
blr_e2971ec3679a22f7,15th D Cross Road,1five d cross road,15th D Cross Road,,mixed
blr_e2971ec3679a22f7,15th D Cross Road,in 15th d cross road,15th D Cross Road,,mixed
blr_e2971ec3679a22f7,15th D Cross Road,near 1fifth d cross road,15th D Cross Road,,mixed
blr_4646e9bc293e7679,6th E Main Road,sixth e main road,6th E Main Road,,mixed
blr_4646e9bc293e7679,6th E Main Road,six e main road,6th E Main Road,,mixed
blr_4646e9bc293e7679,6th E Main Road,6th e main road,6th E Main Road,,mixed
blr_4646e9bc293e7679,6th E Main Road,in sixth e main road,6th E Main Road,,mixed
blr_4646e9bc293e7679,6th E Main Road,near six e main road,6th E Main Road,,mixed
blr_bfd1521f42fb79f1,2nd Avenue,two avenue,2nd Avenue,,mixed
blr_bfd1521f42fb79f1,2nd Avenue,second avenue,2nd Avenue,,mixed
blr_bfd1521f42fb79f1,2nd Avenue,2nd avenue,2nd Avenue,,mixed
blr_bfd1521f42fb79f1,2nd Avenue,in two avenue,2nd Avenue,,mixed
blr_bfd1521f42fb79f1,2nd Avenue,near second avenue,2nd Avenue,,mixed
blr_c26df95d50bba7be,3rd Avenue,third avenue,3rd Avenue,,mixed
blr_c26df95d50bba7be,3rd Avenue,three avenue,3rd Avenue,,mixed
blr_c26df95d50bba7be,3rd Avenue,3rd avenue,3rd Avenue,,mixed
blr_c26df95d50bba7be,3rd Avenue,in third avenue,3rd Avenue,,mixed
blr_c26df95d50bba7be,3rd Avenue,near three avenue,3rd Avenue,,mixed
blr_738aa4a1d725de15,AECS Layout Main Road,aecs layout main road,AECS Layout Main Road,,mixed
blr_738aa4a1d725de15,AECS Layout Main Road,in aecs layout main road,AECS Layout Main Road,,mixed
blr_738aa4a1d725de15,AECS Layout Main Road,near aecs layout main road,AECS Layout Main Road,,mixed
blr_738aa4a1d725de15,AECS Layout Main Road,around aecs layout main road,AECS Layout Main Road,,mixed
blr_738aa4a1d725de15,AECS Layout Main Road,aecs layout main road area,AECS Layout Main Road,,mixed
blr_8867590253e4fcae,1A Main Road,1a main road,1A Main Road,,mixed
blr_8867590253e4fcae,1A Main Road,in 1a main road,1A Main Road,,mixed
blr_8867590253e4fcae,1A Main Road,near 1a main road,1A Main Road,,mixed
blr_8867590253e4fcae,1A Main Road,around 1a main road,1A Main Road,,mixed
blr_8867590253e4fcae,1A Main Road,1a main road area,1A Main Road,,mixed
blr_d18488eddfc15030,19F Main Road,19f main road,19F Main Road,,mixed
blr_d18488eddfc15030,19F Main Road,in 19f main road,19F Main Road,,mixed
blr_d18488eddfc15030,19F Main Road,near 19f main road,19F Main Road,,mixed
blr_d18488eddfc15030,19F Main Road,around 19f main road,19F Main Road,,mixed
blr_d18488eddfc15030,19F Main Road,19f main road area,19F Main Road,,mixed
blr_a8d949988d0364af,19C Main Road,19c main road,19C Main Road,,mixed
blr_a8d949988d0364af,19C Main Road,in 19c main road,19C Main Road,,mixed
blr_a8d949988d0364af,19C Main Road,near 19c main road,19C Main Road,,mixed
blr_a8d949988d0364af,19C Main Road,around 19c main road,19C Main Road,,mixed
blr_a8d949988d0364af,19C Main Road,19c main road area,19C Main Road,,mixed
blr_e727d9c0b285b5fb,19E Main Road,19e main road,19E Main Road,,mixed
blr_e727d9c0b285b5fb,19E Main Road,in 19e main road,19E Main Road,,mixed
blr_e727d9c0b285b5fb,19E Main Road,near 19e main road,19E Main Road,,mixed
blr_e727d9c0b285b5fb,19E Main Road,around 19e main road,19E Main Road,,mixed
blr_e727d9c0b285b5fb,19E Main Road,19e main road area,19E Main Road,,mixed
blr_1bb2f801b4e001ca,19th G Main Road,1nine g main road,19th G Main Road,,mixed
blr_1bb2f801b4e001ca,19th G Main Road,1ninth g main road,19th G Main Road,,mixed
blr_1bb2f801b4e001ca,19th G Main Road,19th g main road,19th G Main Road,,mixed
blr_1bb2f801b4e001ca,19th G Main Road,in 1nine g main road,19th G Main Road,,mixed
blr_1bb2f801b4e001ca,19th G Main Road,near 1ninth g main road,19th G Main Road,,mixed
blr_8f1b6f20ebd800fc,19th H Main Road,19th h main road,19th H Main Road,,mixed
blr_8f1b6f20ebd800fc,19th H Main Road,1ninth h main road,19th H Main Road,,mixed
blr_8f1b6f20ebd800fc,19th H Main Road,1nine h main road,19th H Main Road,,mixed
blr_8f1b6f20ebd800fc,19th H Main Road,in 19th h main road,19th H Main Road,,mixed
blr_8f1b6f20ebd800fc,19th H Main Road,near 1ninth h main road,19th H Main Road,,mixed
blr_d31fc7f896f6054f,BTM Residency Phase 2nd,b t m residency phase 2nd,BTM Residency Phase 2,,mixed
blr_d31fc7f896f6054f,BTM Residency Phase 2nd,btm residency phase 2nd,BTM Residency Phase 2,,mixed
blr_d31fc7f896f6054f,BTM Residency Phase 2nd,btm residency phase second,BTM Residency Phase 2,,mixed
blr_d31fc7f896f6054f,BTM Residency Phase 2nd,btm residency phase two,BTM Residency Phase 2,,mixed
blr_d31fc7f896f6054f,BTM Residency Phase 2nd,in b t m residency phase 2nd,BTM Residency Phase 2,,mixed
blr_5ccb25b0513c7b79,53rd B Cross Road,5three b cross road,53rd B Cross Road,,mixed
blr_5ccb25b0513c7b79,53rd B Cross Road,53rd b cross road,53rd B Cross Road,,mixed
blr_5ccb25b0513c7b79,53rd B Cross Road,5third b cross road,53rd B Cross Road,,mixed
blr_5ccb25b0513c7b79,53rd B Cross Road,in 5three b cross road,53rd B Cross Road,,mixed
blr_5ccb25b0513c7b79,53rd B Cross Road,near 53rd b cross road,53rd B Cross Road,,mixed
blr_068420c07a915212,3rd E Cross Road,third e cross road,3rd E Cross Road,,mixed
blr_068420c07a915212,3rd E Cross Road,3rd e cross road,3rd E Cross Road,,mixed
blr_068420c07a915212,3rd E Cross Road,three e cross road,3rd E Cross Road,,mixed
blr_068420c07a915212,3rd E Cross Road,in third e cross road,3rd E Cross Road,,mixed
blr_068420c07a915212,3rd E Cross Road,near 3rd e cross road,3rd E Cross Road,,mixed
blr_77387cf19027fee0,59th A Cross Road,5nine a cross road,59th A Cross Road,,mixed
blr_77387cf19027fee0,59th A Cross Road,59th a cross road,59th A Cross Road,,mixed
blr_77387cf19027fee0,59th A Cross Road,5ninth a cross road,59th A Cross Road,,mixed
blr_77387cf19027fee0,59th A Cross Road,in 5nine a cross road,59th A Cross Road,,mixed
blr_77387cf19027fee0,59th A Cross Road,near 59th a cross road,59th A Cross Road,,mixed
blr_88c45042b677e1bf,53rd D Cross Road,5three d cross road,53rd D Cross Road,,mixed
blr_88c45042b677e1bf,53rd D Cross Road,5third d cross road,53rd D Cross Road,,mixed
blr_88c45042b677e1bf,53rd D Cross Road,53rd d cross road,53rd D Cross Road,,mixed
blr_88c45042b677e1bf,53rd D Cross Road,in 5three d cross road,53rd D Cross Road,,mixed
blr_88c45042b677e1bf,53rd D Cross Road,near 5third d cross road,53rd D Cross Road,,mixed
blr_663c4fa64e882b29,4th E Main Road,fourth e main road,4th E Main Road,,mixed
blr_663c4fa64e882b29,4th E Main Road,4th e main road,4th E Main Road,,mixed
blr_663c4fa64e882b29,4th E Main Road,four e main road,4th E Main Road,,mixed
blr_663c4fa64e882b29,4th E Main Road,in fourth e main road,4th E Main Road,,mixed
blr_663c4fa64e882b29,4th E Main Road,near 4th e main road,4th E Main Road,,mixed
blr_c7f3bd99c0b67e0e,59th B Cross Road,5ninth b cross road,59th B Cross Road,,mixed
blr_c7f3bd99c0b67e0e,59th B Cross Road,59th b cross road,59th B Cross Road,,mixed
blr_c7f3bd99c0b67e0e,59th B Cross Road,5nine b cross road,59th B Cross Road,,mixed
blr_c7f3bd99c0b67e0e,59th B Cross Road,in 5ninth b cross road,59th B Cross Road,,mixed
blr_c7f3bd99c0b67e0e,59th B Cross Road,near 59th b cross road,59th B Cross Road,,mixed
blr_b04c581706792552,53rd C Cross Road,53rd c cross road,53rd C Cross Road,,mixed
blr_b04c581706792552,53rd C Cross Road,5third c cross road,53rd C Cross Road,,mixed
blr_b04c581706792552,53rd C Cross Road,5three c cross road,53rd C Cross Road,,mixed
blr_b04c581706792552,53rd C Cross Road,in 53rd c cross road,53rd C Cross Road,,mixed
blr_b04c581706792552,53rd C Cross Road,near 5third c cross road,53rd C Cross Road,,mixed
blr_18cb2aa49000c437,Dr. M H Marigowda Road,dr m h marigowda road,Dr. M H Marigowda Road,,mixed
blr_18cb2aa49000c437,Dr. M H Marigowda Road,in dr m h marigowda road,Dr. M H Marigowda Road,,mixed
blr_18cb2aa49000c437,Dr. M H Marigowda Road,near dr m h marigowda road,Dr. M H Marigowda Road,,mixed
blr_18cb2aa49000c437,Dr. M H Marigowda Road,around dr m h marigowda road,Dr. M H Marigowda Road,,mixed
blr_18cb2aa49000c437,Dr. M H Marigowda Road,dr m h marigowda road area,Dr. M H Marigowda Road,,mixed
blr_5729e5091ee43b35,19th B Main Road,1nine b main road,19th B Main Road,,mixed
blr_5729e5091ee43b35,19th B Main Road,19th b main road,19th B Main Road,,mixed
blr_5729e5091ee43b35,19th B Main Road,1ninth b main road,19th B Main Road,,mixed
blr_5729e5091ee43b35,19th B Main Road,in 1nine b main road,19th B Main Road,,mixed
blr_5729e5091ee43b35,19th B Main Road,near 19th b main road,19th B Main Road,,mixed
blr_896534797e062d40,Professor UR Rao Road,professor ur rao road,Professor UR Rao Road,,mixed
blr_896534797e062d40,Professor UR Rao Road,in professor ur rao road,Professor UR Rao Road,,mixed
blr_896534797e062d40,Professor UR Rao Road,near professor ur rao road,Professor UR Rao Road,,mixed
blr_896534797e062d40,Professor UR Rao Road,around professor ur rao road,Professor UR Rao Road,,mixed
blr_896534797e062d40,Professor UR Rao Road,professor ur rao road area,Professor UR Rao Road,,mixed
blr_83570b5cb229d2a6,3rd D Main Road,3rd d main road,3rd D Main Road,,mixed
blr_83570b5cb229d2a6,3rd D Main Road,three d main road,3rd D Main Road,,mixed
blr_83570b5cb229d2a6,3rd D Main Road,third d main road,3rd D Main Road,,mixed
blr_83570b5cb229d2a6,3rd D Main Road,in 3rd d main road,3rd D Main Road,,mixed
blr_83570b5cb229d2a6,3rd D Main Road,near three d main road,3rd D Main Road,,mixed
blr_b9d5047b783b80f8,3rd C Main Road,3rd c main road,3rd C Main Road,,mixed
blr_b9d5047b783b80f8,3rd C Main Road,third c main road,3rd C Main Road,,mixed
blr_b9d5047b783b80f8,3rd C Main Road,three c main road,3rd C Main Road,,mixed
blr_b9d5047b783b80f8,3rd C Main Road,in 3rd c main road,3rd C Main Road,,mixed
blr_b9d5047b783b80f8,3rd C Main Road,near third c main road,3rd C Main Road,,mixed
blr_21ebe3eae6c9c8c4,40th Main Road,40th main road,40th Main Road,,mixed
blr_21ebe3eae6c9c8c4,40th Main Road,in 40th main road,40th Main Road,,mixed
blr_21ebe3eae6c9c8c4,40th Main Road,near 40th main road,40th Main Road,,mixed
blr_21ebe3eae6c9c8c4,40th Main Road,around 40th main road,40th Main Road,,mixed
blr_21ebe3eae6c9c8c4,40th Main Road,40th main road area,40th Main Road,,mixed
blr_a865c73b689e191f,9th C Cross Road,9th c cross road,9th C Cross Road,,mixed
blr_a865c73b689e191f,9th C Cross Road,nine c cross road,9th C Cross Road,,mixed
blr_a865c73b689e191f,9th C Cross Road,ninth c cross road,9th C Cross Road,,mixed
blr_a865c73b689e191f,9th C Cross Road,in 9th c cross road,9th C Cross Road,,mixed
blr_a865c73b689e191f,9th C Cross Road,near nine c cross road,9th C Cross Road,,mixed
blr_a10935422b8d9433,13th Cross,13th cross,13th Cross,,mixed
blr_a10935422b8d9433,13th Cross,in 13th cross,13th Cross,,mixed
blr_a10935422b8d9433,13th Cross,near 13th cross,13th Cross,,mixed
blr_a10935422b8d9433,13th Cross,around 13th cross,13th Cross,,mixed
blr_a10935422b8d9433,13th Cross,13th cross area,13th Cross,,mixed
blr_5863620814e8ff7b,17 A Main Road,17 a main road,17 A Main Road,,mixed
blr_5863620814e8ff7b,17 A Main Road,in 17 a main road,17 A Main Road,,mixed
blr_5863620814e8ff7b,17 A Main Road,near 17 a main road,17 A Main Road,,mixed
blr_5863620814e8ff7b,17 A Main Road,around 17 a main road,17 A Main Road,,mixed
blr_5863620814e8ff7b,17 A Main Road,17 a main road area,17 A Main Road,,mixed
blr_bcf5f4cd4988bb34,16 D Cross Road,16 d cross road,16 D Cross Road,,mixed
blr_bcf5f4cd4988bb34,16 D Cross Road,in 16 d cross road,16 D Cross Road,,mixed
blr_bcf5f4cd4988bb34,16 D Cross Road,near 16 d cross road,16 D Cross Road,,mixed
blr_bcf5f4cd4988bb34,16 D Cross Road,around 16 d cross road,16 D Cross Road,,mixed
blr_bcf5f4cd4988bb34,16 D Cross Road,16 d cross road area,16 D Cross Road,,mixed
blr_0f690958c504f458,16th B Cross Road,1six b cross road,16th B Cross Road,,mixed
blr_0f690958c504f458,16th B Cross Road,1sixth b cross road,16th B Cross Road,,mixed
blr_0f690958c504f458,16th B Cross Road,16th b cross road,16th B Cross Road,,mixed
blr_0f690958c504f458,16th B Cross Road,in 1six b cross road,16th B Cross Road,,mixed
blr_0f690958c504f458,16th B Cross Road,near 1sixth b cross road,16th B Cross Road,,mixed
blr_4f2b60169ebb8d30,16 C Cross Road,16 c cross road,16 C Cross Road,,mixed
blr_4f2b60169ebb8d30,16 C Cross Road,in 16 c cross road,16 C Cross Road,,mixed
blr_4f2b60169ebb8d30,16 C Cross Road,near 16 c cross road,16 C Cross Road,,mixed
blr_4f2b60169ebb8d30,16 C Cross Road,around 16 c cross road,16 C Cross Road,,mixed
blr_4f2b60169ebb8d30,16 C Cross Road,16 c cross road area,16 C Cross Road,,mixed
blr_2caa89b1a4904974,ITI Layout Road,iti layout road,ITI Layout Road,,mixed
blr_2caa89b1a4904974,ITI Layout Road,in iti layout road,ITI Layout Road,,mixed
blr_2caa89b1a4904974,ITI Layout Road,near iti layout road,ITI Layout Road,,mixed
blr_2caa89b1a4904974,ITI Layout Road,around iti layout road,ITI Layout Road,,mixed
blr_2caa89b1a4904974,ITI Layout Road,iti layout road area,ITI Layout Road,,mixed
blr_2ddc515d42dda48f,13th C Cross Road,13th c cross road,13th C Cross Road,,mixed
blr_2ddc515d42dda48f,13th C Cross Road,in 13th c cross road,13th C Cross Road,,mixed
blr_2ddc515d42dda48f,13th C Cross Road,near 13th c cross road,13th C Cross Road,,mixed
blr_2ddc515d42dda48f,13th C Cross Road,around 13th c cross road,13th C Cross Road,,mixed
blr_2ddc515d42dda48f,13th C Cross Road,13th c cross road area,13th C Cross Road,,mixed
blr_701d8142a2dff284,21st A Cross Road,21st a cross road,21st A Cross Road,,mixed
blr_701d8142a2dff284,21st A Cross Road,in 21st a cross road,21st A Cross Road,,mixed
blr_701d8142a2dff284,21st A Cross Road,near 21st a cross road,21st A Cross Road,,mixed
blr_701d8142a2dff284,21st A Cross Road,around 21st a cross road,21st A Cross Road,,mixed
blr_701d8142a2dff284,21st A Cross Road,21st a cross road area,21st A Cross Road,,mixed
blr_049521b7757d34d5,32nd B Main Road,3two b main road,32nd B Main Road,,mixed
blr_049521b7757d34d5,32nd B Main Road,32nd b main road,32nd B Main Road,,mixed
blr_049521b7757d34d5,32nd B Main Road,3second b main road,32nd B Main Road,,mixed
blr_049521b7757d34d5,32nd B Main Road,in 3two b main road,32nd B Main Road,,mixed
blr_049521b7757d34d5,32nd B Main Road,near 32nd b main road,32nd B Main Road,,mixed
blr_d8fbabb48259c217,CST Road,cst road,CST Road,,mixed
blr_d8fbabb48259c217,CST Road,in cst road,CST Road,,mixed
blr_d8fbabb48259c217,CST Road,near cst road,CST Road,,mixed
blr_d8fbabb48259c217,CST Road,around cst road,CST Road,,mixed
blr_d8fbabb48259c217,CST Road,cst road area,CST Road,,mixed
blr_56ca0db3218ab52b,DaCosta Layout 2nd Cross,dacosta layout two cross,DaCosta Layout 2nd Cross,,mixed
blr_56ca0db3218ab52b,DaCosta Layout 2nd Cross,dacosta layout 2nd cross,DaCosta Layout 2nd Cross,,mixed
blr_56ca0db3218ab52b,DaCosta Layout 2nd Cross,dacosta layout second cross,DaCosta Layout 2nd Cross,,mixed
blr_56ca0db3218ab52b,DaCosta Layout 2nd Cross,in dacosta layout two cross,DaCosta Layout 2nd Cross,,mixed
blr_56ca0db3218ab52b,DaCosta Layout 2nd Cross,near dacosta layout 2nd cross,DaCosta Layout 2nd Cross,,mixed
blr_103708ded57595e8,B Street,b street,B Street,,mixed
blr_103708ded57595e8,B Street,in b street,B Street,,mixed
blr_103708ded57595e8,B Street,near b street,B Street,,mixed
blr_103708ded57595e8,B Street,around b street,B Street,,mixed
blr_103708ded57595e8,B Street,b street area,B Street,,mixed
blr_47b9facfefe766c2,"2nd Cross, Amruth Nagar",second cross amruth nagar,"2nd Cross, Amruth Nagar",,mixed
blr_47b9facfefe766c2,"2nd Cross, Amruth Nagar",2nd cross amruth nagar,"2nd Cross, Amruth Nagar",,mixed
blr_47b9facfefe766c2,"2nd Cross, Amruth Nagar",two cross amruth nagar,"2nd Cross, Amruth Nagar",,mixed
blr_47b9facfefe766c2,"2nd Cross, Amruth Nagar",in second cross amruth nagar,"2nd Cross, Amruth Nagar",,mixed
blr_47b9facfefe766c2,"2nd Cross, Amruth Nagar",near 2nd cross amruth nagar,"2nd Cross, Amruth Nagar",,mixed
blr_043a762b96ce6382,TC Palaya Road,tc palaya road,TC Palaya Road,,mixed
blr_043a762b96ce6382,TC Palaya Road,in tc palaya road,TC Palaya Road,,mixed
blr_043a762b96ce6382,TC Palaya Road,near tc palaya road,TC Palaya Road,,mixed
blr_043a762b96ce6382,TC Palaya Road,around tc palaya road,TC Palaya Road,,mixed
blr_043a762b96ce6382,TC Palaya Road,tc palaya road area,TC Palaya Road,,mixed
blr_daf01da5a20298d7,15th A Main,15th a main,15th A Main,,mixed
blr_daf01da5a20298d7,15th A Main,1fifth a main,15th A Main,,mixed
blr_daf01da5a20298d7,15th A Main,1five a main,15th A Main,,mixed
blr_daf01da5a20298d7,15th A Main,in 15th a main,15th A Main,,mixed
blr_daf01da5a20298d7,15th A Main,near 1fifth a main,15th A Main,,mixed
blr_d7463dd9ec9b1d6a,16th A Main,1sixth a main,16th A Main,,mixed
blr_d7463dd9ec9b1d6a,16th A Main,1six a main,16th A Main,,mixed
blr_d7463dd9ec9b1d6a,16th A Main,16th a main,16th A Main,,mixed
blr_d7463dd9ec9b1d6a,16th A Main,in 1sixth a main,16th A Main,,mixed
blr_d7463dd9ec9b1d6a,16th A Main,near 1six a main,16th A Main,,mixed
blr_c8352f5a6c150d89,PWD Road,pwd road,PWD Road,,mixed
blr_c8352f5a6c150d89,PWD Road,in pwd road,PWD Road,,mixed
blr_c8352f5a6c150d89,PWD Road,near pwd road,PWD Road,,mixed
blr_c8352f5a6c150d89,PWD Road,around pwd road,PWD Road,,mixed
blr_c8352f5a6c150d89,PWD Road,pwd road area,PWD Road,,mixed
blr_1775914ce66eed6a,2nd 'E' crossroad,2nd e crossroad,2nd 'E' crossroad,,mixed
blr_1775914ce66eed6a,2nd 'E' crossroad,second e crossroad,2nd 'E' crossroad,,mixed
blr_1775914ce66eed6a,2nd 'E' crossroad,two e crossroad,2nd 'E' crossroad,,mixed
blr_1775914ce66eed6a,2nd 'E' crossroad,in 2nd e crossroad,2nd 'E' crossroad,,mixed
blr_1775914ce66eed6a,2nd 'E' crossroad,near second e crossroad,2nd 'E' crossroad,,mixed
blr_906db5d90c391003,Sai KSD Serenity Apartments,sai ksd serenity apartments,Sai KSD Serenity Apartments,,mixed
blr_906db5d90c391003,Sai KSD Serenity Apartments,in sai ksd serenity apartments,Sai KSD Serenity Apartments,,mixed
blr_906db5d90c391003,Sai KSD Serenity Apartments,near sai ksd serenity apartments,Sai KSD Serenity Apartments,,mixed
blr_906db5d90c391003,Sai KSD Serenity Apartments,around sai ksd serenity apartments,Sai KSD Serenity Apartments,,mixed
blr_906db5d90c391003,Sai KSD Serenity Apartments,sai ksd serenity apartments area,Sai KSD Serenity Apartments,,mixed
blr_1aca398a546e00c8,6th Cross Jeevan Bhima Nagar,sixth cross jeevan bhima nagar,6th Cross Jeevan Bhima Nagar,,mixed
blr_1aca398a546e00c8,6th Cross Jeevan Bhima Nagar,6th cross jeevan bhima nagar,6th Cross Jeevan Bhima Nagar,,mixed
blr_1aca398a546e00c8,6th Cross Jeevan Bhima Nagar,six cross jeevan bhima nagar,6th Cross Jeevan Bhima Nagar,,mixed
blr_1aca398a546e00c8,6th Cross Jeevan Bhima Nagar,in sixth cross jeevan bhima nagar,6th Cross Jeevan Bhima Nagar,,mixed
blr_1aca398a546e00c8,6th Cross Jeevan Bhima Nagar,near 6th cross jeevan bhima nagar,6th Cross Jeevan Bhima Nagar,,mixed
blr_a425dfebbed83342,1st Diagonal Road,1st diagonal road,1st Diagonal Road,,mixed
blr_a425dfebbed83342,1st Diagonal Road,in 1st diagonal road,1st Diagonal Road,,mixed
blr_a425dfebbed83342,1st Diagonal Road,near 1st diagonal road,1st Diagonal Road,,mixed
blr_a425dfebbed83342,1st Diagonal Road,around 1st diagonal road,1st Diagonal Road,,mixed
blr_a425dfebbed83342,1st Diagonal Road,1st diagonal road area,1st Diagonal Road,,mixed
blr_de1fb3336a3d725c,6th A-B Road,sixth ab road,6th A-B Road,,mixed
blr_de1fb3336a3d725c,6th A-B Road,6th ab road,6th A-B Road,,mixed
blr_de1fb3336a3d725c,6th A-B Road,six ab road,6th A-B Road,,mixed
blr_de1fb3336a3d725c,6th A-B Road,in sixth ab road,6th A-B Road,,mixed
blr_de1fb3336a3d725c,6th A-B Road,near 6th ab road,6th A-B Road,,mixed
blr_55d71275b65c405a,7th Main Anandapura,7th main anandapura,7th Main Anandapura,,mixed
blr_55d71275b65c405a,7th Main Anandapura,seventh main anandapura,7th Main Anandapura,,mixed
blr_55d71275b65c405a,7th Main Anandapura,seven main anandapura,7th Main Anandapura,,mixed
blr_55d71275b65c405a,7th Main Anandapura,in 7th main anandapura,7th Main Anandapura,,mixed
blr_55d71275b65c405a,7th Main Anandapura,near seventh main anandapura,7th Main Anandapura,,mixed
blr_a21422a7ff0bf571,8th Cross Anandapura,eighth cross anandapura,8th Cross Anandapura,,mixed
blr_a21422a7ff0bf571,8th Cross Anandapura,8th cross anandapura,8th Cross Anandapura,,mixed
blr_a21422a7ff0bf571,8th Cross Anandapura,eight cross anandapura,8th Cross Anandapura,,mixed
blr_a21422a7ff0bf571,8th Cross Anandapura,in eighth cross anandapura,8th Cross Anandapura,,mixed
blr_a21422a7ff0bf571,8th Cross Anandapura,near 8th cross anandapura,8th Cross Anandapura,,mixed
blr_52a7e4048597505d,1st Cross Jeevan Bhima Nagar,1st cross jeevan bhima nagar,1st Cross Jeevan Bhima Nagar,,mixed
blr_52a7e4048597505d,1st Cross Jeevan Bhima Nagar,in 1st cross jeevan bhima nagar,1st Cross Jeevan Bhima Nagar,,mixed
blr_52a7e4048597505d,1st Cross Jeevan Bhima Nagar,near 1st cross jeevan bhima nagar,1st Cross Jeevan Bhima Nagar,,mixed
blr_52a7e4048597505d,1st Cross Jeevan Bhima Nagar,around 1st cross jeevan bhima nagar,1st Cross Jeevan Bhima Nagar,,mixed
blr_52a7e4048597505d,1st Cross Jeevan Bhima Nagar,1st cross jeevan bhima nagar area,1st Cross Jeevan Bhima Nagar,,mixed
blr_dcaec162a996bd1a,SVR Flora Apartments,svr flora apartments,SVR Flora Apartments,,mixed
blr_dcaec162a996bd1a,SVR Flora Apartments,in svr flora apartments,SVR Flora Apartments,,mixed
blr_dcaec162a996bd1a,SVR Flora Apartments,near svr flora apartments,SVR Flora Apartments,,mixed
blr_dcaec162a996bd1a,SVR Flora Apartments,around svr flora apartments,SVR Flora Apartments,,mixed
blr_dcaec162a996bd1a,SVR Flora Apartments,svr flora apartments area,SVR Flora Apartments,,mixed
blr_4a82e21854049900,MIMS Gulmohar Villas,mims gulmohar villas,MIMS Gulmohar Villas,,mixed
blr_4a82e21854049900,MIMS Gulmohar Villas,in mims gulmohar villas,MIMS Gulmohar Villas,,mixed
blr_4a82e21854049900,MIMS Gulmohar Villas,near mims gulmohar villas,MIMS Gulmohar Villas,,mixed
blr_4a82e21854049900,MIMS Gulmohar Villas,around mims gulmohar villas,MIMS Gulmohar Villas,,mixed
blr_4a82e21854049900,MIMS Gulmohar Villas,mims gulmohar villas area,MIMS Gulmohar Villas,,mixed
blr_ae7614292bc7ebff,MIMS Gulmohar Road,mims gulmohar road,MIMS Gulmohar Road,,mixed
blr_ae7614292bc7ebff,MIMS Gulmohar Road,in mims gulmohar road,MIMS Gulmohar Road,,mixed
blr_ae7614292bc7ebff,MIMS Gulmohar Road,near mims gulmohar road,MIMS Gulmohar Road,,mixed
blr_ae7614292bc7ebff,MIMS Gulmohar Road,around mims gulmohar road,MIMS Gulmohar Road,,mixed
blr_ae7614292bc7ebff,MIMS Gulmohar Road,mims gulmohar road area,MIMS Gulmohar Road,,mixed
blr_1acaeefc88f22b94,"6th Cross Road, Govindaraja Nagar",six cross road govindaraja nagar,"6th Cross Road, Govindaraja Nagar",,mixed
blr_1acaeefc88f22b94,"6th Cross Road, Govindaraja Nagar",sixth cross road govindaraja nagar,"6th Cross Road, Govindaraja Nagar",,mixed
blr_1acaeefc88f22b94,"6th Cross Road, Govindaraja Nagar",6th cross road govindaraja nagar,"6th Cross Road, Govindaraja Nagar",,mixed
blr_1acaeefc88f22b94,"6th Cross Road, Govindaraja Nagar",in six cross road govindaraja nagar,"6th Cross Road, Govindaraja Nagar",,mixed
blr_1acaeefc88f22b94,"6th Cross Road, Govindaraja Nagar",near sixth cross road govindaraja nagar,"6th Cross Road, Govindaraja Nagar",,mixed
blr_e694ac412929a4d1,"2nd Cross, Amarjyothi Nagar",second cross amarjyothi nagar,"2nd Cross, Amarjyothi Nagar",,mixed
blr_e694ac412929a4d1,"2nd Cross, Amarjyothi Nagar",2nd cross amarjyothi nagar,"2nd Cross, Amarjyothi Nagar",,mixed
blr_e694ac412929a4d1,"2nd Cross, Amarjyothi Nagar",two cross amarjyothi nagar,"2nd Cross, Amarjyothi Nagar",,mixed
blr_e694ac412929a4d1,"2nd Cross, Amarjyothi Nagar",in second cross amarjyothi nagar,"2nd Cross, Amarjyothi Nagar",,mixed
blr_e694ac412929a4d1,"2nd Cross, Amarjyothi Nagar",near 2nd cross amarjyothi nagar,"2nd Cross, Amarjyothi Nagar",,mixed
blr_b1249f0bc6109044,5th Cross Saraswathi Nagar,5th cross saraswathi nagar,5th Cross Saraswathi Nagar,,mixed
blr_b1249f0bc6109044,5th Cross Saraswathi Nagar,five cross saraswathi nagar,5th Cross Saraswathi Nagar,,mixed
blr_b1249f0bc6109044,5th Cross Saraswathi Nagar,fifth cross saraswathi nagar,5th Cross Saraswathi Nagar,,mixed
blr_b1249f0bc6109044,5th Cross Saraswathi Nagar,in 5th cross saraswathi nagar,5th Cross Saraswathi Nagar,,mixed
blr_b1249f0bc6109044,5th Cross Saraswathi Nagar,near five cross saraswathi nagar,5th Cross Saraswathi Nagar,,mixed
blr_7cd07902f7ce0e2c,"1st Cross, Amarjyothi Nagar",1st cross amarjyothi nagar,"1st Cross, Amarjyothi Nagar",,mixed
blr_7cd07902f7ce0e2c,"1st Cross, Amarjyothi Nagar",in 1st cross amarjyothi nagar,"1st Cross, Amarjyothi Nagar",,mixed
blr_7cd07902f7ce0e2c,"1st Cross, Amarjyothi Nagar",near 1st cross amarjyothi nagar,"1st Cross, Amarjyothi Nagar",,mixed
blr_7cd07902f7ce0e2c,"1st Cross, Amarjyothi Nagar",around 1st cross amarjyothi nagar,"1st Cross, Amarjyothi Nagar",,mixed
blr_7cd07902f7ce0e2c,"1st Cross, Amarjyothi Nagar",1st cross amarjyothi nagar area,"1st Cross, Amarjyothi Nagar",,mixed
blr_83e22231725de2f8,4th Main Road Saraswathi Nagar,4th main road saraswathi nagar,4th Main Road Saraswathi Nagar,,mixed
blr_83e22231725de2f8,4th Main Road Saraswathi Nagar,fourth main road saraswathi nagar,4th Main Road Saraswathi Nagar,,mixed
blr_83e22231725de2f8,4th Main Road Saraswathi Nagar,four main road saraswathi nagar,4th Main Road Saraswathi Nagar,,mixed
blr_83e22231725de2f8,4th Main Road Saraswathi Nagar,in 4th main road saraswathi nagar,4th Main Road Saraswathi Nagar,,mixed
blr_83e22231725de2f8,4th Main Road Saraswathi Nagar,near fourth main road saraswathi nagar,4th Main Road Saraswathi Nagar,,mixed
blr_6f612b76ce9e6690,1st Cross Church Street,1st cross church street,1st Cross Church Street,,mixed
blr_6f612b76ce9e6690,1st Cross Church Street,in 1st cross church street,1st Cross Church Street,,mixed
blr_6f612b76ce9e6690,1st Cross Church Street,near 1st cross church street,1st Cross Church Street,,mixed
blr_6f612b76ce9e6690,1st Cross Church Street,around 1st cross church street,1st Cross Church Street,,mixed
blr_6f612b76ce9e6690,1st Cross Church Street,1st cross church street area,1st Cross Church Street,,mixed
blr_81d71094e2b57682,14th Main - 8th F Cross Road,14th main  eighth f cross road,14th Main - 8th F Cross Road,,mixed
blr_81d71094e2b57682,14th Main - 8th F Cross Road,14th main  8th f cross road,14th Main - 8th F Cross Road,,mixed
blr_81d71094e2b57682,14th Main - 8th F Cross Road,14th main  eight f cross road,14th Main - 8th F Cross Road,,mixed
blr_81d71094e2b57682,14th Main - 8th F Cross Road,1fourth main  8th f cross road,14th Main - 8th F Cross Road,,mixed
blr_81d71094e2b57682,14th Main - 8th F Cross Road,1four main  8th f cross road,14th Main - 8th F Cross Road,,mixed
blr_6b93680d5c0dc547,14th B Main Road,14th b main road,14th B Main Road,,mixed
blr_6b93680d5c0dc547,14th B Main Road,1four b main road,14th B Main Road,,mixed
blr_6b93680d5c0dc547,14th B Main Road,1fourth b main road,14th B Main Road,,mixed
blr_6b93680d5c0dc547,14th B Main Road,in 14th b main road,14th B Main Road,,mixed
blr_6b93680d5c0dc547,14th B Main Road,near 1four b main road,14th B Main Road,,mixed
blr_58967b609902e95a,14th D Main,1fourth d main,14th D Main,,mixed
blr_58967b609902e95a,14th D Main,14th d main,14th D Main,,mixed
blr_58967b609902e95a,14th D Main,1four d main,14th D Main,,mixed
blr_58967b609902e95a,14th D Main,in 1fourth d main,14th D Main,,mixed
blr_58967b609902e95a,14th D Main,near 14th d main,14th D Main,,mixed
blr_f334cc6eb90a65f4,14th C Main,14th c main,14th C Main,,mixed
blr_f334cc6eb90a65f4,14th C Main,1fourth c main,14th C Main,,mixed
blr_f334cc6eb90a65f4,14th C Main,1four c main,14th C Main,,mixed
blr_f334cc6eb90a65f4,14th C Main,in 14th c main,14th C Main,,mixed
blr_f334cc6eb90a65f4,14th C Main,near 1fourth c main,14th C Main,,mixed
blr_80184b3196f7f296,8th D Cross Road,8th d cross road,8 D Cross Road,,mixed
blr_80184b3196f7f296,8th D Cross Road,eighth d cross road,8 D Cross Road,,mixed
blr_80184b3196f7f296,8th D Cross Road,eight d cross road,8 D Cross Road,,mixed
blr_80184b3196f7f296,8th D Cross Road,in 8th d cross road,8 D Cross Road,,mixed
blr_80184b3196f7f296,8th D Cross Road,near eighth d cross road,8 D Cross Road,,mixed
blr_430efb605093106a,ETA Star The Gardens,eta star the gardens,ETA Star The Gardens,,mixed
blr_430efb605093106a,ETA Star The Gardens,in eta star the gardens,ETA Star The Gardens,,mixed
blr_430efb605093106a,ETA Star The Gardens,near eta star the gardens,ETA Star The Gardens,,mixed
blr_430efb605093106a,ETA Star The Gardens,around eta star the gardens,ETA Star The Gardens,,mixed
blr_430efb605093106a,ETA Star The Gardens,eta star the gardens area,ETA Star The Gardens,,mixed
blr_bbeeb086d5333459,10th C Cross Road,10th c cross road,10th C Cross Road,,mixed
blr_bbeeb086d5333459,10th C Cross Road,tenth c cross road,10th C Cross Road,,mixed
blr_bbeeb086d5333459,10th C Cross Road,ten c cross road,10th C Cross Road,,mixed
blr_bbeeb086d5333459,10th C Cross Road,in 10th c cross road,10th C Cross Road,,mixed
blr_bbeeb086d5333459,10th C Cross Road,near tenth c cross road,10th C Cross Road,,mixed
blr_a0ae0dc96b737c0c,"14th Cross, 1st Stage Chandra Layout",14th cross 1st stage chandra layout,"14th Cross, 1st Stage Chandra Layout",,mixed
blr_a0ae0dc96b737c0c,"14th Cross, 1st Stage Chandra Layout",1four cross 1st stage chandra layout,"14th Cross, 1st Stage Chandra Layout",,mixed
blr_a0ae0dc96b737c0c,"14th Cross, 1st Stage Chandra Layout",1fourth cross 1st stage chandra layout,"14th Cross, 1st Stage Chandra Layout",,mixed
blr_a0ae0dc96b737c0c,"14th Cross, 1st Stage Chandra Layout",in 14th cross 1st stage chandra layout,"14th Cross, 1st Stage Chandra Layout",,mixed
blr_a0ae0dc96b737c0c,"14th Cross, 1st Stage Chandra Layout",near 1four cross 1st stage chandra layout,"14th Cross, 1st Stage Chandra Layout",,mixed
blr_d2f2e8265fb997c0,2nd Main Saraswathi nagar,2nd main saraswathi nagar,2nd Main Saraswathi nagar,,mixed
blr_d2f2e8265fb997c0,2nd Main Saraswathi nagar,two main saraswathi nagar,2nd Main Saraswathi nagar,,mixed
blr_d2f2e8265fb997c0,2nd Main Saraswathi nagar,second main saraswathi nagar,2nd Main Saraswathi nagar,,mixed
blr_d2f2e8265fb997c0,2nd Main Saraswathi nagar,in 2nd main saraswathi nagar,2nd Main Saraswathi nagar,,mixed
blr_d2f2e8265fb997c0,2nd Main Saraswathi nagar,near two main saraswathi nagar,2nd Main Saraswathi nagar,,mixed
blr_54e47a065f040930,75th B Cross Road,7fifth b cross road,75th B Cross Road,,mixed
blr_54e47a065f040930,75th B Cross Road,75th b cross road,75th B Cross Road,,mixed
blr_54e47a065f040930,75th B Cross Road,7five b cross road,75th B Cross Road,,mixed
blr_54e47a065f040930,75th B Cross Road,in 7fifth b cross road,75th B Cross Road,,mixed
blr_54e47a065f040930,75th B Cross Road,near 75th b cross road,75th B Cross Road,,mixed
blr_3c6e5df1d103c2f4,69th Cross Road,69th cross road,69th Cross Road,,mixed
blr_3c6e5df1d103c2f4,69th Cross Road,6ninth cross road,69th Cross Road,,mixed
blr_3c6e5df1d103c2f4,69th Cross Road,6nine cross road,69th Cross Road,,mixed
blr_3c6e5df1d103c2f4,69th Cross Road,in 69th cross road,69th Cross Road,,mixed
blr_3c6e5df1d103c2f4,69th Cross Road,near 6ninth cross road,69th Cross Road,,mixed
blr_a8ee334989f0c38b,75th C Cross Road,75th c cross road,75th C Cross Road,,mixed
blr_a8ee334989f0c38b,75th C Cross Road,7five c cross road,75th C Cross Road,,mixed
blr_a8ee334989f0c38b,75th C Cross Road,7fifth c cross road,75th C Cross Road,,mixed
blr_a8ee334989f0c38b,75th C Cross Road,in 75th c cross road,75th C Cross Road,,mixed
blr_a8ee334989f0c38b,75th C Cross Road,near 7five c cross road,75th C Cross Road,,mixed
blr_f8f8734d5fa89fab,12th C Main Road,12th c main road,12th C Main Road,,mixed
blr_f8f8734d5fa89fab,12th C Main Road,in 12th c main road,12th C Main Road,,mixed
blr_f8f8734d5fa89fab,12th C Main Road,near 12th c main road,12th C Main Road,,mixed
blr_f8f8734d5fa89fab,12th C Main Road,around 12th c main road,12th C Main Road,,mixed
blr_f8f8734d5fa89fab,12th C Main Road,12th c main road area,12th C Main Road,,mixed
blr_fbef27943e815b7f,59th C Cross Road,5nine c cross road,59th C Cross Road,,mixed
blr_fbef27943e815b7f,59th C Cross Road,59th c cross road,59th C Cross Road,,mixed
blr_fbef27943e815b7f,59th C Cross Road,5ninth c cross road,59th C Cross Road,,mixed
blr_fbef27943e815b7f,59th C Cross Road,in 5nine c cross road,59th C Cross Road,,mixed
blr_fbef27943e815b7f,59th C Cross Road,near 59th c cross road,59th C Cross Road,,mixed
blr_657ae7f6458dc7b8,65th Cross Road,65th cross road,65th Cross Road,,mixed
blr_657ae7f6458dc7b8,65th Cross Road,6fifth cross road,65th Cross Road,,mixed
blr_657ae7f6458dc7b8,65th Cross Road,6five cross road,65th Cross Road,,mixed
blr_657ae7f6458dc7b8,65th Cross Road,in 65th cross road,65th Cross Road,,mixed
blr_657ae7f6458dc7b8,65th Cross Road,near 6fifth cross road,65th Cross Road,,mixed
blr_0bc1c7f2ba44ea35,63rd Cross Road,63rd cross road,63rd Cross Road,,mixed
blr_0bc1c7f2ba44ea35,63rd Cross Road,6third cross road,63rd Cross Road,,mixed
blr_0bc1c7f2ba44ea35,63rd Cross Road,6three cross road,63rd Cross Road,,mixed
blr_0bc1c7f2ba44ea35,63rd Cross Road,in 63rd cross road,63rd Cross Road,,mixed
blr_0bc1c7f2ba44ea35,63rd Cross Road,near 6third cross road,63rd Cross Road,,mixed
blr_7d7d3318a9e45e99,67th A Cross Road,6seven a cross road,67th A Cross Road,,mixed
blr_7d7d3318a9e45e99,67th A Cross Road,67th a cross road,67th A Cross Road,,mixed
blr_7d7d3318a9e45e99,67th A Cross Road,6seventh a cross road,67th A Cross Road,,mixed
blr_7d7d3318a9e45e99,67th A Cross Road,in 6seven a cross road,67th A Cross Road,,mixed
blr_7d7d3318a9e45e99,67th A Cross Road,near 67th a cross road,67th A Cross Road,,mixed
blr_0246fa28fee2755d,10th F Main Road,ten f main road,10th F Main Road,,mixed
blr_0246fa28fee2755d,10th F Main Road,10th f main road,10th F Main Road,,mixed
blr_0246fa28fee2755d,10th F Main Road,tenth f main road,10th F Main Road,,mixed
blr_0246fa28fee2755d,10th F Main Road,in ten f main road,10th F Main Road,,mixed
blr_0246fa28fee2755d,10th F Main Road,near 10th f main road,10th F Main Road,,mixed
blr_5eeeeda0754e37cc,75th D Cross Road,75th d cross road,75th D Cross Road,,mixed
blr_5eeeeda0754e37cc,75th D Cross Road,7fifth d cross road,75th D Cross Road,,mixed
blr_5eeeeda0754e37cc,75th D Cross Road,7five d cross road,75th D Cross Road,,mixed
blr_5eeeeda0754e37cc,75th D Cross Road,in 75th d cross road,75th D Cross Road,,mixed
blr_5eeeeda0754e37cc,75th D Cross Road,near 7fifth d cross road,75th D Cross Road,,mixed
blr_d8009e827acf54c1,64th Cross Road,64th cross road,64th Cross Road,,mixed
blr_d8009e827acf54c1,64th Cross Road,6four cross road,64th Cross Road,,mixed
blr_d8009e827acf54c1,64th Cross Road,6fourth cross road,64th Cross Road,,mixed
blr_d8009e827acf54c1,64th Cross Road,in 64th cross road,64th Cross Road,,mixed
blr_d8009e827acf54c1,64th Cross Road,near 6four cross road,64th Cross Road,,mixed
blr_ac485f69c80f38aa,62nd Cross Road,6two cross road,62nd Cross Road,,mixed
blr_ac485f69c80f38aa,62nd Cross Road,62nd cross road,62nd Cross Road,,mixed
blr_ac485f69c80f38aa,62nd Cross Road,6second cross road,62nd Cross Road,,mixed
blr_ac485f69c80f38aa,62nd Cross Road,in 6two cross road,62nd Cross Road,,mixed
blr_ac485f69c80f38aa,62nd Cross Road,near 62nd cross road,62nd Cross Road,,mixed
blr_b80a6e3c1d945672,67th Cross Road,6seven cross road,67th Cross Road,,mixed
blr_b80a6e3c1d945672,67th Cross Road,6seventh cross road,67th Cross Road,,mixed
blr_b80a6e3c1d945672,67th Cross Road,67th cross road,67th Cross Road,,mixed
blr_b80a6e3c1d945672,67th Cross Road,in 6seven cross road,67th Cross Road,,mixed
blr_b80a6e3c1d945672,67th Cross Road,near 6seventh cross road,67th Cross Road,,mixed
blr_6fb5ef5f0f3a1d1a,68th Cross Road,68th cross road,68th Cross Road,,mixed
blr_6fb5ef5f0f3a1d1a,68th Cross Road,6eighth cross road,68th Cross Road,,mixed
blr_6fb5ef5f0f3a1d1a,68th Cross Road,6eight cross road,68th Cross Road,,mixed
blr_6fb5ef5f0f3a1d1a,68th Cross Road,in 68th cross road,68th Cross Road,,mixed
blr_6fb5ef5f0f3a1d1a,68th Cross Road,near 6eighth cross road,68th Cross Road,,mixed
blr_1ff3336a417afd32,14th C Cross Road,1four c cross road,14th C Cross Road,,mixed
blr_1ff3336a417afd32,14th C Cross Road,14th c cross road,14th C Cross Road,,mixed
blr_1ff3336a417afd32,14th C Cross Road,1fourth c cross road,14th C Cross Road,,mixed
blr_1ff3336a417afd32,14th C Cross Road,in 1four c cross road,14th C Cross Road,,mixed
blr_1ff3336a417afd32,14th C Cross Road,near 14th c cross road,14th C Cross Road,,mixed
blr_9848a19002ef3cc4,61st Cross Road,61st cross road,61st Cross Road,,mixed
blr_9848a19002ef3cc4,61st Cross Road,in 61st cross road,61st Cross Road,,mixed
blr_9848a19002ef3cc4,61st Cross Road,near 61st cross road,61st Cross Road,,mixed
blr_9848a19002ef3cc4,61st Cross Road,around 61st cross road,61st Cross Road,,mixed
blr_9848a19002ef3cc4,61st Cross Road,61st cross road area,61st Cross Road,,mixed
blr_692dbcf1436ed046,53rd E Cross Road,5third e cross road,53rd E Cross Road,,mixed
blr_692dbcf1436ed046,53rd E Cross Road,5three e cross road,53rd E Cross Road,,mixed
blr_692dbcf1436ed046,53rd E Cross Road,53rd e cross road,53rd E Cross Road,,mixed
blr_692dbcf1436ed046,53rd E Cross Road,in 5third e cross road,53rd E Cross Road,,mixed
blr_692dbcf1436ed046,53rd E Cross Road,near 5three e cross road,53rd E Cross Road,,mixed
blr_1b46958b38015109,75th F Cross Road,7five f cross road,75th F Cross Road,,mixed
blr_1b46958b38015109,75th F Cross Road,7fifth f cross road,75th F Cross Road,,mixed
blr_1b46958b38015109,75th F Cross Road,75th f cross road,75th F Cross Road,,mixed
blr_1b46958b38015109,75th F Cross Road,in 7five f cross road,75th F Cross Road,,mixed
blr_1b46958b38015109,75th F Cross Road,near 7fifth f cross road,75th F Cross Road,,mixed
blr_78c1c5e4f68068cb,12th E Main Road,12th e main road,12th E Main Road,,mixed
blr_78c1c5e4f68068cb,12th E Main Road,in 12th e main road,12th E Main Road,,mixed
blr_78c1c5e4f68068cb,12th E Main Road,near 12th e main road,12th E Main Road,,mixed
blr_78c1c5e4f68068cb,12th E Main Road,around 12th e main road,12th E Main Road,,mixed
blr_78c1c5e4f68068cb,12th E Main Road,12th e main road area,12th E Main Road,,mixed
blr_6f99bb37dd901dde,71st Cross Road,71st cross road,71st Cross Road,,mixed
blr_6f99bb37dd901dde,71st Cross Road,in 71st cross road,71st Cross Road,,mixed
blr_6f99bb37dd901dde,71st Cross Road,near 71st cross road,71st Cross Road,,mixed
blr_6f99bb37dd901dde,71st Cross Road,around 71st cross road,71st Cross Road,,mixed
blr_6f99bb37dd901dde,71st Cross Road,71st cross road area,71st Cross Road,,mixed
blr_d3a2e148a760bd06,75th A Cross Road,75th a cross road,75th A Cross Road,,mixed
blr_d3a2e148a760bd06,75th A Cross Road,7fifth a cross road,75th A Cross Road,,mixed
blr_d3a2e148a760bd06,75th A Cross Road,7five a cross road,75th A Cross Road,,mixed
blr_d3a2e148a760bd06,75th A Cross Road,in 75th a cross road,75th A Cross Road,,mixed
blr_d3a2e148a760bd06,75th A Cross Road,near 7fifth a cross road,75th A Cross Road,,mixed
blr_0162e5f91d6325d6,10th G Main Road,10th g main road,10th G Main Road,,mixed
blr_0162e5f91d6325d6,10th G Main Road,ten g main road,10th G Main Road,,mixed
blr_0162e5f91d6325d6,10th G Main Road,tenth g main road,10th G Main Road,,mixed
blr_0162e5f91d6325d6,10th G Main Road,in 10th g main road,10th G Main Road,,mixed
blr_0162e5f91d6325d6,10th G Main Road,near ten g main road,10th G Main Road,,mixed
blr_e9943c0f2183402d,76th C Cross Road,7sixth c cross road,76th C Cross Road,,mixed
blr_e9943c0f2183402d,76th C Cross Road,7six c cross road,76th C Cross Road,,mixed
blr_e9943c0f2183402d,76th C Cross Road,76th c cross road,76th C Cross Road,,mixed
blr_e9943c0f2183402d,76th C Cross Road,in 7sixth c cross road,76th C Cross Road,,mixed
blr_e9943c0f2183402d,76th C Cross Road,near 7six c cross road,76th C Cross Road,,mixed
blr_23db622af1f7c123,52nd Cross Road,5second cross road,52nd Cross Road,,mixed
blr_23db622af1f7c123,52nd Cross Road,5two cross road,52nd Cross Road,,mixed
blr_23db622af1f7c123,52nd Cross Road,52nd cross road,52nd Cross Road,,mixed
blr_23db622af1f7c123,52nd Cross Road,in 5second cross road,52nd Cross Road,,mixed
blr_23db622af1f7c123,52nd Cross Road,near 5two cross road,52nd Cross Road,,mixed
blr_cb1f858583b6a044,72nd Cross Road,72nd cross road,72nd Cross Road,,mixed
blr_cb1f858583b6a044,72nd Cross Road,7two cross road,72nd Cross Road,,mixed
blr_cb1f858583b6a044,72nd Cross Road,7second cross road,72nd Cross Road,,mixed
blr_cb1f858583b6a044,72nd Cross Road,in 72nd cross road,72nd Cross Road,,mixed
blr_cb1f858583b6a044,72nd Cross Road,near 7two cross road,72nd Cross Road,,mixed
blr_f87f45cf29805cb7,12th D Main Road,12th d main road,12th D Main Road,,mixed
blr_f87f45cf29805cb7,12th D Main Road,in 12th d main road,12th D Main Road,,mixed
blr_f87f45cf29805cb7,12th D Main Road,near 12th d main road,12th D Main Road,,mixed
blr_f87f45cf29805cb7,12th D Main Road,around 12th d main road,12th D Main Road,,mixed
blr_f87f45cf29805cb7,12th D Main Road,12th d main road area,12th D Main Road,,mixed
blr_4f000f1f8f69c54f,70th Cross Road,70th cross road,70th Cross Road,,mixed
blr_4f000f1f8f69c54f,70th Cross Road,in 70th cross road,70th Cross Road,,mixed
blr_4f000f1f8f69c54f,70th Cross Road,near 70th cross road,70th Cross Road,,mixed
blr_4f000f1f8f69c54f,70th Cross Road,around 70th cross road,70th Cross Road,,mixed
blr_4f000f1f8f69c54f,70th Cross Road,70th cross road area,70th Cross Road,,mixed
blr_c09a0b6c30379b8c,75th E Cross Road,75th e cross road,75th E Cross Road,,mixed
blr_c09a0b6c30379b8c,75th E Cross Road,7five e cross road,75th E Cross Road,,mixed
blr_c09a0b6c30379b8c,75th E Cross Road,7fifth e cross road,75th E Cross Road,,mixed
blr_c09a0b6c30379b8c,75th E Cross Road,in 75th e cross road,75th E Cross Road,,mixed
blr_c09a0b6c30379b8c,75th E Cross Road,near 7five e cross road,75th E Cross Road,,mixed
blr_78fe4a5623a7bc88,74th C Cross Road,74th c cross road,74th C Cross Road,,mixed
blr_78fe4a5623a7bc88,74th C Cross Road,7four c cross road,74th C Cross Road,,mixed
blr_78fe4a5623a7bc88,74th C Cross Road,7fourth c cross road,74th C Cross Road,,mixed
blr_78fe4a5623a7bc88,74th C Cross Road,in 74th c cross road,74th C Cross Road,,mixed
blr_78fe4a5623a7bc88,74th C Cross Road,near 7four c cross road,74th C Cross Road,,mixed
blr_89b70fd4a974e515,34th B Cross Road,3fourth b cross road,34th B Cross Road,,mixed
blr_89b70fd4a974e515,34th B Cross Road,3four b cross road,34th B Cross Road,,mixed
blr_89b70fd4a974e515,34th B Cross Road,34th b cross road,34th B Cross Road,,mixed
blr_89b70fd4a974e515,34th B Cross Road,in 3fourth b cross road,34th B Cross Road,,mixed
blr_89b70fd4a974e515,34th B Cross Road,near 3four b cross road,34th B Cross Road,,mixed
blr_143acb9574f014df,19th A Main Road,19th a main road,19th A Main Road,,mixed
blr_143acb9574f014df,19th A Main Road,1nine a main road,19th A Main Road,,mixed
blr_143acb9574f014df,19th A Main Road,1ninth a main road,19th A Main Road,,mixed
blr_143acb9574f014df,19th A Main Road,in 19th a main road,19th A Main Road,,mixed
blr_143acb9574f014df,19th A Main Road,near 1nine a main road,19th A Main Road,,mixed
blr_cd512eaf191221fa,1st J Cross,1st j cross,1st J Cross,,mixed
blr_cd512eaf191221fa,1st J Cross,in 1st j cross,1st J Cross,,mixed
blr_cd512eaf191221fa,1st J Cross,near 1st j cross,1st J Cross,,mixed
blr_cd512eaf191221fa,1st J Cross,around 1st j cross,1st J Cross,,mixed
blr_cd512eaf191221fa,1st J Cross,1st j cross area,1st J Cross,,mixed
blr_0f4619148f524452,1st I Cross,1st i cross,1st I Cross,,mixed
blr_0f4619148f524452,1st I Cross,in 1st i cross,1st I Cross,,mixed
blr_0f4619148f524452,1st I Cross,near 1st i cross,1st I Cross,,mixed
blr_0f4619148f524452,1st I Cross,around 1st i cross,1st I Cross,,mixed
blr_0f4619148f524452,1st I Cross,1st i cross area,1st I Cross,,mixed
blr_a4c1645c0d8774ce,1st H Cross Road,1st h cross road,1st H Cross Road,,mixed
blr_a4c1645c0d8774ce,1st H Cross Road,in 1st h cross road,1st H Cross Road,,mixed
blr_a4c1645c0d8774ce,1st H Cross Road,near 1st h cross road,1st H Cross Road,,mixed
blr_a4c1645c0d8774ce,1st H Cross Road,around 1st h cross road,1st H Cross Road,,mixed
blr_a4c1645c0d8774ce,1st H Cross Road,1st h cross road area,1st H Cross Road,,mixed
blr_32bb924015211d52,BMTC Service Road,bmtc service road,BMTC Service Road,,mixed
blr_32bb924015211d52,BMTC Service Road,in bmtc service road,BMTC Service Road,,mixed
blr_32bb924015211d52,BMTC Service Road,near bmtc service road,BMTC Service Road,,mixed
blr_32bb924015211d52,BMTC Service Road,around bmtc service road,BMTC Service Road,,mixed
blr_32bb924015211d52,BMTC Service Road,bmtc service road area,BMTC Service Road,,mixed
blr_2937f3365e096b3c,Samhita Rainbow MTB,samhita rainbow mtb,Samhita Rainbow MTB,,mixed
blr_2937f3365e096b3c,Samhita Rainbow MTB,in samhita rainbow mtb,Samhita Rainbow MTB,,mixed
blr_2937f3365e096b3c,Samhita Rainbow MTB,near samhita rainbow mtb,Samhita Rainbow MTB,,mixed
blr_2937f3365e096b3c,Samhita Rainbow MTB,around samhita rainbow mtb,Samhita Rainbow MTB,,mixed
blr_2937f3365e096b3c,Samhita Rainbow MTB,samhita rainbow mtb area,Samhita Rainbow MTB,,mixed
blr_4e547fd321657d8e,BWSSB Service Road,bwssb service road,BWSSB Service Road,,mixed
blr_4e547fd321657d8e,BWSSB Service Road,in bwssb service road,BWSSB Service Road,,mixed
blr_4e547fd321657d8e,BWSSB Service Road,near bwssb service road,BWSSB Service Road,,mixed
blr_4e547fd321657d8e,BWSSB Service Road,around bwssb service road,BWSSB Service Road,,mixed
blr_4e547fd321657d8e,BWSSB Service Road,bwssb service road area,BWSSB Service Road,,mixed
blr_a936d12dc05860f0,12th Cross Street,12th cross street,12th Cross Street,,mixed
blr_a936d12dc05860f0,12th Cross Street,in 12th cross street,12th Cross Street,,mixed
blr_a936d12dc05860f0,12th Cross Street,near 12th cross street,12th Cross Street,,mixed
blr_a936d12dc05860f0,12th Cross Street,around 12th cross street,12th Cross Street,,mixed
blr_a936d12dc05860f0,12th Cross Street,12th cross street area,12th Cross Street,,mixed
blr_7a391f5db1e5bab1,10th I Cross Street,ten i cross street,10th I Cross Street,,mixed
blr_7a391f5db1e5bab1,10th I Cross Street,tenth i cross street,10th I Cross Street,,mixed
blr_7a391f5db1e5bab1,10th I Cross Street,10th i cross street,10th I Cross Street,,mixed
blr_7a391f5db1e5bab1,10th I Cross Street,in ten i cross street,10th I Cross Street,,mixed
blr_7a391f5db1e5bab1,10th I Cross Street,near tenth i cross street,10th I Cross Street,,mixed
blr_1e751e86abecbaf1,2nd Cross Shiva Mandir Road,second cross shiva mandir road,2nd Cross Shiva Mandir Road,,mixed
blr_1e751e86abecbaf1,2nd Cross Shiva Mandir Road,2nd cross shiva mandir road,2nd Cross Shiva Mandir Road,,mixed
blr_1e751e86abecbaf1,2nd Cross Shiva Mandir Road,two cross shiva mandir road,2nd Cross Shiva Mandir Road,,mixed
blr_1e751e86abecbaf1,2nd Cross Shiva Mandir Road,in second cross shiva mandir road,2nd Cross Shiva Mandir Road,,mixed
blr_1e751e86abecbaf1,2nd Cross Shiva Mandir Road,near 2nd cross shiva mandir road,2nd Cross Shiva Mandir Road,,mixed
blr_b158b2470f3d80ba,10th K Cross St,10th k cross st,10th K Cross St,,mixed
blr_b158b2470f3d80ba,10th K Cross St,tenth k cross st,10th K Cross St,,mixed
blr_b158b2470f3d80ba,10th K Cross St,ten k cross st,10th K Cross St,,mixed
blr_b158b2470f3d80ba,10th K Cross St,in 10th k cross st,10th K Cross St,,mixed
blr_b158b2470f3d80ba,10th K Cross St,near tenth k cross st,10th K Cross St,,mixed
blr_e490df3632166054,10th J Cross Street,tenth j cross street,10th J Cross Street,,mixed
blr_e490df3632166054,10th J Cross Street,10th j cross street,10th J Cross Street,,mixed
blr_e490df3632166054,10th J Cross Street,ten j cross street,10th J Cross Street,,mixed
blr_e490df3632166054,10th J Cross Street,in tenth j cross street,10th J Cross Street,,mixed
blr_e490df3632166054,10th J Cross Street,near 10th j cross street,10th J Cross Street,,mixed
blr_e1c67530b0a3d39a,14th Cross Street,14th cross street,14th Cross Street,,mixed
blr_e1c67530b0a3d39a,14th Cross Street,1four cross street,14th Cross Street,,mixed
blr_e1c67530b0a3d39a,14th Cross Street,1fourth cross street,14th Cross Street,,mixed
blr_e1c67530b0a3d39a,14th Cross Street,in 14th cross street,14th Cross Street,,mixed
blr_e1c67530b0a3d39a,14th Cross Street,near 1four cross street,14th Cross Street,,mixed
blr_0e9cdc415f30e895,"13th Cross, Kaggadasapura",13th cross kaggadasapura,"13th Cross, Kaggadasapura",,mixed
blr_0e9cdc415f30e895,"13th Cross, Kaggadasapura",in 13th cross kaggadasapura,"13th Cross, Kaggadasapura",,mixed
blr_0e9cdc415f30e895,"13th Cross, Kaggadasapura",near 13th cross kaggadasapura,"13th Cross, Kaggadasapura",,mixed
blr_0e9cdc415f30e895,"13th Cross, Kaggadasapura",around 13th cross kaggadasapura,"13th Cross, Kaggadasapura",,mixed
blr_0e9cdc415f30e895,"13th Cross, Kaggadasapura",13th cross kaggadasapura area,"13th Cross, Kaggadasapura",,mixed
blr_9b61ffb32d4fffc2,5th North Cross Road,5th north cross road,5th North Cross Road,,mixed
blr_9b61ffb32d4fffc2,5th North Cross Road,fifth north cross road,5th North Cross Road,,mixed
blr_9b61ffb32d4fffc2,5th North Cross Road,five north cross road,5th North Cross Road,,mixed
blr_9b61ffb32d4fffc2,5th North Cross Road,in 5th north cross road,5th North Cross Road,,mixed
blr_9b61ffb32d4fffc2,5th North Cross Road,near fifth north cross road,5th North Cross Road,,mixed
blr_e726cc44e84bfcb3,10th E Cross Road,ten e cross road,10th E Cross Road,,mixed
blr_e726cc44e84bfcb3,10th E Cross Road,tenth e cross road,10th E Cross Road,,mixed
blr_e726cc44e84bfcb3,10th E Cross Road,10th e cross road,10th E Cross Road,,mixed
blr_e726cc44e84bfcb3,10th E Cross Road,in ten e cross road,10th E Cross Road,,mixed
blr_e726cc44e84bfcb3,10th E Cross Road,near tenth e cross road,10th E Cross Road,,mixed
blr_2fd8143b195f996c,"2nd Cross, Kalidasa Road",two cross kalidasa road,"2nd Cross, Kalidasa Road",,mixed
blr_2fd8143b195f996c,"2nd Cross, Kalidasa Road",2nd cross kalidasa road,"2nd Cross, Kalidasa Road",,mixed
blr_2fd8143b195f996c,"2nd Cross, Kalidasa Road",second cross kalidasa road,"2nd Cross, Kalidasa Road",,mixed
blr_2fd8143b195f996c,"2nd Cross, Kalidasa Road",in two cross kalidasa road,"2nd Cross, Kalidasa Road",,mixed
blr_2fd8143b195f996c,"2nd Cross, Kalidasa Road",near 2nd cross kalidasa road,"2nd Cross, Kalidasa Road",,mixed
blr_0c4c85ab63cee706,"Income Tax Layout, Sadananda Nagar, NGEF Layout",income tax layout sadananda nagar ngef layout,"Income Tax Layout, Sadananda Nagar, NGEF Layout",,mixed
blr_0c4c85ab63cee706,"Income Tax Layout, Sadananda Nagar, NGEF Layout",in income tax layout sadananda nagar ngef layout,"Income Tax Layout, Sadananda Nagar, NGEF Layout",,mixed
blr_0c4c85ab63cee706,"Income Tax Layout, Sadananda Nagar, NGEF Layout",near income tax layout sadananda nagar ngef layout,"Income Tax Layout, Sadananda Nagar, NGEF Layout",,mixed
blr_0c4c85ab63cee706,"Income Tax Layout, Sadananda Nagar, NGEF Layout",around income tax layout sadananda nagar ngef layout,"Income Tax Layout, Sadananda Nagar, NGEF Layout",,mixed
blr_0c4c85ab63cee706,"Income Tax Layout, Sadananda Nagar, NGEF Layout",income tax layout sadananda nagar ngef layout area,"Income Tax Layout, Sadananda Nagar, NGEF Layout",,mixed
blr_3266b09695bc8f9f,SRK Gardens Apartments,srk gardens apartments,SRK Gardens Apartments,,mixed
blr_3266b09695bc8f9f,SRK Gardens Apartments,in srk gardens apartments,SRK Gardens Apartments,,mixed
blr_3266b09695bc8f9f,SRK Gardens Apartments,near srk gardens apartments,SRK Gardens Apartments,,mixed
blr_3266b09695bc8f9f,SRK Gardens Apartments,around srk gardens apartments,SRK Gardens Apartments,,mixed
blr_3266b09695bc8f9f,SRK Gardens Apartments,srk gardens apartments area,SRK Gardens Apartments,,mixed
blr_fae18aa949bddb2e,"2nd Main, Manivilas garden",two main manivilas garden,"2nd Main, Manivilas garden",,mixed
blr_fae18aa949bddb2e,"2nd Main, Manivilas garden",second main manivilas garden,"2nd Main, Manivilas garden",,mixed
blr_fae18aa949bddb2e,"2nd Main, Manivilas garden",2nd main manivilas garden,"2nd Main, Manivilas garden",,mixed
blr_fae18aa949bddb2e,"2nd Main, Manivilas garden",in two main manivilas garden,"2nd Main, Manivilas garden",,mixed
blr_fae18aa949bddb2e,"2nd Main, Manivilas garden",near second main manivilas garden,"2nd Main, Manivilas garden",,mixed
blr_c05036441ee58d58,3d Cross Road - Kurubarೋhalli,3d cross road  kurubarhalli,3d Cross Road - Kurubarೋhalli,,mixed
blr_c05036441ee58d58,3d Cross Road - Kurubarೋhalli,in 3d cross road  kurubarhalli,3d Cross Road - Kurubarೋhalli,,mixed
blr_c05036441ee58d58,3d Cross Road - Kurubarೋhalli,near 3d cross road  kurubarhalli,3d Cross Road - Kurubarೋhalli,,mixed
blr_c05036441ee58d58,3d Cross Road - Kurubarೋhalli,around 3d cross road  kurubarhalli,3d Cross Road - Kurubarೋhalli,,mixed
blr_c05036441ee58d58,3d Cross Road - Kurubarೋhalli,3d cross road  kurubarhalli area,3d Cross Road - Kurubarೋhalli,,mixed
blr_f7a66cca40554864,CNR Rao Underpass,cnr rao underpass,CNR Rao Underpass,,mixed
blr_f7a66cca40554864,CNR Rao Underpass,in cnr rao underpass,CNR Rao Underpass,,mixed
blr_f7a66cca40554864,CNR Rao Underpass,near cnr rao underpass,CNR Rao Underpass,,mixed
blr_f7a66cca40554864,CNR Rao Underpass,around cnr rao underpass,CNR Rao Underpass,,mixed
blr_f7a66cca40554864,CNR Rao Underpass,cnr rao underpass area,CNR Rao Underpass,,mixed
blr_0ef4dbed43655511,10th D Cross Road,10th d cross road,10th D Cross Road,,mixed
blr_0ef4dbed43655511,10th D Cross Road,tenth d cross road,10th D Cross Road,,mixed
blr_0ef4dbed43655511,10th D Cross Road,ten d cross road,10th D Cross Road,,mixed
blr_0ef4dbed43655511,10th D Cross Road,in 10th d cross road,10th D Cross Road,,mixed
blr_0ef4dbed43655511,10th D Cross Road,near tenth d cross road,10th D Cross Road,,mixed
blr_2294296166bb2fbc,"19th Main, Nandini Layout",19th main nandini layout,"19th Main, Nandini Layout",,mixed
blr_2294296166bb2fbc,"19th Main, Nandini Layout",1nine main nandini layout,"19th Main, Nandini Layout",,mixed
blr_2294296166bb2fbc,"19th Main, Nandini Layout",1ninth main nandini layout,"19th Main, Nandini Layout",,mixed
blr_2294296166bb2fbc,"19th Main, Nandini Layout",in 19th main nandini layout,"19th Main, Nandini Layout",,mixed
blr_2294296166bb2fbc,"19th Main, Nandini Layout",near 1nine main nandini layout,"19th Main, Nandini Layout",,mixed
blr_5eeac9aa09b0ed36,"Krishna Rajendra Road, KR Road",krishna rajendra road kr road,"Krishna Rajendra Road, KR Road",,mixed
blr_5eeac9aa09b0ed36,"Krishna Rajendra Road, KR Road",in krishna rajendra road kr road,"Krishna Rajendra Road, KR Road",,mixed
blr_5eeac9aa09b0ed36,"Krishna Rajendra Road, KR Road",near krishna rajendra road kr road,"Krishna Rajendra Road, KR Road",,mixed
blr_5eeac9aa09b0ed36,"Krishna Rajendra Road, KR Road",around krishna rajendra road kr road,"Krishna Rajendra Road, KR Road",,mixed
blr_5eeac9aa09b0ed36,"Krishna Rajendra Road, KR Road",krishna rajendra road kr road area,"Krishna Rajendra Road, KR Road",,mixed
blr_97ce703a1f82b9ba,2nd Ayyappa Swamy Temple Road,2nd ayyappa swamy temple road,2nd Ayyappa Swamy Temple Road,,mixed
blr_97ce703a1f82b9ba,2nd Ayyappa Swamy Temple Road,two ayyappa swamy temple road,2nd Ayyappa Swamy Temple Road,,mixed
blr_97ce703a1f82b9ba,2nd Ayyappa Swamy Temple Road,second ayyappa swamy temple road,2nd Ayyappa Swamy Temple Road,,mixed
blr_97ce703a1f82b9ba,2nd Ayyappa Swamy Temple Road,in 2nd ayyappa swamy temple road,2nd Ayyappa Swamy Temple Road,,mixed
blr_97ce703a1f82b9ba,2nd Ayyappa Swamy Temple Road,near two ayyappa swamy temple road,2nd Ayyappa Swamy Temple Road,,mixed
blr_bf1d0dc19da44083,3rd Ramamandira Road,3rd ramamandira road,3rd Ramamandira Road,,mixed
blr_bf1d0dc19da44083,3rd Ramamandira Road,third ramamandira road,3rd Ramamandira Road,,mixed
blr_bf1d0dc19da44083,3rd Ramamandira Road,three ramamandira road,3rd Ramamandira Road,,mixed
blr_bf1d0dc19da44083,3rd Ramamandira Road,in 3rd ramamandira road,3rd Ramamandira Road,,mixed
blr_bf1d0dc19da44083,3rd Ramamandira Road,near third ramamandira road,3rd Ramamandira Road,,mixed
blr_a02c1311dcb538bf,15th Cross Street,1five cross street,15th Cross Street,,mixed
blr_a02c1311dcb538bf,15th Cross Street,15th cross street,15th Cross Street,,mixed
blr_a02c1311dcb538bf,15th Cross Street,1fifth cross street,15th Cross Street,,mixed
blr_a02c1311dcb538bf,15th Cross Street,in 1five cross street,15th Cross Street,,mixed
blr_a02c1311dcb538bf,15th Cross Street,near 15th cross street,15th Cross Street,,mixed
blr_19990b65d414afd5,14th K Cross,1fourth k cross,14th K Cross,,mixed
blr_19990b65d414afd5,14th K Cross,14th k cross,14th K Cross,,mixed
blr_19990b65d414afd5,14th K Cross,1four k cross,14th K Cross,,mixed
blr_19990b65d414afd5,14th K Cross,in 1fourth k cross,14th K Cross,,mixed
blr_19990b65d414afd5,14th K Cross,near 14th k cross,14th K Cross,,mixed
blr_8f227e7ffa825a50,R.H.B. Colony 1st Main Road,rhb colony 1st main road,R.H.B. Colony 1st Main Road,,mixed
blr_8f227e7ffa825a50,R.H.B. Colony 1st Main Road,in rhb colony 1st main road,R.H.B. Colony 1st Main Road,,mixed
blr_8f227e7ffa825a50,R.H.B. Colony 1st Main Road,near rhb colony 1st main road,R.H.B. Colony 1st Main Road,,mixed
blr_8f227e7ffa825a50,R.H.B. Colony 1st Main Road,around rhb colony 1st main road,R.H.B. Colony 1st Main Road,,mixed
blr_8f227e7ffa825a50,R.H.B. Colony 1st Main Road,rhb colony 1st main road area,R.H.B. Colony 1st Main Road,,mixed
blr_81ad9b6ac4394170,"3rd Cross, B.Chikkanna Layout, Maheshwari Nagar",3rd cross bchikkanna layout maheshwari nagar,"3rd Cross, B.Chikkanna Layout, Maheshwari Nagar",,mixed
blr_81ad9b6ac4394170,"3rd Cross, B.Chikkanna Layout, Maheshwari Nagar",three cross bchikkanna layout maheshwari nagar,"3rd Cross, B.Chikkanna Layout, Maheshwari Nagar",,mixed
blr_81ad9b6ac4394170,"3rd Cross, B.Chikkanna Layout, Maheshwari Nagar",third cross bchikkanna layout maheshwari nagar,"3rd Cross, B.Chikkanna Layout, Maheshwari Nagar",,mixed
blr_81ad9b6ac4394170,"3rd Cross, B.Chikkanna Layout, Maheshwari Nagar",in 3rd cross bchikkanna layout maheshwari nagar,"3rd Cross, B.Chikkanna Layout, Maheshwari Nagar",,mixed
blr_81ad9b6ac4394170,"3rd Cross, B.Chikkanna Layout, Maheshwari Nagar",near three cross bchikkanna layout maheshwari nagar,"3rd Cross, B.Chikkanna Layout, Maheshwari Nagar",,mixed
blr_0c73d111a90c27f6,"4th Cross, B.Chikkanna Layout, Maheshwari Nagar",fourth cross bchikkanna layout maheshwari nagar,"4th Cross, B.Chikkanna Layout, Maheshwari Nagar",,mixed
blr_0c73d111a90c27f6,"4th Cross, B.Chikkanna Layout, Maheshwari Nagar",four cross bchikkanna layout maheshwari nagar,"4th Cross, B.Chikkanna Layout, Maheshwari Nagar",,mixed
blr_0c73d111a90c27f6,"4th Cross, B.Chikkanna Layout, Maheshwari Nagar",4th cross bchikkanna layout maheshwari nagar,"4th Cross, B.Chikkanna Layout, Maheshwari Nagar",,mixed
blr_0c73d111a90c27f6,"4th Cross, B.Chikkanna Layout, Maheshwari Nagar",in fourth cross bchikkanna layout maheshwari nagar,"4th Cross, B.Chikkanna Layout, Maheshwari Nagar",,mixed
blr_0c73d111a90c27f6,"4th Cross, B.Chikkanna Layout, Maheshwari Nagar",near four cross bchikkanna layout maheshwari nagar,"4th Cross, B.Chikkanna Layout, Maheshwari Nagar",,mixed
blr_f2c3fb7071aed2fb,"1st Cross, B.Chikkanna Layout, Maheshwari Nagar",1st cross bchikkanna layout maheshwari nagar,"1st Cross, B.Chikkanna Layout, Maheshwari Nagar",,mixed
blr_f2c3fb7071aed2fb,"1st Cross, B.Chikkanna Layout, Maheshwari Nagar",in 1st cross bchikkanna layout maheshwari nagar,"1st Cross, B.Chikkanna Layout, Maheshwari Nagar",,mixed
blr_f2c3fb7071aed2fb,"1st Cross, B.Chikkanna Layout, Maheshwari Nagar",near 1st cross bchikkanna layout maheshwari nagar,"1st Cross, B.Chikkanna Layout, Maheshwari Nagar",,mixed
blr_f2c3fb7071aed2fb,"1st Cross, B.Chikkanna Layout, Maheshwari Nagar",around 1st cross bchikkanna layout maheshwari nagar,"1st Cross, B.Chikkanna Layout, Maheshwari Nagar",,mixed
blr_f2c3fb7071aed2fb,"1st Cross, B.Chikkanna Layout, Maheshwari Nagar",1st cross bchikkanna layout maheshwari nagar area,"1st Cross, B.Chikkanna Layout, Maheshwari Nagar",,mixed
blr_f7a76f3d4dcd8e6e,"2nd Cross, B.Chikkanna Layout, Maheshwari Nagar",two cross bchikkanna layout maheshwari nagar,"2nd Cross, B.Chikkanna Layout, Maheshwari Nagar",,mixed
blr_f7a76f3d4dcd8e6e,"2nd Cross, B.Chikkanna Layout, Maheshwari Nagar",second cross bchikkanna layout maheshwari nagar,"2nd Cross, B.Chikkanna Layout, Maheshwari Nagar",,mixed
blr_f7a76f3d4dcd8e6e,"2nd Cross, B.Chikkanna Layout, Maheshwari Nagar",2nd cross bchikkanna layout maheshwari nagar,"2nd Cross, B.Chikkanna Layout, Maheshwari Nagar",,mixed
blr_f7a76f3d4dcd8e6e,"2nd Cross, B.Chikkanna Layout, Maheshwari Nagar",in two cross bchikkanna layout maheshwari nagar,"2nd Cross, B.Chikkanna Layout, Maheshwari Nagar",,mixed
blr_f7a76f3d4dcd8e6e,"2nd Cross, B.Chikkanna Layout, Maheshwari Nagar",near second cross bchikkanna layout maheshwari nagar,"2nd Cross, B.Chikkanna Layout, Maheshwari Nagar",,mixed
blr_f58550c8057429c3,3rd Cross Versova Layout,third cross versova layout,3rd Cross Versova Layout,,mixed
blr_f58550c8057429c3,3rd Cross Versova Layout,3rd cross versova layout,3rd Cross Versova Layout,,mixed
blr_f58550c8057429c3,3rd Cross Versova Layout,three cross versova layout,3rd Cross Versova Layout,,mixed
blr_f58550c8057429c3,3rd Cross Versova Layout,in third cross versova layout,3rd Cross Versova Layout,,mixed
blr_f58550c8057429c3,3rd Cross Versova Layout,near 3rd cross versova layout,3rd Cross Versova Layout,,mixed
blr_dc6f2b3cbbe19b5b,2nd Cross Versova Layout,two cross versova layout,2nd Cross Versova Layout,,mixed
blr_dc6f2b3cbbe19b5b,2nd Cross Versova Layout,2nd cross versova layout,2nd Cross Versova Layout,,mixed
blr_dc6f2b3cbbe19b5b,2nd Cross Versova Layout,second cross versova layout,2nd Cross Versova Layout,,mixed
blr_dc6f2b3cbbe19b5b,2nd Cross Versova Layout,in two cross versova layout,2nd Cross Versova Layout,,mixed
blr_dc6f2b3cbbe19b5b,2nd Cross Versova Layout,near 2nd cross versova layout,2nd Cross Versova Layout,,mixed
blr_4d6ecd309e436fe9,29th B Cross Road,29th b cross road,29th B Cross Road,,mixed
blr_4d6ecd309e436fe9,29th B Cross Road,2nine b cross road,29th B Cross Road,,mixed
blr_4d6ecd309e436fe9,29th B Cross Road,2ninth b cross road,29th B Cross Road,,mixed
blr_4d6ecd309e436fe9,29th B Cross Road,in 29th b cross road,29th B Cross Road,,mixed
blr_4d6ecd309e436fe9,29th B Cross Road,near 2nine b cross road,29th B Cross Road,,mixed
blr_cabe8c89d4b21c48,17th Cross,17th cross,17th Cross,,mixed
blr_cabe8c89d4b21c48,17th Cross,1seven cross,17th Cross,,mixed
blr_cabe8c89d4b21c48,17th Cross,1seventh cross,17th Cross,,mixed
blr_cabe8c89d4b21c48,17th Cross,in 17th cross,17th Cross,,mixed
blr_cabe8c89d4b21c48,17th Cross,near 1seven cross,17th Cross,,mixed
blr_0c4dd9d108a7612d,22nd Cross,2two cross,22nd Cross,,mixed
blr_0c4dd9d108a7612d,22nd Cross,22nd cross,22nd Cross,,mixed
blr_0c4dd9d108a7612d,22nd Cross,2second cross,22nd Cross,,mixed
blr_0c4dd9d108a7612d,22nd Cross,in 2two cross,22nd Cross,,mixed
blr_0c4dd9d108a7612d,22nd Cross,near 22nd cross,22nd Cross,,mixed
blr_cb44dbf72ab659f9,"13th - C Cross / 19th - G Cross, Kaggadasapura",13th  c cross  19th  g cross kaggadasapura,"13th - C Cross / 19th - G Cross, Kaggadasapura",,mixed
blr_cb44dbf72ab659f9,"13th - C Cross / 19th - G Cross, Kaggadasapura",13th  c cross  1ninth  g cross kaggadasapura,"13th - C Cross / 19th - G Cross, Kaggadasapura",,mixed
blr_cb44dbf72ab659f9,"13th - C Cross / 19th - G Cross, Kaggadasapura",13th  c cross  1nine  g cross kaggadasapura,"13th - C Cross / 19th - G Cross, Kaggadasapura",,mixed
blr_cb44dbf72ab659f9,"13th - C Cross / 19th - G Cross, Kaggadasapura",in 13th  c cross  19th  g cross kaggadasapura,"13th - C Cross / 19th - G Cross, Kaggadasapura",,mixed
blr_cb44dbf72ab659f9,"13th - C Cross / 19th - G Cross, Kaggadasapura",near 13th  c cross  1ninth  g cross kaggadasapura,"13th - C Cross / 19th - G Cross, Kaggadasapura",,mixed
blr_6c86b2e166b479bc,"19th - F Cross, Kaggadasapura",1nine  f cross kaggadasapura,"19th - F Cross, Kaggadasapura",,mixed
blr_6c86b2e166b479bc,"19th - F Cross, Kaggadasapura",1ninth  f cross kaggadasapura,"19th - F Cross, Kaggadasapura",,mixed
blr_6c86b2e166b479bc,"19th - F Cross, Kaggadasapura",19th  f cross kaggadasapura,"19th - F Cross, Kaggadasapura",,mixed
blr_6c86b2e166b479bc,"19th - F Cross, Kaggadasapura",in 1nine  f cross kaggadasapura,"19th - F Cross, Kaggadasapura",,mixed
blr_6c86b2e166b479bc,"19th - F Cross, Kaggadasapura",near 1ninth  f cross kaggadasapura,"19th - F Cross, Kaggadasapura",,mixed
blr_2d0308c642c7d9ea,Garden City 30 Feet Road,garden city 30 feet road,Garden City 30 Feet Road,,mixed
blr_2d0308c642c7d9ea,Garden City 30 Feet Road,in garden city 30 feet road,Garden City 30 Feet Road,,mixed
blr_2d0308c642c7d9ea,Garden City 30 Feet Road,near garden city 30 feet road,Garden City 30 Feet Road,,mixed
blr_2d0308c642c7d9ea,Garden City 30 Feet Road,around garden city 30 feet road,Garden City 30 Feet Road,,mixed
blr_2d0308c642c7d9ea,Garden City 30 Feet Road,garden city 30 feet road area,Garden City 30 Feet Road,,mixed
blr_e2f8fc889f0a5729,Christ the King School Road,christ the king school road,Christ the King School Road,,mixed
blr_e2f8fc889f0a5729,Christ the King School Road,in christ the king school road,Christ the King School Road,,mixed
blr_e2f8fc889f0a5729,Christ the King School Road,near christ the king school road,Christ the King School Road,,mixed
blr_e2f8fc889f0a5729,Christ the King School Road,around christ the king school road,Christ the King School Road,,mixed
blr_e2f8fc889f0a5729,Christ the King School Road,christ the king school road area,Christ the King School Road,,mixed
blr_1fd379893c2d70ec,Shanthi Layout Main road,shanthi layout main road,Shanthi Layout Main road,,mixed
blr_1fd379893c2d70ec,Shanthi Layout Main road,in shanthi layout main road,Shanthi Layout Main road,,mixed
blr_1fd379893c2d70ec,Shanthi Layout Main road,near shanthi layout main road,Shanthi Layout Main road,,mixed
blr_1fd379893c2d70ec,Shanthi Layout Main road,around shanthi layout main road,Shanthi Layout Main road,,mixed
blr_1fd379893c2d70ec,Shanthi Layout Main road,shanthi layout main road area,Shanthi Layout Main road,,mixed
blr_5826715fb3c66932,17th Cross St,1seven cross st,17th Cross St,,mixed
blr_5826715fb3c66932,17th Cross St,1seventh cross st,17th Cross St,,mixed
blr_5826715fb3c66932,17th Cross St,17th cross st,17th Cross St,,mixed
blr_5826715fb3c66932,17th Cross St,in 1seven cross st,17th Cross St,,mixed
blr_5826715fb3c66932,17th Cross St,near 1seventh cross st,17th Cross St,,mixed
blr_7beb5a577590d013,2nd Cross Jeevan Bhima Nagar,2nd cross jeevan bhima nagar,2nd Cross Jeevan Bhima Nagar,,mixed
blr_7beb5a577590d013,2nd Cross Jeevan Bhima Nagar,second cross jeevan bhima nagar,2nd Cross Jeevan Bhima Nagar,,mixed
blr_7beb5a577590d013,2nd Cross Jeevan Bhima Nagar,two cross jeevan bhima nagar,2nd Cross Jeevan Bhima Nagar,,mixed
blr_7beb5a577590d013,2nd Cross Jeevan Bhima Nagar,in 2nd cross jeevan bhima nagar,2nd Cross Jeevan Bhima Nagar,,mixed
blr_7beb5a577590d013,2nd Cross Jeevan Bhima Nagar,near second cross jeevan bhima nagar,2nd Cross Jeevan Bhima Nagar,,mixed
blr_d82204b41cb37369,3rd Cross Jeevan Bhima Nagar,three cross jeevan bhima nagar,3rd Cross Jeevan Bhima Nagar,,mixed
blr_d82204b41cb37369,3rd Cross Jeevan Bhima Nagar,3rd cross jeevan bhima nagar,3rd Cross Jeevan Bhima Nagar,,mixed
blr_d82204b41cb37369,3rd Cross Jeevan Bhima Nagar,third cross jeevan bhima nagar,3rd Cross Jeevan Bhima Nagar,,mixed
blr_d82204b41cb37369,3rd Cross Jeevan Bhima Nagar,in three cross jeevan bhima nagar,3rd Cross Jeevan Bhima Nagar,,mixed
blr_d82204b41cb37369,3rd Cross Jeevan Bhima Nagar,near 3rd cross jeevan bhima nagar,3rd Cross Jeevan Bhima Nagar,,mixed
blr_1b872da1538ef87d,Kadugodi BMTC Bus Station Road,kadugodi bmtc bus station road,Kadugodi BMTC Bus Station Road,,mixed
blr_1b872da1538ef87d,Kadugodi BMTC Bus Station Road,in kadugodi bmtc bus station road,Kadugodi BMTC Bus Station Road,,mixed
blr_1b872da1538ef87d,Kadugodi BMTC Bus Station Road,near kadugodi bmtc bus station road,Kadugodi BMTC Bus Station Road,,mixed
blr_1b872da1538ef87d,Kadugodi BMTC Bus Station Road,around kadugodi bmtc bus station road,Kadugodi BMTC Bus Station Road,,mixed
blr_1b872da1538ef87d,Kadugodi BMTC Bus Station Road,kadugodi bmtc bus station road area,Kadugodi BMTC Bus Station Road,,mixed
blr_0492af47c23b7ba0,Elita Promenade Phase 2nd,elita promenade phase 2nd,Elita Promenade Phase 2,,mixed
blr_0492af47c23b7ba0,Elita Promenade Phase 2nd,elita promenade phase two,Elita Promenade Phase 2,,mixed
blr_0492af47c23b7ba0,Elita Promenade Phase 2nd,elita promenade phase second,Elita Promenade Phase 2,,mixed
blr_0492af47c23b7ba0,Elita Promenade Phase 2nd,in elita promenade phase 2nd,Elita Promenade Phase 2,,mixed
blr_0492af47c23b7ba0,Elita Promenade Phase 2nd,near elita promenade phase two,Elita Promenade Phase 2,,mixed
blr_5ba24b33e4434632,DJ Halli Main Road,dj halli main road,DJ Halli Main Road,,mixed
blr_5ba24b33e4434632,DJ Halli Main Road,in dj halli main road,DJ Halli Main Road,,mixed
blr_5ba24b33e4434632,DJ Halli Main Road,near dj halli main road,DJ Halli Main Road,,mixed
blr_5ba24b33e4434632,DJ Halli Main Road,around dj halli main road,DJ Halli Main Road,,mixed
blr_5ba24b33e4434632,DJ Halli Main Road,dj halli main road area,DJ Halli Main Road,,mixed
blr_64dc519b508cc41c,NICE Road,nice road,NICE Road,,mixed
blr_64dc519b508cc41c,NICE Road,in nice road,NICE Road,,mixed
blr_64dc519b508cc41c,NICE Road,near nice road,NICE Road,,mixed
blr_64dc519b508cc41c,NICE Road,around nice road,NICE Road,,mixed
blr_64dc519b508cc41c,NICE Road,nice road area,NICE Road,,mixed
blr_bdce12120dfcad0a,1st Main,1st main,1st Main,,mixed
blr_bdce12120dfcad0a,1st Main,in 1st main,1st Main,,mixed
blr_bdce12120dfcad0a,1st Main,near 1st main,1st Main,,mixed
blr_bdce12120dfcad0a,1st Main,around 1st main,1st Main,,mixed
blr_bdce12120dfcad0a,1st Main,1st main area,1st Main,,mixed
blr_52a8bfab0ea558e7,1st Rayara Raste,1st rayara raste,1st Rayara Raste,,mixed
blr_52a8bfab0ea558e7,1st Rayara Raste,in 1st rayara raste,1st Rayara Raste,,mixed
blr_52a8bfab0ea558e7,1st Rayara Raste,near 1st rayara raste,1st Rayara Raste,,mixed
blr_52a8bfab0ea558e7,1st Rayara Raste,around 1st rayara raste,1st Rayara Raste,,mixed
blr_52a8bfab0ea558e7,1st Rayara Raste,1st rayara raste area,1st Rayara Raste,,mixed
blr_1662796bb4c5c22d,KSRTC Main Road,ksrtc main road,KSRTC Main Road,,mixed
blr_1662796bb4c5c22d,KSRTC Main Road,in ksrtc main road,KSRTC Main Road,,mixed
blr_1662796bb4c5c22d,KSRTC Main Road,near ksrtc main road,KSRTC Main Road,,mixed
blr_1662796bb4c5c22d,KSRTC Main Road,around ksrtc main road,KSRTC Main Road,,mixed
blr_1662796bb4c5c22d,KSRTC Main Road,ksrtc main road area,KSRTC Main Road,,mixed
blr_7a6c5fa4bcf8349e,E W College Main Road,e w college main road,E W College Main Road,,mixed
blr_7a6c5fa4bcf8349e,E W College Main Road,in e w college main road,E W College Main Road,,mixed
blr_7a6c5fa4bcf8349e,E W College Main Road,near e w college main road,E W College Main Road,,mixed
blr_7a6c5fa4bcf8349e,E W College Main Road,around e w college main road,E W College Main Road,,mixed
blr_7a6c5fa4bcf8349e,E W College Main Road,e w college main road area,E W College Main Road,,mixed
blr_2f9b9d48f4a1121d,MIMS Rose Dale,mims rose dale,MIMS Rose Dale,,mixed
blr_2f9b9d48f4a1121d,MIMS Rose Dale,in mims rose dale,MIMS Rose Dale,,mixed
blr_2f9b9d48f4a1121d,MIMS Rose Dale,near mims rose dale,MIMS Rose Dale,,mixed
blr_2f9b9d48f4a1121d,MIMS Rose Dale,around mims rose dale,MIMS Rose Dale,,mixed
blr_2f9b9d48f4a1121d,MIMS Rose Dale,mims rose dale area,MIMS Rose Dale,,mixed
blr_8e2786a730e3566f,"1st Cross, Giddappa Block",1st cross giddappa block,"1st Cross, Giddappa Block",,mixed
blr_8e2786a730e3566f,"1st Cross, Giddappa Block",in 1st cross giddappa block,"1st Cross, Giddappa Block",,mixed
blr_8e2786a730e3566f,"1st Cross, Giddappa Block",near 1st cross giddappa block,"1st Cross, Giddappa Block",,mixed
blr_8e2786a730e3566f,"1st Cross, Giddappa Block",around 1st cross giddappa block,"1st Cross, Giddappa Block",,mixed
blr_8e2786a730e3566f,"1st Cross, Giddappa Block",1st cross giddappa block area,"1st Cross, Giddappa Block",,mixed
blr_7f4eee93fb4d5fbf,"3rd Cross, Giddappa Block",3rd cross giddappa block,"3rd Cross, Giddappa Block",,mixed
blr_7f4eee93fb4d5fbf,"3rd Cross, Giddappa Block",three cross giddappa block,"3rd Cross, Giddappa Block",,mixed
blr_7f4eee93fb4d5fbf,"3rd Cross, Giddappa Block",third cross giddappa block,"3rd Cross, Giddappa Block",,mixed
blr_7f4eee93fb4d5fbf,"3rd Cross, Giddappa Block",in 3rd cross giddappa block,"3rd Cross, Giddappa Block",,mixed
blr_7f4eee93fb4d5fbf,"3rd Cross, Giddappa Block",near three cross giddappa block,"3rd Cross, Giddappa Block",,mixed
blr_a0a8ae90beadf552,4th Main Link Road,4th main link road,4th Main Link Road,,mixed
blr_a0a8ae90beadf552,4th Main Link Road,four main link road,4th Main Link Road,,mixed
blr_a0a8ae90beadf552,4th Main Link Road,fourth main link road,4th Main Link Road,,mixed
blr_a0a8ae90beadf552,4th Main Link Road,in 4th main link road,4th Main Link Road,,mixed
blr_a0a8ae90beadf552,4th Main Link Road,near four main link road,4th Main Link Road,,mixed
blr_fb8eac0efc5b3f71,M Cross Road,m cross road,M Cross Road,,mixed
blr_fb8eac0efc5b3f71,M Cross Road,in m cross road,M Cross Road,,mixed
blr_fb8eac0efc5b3f71,M Cross Road,near m cross road,M Cross Road,,mixed
blr_fb8eac0efc5b3f71,M Cross Road,around m cross road,M Cross Road,,mixed
blr_fb8eac0efc5b3f71,M Cross Road,m cross road area,M Cross Road,,mixed
blr_cbf9c575eb32d48a,L Cross Road,l cross road,L Cross Road,,mixed
blr_cbf9c575eb32d48a,L Cross Road,in l cross road,L Cross Road,,mixed
blr_cbf9c575eb32d48a,L Cross Road,near l cross road,L Cross Road,,mixed
blr_cbf9c575eb32d48a,L Cross Road,around l cross road,L Cross Road,,mixed
blr_cbf9c575eb32d48a,L Cross Road,l cross road area,L Cross Road,,mixed
blr_28d704f9a49da974,"1st Cross, Sanjaynagar Main Road",1st cross sanjaynagar main road,"1st Cross, Sanjaynagar Main Road",,mixed
blr_28d704f9a49da974,"1st Cross, Sanjaynagar Main Road",in 1st cross sanjaynagar main road,"1st Cross, Sanjaynagar Main Road",,mixed
blr_28d704f9a49da974,"1st Cross, Sanjaynagar Main Road",near 1st cross sanjaynagar main road,"1st Cross, Sanjaynagar Main Road",,mixed
blr_28d704f9a49da974,"1st Cross, Sanjaynagar Main Road",around 1st cross sanjaynagar main road,"1st Cross, Sanjaynagar Main Road",,mixed
blr_28d704f9a49da974,"1st Cross, Sanjaynagar Main Road",1st cross sanjaynagar main road area,"1st Cross, Sanjaynagar Main Road",,mixed
blr_3cca67cdc7bd2997,MM Industries Road,mm industries road,MM Industries Road,,mixed
blr_3cca67cdc7bd2997,MM Industries Road,in mm industries road,MM Industries Road,,mixed
blr_3cca67cdc7bd2997,MM Industries Road,near mm industries road,MM Industries Road,,mixed
blr_3cca67cdc7bd2997,MM Industries Road,around mm industries road,MM Industries Road,,mixed
blr_3cca67cdc7bd2997,MM Industries Road,mm industries road area,MM Industries Road,,mixed
blr_3b592f568ec61f9f,Renaissance Park 2nd,renaissance park second,Renaissance Park 2,,mixed
blr_3b592f568ec61f9f,Renaissance Park 2nd,renaissance park two,Renaissance Park 2,,mixed
blr_3b592f568ec61f9f,Renaissance Park 2nd,renaissance park 2nd,Renaissance Park 2,,mixed
blr_3b592f568ec61f9f,Renaissance Park 2nd,in renaissance park second,Renaissance Park 2,,mixed
blr_3b592f568ec61f9f,Renaissance Park 2nd,near renaissance park two,Renaissance Park 2,,mixed
blr_dfc95b10ca2c2ae5,Reniassance Park 3rd,reniassance park three,Reniassance Park 3,,mixed
blr_dfc95b10ca2c2ae5,Reniassance Park 3rd,reniassance park 3rd,Reniassance Park 3,,mixed
blr_dfc95b10ca2c2ae5,Reniassance Park 3rd,reniassance park third,Reniassance Park 3,,mixed
blr_dfc95b10ca2c2ae5,Reniassance Park 3rd,in reniassance park three,Reniassance Park 3,,mixed
blr_dfc95b10ca2c2ae5,Reniassance Park 3rd,near reniassance park 3rd,Reniassance Park 3,,mixed
blr_e885829c09d9e68c,Renaissance Park 1st,renaissance park 1st,Renaissance Park 1,,mixed
blr_e885829c09d9e68c,Renaissance Park 1st,in renaissance park 1st,Renaissance Park 1,,mixed
blr_e885829c09d9e68c,Renaissance Park 1st,near renaissance park 1st,Renaissance Park 1,,mixed
blr_e885829c09d9e68c,Renaissance Park 1st,around renaissance park 1st,Renaissance Park 1,,mixed
blr_e885829c09d9e68c,Renaissance Park 1st,renaissance park 1st area,Renaissance Park 1,,mixed
blr_332e81ef87b4a7d1,GnanaBharthi I Block Main Road,gnanabharthi i block main road,GnanaBharthi I Block Main Road,,mixed
blr_332e81ef87b4a7d1,GnanaBharthi I Block Main Road,in gnanabharthi i block main road,GnanaBharthi I Block Main Road,,mixed
blr_332e81ef87b4a7d1,GnanaBharthi I Block Main Road,near gnanabharthi i block main road,GnanaBharthi I Block Main Road,,mixed
blr_332e81ef87b4a7d1,GnanaBharthi I Block Main Road,around gnanabharthi i block main road,GnanaBharthi I Block Main Road,,mixed
blr_332e81ef87b4a7d1,GnanaBharthi I Block Main Road,gnanabharthi i block main road area,GnanaBharthi I Block Main Road,,mixed
blr_d4dcab232f08f1d3,SS Felicity Homes,ss felicity homes,SS Felicity Homes,,mixed
blr_d4dcab232f08f1d3,SS Felicity Homes,in ss felicity homes,SS Felicity Homes,,mixed
blr_d4dcab232f08f1d3,SS Felicity Homes,near ss felicity homes,SS Felicity Homes,,mixed
blr_d4dcab232f08f1d3,SS Felicity Homes,around ss felicity homes,SS Felicity Homes,,mixed
blr_d4dcab232f08f1d3,SS Felicity Homes,ss felicity homes area,SS Felicity Homes,,mixed
blr_0b6bddb8ef053d3d,SJR Vogue Residences,sjr vogue residences,SJR Vogue Residences,,mixed
blr_0b6bddb8ef053d3d,SJR Vogue Residences,in sjr vogue residences,SJR Vogue Residences,,mixed
blr_0b6bddb8ef053d3d,SJR Vogue Residences,near sjr vogue residences,SJR Vogue Residences,,mixed
blr_0b6bddb8ef053d3d,SJR Vogue Residences,around sjr vogue residences,SJR Vogue Residences,,mixed
blr_0b6bddb8ef053d3d,SJR Vogue Residences,sjr vogue residences area,SJR Vogue Residences,,mixed
blr_448abd3962dc43c5,1st I Main Road,1st i main road,1st I Main Road,,mixed
blr_448abd3962dc43c5,1st I Main Road,in 1st i main road,1st I Main Road,,mixed
blr_448abd3962dc43c5,1st I Main Road,near 1st i main road,1st I Main Road,,mixed
blr_448abd3962dc43c5,1st I Main Road,around 1st i main road,1st I Main Road,,mixed
blr_448abd3962dc43c5,1st I Main Road,1st i main road area,1st I Main Road,,mixed
blr_50dcfe4ccb4ba6e8,SV Milan,sv milan,SV Milan,,mixed
blr_50dcfe4ccb4ba6e8,SV Milan,in sv milan,SV Milan,,mixed
blr_50dcfe4ccb4ba6e8,SV Milan,near sv milan,SV Milan,,mixed
blr_50dcfe4ccb4ba6e8,SV Milan,around sv milan,SV Milan,,mixed
blr_50dcfe4ccb4ba6e8,SV Milan,sv milan area,SV Milan,,mixed
blr_0c8d2b28333bc55d,DSR Sunrise Apartments,dsr sunrise apartments,DSR Sunrise Apartments,,mixed
blr_0c8d2b28333bc55d,DSR Sunrise Apartments,in dsr sunrise apartments,DSR Sunrise Apartments,,mixed
blr_0c8d2b28333bc55d,DSR Sunrise Apartments,near dsr sunrise apartments,DSR Sunrise Apartments,,mixed
blr_0c8d2b28333bc55d,DSR Sunrise Apartments,around dsr sunrise apartments,DSR Sunrise Apartments,,mixed
blr_0c8d2b28333bc55d,DSR Sunrise Apartments,dsr sunrise apartments area,DSR Sunrise Apartments,,mixed
blr_1e1c90f478d2073d,3G Crimson Villas,3g crimson villas,3G Crimson Villas,,mixed
blr_1e1c90f478d2073d,3G Crimson Villas,in 3g crimson villas,3G Crimson Villas,,mixed
blr_1e1c90f478d2073d,3G Crimson Villas,near 3g crimson villas,3G Crimson Villas,,mixed
blr_1e1c90f478d2073d,3G Crimson Villas,around 3g crimson villas,3G Crimson Villas,,mixed
blr_1e1c90f478d2073d,3G Crimson Villas,3g crimson villas area,3G Crimson Villas,,mixed
blr_5b008f62872b83b6,KSR Cordelia Apartments,ksr cordelia apartments,KSR Cordelia Apartments,,mixed
blr_5b008f62872b83b6,KSR Cordelia Apartments,in ksr cordelia apartments,KSR Cordelia Apartments,,mixed
blr_5b008f62872b83b6,KSR Cordelia Apartments,near ksr cordelia apartments,KSR Cordelia Apartments,,mixed
blr_5b008f62872b83b6,KSR Cordelia Apartments,around ksr cordelia apartments,KSR Cordelia Apartments,,mixed
blr_5b008f62872b83b6,KSR Cordelia Apartments,ksr cordelia apartments area,KSR Cordelia Apartments,,mixed
blr_7dc0589c4e5d1f01,Ittina Sarva 1st Aparments,ittina sarva 1st aparments,Ittina Sarva 1 Aparments,,mixed
blr_7dc0589c4e5d1f01,Ittina Sarva 1st Aparments,in ittina sarva 1st aparments,Ittina Sarva 1 Aparments,,mixed
blr_7dc0589c4e5d1f01,Ittina Sarva 1st Aparments,near ittina sarva 1st aparments,Ittina Sarva 1 Aparments,,mixed
blr_7dc0589c4e5d1f01,Ittina Sarva 1st Aparments,around ittina sarva 1st aparments,Ittina Sarva 1 Aparments,,mixed
blr_7dc0589c4e5d1f01,Ittina Sarva 1st Aparments,ittina sarva 1st aparments area,Ittina Sarva 1 Aparments,,mixed
blr_d34389a4f43cf726,M Ramaiah Road,m ramaiah road,M Ramaiah Road,,mixed
blr_d34389a4f43cf726,M Ramaiah Road,in m ramaiah road,M Ramaiah Road,,mixed
blr_d34389a4f43cf726,M Ramaiah Road,near m ramaiah road,M Ramaiah Road,,mixed
blr_d34389a4f43cf726,M Ramaiah Road,around m ramaiah road,M Ramaiah Road,,mixed
blr_d34389a4f43cf726,M Ramaiah Road,m ramaiah road area,M Ramaiah Road,,mixed
blr_964e11b362003e2c,"1st A Main, Bethelnagar",1st a main bethelnagar,"1 A Main, Bethelnagar",,mixed
blr_964e11b362003e2c,"1st A Main, Bethelnagar",in 1st a main bethelnagar,"1 A Main, Bethelnagar",,mixed
blr_964e11b362003e2c,"1st A Main, Bethelnagar",near 1st a main bethelnagar,"1 A Main, Bethelnagar",,mixed
blr_964e11b362003e2c,"1st A Main, Bethelnagar",around 1st a main bethelnagar,"1 A Main, Bethelnagar",,mixed
blr_964e11b362003e2c,"1st A Main, Bethelnagar",1st a main bethelnagar area,"1 A Main, Bethelnagar",,mixed
blr_6f9985dc1cfe080a,"2nd Main Road, Bethelnagar",2nd main road bethelnagar,"2nd Main Road, Bethelnagar",,mixed
blr_6f9985dc1cfe080a,"2nd Main Road, Bethelnagar",two main road bethelnagar,"2nd Main Road, Bethelnagar",,mixed
blr_6f9985dc1cfe080a,"2nd Main Road, Bethelnagar",second main road bethelnagar,"2nd Main Road, Bethelnagar",,mixed
blr_6f9985dc1cfe080a,"2nd Main Road, Bethelnagar",in 2nd main road bethelnagar,"2nd Main Road, Bethelnagar",,mixed
blr_6f9985dc1cfe080a,"2nd Main Road, Bethelnagar",near two main road bethelnagar,"2nd Main Road, Bethelnagar",,mixed
blr_c17c23517e3552fd,"1st Main, Sri Gayatri Layout",1st main sri gayatri layout,"1st Main, Sri Gayatri Layout",,mixed
blr_c17c23517e3552fd,"1st Main, Sri Gayatri Layout",in 1st main sri gayatri layout,"1st Main, Sri Gayatri Layout",,mixed
blr_c17c23517e3552fd,"1st Main, Sri Gayatri Layout",near 1st main sri gayatri layout,"1st Main, Sri Gayatri Layout",,mixed
blr_c17c23517e3552fd,"1st Main, Sri Gayatri Layout",around 1st main sri gayatri layout,"1st Main, Sri Gayatri Layout",,mixed
blr_c17c23517e3552fd,"1st Main, Sri Gayatri Layout",1st main sri gayatri layout area,"1st Main, Sri Gayatri Layout",,mixed
blr_6d9b8012ae76eb8d,Way to Gate 3rd,way to gate three,Way to Gate 3,,mixed
blr_6d9b8012ae76eb8d,Way to Gate 3rd,way to gate 3rd,Way to Gate 3,,mixed
blr_6d9b8012ae76eb8d,Way to Gate 3rd,way to gate third,Way to Gate 3,,mixed
blr_6d9b8012ae76eb8d,Way to Gate 3rd,in way to gate three,Way to Gate 3,,mixed
blr_6d9b8012ae76eb8d,Way to Gate 3rd,near way to gate 3rd,Way to Gate 3,,mixed
blr_106395930e4ad416,Nisarga 3rd Cross Road,nisarga three cross road,Nisarga 3rd Cross Road,,mixed
blr_106395930e4ad416,Nisarga 3rd Cross Road,nisarga 3rd cross road,Nisarga 3rd Cross Road,,mixed
blr_106395930e4ad416,Nisarga 3rd Cross Road,nisarga third cross road,Nisarga 3rd Cross Road,,mixed
blr_106395930e4ad416,Nisarga 3rd Cross Road,in nisarga three cross road,Nisarga 3rd Cross Road,,mixed
blr_106395930e4ad416,Nisarga 3rd Cross Road,near nisarga 3rd cross road,Nisarga 3rd Cross Road,,mixed
blr_f1618040b2689b8d,Nisarga 2nd Cross Road,nisarga 2nd cross road,Nisarga 2nd Cross Road,,mixed
blr_f1618040b2689b8d,Nisarga 2nd Cross Road,nisarga second cross road,Nisarga 2nd Cross Road,,mixed
blr_f1618040b2689b8d,Nisarga 2nd Cross Road,nisarga two cross road,Nisarga 2nd Cross Road,,mixed
blr_f1618040b2689b8d,Nisarga 2nd Cross Road,in nisarga 2nd cross road,Nisarga 2nd Cross Road,,mixed
blr_f1618040b2689b8d,Nisarga 2nd Cross Road,near nisarga second cross road,Nisarga 2nd Cross Road,,mixed
blr_972b4b359f044989,Nisarga 1st Cross Road,nisarga 1st cross road,Nisarga 1st Cross Road,,mixed
blr_972b4b359f044989,Nisarga 1st Cross Road,in nisarga 1st cross road,Nisarga 1st Cross Road,,mixed
blr_972b4b359f044989,Nisarga 1st Cross Road,near nisarga 1st cross road,Nisarga 1st Cross Road,,mixed
blr_972b4b359f044989,Nisarga 1st Cross Road,around nisarga 1st cross road,Nisarga 1st Cross Road,,mixed
blr_972b4b359f044989,Nisarga 1st Cross Road,nisarga 1st cross road area,Nisarga 1st Cross Road,,mixed
blr_96674ced14370b86,Nisarga 1A Cross Road,nisarga 1a cross road,Nisarga 1A Cross Road,,mixed
blr_96674ced14370b86,Nisarga 1A Cross Road,in nisarga 1a cross road,Nisarga 1A Cross Road,,mixed
blr_96674ced14370b86,Nisarga 1A Cross Road,near nisarga 1a cross road,Nisarga 1A Cross Road,,mixed
blr_96674ced14370b86,Nisarga 1A Cross Road,around nisarga 1a cross road,Nisarga 1A Cross Road,,mixed
blr_96674ced14370b86,Nisarga 1A Cross Road,nisarga 1a cross road area,Nisarga 1A Cross Road,,mixed
blr_43f15a0889c919c1,Nisarga 6th Cross Road,nisarga sixth cross road,Nisarga 6th Cross Road,,mixed
blr_43f15a0889c919c1,Nisarga 6th Cross Road,nisarga six cross road,Nisarga 6th Cross Road,,mixed
blr_43f15a0889c919c1,Nisarga 6th Cross Road,nisarga 6th cross road,Nisarga 6th Cross Road,,mixed
blr_43f15a0889c919c1,Nisarga 6th Cross Road,in nisarga sixth cross road,Nisarga 6th Cross Road,,mixed
blr_43f15a0889c919c1,Nisarga 6th Cross Road,near nisarga six cross road,Nisarga 6th Cross Road,,mixed
blr_2fb9d3a9681ff38f,10th Street,ten street,10th Street,,mixed
blr_2fb9d3a9681ff38f,10th Street,10th street,10th Street,,mixed
blr_2fb9d3a9681ff38f,10th Street,tenth street,10th Street,,mixed
blr_2fb9d3a9681ff38f,10th Street,in ten street,10th Street,,mixed
blr_2fb9d3a9681ff38f,10th Street,near 10th street,10th Street,,mixed
blr_194029ccb3d09424,10th A Street,10th a street,10th A Street,,mixed
blr_194029ccb3d09424,10th A Street,ten a street,10th A Street,,mixed
blr_194029ccb3d09424,10th A Street,tenth a street,10th A Street,,mixed
blr_194029ccb3d09424,10th A Street,in 10th a street,10th A Street,,mixed
blr_194029ccb3d09424,10th A Street,near ten a street,10th A Street,,mixed
blr_8cf9a50a41de790d,4th Cross Lakshmi Road,fourth cross lakshmi road,4th Cross Lakshmi Road,,mixed
blr_8cf9a50a41de790d,4th Cross Lakshmi Road,4th cross lakshmi road,4th Cross Lakshmi Road,,mixed
blr_8cf9a50a41de790d,4th Cross Lakshmi Road,four cross lakshmi road,4th Cross Lakshmi Road,,mixed
blr_8cf9a50a41de790d,4th Cross Lakshmi Road,in fourth cross lakshmi road,4th Cross Lakshmi Road,,mixed
blr_8cf9a50a41de790d,4th Cross Lakshmi Road,near 4th cross lakshmi road,4th Cross Lakshmi Road,,mixed
blr_aceb8535794079b9,17th B Main,1seventh b main,17th B Main,,mixed
blr_aceb8535794079b9,17th B Main,17th b main,17th B Main,,mixed
blr_aceb8535794079b9,17th B Main,1seven b main,17th B Main,,mixed
blr_aceb8535794079b9,17th B Main,in 1seventh b main,17th B Main,,mixed
blr_aceb8535794079b9,17th B Main,near 17th b main,17th B Main,,mixed
blr_0fdb2ce58f915d96,"1st Cross, Green Leaf Extension",1st cross green leaf extension,"1st Cross, Green Leaf Extension",,mixed
blr_0fdb2ce58f915d96,"1st Cross, Green Leaf Extension",in 1st cross green leaf extension,"1st Cross, Green Leaf Extension",,mixed
blr_0fdb2ce58f915d96,"1st Cross, Green Leaf Extension",near 1st cross green leaf extension,"1st Cross, Green Leaf Extension",,mixed
blr_0fdb2ce58f915d96,"1st Cross, Green Leaf Extension",around 1st cross green leaf extension,"1st Cross, Green Leaf Extension",,mixed
blr_0fdb2ce58f915d96,"1st Cross, Green Leaf Extension",1st cross green leaf extension area,"1st Cross, Green Leaf Extension",,mixed
blr_458cd63f70532646,Block 1st,block 1st,Block 1,,mixed
blr_458cd63f70532646,Block 1st,in block 1st,Block 1,,mixed
blr_458cd63f70532646,Block 1st,near block 1st,Block 1,,mixed
blr_458cd63f70532646,Block 1st,around block 1st,Block 1,,mixed
blr_458cd63f70532646,Block 1st,block 1st area,Block 1,,mixed
blr_f5537de7283e389d,Block 2nd,block two,Block 2,,mixed
blr_f5537de7283e389d,Block 2nd,block second,Block 2,,mixed
blr_f5537de7283e389d,Block 2nd,block 2nd,Block 2,,mixed
blr_f5537de7283e389d,Block 2nd,in block two,Block 2,,mixed
blr_f5537de7283e389d,Block 2nd,near block second,Block 2,,mixed
blr_0d5cc1e6b64b73f3,"19th Cross, Kaggadasapura",1nine cross kaggadasapura,"19th Cross, Kaggadasapura",,mixed
blr_0d5cc1e6b64b73f3,"19th Cross, Kaggadasapura",19th cross kaggadasapura,"19th Cross, Kaggadasapura",,mixed
blr_0d5cc1e6b64b73f3,"19th Cross, Kaggadasapura",1ninth cross kaggadasapura,"19th Cross, Kaggadasapura",,mixed
blr_0d5cc1e6b64b73f3,"19th Cross, Kaggadasapura",in 1nine cross kaggadasapura,"19th Cross, Kaggadasapura",,mixed
blr_0d5cc1e6b64b73f3,"19th Cross, Kaggadasapura",near 19th cross kaggadasapura,"19th Cross, Kaggadasapura",,mixed
blr_646af12d1765f4f2,Old M S Ramaiah Hospital Road,old m s ramaiah hospital road,Old M S Ramaiah Hospital Road,,mixed
blr_646af12d1765f4f2,Old M S Ramaiah Hospital Road,in old m s ramaiah hospital road,Old M S Ramaiah Hospital Road,,mixed
blr_646af12d1765f4f2,Old M S Ramaiah Hospital Road,near old m s ramaiah hospital road,Old M S Ramaiah Hospital Road,,mixed
blr_646af12d1765f4f2,Old M S Ramaiah Hospital Road,around old m s ramaiah hospital road,Old M S Ramaiah Hospital Road,,mixed
blr_646af12d1765f4f2,Old M S Ramaiah Hospital Road,old m s ramaiah hospital road area,Old M S Ramaiah Hospital Road,,mixed
blr_eb6d43012097fab0,SBI Quarters,sbi quarters,SBI Quarters,,mixed
blr_eb6d43012097fab0,SBI Quarters,in sbi quarters,SBI Quarters,,mixed
blr_eb6d43012097fab0,SBI Quarters,near sbi quarters,SBI Quarters,,mixed
blr_eb6d43012097fab0,SBI Quarters,around sbi quarters,SBI Quarters,,mixed
blr_eb6d43012097fab0,SBI Quarters,sbi quarters area,SBI Quarters,,mixed
blr_7cd503c021ad94e4,2nd Cross Jai Jawan Nagar,second cross jai jawan nagar,2nd Cross Jai Jawan Nagar,,mixed
blr_7cd503c021ad94e4,2nd Cross Jai Jawan Nagar,two cross jai jawan nagar,2nd Cross Jai Jawan Nagar,,mixed
blr_7cd503c021ad94e4,2nd Cross Jai Jawan Nagar,2nd cross jai jawan nagar,2nd Cross Jai Jawan Nagar,,mixed
blr_7cd503c021ad94e4,2nd Cross Jai Jawan Nagar,in second cross jai jawan nagar,2nd Cross Jai Jawan Nagar,,mixed
blr_7cd503c021ad94e4,2nd Cross Jai Jawan Nagar,near two cross jai jawan nagar,2nd Cross Jai Jawan Nagar,,mixed
blr_c4ce4356aa18169b,2C Cross Road,2c cross road,2C Cross Road,,mixed
blr_c4ce4356aa18169b,2C Cross Road,in 2c cross road,2C Cross Road,,mixed
blr_c4ce4356aa18169b,2C Cross Road,near 2c cross road,2C Cross Road,,mixed
blr_c4ce4356aa18169b,2C Cross Road,around 2c cross road,2C Cross Road,,mixed
blr_c4ce4356aa18169b,2C Cross Road,2c cross road area,2C Cross Road,,mixed
blr_774b36e8269086e7,1st Cross Itc Road,1st cross itc road,1st Cross Itc Road,,mixed
blr_774b36e8269086e7,1st Cross Itc Road,in 1st cross itc road,1st Cross Itc Road,,mixed
blr_774b36e8269086e7,1st Cross Itc Road,near 1st cross itc road,1st Cross Itc Road,,mixed
blr_774b36e8269086e7,1st Cross Itc Road,around 1st cross itc road,1st Cross Itc Road,,mixed
blr_774b36e8269086e7,1st Cross Itc Road,1st cross itc road area,1st Cross Itc Road,,mixed
blr_bfe874cad6a4bf2c,Patel G Kulappa Road,patel g kulappa road,Patel G Kulappa Road,,mixed
blr_bfe874cad6a4bf2c,Patel G Kulappa Road,in patel g kulappa road,Patel G Kulappa Road,,mixed
blr_bfe874cad6a4bf2c,Patel G Kulappa Road,near patel g kulappa road,Patel G Kulappa Road,,mixed
blr_bfe874cad6a4bf2c,Patel G Kulappa Road,around patel g kulappa road,Patel G Kulappa Road,,mixed
blr_bfe874cad6a4bf2c,Patel G Kulappa Road,patel g kulappa road area,Patel G Kulappa Road,,mixed
blr_147c5afeab9fa044,BKS Iyengar Road,bks iyengar road,BKS Iyengar Road,,mixed
blr_147c5afeab9fa044,BKS Iyengar Road,in bks iyengar road,BKS Iyengar Road,,mixed
blr_147c5afeab9fa044,BKS Iyengar Road,near bks iyengar road,BKS Iyengar Road,,mixed
blr_147c5afeab9fa044,BKS Iyengar Road,around bks iyengar road,BKS Iyengar Road,,mixed
blr_147c5afeab9fa044,BKS Iyengar Road,bks iyengar road area,BKS Iyengar Road,,mixed
blr_33ab4012eb3045e3,E 1st Street,e 1st street,E 1st Street,,mixed
blr_33ab4012eb3045e3,E 1st Street,in e 1st street,E 1st Street,,mixed
blr_33ab4012eb3045e3,E 1st Street,near e 1st street,E 1st Street,,mixed
blr_33ab4012eb3045e3,E 1st Street,around e 1st street,E 1st Street,,mixed
blr_33ab4012eb3045e3,E 1st Street,e 1st street area,E 1st Street,,mixed
blr_1d558dde2478399d,E 4th Street,e fourth street,E 4th Street,,mixed
blr_1d558dde2478399d,E 4th Street,e four street,E 4th Street,,mixed
blr_1d558dde2478399d,E 4th Street,e 4th street,E 4th Street,,mixed
blr_1d558dde2478399d,E 4th Street,in e fourth street,E 4th Street,,mixed
blr_1d558dde2478399d,E 4th Street,near e four street,E 4th Street,,mixed
blr_1bf4d9088b443cca,E 3rd Street,e three street,E 3rd Street,,mixed
blr_1bf4d9088b443cca,E 3rd Street,e third street,E 3rd Street,,mixed
blr_1bf4d9088b443cca,E 3rd Street,e 3rd street,E 3rd Street,,mixed
blr_1bf4d9088b443cca,E 3rd Street,in e three street,E 3rd Street,,mixed
blr_1bf4d9088b443cca,E 3rd Street,near e third street,E 3rd Street,,mixed
blr_edaf58bf4f48f091,KK Street,kk street,KK Street,,mixed
blr_edaf58bf4f48f091,KK Street,in kk street,KK Street,,mixed
blr_edaf58bf4f48f091,KK Street,near kk street,KK Street,,mixed
blr_edaf58bf4f48f091,KK Street,around kk street,KK Street,,mixed
blr_edaf58bf4f48f091,KK Street,kk street area,KK Street,,mixed
blr_83c632d32dc3b439,A P J Abdul Kalam Road,a p j abdul kalam road,A P J Abdul Kalam Road,,mixed
blr_83c632d32dc3b439,A P J Abdul Kalam Road,in a p j abdul kalam road,A P J Abdul Kalam Road,,mixed
blr_83c632d32dc3b439,A P J Abdul Kalam Road,near a p j abdul kalam road,A P J Abdul Kalam Road,,mixed
blr_83c632d32dc3b439,A P J Abdul Kalam Road,around a p j abdul kalam road,A P J Abdul Kalam Road,,mixed
blr_83c632d32dc3b439,A P J Abdul Kalam Road,a p j abdul kalam road area,A P J Abdul Kalam Road,,mixed
blr_643b32f69347e2bc,1st Main ( Prashanth Nagar Main Road ),1st main  prashanth nagar main road,1st Main ( Prashanth Nagar Main Road ),,mixed
blr_643b32f69347e2bc,1st Main ( Prashanth Nagar Main Road ),in 1st main  prashanth nagar main road,1st Main ( Prashanth Nagar Main Road ),,mixed
blr_643b32f69347e2bc,1st Main ( Prashanth Nagar Main Road ),near 1st main  prashanth nagar main road,1st Main ( Prashanth Nagar Main Road ),,mixed
blr_643b32f69347e2bc,1st Main ( Prashanth Nagar Main Road ),around 1st main  prashanth nagar main road,1st Main ( Prashanth Nagar Main Road ),,mixed
blr_643b32f69347e2bc,1st Main ( Prashanth Nagar Main Road ),1st main  prashanth nagar main road area,1st Main ( Prashanth Nagar Main Road ),,mixed
blr_917bd6fdcdd2997e,3rd Main Road Saraswathi nagara,third main road saraswathi nagara,3rd Main Road Saraswathi nagara,,mixed
blr_917bd6fdcdd2997e,3rd Main Road Saraswathi nagara,3rd main road saraswathi nagara,3rd Main Road Saraswathi nagara,,mixed
blr_917bd6fdcdd2997e,3rd Main Road Saraswathi nagara,three main road saraswathi nagara,3rd Main Road Saraswathi nagara,,mixed
blr_917bd6fdcdd2997e,3rd Main Road Saraswathi nagara,in third main road saraswathi nagara,3rd Main Road Saraswathi nagara,,mixed
blr_917bd6fdcdd2997e,3rd Main Road Saraswathi nagara,near 3rd main road saraswathi nagara,3rd Main Road Saraswathi nagara,,mixed
blr_2c3c4ffe77b6af6c,KHB Flats,khb flats,KHB Flats,,mixed
blr_2c3c4ffe77b6af6c,KHB Flats,in khb flats,KHB Flats,,mixed
blr_2c3c4ffe77b6af6c,KHB Flats,near khb flats,KHB Flats,,mixed
blr_2c3c4ffe77b6af6c,KHB Flats,around khb flats,KHB Flats,,mixed
blr_2c3c4ffe77b6af6c,KHB Flats,khb flats area,KHB Flats,,mixed
blr_1f87bc0716338bcf,J V Shetty Road,j v shetty road,J V Shetty Road,,mixed
blr_1f87bc0716338bcf,J V Shetty Road,in j v shetty road,J V Shetty Road,,mixed
blr_1f87bc0716338bcf,J V Shetty Road,near j v shetty road,J V Shetty Road,,mixed
blr_1f87bc0716338bcf,J V Shetty Road,around j v shetty road,J V Shetty Road,,mixed
blr_1f87bc0716338bcf,J V Shetty Road,j v shetty road area,J V Shetty Road,,mixed
blr_6f9f3f30300abe00,43rd Main Road,4three main road,43rd Main Road,,mixed
blr_6f9f3f30300abe00,43rd Main Road,4third main road,43rd Main Road,,mixed
blr_6f9f3f30300abe00,43rd Main Road,43rd main road,43rd Main Road,,mixed
blr_6f9f3f30300abe00,43rd Main Road,in 4three main road,43rd Main Road,,mixed
blr_6f9f3f30300abe00,43rd Main Road,near 4third main road,43rd Main Road,,mixed
blr_dc56aeb16a7d2171,"Bull Temple Road, 5th Main Road",bull temple road 5th main road,"Bull Temple Road, 5th Main Road",,mixed
blr_dc56aeb16a7d2171,"Bull Temple Road, 5th Main Road",bull temple road fifth main road,"Bull Temple Road, 5th Main Road",,mixed
blr_dc56aeb16a7d2171,"Bull Temple Road, 5th Main Road",bull temple road five main road,"Bull Temple Road, 5th Main Road",,mixed
blr_dc56aeb16a7d2171,"Bull Temple Road, 5th Main Road",in bull temple road 5th main road,"Bull Temple Road, 5th Main Road",,mixed
blr_dc56aeb16a7d2171,"Bull Temple Road, 5th Main Road",near bull temple road fifth main road,"Bull Temple Road, 5th Main Road",,mixed
blr_623eea4aba167c1d,BGS Flyover Ramp,bgs flyover ramp,BGS Flyover Ramp,,mixed
blr_623eea4aba167c1d,BGS Flyover Ramp,in bgs flyover ramp,BGS Flyover Ramp,,mixed
blr_623eea4aba167c1d,BGS Flyover Ramp,near bgs flyover ramp,BGS Flyover Ramp,,mixed
blr_623eea4aba167c1d,BGS Flyover Ramp,around bgs flyover ramp,BGS Flyover Ramp,,mixed
blr_623eea4aba167c1d,BGS Flyover Ramp,bgs flyover ramp area,BGS Flyover Ramp,,mixed
blr_1a529040d629947f,M Srinivas Road,m srinivas road,M Srinivas Road,,mixed
blr_1a529040d629947f,M Srinivas Road,in m srinivas road,M Srinivas Road,,mixed
blr_1a529040d629947f,M Srinivas Road,near m srinivas road,M Srinivas Road,,mixed
blr_1a529040d629947f,M Srinivas Road,around m srinivas road,M Srinivas Road,,mixed
blr_1a529040d629947f,M Srinivas Road,m srinivas road area,M Srinivas Road,,mixed
blr_71863782e0e58a83,Magadi Underpass road,magadi underpass road,Magadi Underpass road,,mixed
blr_71863782e0e58a83,Magadi Underpass road,in magadi underpass road,Magadi Underpass road,,mixed
blr_71863782e0e58a83,Magadi Underpass road,near magadi underpass road,Magadi Underpass road,,mixed
blr_71863782e0e58a83,Magadi Underpass road,around magadi underpass road,Magadi Underpass road,,mixed
blr_71863782e0e58a83,Magadi Underpass road,magadi underpass road area,Magadi Underpass road,,mixed
blr_015d6cdc47757daa,BBMP Park Road,bbmp park road,BBMP Park Road,,mixed
blr_015d6cdc47757daa,BBMP Park Road,in bbmp park road,BBMP Park Road,,mixed
blr_015d6cdc47757daa,BBMP Park Road,near bbmp park road,BBMP Park Road,,mixed
blr_015d6cdc47757daa,BBMP Park Road,around bbmp park road,BBMP Park Road,,mixed
blr_015d6cdc47757daa,BBMP Park Road,bbmp park road area,BBMP Park Road,,mixed
blr_0ccd06a7eb143239,Jain temple street,jain temple street,Jain temple street,,mixed
blr_0ccd06a7eb143239,Jain temple street,in jain temple street,Jain temple street,,mixed
blr_0ccd06a7eb143239,Jain temple street,near jain temple street,Jain temple street,,mixed
blr_0ccd06a7eb143239,Jain temple street,around jain temple street,Jain temple street,,mixed
blr_0ccd06a7eb143239,Jain temple street,jain temple street area,Jain temple street,,mixed
blr_74d00bf4cd06874d,B R Ambedkar Road,b r ambedkar road,B R Ambedkar Road,,mixed
blr_74d00bf4cd06874d,B R Ambedkar Road,in b r ambedkar road,B R Ambedkar Road,,mixed
blr_74d00bf4cd06874d,B R Ambedkar Road,near b r ambedkar road,B R Ambedkar Road,,mixed
blr_74d00bf4cd06874d,B R Ambedkar Road,around b r ambedkar road,B R Ambedkar Road,,mixed
blr_74d00bf4cd06874d,B R Ambedkar Road,b r ambedkar road area,B R Ambedkar Road,,mixed
blr_d2d46109a52ae668,TMS Road,tms road,TMS Road,,mixed
blr_d2d46109a52ae668,TMS Road,in tms road,TMS Road,,mixed
blr_d2d46109a52ae668,TMS Road,near tms road,TMS Road,,mixed
blr_d2d46109a52ae668,TMS Road,around tms road,TMS Road,,mixed
blr_d2d46109a52ae668,TMS Road,tms road area,TMS Road,,mixed
blr_cf38d6ca7510dcba,"5th Cross, Amarjyothi Nagar",5th cross amarjyothi nagar,"5th Cross, Amarjyothi Nagar",,mixed
blr_cf38d6ca7510dcba,"5th Cross, Amarjyothi Nagar",fifth cross amarjyothi nagar,"5th Cross, Amarjyothi Nagar",,mixed
blr_cf38d6ca7510dcba,"5th Cross, Amarjyothi Nagar",five cross amarjyothi nagar,"5th Cross, Amarjyothi Nagar",,mixed
blr_cf38d6ca7510dcba,"5th Cross, Amarjyothi Nagar",in 5th cross amarjyothi nagar,"5th Cross, Amarjyothi Nagar",,mixed
blr_cf38d6ca7510dcba,"5th Cross, Amarjyothi Nagar",near fifth cross amarjyothi nagar,"5th Cross, Amarjyothi Nagar",,mixed
blr_5642530f4d641425,"4th Cross, Amarjyothi Nagar",4th cross amarjyothi nagar,"4th Cross, Amarjyothi Nagar",,mixed
blr_5642530f4d641425,"4th Cross, Amarjyothi Nagar",fourth cross amarjyothi nagar,"4th Cross, Amarjyothi Nagar",,mixed
blr_5642530f4d641425,"4th Cross, Amarjyothi Nagar",four cross amarjyothi nagar,"4th Cross, Amarjyothi Nagar",,mixed
blr_5642530f4d641425,"4th Cross, Amarjyothi Nagar",in 4th cross amarjyothi nagar,"4th Cross, Amarjyothi Nagar",,mixed
blr_5642530f4d641425,"4th Cross, Amarjyothi Nagar",near fourth cross amarjyothi nagar,"4th Cross, Amarjyothi Nagar",,mixed
blr_5e2d307b630a547e,"3rd Cross, Amarjyothi Nagar",third cross amarjyothi nagar,"3rd Cross, Amarjyothi Nagar",,mixed
blr_5e2d307b630a547e,"3rd Cross, Amarjyothi Nagar",three cross amarjyothi nagar,"3rd Cross, Amarjyothi Nagar",,mixed
blr_5e2d307b630a547e,"3rd Cross, Amarjyothi Nagar",3rd cross amarjyothi nagar,"3rd Cross, Amarjyothi Nagar",,mixed
blr_5e2d307b630a547e,"3rd Cross, Amarjyothi Nagar",in third cross amarjyothi nagar,"3rd Cross, Amarjyothi Nagar",,mixed
blr_5e2d307b630a547e,"3rd Cross, Amarjyothi Nagar",near three cross amarjyothi nagar,"3rd Cross, Amarjyothi Nagar",,mixed
blr_69890da9947fb4d2,"6th Cross, Amarjyothi Nagar",six cross amarjyothi nagar,"6th Cross, Amarjyothi Nagar",,mixed
blr_69890da9947fb4d2,"6th Cross, Amarjyothi Nagar",6th cross amarjyothi nagar,"6th Cross, Amarjyothi Nagar",,mixed
blr_69890da9947fb4d2,"6th Cross, Amarjyothi Nagar",sixth cross amarjyothi nagar,"6th Cross, Amarjyothi Nagar",,mixed
blr_69890da9947fb4d2,"6th Cross, Amarjyothi Nagar",in six cross amarjyothi nagar,"6th Cross, Amarjyothi Nagar",,mixed
blr_69890da9947fb4d2,"6th Cross, Amarjyothi Nagar",near 6th cross amarjyothi nagar,"6th Cross, Amarjyothi Nagar",,mixed
blr_b745667eb85c73d2,B Road,b road,B Road,,mixed
blr_b745667eb85c73d2,B Road,in b road,B Road,,mixed
blr_b745667eb85c73d2,B Road,near b road,B Road,,mixed
blr_b745667eb85c73d2,B Road,around b road,B Road,,mixed
blr_b745667eb85c73d2,B Road,b road area,B Road,,mixed
blr_3cdd004c173fa96f,C Road,c road,C Road,,mixed
blr_3cdd004c173fa96f,C Road,in c road,C Road,,mixed
blr_3cdd004c173fa96f,C Road,near c road,C Road,,mixed
blr_3cdd004c173fa96f,C Road,around c road,C Road,,mixed
blr_3cdd004c173fa96f,C Road,c road area,C Road,,mixed
blr_4147bfc556b5d9dd,F Road,f road,F Road,,mixed
blr_4147bfc556b5d9dd,F Road,in f road,F Road,,mixed
blr_4147bfc556b5d9dd,F Road,near f road,F Road,,mixed
blr_4147bfc556b5d9dd,F Road,around f road,F Road,,mixed
blr_4147bfc556b5d9dd,F Road,f road area,F Road,,mixed
blr_74746cb7d508c880,13th C Main,13th c main,13th C Main,,mixed
blr_74746cb7d508c880,13th C Main,in 13th c main,13th C Main,,mixed
blr_74746cb7d508c880,13th C Main,near 13th c main,13th C Main,,mixed
blr_74746cb7d508c880,13th C Main,around 13th c main,13th C Main,,mixed
blr_74746cb7d508c880,13th C Main,13th c main area,13th C Main,,mixed
blr_77db3459a2bfb26e,3rd Cross Nehru Road,three cross nehru road,3rd Cross Nehru Road,,mixed
blr_77db3459a2bfb26e,3rd Cross Nehru Road,third cross nehru road,3rd Cross Nehru Road,,mixed
blr_77db3459a2bfb26e,3rd Cross Nehru Road,3rd cross nehru road,3rd Cross Nehru Road,,mixed
blr_77db3459a2bfb26e,3rd Cross Nehru Road,in three cross nehru road,3rd Cross Nehru Road,,mixed
blr_77db3459a2bfb26e,3rd Cross Nehru Road,near third cross nehru road,3rd Cross Nehru Road,,mixed
blr_0b8d8b3d426cda16,ITC Nitesh Garden Enclave,itc nitesh garden enclave,ITC Nitesh Garden Enclave,,mixed
blr_0b8d8b3d426cda16,ITC Nitesh Garden Enclave,in itc nitesh garden enclave,ITC Nitesh Garden Enclave,,mixed
blr_0b8d8b3d426cda16,ITC Nitesh Garden Enclave,near itc nitesh garden enclave,ITC Nitesh Garden Enclave,,mixed
blr_0b8d8b3d426cda16,ITC Nitesh Garden Enclave,around itc nitesh garden enclave,ITC Nitesh Garden Enclave,,mixed
blr_0b8d8b3d426cda16,ITC Nitesh Garden Enclave,itc nitesh garden enclave area,ITC Nitesh Garden Enclave,,mixed
blr_55169b7ca0617165,3rd A Main Devarakere,third a main devarakere,3rd A Main Devarakere,,mixed
blr_55169b7ca0617165,3rd A Main Devarakere,three a main devarakere,3rd A Main Devarakere,,mixed
blr_55169b7ca0617165,3rd A Main Devarakere,3rd a main devarakere,3rd A Main Devarakere,,mixed
blr_55169b7ca0617165,3rd A Main Devarakere,in third a main devarakere,3rd A Main Devarakere,,mixed
blr_55169b7ca0617165,3rd A Main Devarakere,near three a main devarakere,3rd A Main Devarakere,,mixed
blr_b8d8bff1a35ee098,MIMS Springdale Villas,mims springdale villas,MIMS Springdale Villas,,mixed
blr_b8d8bff1a35ee098,MIMS Springdale Villas,in mims springdale villas,MIMS Springdale Villas,,mixed
blr_b8d8bff1a35ee098,MIMS Springdale Villas,near mims springdale villas,MIMS Springdale Villas,,mixed
blr_b8d8bff1a35ee098,MIMS Springdale Villas,around mims springdale villas,MIMS Springdale Villas,,mixed
blr_b8d8bff1a35ee098,MIMS Springdale Villas,mims springdale villas area,MIMS Springdale Villas,,mixed
blr_fc69a88b2090cc3a,Ittina Sarva 2nd Apartments,ittina sarva second apartments,Ittina Sarva 2 Apartments,,mixed
blr_fc69a88b2090cc3a,Ittina Sarva 2nd Apartments,ittina sarva two apartments,Ittina Sarva 2 Apartments,,mixed
blr_fc69a88b2090cc3a,Ittina Sarva 2nd Apartments,ittina sarva 2nd apartments,Ittina Sarva 2 Apartments,,mixed
blr_fc69a88b2090cc3a,Ittina Sarva 2nd Apartments,in ittina sarva second apartments,Ittina Sarva 2 Apartments,,mixed
blr_fc69a88b2090cc3a,Ittina Sarva 2nd Apartments,near ittina sarva two apartments,Ittina Sarva 2 Apartments,,mixed
blr_c29d4294171368cd,8th Cross,eight cross,8th Cross,,mixed
blr_c29d4294171368cd,8th Cross,8th cross,8th Cross,,mixed
blr_c29d4294171368cd,8th Cross,eighth cross,8th Cross,,mixed
blr_c29d4294171368cd,8th Cross,in eight cross,8th Cross,,mixed
blr_c29d4294171368cd,8th Cross,near 8th cross,8th Cross,,mixed
blr_8c8722108ea465a6,5th C Cross,5th c cross,5th C Cross,,mixed
blr_8c8722108ea465a6,5th C Cross,fifth c cross,5th C Cross,,mixed
blr_8c8722108ea465a6,5th C Cross,five c cross,5th C Cross,,mixed
blr_8c8722108ea465a6,5th C Cross,in 5th c cross,5th C Cross,,mixed
blr_8c8722108ea465a6,5th C Cross,near fifth c cross,5th C Cross,,mixed
blr_2adae2d5c72f0026,4th G Main Road,4th g main road,4th G Main Road,,mixed
blr_2adae2d5c72f0026,4th G Main Road,fourth g main road,4th G Main Road,,mixed
blr_2adae2d5c72f0026,4th G Main Road,four g main road,4th G Main Road,,mixed
blr_2adae2d5c72f0026,4th G Main Road,in 4th g main road,4th G Main Road,,mixed
blr_2adae2d5c72f0026,4th G Main Road,near fourth g main road,4th G Main Road,,mixed
blr_fbb718c1c6846afa,BEL Circle,bel circle,BEL Circle,,mixed
blr_fbb718c1c6846afa,BEL Circle,in bel circle,BEL Circle,,mixed
blr_fbb718c1c6846afa,BEL Circle,near bel circle,BEL Circle,,mixed
blr_fbb718c1c6846afa,BEL Circle,around bel circle,BEL Circle,,mixed
blr_fbb718c1c6846afa,BEL Circle,bel circle area,BEL Circle,,mixed
blr_55c669f4b7beeeaf,MSR Northcity,msr northcity,MSR Northcity,,mixed
blr_55c669f4b7beeeaf,MSR Northcity,in msr northcity,MSR Northcity,,mixed
blr_55c669f4b7beeeaf,MSR Northcity,near msr northcity,MSR Northcity,,mixed
blr_55c669f4b7beeeaf,MSR Northcity,around msr northcity,MSR Northcity,,mixed
blr_55c669f4b7beeeaf,MSR Northcity,msr northcity area,MSR Northcity,,mixed
blr_10d8ab26126eef98,MJR Pearl Apartments,mjr pearl apartments,MJR Pearl Apartments,,mixed
blr_10d8ab26126eef98,MJR Pearl Apartments,in mjr pearl apartments,MJR Pearl Apartments,,mixed
blr_10d8ab26126eef98,MJR Pearl Apartments,near mjr pearl apartments,MJR Pearl Apartments,,mixed
blr_10d8ab26126eef98,MJR Pearl Apartments,around mjr pearl apartments,MJR Pearl Apartments,,mixed
blr_10d8ab26126eef98,MJR Pearl Apartments,mjr pearl apartments area,MJR Pearl Apartments,,mixed
blr_ca472daca84a6cd6,ITC Windsor Bridge,itc windsor bridge,ITC Windsor Bridge,,mixed
blr_ca472daca84a6cd6,ITC Windsor Bridge,in itc windsor bridge,ITC Windsor Bridge,,mixed
blr_ca472daca84a6cd6,ITC Windsor Bridge,near itc windsor bridge,ITC Windsor Bridge,,mixed
blr_ca472daca84a6cd6,ITC Windsor Bridge,around itc windsor bridge,ITC Windsor Bridge,,mixed
blr_ca472daca84a6cd6,ITC Windsor Bridge,itc windsor bridge area,ITC Windsor Bridge,,mixed
blr_03692449e5fce6a6,Judicial Layout Phase II,judicial layout phase ii,Judicial Layout Phase II,,mixed
blr_03692449e5fce6a6,Judicial Layout Phase II,in judicial layout phase ii,Judicial Layout Phase II,,mixed
blr_03692449e5fce6a6,Judicial Layout Phase II,near judicial layout phase ii,Judicial Layout Phase II,,mixed
blr_03692449e5fce6a6,Judicial Layout Phase II,around judicial layout phase ii,Judicial Layout Phase II,,mixed
blr_03692449e5fce6a6,Judicial Layout Phase II,judicial layout phase ii area,Judicial Layout Phase II,,mixed
blr_dbddf03a3065ac27,4th Main Minhaj Nagar Road,four main minhaj nagar road,4th Main Minhaj Nagar Road,,mixed
blr_dbddf03a3065ac27,4th Main Minhaj Nagar Road,fourth main minhaj nagar road,4th Main Minhaj Nagar Road,,mixed
blr_dbddf03a3065ac27,4th Main Minhaj Nagar Road,4th main minhaj nagar road,4th Main Minhaj Nagar Road,,mixed
blr_dbddf03a3065ac27,4th Main Minhaj Nagar Road,in four main minhaj nagar road,4th Main Minhaj Nagar Road,,mixed
blr_dbddf03a3065ac27,4th Main Minhaj Nagar Road,near fourth main minhaj nagar road,4th Main Minhaj Nagar Road,,mixed
blr_a382b432d8eab9b7,DRDO Phase 1st,drdo phase 1st,DRDO Phase 1,,mixed
blr_a382b432d8eab9b7,DRDO Phase 1st,in drdo phase 1st,DRDO Phase 1,,mixed
blr_a382b432d8eab9b7,DRDO Phase 1st,near drdo phase 1st,DRDO Phase 1,,mixed
blr_a382b432d8eab9b7,DRDO Phase 1st,around drdo phase 1st,DRDO Phase 1,,mixed
blr_a382b432d8eab9b7,DRDO Phase 1st,drdo phase 1st area,DRDO Phase 1,,mixed
blr_e4c82d8bd93be236,SLS Square,sls square,SLS Square,,mixed
blr_e4c82d8bd93be236,SLS Square,in sls square,SLS Square,,mixed
blr_e4c82d8bd93be236,SLS Square,near sls square,SLS Square,,mixed
blr_e4c82d8bd93be236,SLS Square,around sls square,SLS Square,,mixed
blr_e4c82d8bd93be236,SLS Square,sls square area,SLS Square,,mixed
blr_04bb0a1f90181e7c,6D Main Road,6d main road,6D Main Road,,mixed
blr_04bb0a1f90181e7c,6D Main Road,in 6d main road,6D Main Road,,mixed
blr_04bb0a1f90181e7c,6D Main Road,near 6d main road,6D Main Road,,mixed
blr_04bb0a1f90181e7c,6D Main Road,around 6d main road,6D Main Road,,mixed
blr_04bb0a1f90181e7c,6D Main Road,6d main road area,6D Main Road,,mixed
blr_abb5810d8a064690,Doctor M H Marigowda Road,doctor m h marigowda road,Doctor M H Marigowda Road,,mixed
blr_abb5810d8a064690,Doctor M H Marigowda Road,in doctor m h marigowda road,Doctor M H Marigowda Road,,mixed
blr_abb5810d8a064690,Doctor M H Marigowda Road,near doctor m h marigowda road,Doctor M H Marigowda Road,,mixed
blr_abb5810d8a064690,Doctor M H Marigowda Road,around doctor m h marigowda road,Doctor M H Marigowda Road,,mixed
blr_abb5810d8a064690,Doctor M H Marigowda Road,doctor m h marigowda road area,Doctor M H Marigowda Road,,mixed
blr_1f1852a57b201905,6F Main,6f main,6F Main,,mixed
blr_1f1852a57b201905,6F Main,in 6f main,6F Main,,mixed
blr_1f1852a57b201905,6F Main,near 6f main,6F Main,,mixed
blr_1f1852a57b201905,6F Main,around 6f main,6F Main,,mixed
blr_1f1852a57b201905,6F Main,6f main area,6F Main,,mixed
blr_8f3eac52a05ba560,SNN Clermont,snn clermont,SNN Clermont,,mixed
blr_8f3eac52a05ba560,SNN Clermont,in snn clermont,SNN Clermont,,mixed
blr_8f3eac52a05ba560,SNN Clermont,near snn clermont,SNN Clermont,,mixed
blr_8f3eac52a05ba560,SNN Clermont,around snn clermont,SNN Clermont,,mixed
blr_8f3eac52a05ba560,SNN Clermont,snn clermont area,SNN Clermont,,mixed
blr_3779c7232824ea06,SNN Raj Serenity Apartments,snn raj serenity apartments,SNN Raj Serenity Apartments,,mixed
blr_3779c7232824ea06,SNN Raj Serenity Apartments,in snn raj serenity apartments,SNN Raj Serenity Apartments,,mixed
blr_3779c7232824ea06,SNN Raj Serenity Apartments,near snn raj serenity apartments,SNN Raj Serenity Apartments,,mixed
blr_3779c7232824ea06,SNN Raj Serenity Apartments,around snn raj serenity apartments,SNN Raj Serenity Apartments,,mixed
blr_3779c7232824ea06,SNN Raj Serenity Apartments,snn raj serenity apartments area,SNN Raj Serenity Apartments,,mixed
blr_fc58a0295c80640c,G R Lavender,g r lavender,G R Lavender,,mixed
blr_fc58a0295c80640c,G R Lavender,in g r lavender,G R Lavender,,mixed
blr_fc58a0295c80640c,G R Lavender,near g r lavender,G R Lavender,,mixed
blr_fc58a0295c80640c,G R Lavender,around g r lavender,G R Lavender,,mixed
blr_fc58a0295c80640c,G R Lavender,g r lavender area,G R Lavender,,mixed
blr_2b0385733b7ae4d1,37th Main,37th main,37th Main,,mixed
blr_2b0385733b7ae4d1,37th Main,3seventh main,37th Main,,mixed
blr_2b0385733b7ae4d1,37th Main,3seven main,37th Main,,mixed
blr_2b0385733b7ae4d1,37th Main,in 37th main,37th Main,,mixed
blr_2b0385733b7ae4d1,37th Main,near 3seventh main,37th Main,,mixed
blr_160f9d43ff9df171,38th Main,3eighth main,38th Main,,mixed
blr_160f9d43ff9df171,38th Main,38th main,38th Main,,mixed
blr_160f9d43ff9df171,38th Main,3eight main,38th Main,,mixed
blr_160f9d43ff9df171,38th Main,in 3eighth main,38th Main,,mixed
blr_160f9d43ff9df171,38th Main,near 38th main,38th Main,,mixed
blr_e045e09ec0aed480,51st Cross Road,51st cross road,51st Cross Road,,mixed
blr_e045e09ec0aed480,51st Cross Road,in 51st cross road,51st Cross Road,,mixed
blr_e045e09ec0aed480,51st Cross Road,near 51st cross road,51st Cross Road,,mixed
blr_e045e09ec0aed480,51st Cross Road,around 51st cross road,51st Cross Road,,mixed
blr_e045e09ec0aed480,51st Cross Road,51st cross road area,51st Cross Road,,mixed
blr_9c07540647f3e63e,K Ramachandrappa Road,k ramachandrappa road,K Ramachandrappa Road,,mixed
blr_9c07540647f3e63e,K Ramachandrappa Road,in k ramachandrappa road,K Ramachandrappa Road,,mixed
blr_9c07540647f3e63e,K Ramachandrappa Road,near k ramachandrappa road,K Ramachandrappa Road,,mixed
blr_9c07540647f3e63e,K Ramachandrappa Road,around k ramachandrappa road,K Ramachandrappa Road,,mixed
blr_9c07540647f3e63e,K Ramachandrappa Road,k ramachandrappa road area,K Ramachandrappa Road,,mixed
blr_3001a6150a04a02a,MSR Nagar 1st Main Road,msr nagar 1st main road,MSR Nagar 1st Main Road,,mixed
blr_3001a6150a04a02a,MSR Nagar 1st Main Road,in msr nagar 1st main road,MSR Nagar 1st Main Road,,mixed
blr_3001a6150a04a02a,MSR Nagar 1st Main Road,near msr nagar 1st main road,MSR Nagar 1st Main Road,,mixed
blr_3001a6150a04a02a,MSR Nagar 1st Main Road,around msr nagar 1st main road,MSR Nagar 1st Main Road,,mixed
blr_3001a6150a04a02a,MSR Nagar 1st Main Road,msr nagar 1st main road area,MSR Nagar 1st Main Road,,mixed
blr_752ba991edfcb4e6,APR Villa Road,apr villa road,APR Villa Road,,mixed
blr_752ba991edfcb4e6,APR Villa Road,in apr villa road,APR Villa Road,,mixed
blr_752ba991edfcb4e6,APR Villa Road,near apr villa road,APR Villa Road,,mixed
blr_752ba991edfcb4e6,APR Villa Road,around apr villa road,APR Villa Road,,mixed
blr_752ba991edfcb4e6,APR Villa Road,apr villa road area,APR Villa Road,,mixed
blr_b24c9aa97a351735,5th Main Tatanagar,fifth main tatanagar,5th Main Tatanagar,,mixed
blr_b24c9aa97a351735,5th Main Tatanagar,5th main tatanagar,5th Main Tatanagar,,mixed
blr_b24c9aa97a351735,5th Main Tatanagar,five main tatanagar,5th Main Tatanagar,,mixed
blr_b24c9aa97a351735,5th Main Tatanagar,in fifth main tatanagar,5th Main Tatanagar,,mixed
blr_b24c9aa97a351735,5th Main Tatanagar,near 5th main tatanagar,5th Main Tatanagar,,mixed
blr_dca0d415907199fc,BMRCL Relocated Colony,bmrcl relocated colony,BMRCL Relocated Colony,,mixed
blr_dca0d415907199fc,BMRCL Relocated Colony,in bmrcl relocated colony,BMRCL Relocated Colony,,mixed
blr_dca0d415907199fc,BMRCL Relocated Colony,near bmrcl relocated colony,BMRCL Relocated Colony,,mixed
blr_dca0d415907199fc,BMRCL Relocated Colony,around bmrcl relocated colony,BMRCL Relocated Colony,,mixed
blr_dca0d415907199fc,BMRCL Relocated Colony,bmrcl relocated colony area,BMRCL Relocated Colony,,mixed
blr_37bfda699242e771,1st Main 3rd Cross Road,1st main three cross road,1st Main 3rd Cross Road,,mixed
blr_37bfda699242e771,1st Main 3rd Cross Road,1st main third cross road,1st Main 3rd Cross Road,,mixed
blr_37bfda699242e771,1st Main 3rd Cross Road,1st main 3rd cross road,1st Main 3rd Cross Road,,mixed
blr_37bfda699242e771,1st Main 3rd Cross Road,in 1st main three cross road,1st Main 3rd Cross Road,,mixed
blr_37bfda699242e771,1st Main 3rd Cross Road,near 1st main third cross road,1st Main 3rd Cross Road,,mixed
blr_00d1a88846fe9cc3,"1st Main, Ramanashree Nagar",1st main ramanashree nagar,"1st Main, Ramanashree Nagar",,mixed
blr_00d1a88846fe9cc3,"1st Main, Ramanashree Nagar",in 1st main ramanashree nagar,"1st Main, Ramanashree Nagar",,mixed
blr_00d1a88846fe9cc3,"1st Main, Ramanashree Nagar",near 1st main ramanashree nagar,"1st Main, Ramanashree Nagar",,mixed
blr_00d1a88846fe9cc3,"1st Main, Ramanashree Nagar",around 1st main ramanashree nagar,"1st Main, Ramanashree Nagar",,mixed
blr_00d1a88846fe9cc3,"1st Main, Ramanashree Nagar",1st main ramanashree nagar area,"1st Main, Ramanashree Nagar",,mixed
blr_814b02a3422899dd,"2nd Main, Ramanashree Nagar",2nd main ramanashree nagar,"2nd Main, Ramanashree Nagar",,mixed
blr_814b02a3422899dd,"2nd Main, Ramanashree Nagar",two main ramanashree nagar,"2nd Main, Ramanashree Nagar",,mixed
blr_814b02a3422899dd,"2nd Main, Ramanashree Nagar",second main ramanashree nagar,"2nd Main, Ramanashree Nagar",,mixed
blr_814b02a3422899dd,"2nd Main, Ramanashree Nagar",in 2nd main ramanashree nagar,"2nd Main, Ramanashree Nagar",,mixed
blr_814b02a3422899dd,"2nd Main, Ramanashree Nagar",near two main ramanashree nagar,"2nd Main, Ramanashree Nagar",,mixed
blr_e9e1e695f33feae9,CV Raman Rasthe,cv raman rasthe,CV Raman Rasthe,,mixed
blr_e9e1e695f33feae9,CV Raman Rasthe,in cv raman rasthe,CV Raman Rasthe,,mixed
blr_e9e1e695f33feae9,CV Raman Rasthe,near cv raman rasthe,CV Raman Rasthe,,mixed
blr_e9e1e695f33feae9,CV Raman Rasthe,around cv raman rasthe,CV Raman Rasthe,,mixed
blr_e9e1e695f33feae9,CV Raman Rasthe,cv raman rasthe area,CV Raman Rasthe,,mixed
blr_e1dbcb69bd164278,20th A Cross Road,20th a cross road,20th A Cross Road,,mixed
blr_e1dbcb69bd164278,20th A Cross Road,in 20th a cross road,20th A Cross Road,,mixed
blr_e1dbcb69bd164278,20th A Cross Road,near 20th a cross road,20th A Cross Road,,mixed
blr_e1dbcb69bd164278,20th A Cross Road,around 20th a cross road,20th A Cross Road,,mixed
blr_e1dbcb69bd164278,20th A Cross Road,20th a cross road area,20th A Cross Road,,mixed
blr_273e96584a0424ed,V K Gokak Road,v k gokak road,V K Gokak Road,,mixed
blr_273e96584a0424ed,V K Gokak Road,in v k gokak road,V K Gokak Road,,mixed
blr_273e96584a0424ed,V K Gokak Road,near v k gokak road,V K Gokak Road,,mixed
blr_273e96584a0424ed,V K Gokak Road,around v k gokak road,V K Gokak Road,,mixed
blr_273e96584a0424ed,V K Gokak Road,v k gokak road area,V K Gokak Road,,mixed
blr_26bd85e29691e359,16th Main,1six main,16th Main,,mixed
blr_26bd85e29691e359,16th Main,1sixth main,16th Main,,mixed
blr_26bd85e29691e359,16th Main,16th main,16th Main,,mixed
blr_26bd85e29691e359,16th Main,in 1six main,16th Main,,mixed
blr_26bd85e29691e359,16th Main,near 1sixth main,16th Main,,mixed
blr_8e0dd47e06c4e1f4,2nd C Cross,2nd c cross,2nd C Cross,,mixed
blr_8e0dd47e06c4e1f4,2nd C Cross,second c cross,2nd C Cross,,mixed
blr_8e0dd47e06c4e1f4,2nd C Cross,two c cross,2nd C Cross,,mixed
blr_8e0dd47e06c4e1f4,2nd C Cross,in 2nd c cross,2nd C Cross,,mixed
blr_8e0dd47e06c4e1f4,2nd C Cross,near second c cross,2nd C Cross,,mixed
blr_62cbbfa8e8940607,3rd C Main,three c main,3rd C Main,,mixed
blr_62cbbfa8e8940607,3rd C Main,3rd c main,3rd C Main,,mixed
blr_62cbbfa8e8940607,3rd C Main,third c main,3rd C Main,,mixed
blr_62cbbfa8e8940607,3rd C Main,in three c main,3rd C Main,,mixed
blr_62cbbfa8e8940607,3rd C Main,near 3rd c main,3rd C Main,,mixed
blr_e3551d26ff84d1d8,21th Main Rd,21th main rd,21th Main Rd,,mixed
blr_e3551d26ff84d1d8,21th Main Rd,in 21th main rd,21th Main Rd,,mixed
blr_e3551d26ff84d1d8,21th Main Rd,near 21th main rd,21th Main Rd,,mixed
blr_e3551d26ff84d1d8,21th Main Rd,around 21th main rd,21th Main Rd,,mixed
blr_e3551d26ff84d1d8,21th Main Rd,21th main rd area,21th Main Rd,,mixed
blr_32cf6b54ae967ba7,4th D Cross,four d cross,4th D Cross,,mixed
blr_32cf6b54ae967ba7,4th D Cross,fourth d cross,4th D Cross,,mixed
blr_32cf6b54ae967ba7,4th D Cross,4th d cross,4th D Cross,,mixed
blr_32cf6b54ae967ba7,4th D Cross,in four d cross,4th D Cross,,mixed
blr_32cf6b54ae967ba7,4th D Cross,near fourth d cross,4th D Cross,,mixed
blr_36859e759cd91a02,G Cross Road,g cross road,G Cross Road,,mixed
blr_36859e759cd91a02,G Cross Road,in g cross road,G Cross Road,,mixed
blr_36859e759cd91a02,G Cross Road,near g cross road,G Cross Road,,mixed
blr_36859e759cd91a02,G Cross Road,around g cross road,G Cross Road,,mixed
blr_36859e759cd91a02,G Cross Road,g cross road area,G Cross Road,,mixed
blr_2a68852824bd1317,C Cross Road,c cross road,C Cross Road,,mixed
blr_2a68852824bd1317,C Cross Road,in c cross road,C Cross Road,,mixed
blr_2a68852824bd1317,C Cross Road,near c cross road,C Cross Road,,mixed
blr_2a68852824bd1317,C Cross Road,around c cross road,C Cross Road,,mixed
blr_2a68852824bd1317,C Cross Road,c cross road area,C Cross Road,,mixed
blr_40b3280344a4094b,TE Main Road,te main road,TE Main Road,,mixed
blr_40b3280344a4094b,TE Main Road,in te main road,TE Main Road,,mixed
blr_40b3280344a4094b,TE Main Road,near te main road,TE Main Road,,mixed
blr_40b3280344a4094b,TE Main Road,around te main road,TE Main Road,,mixed
blr_40b3280344a4094b,TE Main Road,te main road area,TE Main Road,,mixed
blr_2c8059205e33b20d,7th E Main Road,7th e main road,7th E Main Road,,mixed
blr_2c8059205e33b20d,7th E Main Road,seven e main road,7th E Main Road,,mixed
blr_2c8059205e33b20d,7th E Main Road,seventh e main road,7th E Main Road,,mixed
blr_2c8059205e33b20d,7th E Main Road,in 7th e main road,7th E Main Road,,mixed
blr_2c8059205e33b20d,7th E Main Road,near seven e main road,7th E Main Road,,mixed
blr_d9741346d80c9369,D V Gundappa Road,d v gundappa road,D V Gundappa Road,,mixed
blr_d9741346d80c9369,D V Gundappa Road,in d v gundappa road,D V Gundappa Road,,mixed
blr_d9741346d80c9369,D V Gundappa Road,near d v gundappa road,D V Gundappa Road,,mixed
blr_d9741346d80c9369,D V Gundappa Road,around d v gundappa road,D V Gundappa Road,,mixed
blr_d9741346d80c9369,D V Gundappa Road,d v gundappa road area,D V Gundappa Road,,mixed
blr_4220e8bbbb9ddb5b,10th D Main Road,10th d main road,10th D Main Road,,mixed
blr_4220e8bbbb9ddb5b,10th D Main Road,ten d main road,10th D Main Road,,mixed
blr_4220e8bbbb9ddb5b,10th D Main Road,tenth d main road,10th D Main Road,,mixed
blr_4220e8bbbb9ddb5b,10th D Main Road,in 10th d main road,10th D Main Road,,mixed
blr_4220e8bbbb9ddb5b,10th D Main Road,near ten d main road,10th D Main Road,,mixed
blr_39579352779b4dd9,"Temple Road,16th Cross Street",temple road1sixth cross street,"Temple Road,16th Cross Street",,mixed
blr_39579352779b4dd9,"Temple Road,16th Cross Street",temple road16th cross street,"Temple Road,16th Cross Street",,mixed
blr_39579352779b4dd9,"Temple Road,16th Cross Street",temple road1six cross street,"Temple Road,16th Cross Street",,mixed
blr_39579352779b4dd9,"Temple Road,16th Cross Street",in temple road1sixth cross street,"Temple Road,16th Cross Street",,mixed
blr_39579352779b4dd9,"Temple Road,16th Cross Street",near temple road16th cross street,"Temple Road,16th Cross Street",,mixed
blr_a7d1a84b1605ce82,3rd Cross Street,three cross street,3rd Cross Street,,mixed
blr_a7d1a84b1605ce82,3rd Cross Street,3rd cross street,3rd Cross Street,,mixed
blr_a7d1a84b1605ce82,3rd Cross Street,third cross street,3rd Cross Street,,mixed
blr_a7d1a84b1605ce82,3rd Cross Street,in three cross street,3rd Cross Street,,mixed
blr_a7d1a84b1605ce82,3rd Cross Street,near 3rd cross street,3rd Cross Street,,mixed
blr_c3258075a040421e,"1st Main Road, Lakkasandra",1st main road lakkasandra,"1st Main Road, Lakkasandra",,mixed
blr_c3258075a040421e,"1st Main Road, Lakkasandra",in 1st main road lakkasandra,"1st Main Road, Lakkasandra",,mixed
blr_c3258075a040421e,"1st Main Road, Lakkasandra",near 1st main road lakkasandra,"1st Main Road, Lakkasandra",,mixed
blr_c3258075a040421e,"1st Main Road, Lakkasandra",around 1st main road lakkasandra,"1st Main Road, Lakkasandra",,mixed
blr_c3258075a040421e,"1st Main Road, Lakkasandra",1st main road lakkasandra area,"1st Main Road, Lakkasandra",,mixed
blr_b6f101688cec2b67,2nd Cross Shamanna Garden,2nd cross shamanna garden,2nd Cross Shamanna Garden,,mixed
blr_b6f101688cec2b67,2nd Cross Shamanna Garden,two cross shamanna garden,2nd Cross Shamanna Garden,,mixed
blr_b6f101688cec2b67,2nd Cross Shamanna Garden,second cross shamanna garden,2nd Cross Shamanna Garden,,mixed
blr_b6f101688cec2b67,2nd Cross Shamanna Garden,in 2nd cross shamanna garden,2nd Cross Shamanna Garden,,mixed
blr_b6f101688cec2b67,2nd Cross Shamanna Garden,near two cross shamanna garden,2nd Cross Shamanna Garden,,mixed
blr_6db5a656df41e24b,1st Cross Shamannna Garden,1st cross shamannna garden,1st Cross Shamannna Garden,,mixed
blr_6db5a656df41e24b,1st Cross Shamannna Garden,in 1st cross shamannna garden,1st Cross Shamannna Garden,,mixed
blr_6db5a656df41e24b,1st Cross Shamannna Garden,near 1st cross shamannna garden,1st Cross Shamannna Garden,,mixed
blr_6db5a656df41e24b,1st Cross Shamannna Garden,around 1st cross shamannna garden,1st Cross Shamannna Garden,,mixed
blr_6db5a656df41e24b,1st Cross Shamannna Garden,1st cross shamannna garden area,1st Cross Shamannna Garden,,mixed
blr_f9548c68b2148127,O Street,o street,O Street,,mixed
blr_f9548c68b2148127,O Street,in o street,O Street,,mixed
blr_f9548c68b2148127,O Street,near o street,O Street,,mixed
blr_f9548c68b2148127,O Street,around o street,O Street,,mixed
blr_f9548c68b2148127,O Street,o street area,O Street,,mixed
blr_8334aae9ee9e26c7,6th Cross Lakshmi Road,six cross lakshmi road,6th Cross Lakshmi Road,,mixed
blr_8334aae9ee9e26c7,6th Cross Lakshmi Road,6th cross lakshmi road,6th Cross Lakshmi Road,,mixed
blr_8334aae9ee9e26c7,6th Cross Lakshmi Road,sixth cross lakshmi road,6th Cross Lakshmi Road,,mixed
blr_8334aae9ee9e26c7,6th Cross Lakshmi Road,in six cross lakshmi road,6th Cross Lakshmi Road,,mixed
blr_8334aae9ee9e26c7,6th Cross Lakshmi Road,near 6th cross lakshmi road,6th Cross Lakshmi Road,,mixed
blr_9dfdc63bc01a92d0,C Street,c street,C Street,,mixed
blr_9dfdc63bc01a92d0,C Street,in c street,C Street,,mixed
blr_9dfdc63bc01a92d0,C Street,near c street,C Street,,mixed
blr_9dfdc63bc01a92d0,C Street,around c street,C Street,,mixed
blr_9dfdc63bc01a92d0,C Street,c street area,C Street,,mixed
blr_e17bf47e063b1765,S Street,s street,S Street,,mixed
blr_e17bf47e063b1765,S Street,in s street,S Street,,mixed
blr_e17bf47e063b1765,S Street,near s street,S Street,,mixed
blr_e17bf47e063b1765,S Street,around s street,S Street,,mixed
blr_e17bf47e063b1765,S Street,s street area,S Street,,mixed
blr_c05c04763d6244a2,F Street,f street,F Street,,mixed
blr_c05c04763d6244a2,F Street,in f street,F Street,,mixed
blr_c05c04763d6244a2,F Street,near f street,F Street,,mixed
blr_c05c04763d6244a2,F Street,around f street,F Street,,mixed
blr_c05c04763d6244a2,F Street,f street area,F Street,,mixed
blr_77462594bbe04820,G Street,g street,G Street,,mixed
blr_77462594bbe04820,G Street,in g street,G Street,,mixed
blr_77462594bbe04820,G Street,near g street,G Street,,mixed
blr_77462594bbe04820,G Street,around g street,G Street,,mixed
blr_77462594bbe04820,G Street,g street area,G Street,,mixed
blr_2e754edefe1f6f70,D Street,d street,D Street,,mixed
blr_2e754edefe1f6f70,D Street,in d street,D Street,,mixed
blr_2e754edefe1f6f70,D Street,near d street,D Street,,mixed
blr_2e754edefe1f6f70,D Street,around d street,D Street,,mixed
blr_2e754edefe1f6f70,D Street,d street area,D Street,,mixed
blr_df6df72d468985be,A Street,a street,A Street,,mixed
blr_df6df72d468985be,A Street,in a street,A Street,,mixed
blr_df6df72d468985be,A Street,near a street,A Street,,mixed
blr_df6df72d468985be,A Street,around a street,A Street,,mixed
blr_df6df72d468985be,A Street,a street area,A Street,,mixed
blr_feb4ca3fe61be4e4,F Street Road,f street road,F Street Road,,mixed
blr_feb4ca3fe61be4e4,F Street Road,in f street road,F Street Road,,mixed
blr_feb4ca3fe61be4e4,F Street Road,near f street road,F Street Road,,mixed
blr_feb4ca3fe61be4e4,F Street Road,around f street road,F Street Road,,mixed
blr_feb4ca3fe61be4e4,F Street Road,f street road area,F Street Road,,mixed
blr_9d68b842d8dc333a,IVRI Road,ivri road,IVRI Road,,mixed
blr_9d68b842d8dc333a,IVRI Road,in ivri road,IVRI Road,,mixed
blr_9d68b842d8dc333a,IVRI Road,near ivri road,IVRI Road,,mixed
blr_9d68b842d8dc333a,IVRI Road,around ivri road,IVRI Road,,mixed
blr_9d68b842d8dc333a,IVRI Road,ivri road area,IVRI Road,,mixed
blr_b0861beb92f2e2c9,BNR School Road,bnr school road,BNR School Road,,mixed
blr_b0861beb92f2e2c9,BNR School Road,in bnr school road,BNR School Road,,mixed
blr_b0861beb92f2e2c9,BNR School Road,near bnr school road,BNR School Road,,mixed
blr_b0861beb92f2e2c9,BNR School Road,around bnr school road,BNR School Road,,mixed
blr_b0861beb92f2e2c9,BNR School Road,bnr school road area,BNR School Road,,mixed
blr_c2164d03fbd92e7e,HT Line road,ht line road,HT Line road,,mixed
blr_c2164d03fbd92e7e,HT Line road,in ht line road,HT Line road,,mixed
blr_c2164d03fbd92e7e,HT Line road,near ht line road,HT Line road,,mixed
blr_c2164d03fbd92e7e,HT Line road,around ht line road,HT Line road,,mixed
blr_c2164d03fbd92e7e,HT Line road,ht line road area,HT Line road,,mixed
blr_896aebffc828ca56,NTC Main Road,ntc main road,NTC Main Road,,mixed
blr_896aebffc828ca56,NTC Main Road,in ntc main road,NTC Main Road,,mixed
blr_896aebffc828ca56,NTC Main Road,near ntc main road,NTC Main Road,,mixed
blr_896aebffc828ca56,NTC Main Road,around ntc main road,NTC Main Road,,mixed
blr_896aebffc828ca56,NTC Main Road,ntc main road area,NTC Main Road,,mixed
blr_72e139a357a3ccc2,"1st Cross, Bestcounty2",1st cross bestcounty2,"1st Cross,  Bestcounty2",,mixed
blr_72e139a357a3ccc2,"1st Cross, Bestcounty2",in 1st cross bestcounty2,"1st Cross,  Bestcounty2",,mixed
blr_72e139a357a3ccc2,"1st Cross, Bestcounty2",near 1st cross bestcounty2,"1st Cross,  Bestcounty2",,mixed
blr_72e139a357a3ccc2,"1st Cross, Bestcounty2",around 1st cross bestcounty2,"1st Cross,  Bestcounty2",,mixed
blr_72e139a357a3ccc2,"1st Cross, Bestcounty2",1st cross bestcounty2 area,"1st Cross,  Bestcounty2",,mixed
blr_71c6739aa3e40d2b,RC Pura Road,rc pura road,RC Pura Road,,mixed
blr_71c6739aa3e40d2b,RC Pura Road,in rc pura road,RC Pura Road,,mixed
blr_71c6739aa3e40d2b,RC Pura Road,near rc pura road,RC Pura Road,,mixed
blr_71c6739aa3e40d2b,RC Pura Road,around rc pura road,RC Pura Road,,mixed
blr_71c6739aa3e40d2b,RC Pura Road,rc pura road area,RC Pura Road,,mixed
blr_3a0b65ab600ad8f5,Sardhar Vallabhai Patel road,sardhar vallabhai patel road,Sardhar Vallabhai Patel road,,mixed
blr_3a0b65ab600ad8f5,Sardhar Vallabhai Patel road,in sardhar vallabhai patel road,Sardhar Vallabhai Patel road,,mixed
blr_3a0b65ab600ad8f5,Sardhar Vallabhai Patel road,near sardhar vallabhai patel road,Sardhar Vallabhai Patel road,,mixed
blr_3a0b65ab600ad8f5,Sardhar Vallabhai Patel road,around sardhar vallabhai patel road,Sardhar Vallabhai Patel road,,mixed
blr_3a0b65ab600ad8f5,Sardhar Vallabhai Patel road,sardhar vallabhai patel road area,Sardhar Vallabhai Patel road,,mixed
blr_bf45550dec92f982,SLV,slv,SLV,,mixed
blr_bf45550dec92f982,SLV,in slv,SLV,,mixed
blr_bf45550dec92f982,SLV,near slv,SLV,,mixed
blr_bf45550dec92f982,SLV,around slv,SLV,,mixed
blr_bf45550dec92f982,SLV,slv area,SLV,,mixed
blr_b4ec5d3ab7e3fbce,Poojar Estate 2nd Cross,poojar estate 2nd cross,Poojar Estate 2nd Cross,,mixed
blr_b4ec5d3ab7e3fbce,Poojar Estate 2nd Cross,poojar estate two cross,Poojar Estate 2nd Cross,,mixed
blr_b4ec5d3ab7e3fbce,Poojar Estate 2nd Cross,poojar estate second cross,Poojar Estate 2nd Cross,,mixed
blr_b4ec5d3ab7e3fbce,Poojar Estate 2nd Cross,in poojar estate 2nd cross,Poojar Estate 2nd Cross,,mixed
blr_b4ec5d3ab7e3fbce,Poojar Estate 2nd Cross,near poojar estate two cross,Poojar Estate 2nd Cross,,mixed
blr_89a653d9ce90b775,KEB Road,keb road,KEB Road,,mixed
blr_89a653d9ce90b775,KEB Road,in keb road,KEB Road,,mixed
blr_89a653d9ce90b775,KEB Road,near keb road,KEB Road,,mixed
blr_89a653d9ce90b775,KEB Road,around keb road,KEB Road,,mixed
blr_89a653d9ce90b775,KEB Road,keb road area,KEB Road,,mixed
blr_129d0f0ee7d319bf,"3rd Rd Cross, Sector A, BCCHS Layout",third rd cross sector a bcchs layout,"3 Rd Cross, Sector A, BCCHS Layout",,mixed
blr_129d0f0ee7d319bf,"3rd Rd Cross, Sector A, BCCHS Layout",3rd rd cross sector a bcchs layout,"3 Rd Cross, Sector A, BCCHS Layout",,mixed
blr_129d0f0ee7d319bf,"3rd Rd Cross, Sector A, BCCHS Layout",three rd cross sector a bcchs layout,"3 Rd Cross, Sector A, BCCHS Layout",,mixed
blr_129d0f0ee7d319bf,"3rd Rd Cross, Sector A, BCCHS Layout",in third rd cross sector a bcchs layout,"3 Rd Cross, Sector A, BCCHS Layout",,mixed
blr_129d0f0ee7d319bf,"3rd Rd Cross, Sector A, BCCHS Layout",near 3rd rd cross sector a bcchs layout,"3 Rd Cross, Sector A, BCCHS Layout",,mixed
blr_f99aac7c6d1d3268,Vaibhava Sumukha Enclave Phase 1st,vaibhava sumukha enclave phase 1st,Vaibhava Sumukha Enclave Phase 1,,mixed
blr_f99aac7c6d1d3268,Vaibhava Sumukha Enclave Phase 1st,in vaibhava sumukha enclave phase 1st,Vaibhava Sumukha Enclave Phase 1,,mixed
blr_f99aac7c6d1d3268,Vaibhava Sumukha Enclave Phase 1st,near vaibhava sumukha enclave phase 1st,Vaibhava Sumukha Enclave Phase 1,,mixed
blr_f99aac7c6d1d3268,Vaibhava Sumukha Enclave Phase 1st,around vaibhava sumukha enclave phase 1st,Vaibhava Sumukha Enclave Phase 1,,mixed
blr_f99aac7c6d1d3268,Vaibhava Sumukha Enclave Phase 1st,vaibhava sumukha enclave phase 1st area,Vaibhava Sumukha Enclave Phase 1,,mixed
blr_459dffa575bf9074,Link to Anjanapura Layout,link to anjanapura layout,Link to Anjanapura Layout,,mixed
blr_459dffa575bf9074,Link to Anjanapura Layout,in link to anjanapura layout,Link to Anjanapura Layout,,mixed
blr_459dffa575bf9074,Link to Anjanapura Layout,near link to anjanapura layout,Link to Anjanapura Layout,,mixed
blr_459dffa575bf9074,Link to Anjanapura Layout,around link to anjanapura layout,Link to Anjanapura Layout,,mixed
blr_459dffa575bf9074,Link to Anjanapura Layout,link to anjanapura layout area,Link to Anjanapura Layout,,mixed
blr_dfda2cb0f2b92f07,15th C Cross Road,1five c cross road,15th C Cross Road,,mixed
blr_dfda2cb0f2b92f07,15th C Cross Road,15th c cross road,15th C Cross Road,,mixed
blr_dfda2cb0f2b92f07,15th C Cross Road,1fifth c cross road,15th C Cross Road,,mixed
blr_dfda2cb0f2b92f07,15th C Cross Road,in 1five c cross road,15th C Cross Road,,mixed
blr_dfda2cb0f2b92f07,15th C Cross Road,near 15th c cross road,15th C Cross Road,,mixed
blr_714adffabdd581cc,14th Cross,1four cross,14th Cross,,mixed
blr_714adffabdd581cc,14th Cross,14th cross,14th Cross,,mixed
blr_714adffabdd581cc,14th Cross,1fourth cross,14th Cross,,mixed
blr_714adffabdd581cc,14th Cross,in 1four cross,14th Cross,,mixed
blr_714adffabdd581cc,14th Cross,near 14th cross,14th Cross,,mixed
blr_e127b3881320177a,G 7th street,g 7th street,G 7th street,,mixed
blr_e127b3881320177a,G 7th street,g seventh street,G 7th street,,mixed
blr_e127b3881320177a,G 7th street,g seven street,G 7th street,,mixed
blr_e127b3881320177a,G 7th street,in g 7th street,G 7th street,,mixed
blr_e127b3881320177a,G 7th street,near g seventh street,G 7th street,,mixed
blr_78d914792c64014b,2nd Cross Cambridge road,second cross cambridge road,2nd Cross Cambridge road,,mixed
blr_78d914792c64014b,2nd Cross Cambridge road,2nd cross cambridge road,2nd Cross Cambridge road,,mixed
blr_78d914792c64014b,2nd Cross Cambridge road,two cross cambridge road,2nd Cross Cambridge road,,mixed
blr_78d914792c64014b,2nd Cross Cambridge road,in second cross cambridge road,2nd Cross Cambridge road,,mixed
blr_78d914792c64014b,2nd Cross Cambridge road,near 2nd cross cambridge road,2nd Cross Cambridge road,,mixed
blr_cca75537b42ea13b,Il Pay Thope A street,il pay thope a street,Il Pay Thope A street,,mixed
blr_cca75537b42ea13b,Il Pay Thope A street,in il pay thope a street,Il Pay Thope A street,,mixed
blr_cca75537b42ea13b,Il Pay Thope A street,near il pay thope a street,Il Pay Thope A street,,mixed
blr_cca75537b42ea13b,Il Pay Thope A street,around il pay thope a street,Il Pay Thope A street,,mixed
blr_cca75537b42ea13b,Il Pay Thope A street,il pay thope a street area,Il Pay Thope A street,,mixed
blr_7880c849d6698ece,BWSSB Road,bwssb road,BWSSB Road,,mixed
blr_7880c849d6698ece,BWSSB Road,in bwssb road,BWSSB Road,,mixed
blr_7880c849d6698ece,BWSSB Road,near bwssb road,BWSSB Road,,mixed
blr_7880c849d6698ece,BWSSB Road,around bwssb road,BWSSB Road,,mixed
blr_7880c849d6698ece,BWSSB Road,bwssb road area,BWSSB Road,,mixed
blr_7a19ddf651f42d75,5th E Cross,five e cross,5th E Cross,,mixed
blr_7a19ddf651f42d75,5th E Cross,5th e cross,5th E Cross,,mixed
blr_7a19ddf651f42d75,5th E Cross,fifth e cross,5th E Cross,,mixed
blr_7a19ddf651f42d75,5th E Cross,in five e cross,5th E Cross,,mixed
blr_7a19ddf651f42d75,5th E Cross,near 5th e cross,5th E Cross,,mixed
blr_07a9b36ddb4761ae,5th D Cross,5th d cross,5th D Cross,,mixed
blr_07a9b36ddb4761ae,5th D Cross,fifth d cross,5th D Cross,,mixed
blr_07a9b36ddb4761ae,5th D Cross,five d cross,5th D Cross,,mixed
blr_07a9b36ddb4761ae,5th D Cross,in 5th d cross,5th D Cross,,mixed
blr_07a9b36ddb4761ae,5th D Cross,near fifth d cross,5th D Cross,,mixed
blr_4a279782ee2aefff,18th D Cross Road,1eight d cross road,18th D Cross Road,,mixed
blr_4a279782ee2aefff,18th D Cross Road,1eighth d cross road,18th D Cross Road,,mixed
blr_4a279782ee2aefff,18th D Cross Road,18th d cross road,18th D Cross Road,,mixed
blr_4a279782ee2aefff,18th D Cross Road,in 1eight d cross road,18th D Cross Road,,mixed
blr_4a279782ee2aefff,18th D Cross Road,near 1eighth d cross road,18th D Cross Road,,mixed
blr_18dd9515f1f7f01f,18th A Cross Road,1eighth a cross road,18th A Cross Road,,mixed
blr_18dd9515f1f7f01f,18th A Cross Road,18th a cross road,18th A Cross Road,,mixed
blr_18dd9515f1f7f01f,18th A Cross Road,1eight a cross road,18th A Cross Road,,mixed
blr_18dd9515f1f7f01f,18th A Cross Road,in 1eighth a cross road,18th A Cross Road,,mixed
blr_18dd9515f1f7f01f,18th A Cross Road,near 18th a cross road,18th A Cross Road,,mixed
blr_8333fc58603762a0,18th C Cross Road,1eighth c cross road,18th C Cross Road,,mixed
blr_8333fc58603762a0,18th C Cross Road,1eight c cross road,18th C Cross Road,,mixed
blr_8333fc58603762a0,18th C Cross Road,18th c cross road,18th C Cross Road,,mixed
blr_8333fc58603762a0,18th C Cross Road,in 1eighth c cross road,18th C Cross Road,,mixed
blr_8333fc58603762a0,18th C Cross Road,near 1eight c cross road,18th C Cross Road,,mixed
blr_64ccd84499efaab8,29th C Cross,2nine c cross,29th C Cross,,mixed
blr_64ccd84499efaab8,29th C Cross,2ninth c cross,29th C Cross,,mixed
blr_64ccd84499efaab8,29th C Cross,29th c cross,29th C Cross,,mixed
blr_64ccd84499efaab8,29th C Cross,in 2nine c cross,29th C Cross,,mixed
blr_64ccd84499efaab8,29th C Cross,near 2ninth c cross,29th C Cross,,mixed
blr_9c7f60714f71d3e9,VRR Heritage,vrr heritage,VRR Heritage,,mixed
blr_9c7f60714f71d3e9,VRR Heritage,in vrr heritage,VRR Heritage,,mixed
blr_9c7f60714f71d3e9,VRR Heritage,near vrr heritage,VRR Heritage,,mixed
blr_9c7f60714f71d3e9,VRR Heritage,around vrr heritage,VRR Heritage,,mixed
blr_9c7f60714f71d3e9,VRR Heritage,vrr heritage area,VRR Heritage,,mixed
blr_2357326abe85208b,VRR Heritage Road,vrr heritage road,VRR Heritage Road,,mixed
blr_2357326abe85208b,VRR Heritage Road,in vrr heritage road,VRR Heritage Road,,mixed
blr_2357326abe85208b,VRR Heritage Road,near vrr heritage road,VRR Heritage Road,,mixed
blr_2357326abe85208b,VRR Heritage Road,around vrr heritage road,VRR Heritage Road,,mixed
blr_2357326abe85208b,VRR Heritage Road,vrr heritage road area,VRR Heritage Road,,mixed
blr_def346a98f12f1b9,NCC Urban Ivory Heights,ncc urban ivory heights,NCC Urban Ivory Heights,,mixed
blr_def346a98f12f1b9,NCC Urban Ivory Heights,in ncc urban ivory heights,NCC Urban Ivory Heights,,mixed
blr_def346a98f12f1b9,NCC Urban Ivory Heights,near ncc urban ivory heights,NCC Urban Ivory Heights,,mixed
blr_def346a98f12f1b9,NCC Urban Ivory Heights,around ncc urban ivory heights,NCC Urban Ivory Heights,,mixed
blr_def346a98f12f1b9,NCC Urban Ivory Heights,ncc urban ivory heights area,NCC Urban Ivory Heights,,mixed
blr_b1e54105f462b80d,R.H.B. Colony 5th Cross Road,rhb colony 5th cross road,R.H.B. Colony 5th Cross Road,,mixed
blr_b1e54105f462b80d,R.H.B. Colony 5th Cross Road,rhb colony five cross road,R.H.B. Colony 5th Cross Road,,mixed
blr_b1e54105f462b80d,R.H.B. Colony 5th Cross Road,rhb colony fifth cross road,R.H.B. Colony 5th Cross Road,,mixed
blr_b1e54105f462b80d,R.H.B. Colony 5th Cross Road,in rhb colony 5th cross road,R.H.B. Colony 5th Cross Road,,mixed
blr_b1e54105f462b80d,R.H.B. Colony 5th Cross Road,near rhb colony five cross road,R.H.B. Colony 5th Cross Road,,mixed
blr_afcdacb0b24fd575,"3rd Main, Manivilas garden",3rd main manivilas garden,"3rd Main, Manivilas garden",,mixed
blr_afcdacb0b24fd575,"3rd Main, Manivilas garden",three main manivilas garden,"3rd Main, Manivilas garden",,mixed
blr_afcdacb0b24fd575,"3rd Main, Manivilas garden",third main manivilas garden,"3rd Main, Manivilas garden",,mixed
blr_afcdacb0b24fd575,"3rd Main, Manivilas garden",in 3rd main manivilas garden,"3rd Main, Manivilas garden",,mixed
blr_afcdacb0b24fd575,"3rd Main, Manivilas garden",near three main manivilas garden,"3rd Main, Manivilas garden",,mixed
blr_80dd3a0fdea4c028,IBC Innner Road,ibc innner road,IBC Innner Road,,mixed
blr_80dd3a0fdea4c028,IBC Innner Road,in ibc innner road,IBC Innner Road,,mixed
blr_80dd3a0fdea4c028,IBC Innner Road,near ibc innner road,IBC Innner Road,,mixed
blr_80dd3a0fdea4c028,IBC Innner Road,around ibc innner road,IBC Innner Road,,mixed
blr_80dd3a0fdea4c028,IBC Innner Road,ibc innner road area,IBC Innner Road,,mixed
blr_ca34db083d503e4b,RMV 2nd Stage 1st Main Road,rmv 2nd stage 1st main road,RMV 2nd Stage 1st Main Road,,mixed
blr_ca34db083d503e4b,RMV 2nd Stage 1st Main Road,rmv two stage 1st main road,RMV 2nd Stage 1st Main Road,,mixed
blr_ca34db083d503e4b,RMV 2nd Stage 1st Main Road,rmv second stage 1st main road,RMV 2nd Stage 1st Main Road,,mixed
blr_ca34db083d503e4b,RMV 2nd Stage 1st Main Road,in rmv 2nd stage 1st main road,RMV 2nd Stage 1st Main Road,,mixed
blr_ca34db083d503e4b,RMV 2nd Stage 1st Main Road,near rmv two stage 1st main road,RMV 2nd Stage 1st Main Road,,mixed
blr_f102c1b635b80303,1st Main Ashwini Layout,1st main ashwini layout,1st Main Ashwini Layout,,mixed
blr_f102c1b635b80303,1st Main Ashwini Layout,in 1st main ashwini layout,1st Main Ashwini Layout,,mixed
blr_f102c1b635b80303,1st Main Ashwini Layout,near 1st main ashwini layout,1st Main Ashwini Layout,,mixed
blr_f102c1b635b80303,1st Main Ashwini Layout,around 1st main ashwini layout,1st Main Ashwini Layout,,mixed
blr_f102c1b635b80303,1st Main Ashwini Layout,1st main ashwini layout area,1st Main Ashwini Layout,,mixed
blr_c73235923b63a94d,20D Cross Road,20d cross road,20D Cross Road,,mixed
blr_c73235923b63a94d,20D Cross Road,in 20d cross road,20D Cross Road,,mixed
blr_c73235923b63a94d,20D Cross Road,near 20d cross road,20D Cross Road,,mixed
blr_c73235923b63a94d,20D Cross Road,around 20d cross road,20D Cross Road,,mixed
blr_c73235923b63a94d,20D Cross Road,20d cross road area,20D Cross Road,,mixed
blr_bba97983c0885e94,20I Cross Road,20i cross road,20I Cross Road,,mixed
blr_bba97983c0885e94,20I Cross Road,in 20i cross road,20I Cross Road,,mixed
blr_bba97983c0885e94,20I Cross Road,near 20i cross road,20I Cross Road,,mixed
blr_bba97983c0885e94,20I Cross Road,around 20i cross road,20I Cross Road,,mixed
blr_bba97983c0885e94,20I Cross Road,20i cross road area,20I Cross Road,,mixed
blr_5fecdf9adc33c375,20th B Cross Road,20th b cross road,20th B Cross Road,,mixed
blr_5fecdf9adc33c375,20th B Cross Road,in 20th b cross road,20th B Cross Road,,mixed
blr_5fecdf9adc33c375,20th B Cross Road,near 20th b cross road,20th B Cross Road,,mixed
blr_5fecdf9adc33c375,20th B Cross Road,around 20th b cross road,20th B Cross Road,,mixed
blr_5fecdf9adc33c375,20th B Cross Road,20th b cross road area,20th B Cross Road,,mixed
blr_46f1bae90a6a090e,20th C Cross Road,20th c cross road,20th C Cross Road,,mixed
blr_46f1bae90a6a090e,20th C Cross Road,in 20th c cross road,20th C Cross Road,,mixed
blr_46f1bae90a6a090e,20th C Cross Road,near 20th c cross road,20th C Cross Road,,mixed
blr_46f1bae90a6a090e,20th C Cross Road,around 20th c cross road,20th C Cross Road,,mixed
blr_46f1bae90a6a090e,20th C Cross Road,20th c cross road area,20th C Cross Road,,mixed
blr_dc870d2264289eef,21st A Cross,21st a cross,21st A Cross,,mixed
blr_dc870d2264289eef,21st A Cross,in 21st a cross,21st A Cross,,mixed
blr_dc870d2264289eef,21st A Cross,near 21st a cross,21st A Cross,,mixed
blr_dc870d2264289eef,21st A Cross,around 21st a cross,21st A Cross,,mixed
blr_dc870d2264289eef,21st A Cross,21st a cross area,21st A Cross,,mixed
blr_c72c8c5f29627ebc,M M Road,m m road,M M Road,,mixed
blr_c72c8c5f29627ebc,M M Road,in m m road,M M Road,,mixed
blr_c72c8c5f29627ebc,M M Road,near m m road,M M Road,,mixed
blr_c72c8c5f29627ebc,M M Road,around m m road,M M Road,,mixed
blr_c72c8c5f29627ebc,M M Road,m m road area,M M Road,,mixed
blr_b75771f5297a339b,NCC Urban Aster Park,ncc urban aster park,NCC Urban Aster Park,,mixed
blr_b75771f5297a339b,NCC Urban Aster Park,in ncc urban aster park,NCC Urban Aster Park,,mixed
blr_b75771f5297a339b,NCC Urban Aster Park,near ncc urban aster park,NCC Urban Aster Park,,mixed
blr_b75771f5297a339b,NCC Urban Aster Park,around ncc urban aster park,NCC Urban Aster Park,,mixed
blr_b75771f5297a339b,NCC Urban Aster Park,ncc urban aster park area,NCC Urban Aster Park,,mixed
blr_dc577ce52801ad3d,KR Puram Market road,kr puram market road,KR Puram Market road,,mixed
blr_dc577ce52801ad3d,KR Puram Market road,in kr puram market road,KR Puram Market road,,mixed
blr_dc577ce52801ad3d,KR Puram Market road,near kr puram market road,KR Puram Market road,,mixed
blr_dc577ce52801ad3d,KR Puram Market road,around kr puram market road,KR Puram Market road,,mixed
blr_dc577ce52801ad3d,KR Puram Market road,kr puram market road area,KR Puram Market road,,mixed
blr_63866eb60ff410fa,ACAS Cresent Square Apt,acas cresent square apt,ACAS Cresent Square Apt,,mixed
blr_63866eb60ff410fa,ACAS Cresent Square Apt,in acas cresent square apt,ACAS Cresent Square Apt,,mixed
blr_63866eb60ff410fa,ACAS Cresent Square Apt,near acas cresent square apt,ACAS Cresent Square Apt,,mixed
blr_63866eb60ff410fa,ACAS Cresent Square Apt,around acas cresent square apt,ACAS Cresent Square Apt,,mixed
blr_63866eb60ff410fa,ACAS Cresent Square Apt,acas cresent square apt area,ACAS Cresent Square Apt,,mixed
blr_7b01c90c33f6553b,Doctor B R Ambedkar Veedhi,doctor b r ambedkar veedhi,Doctor B R Ambedkar Veedhi,,mixed
blr_7b01c90c33f6553b,Doctor B R Ambedkar Veedhi,in doctor b r ambedkar veedhi,Doctor B R Ambedkar Veedhi,,mixed
blr_7b01c90c33f6553b,Doctor B R Ambedkar Veedhi,near doctor b r ambedkar veedhi,Doctor B R Ambedkar Veedhi,,mixed
blr_7b01c90c33f6553b,Doctor B R Ambedkar Veedhi,around doctor b r ambedkar veedhi,Doctor B R Ambedkar Veedhi,,mixed
blr_7b01c90c33f6553b,Doctor B R Ambedkar Veedhi,doctor b r ambedkar veedhi area,Doctor B R Ambedkar Veedhi,,mixed
blr_1b15660af156e105,AMR Tech Park Road,amr tech park road,AMR Tech Park Road,,mixed
blr_1b15660af156e105,AMR Tech Park Road,in amr tech park road,AMR Tech Park Road,,mixed
blr_1b15660af156e105,AMR Tech Park Road,near amr tech park road,AMR Tech Park Road,,mixed
blr_1b15660af156e105,AMR Tech Park Road,around amr tech park road,AMR Tech Park Road,,mixed
blr_1b15660af156e105,AMR Tech Park Road,amr tech park road area,AMR Tech Park Road,,mixed
blr_3b841cc2e7b93fc5,RMZ Eco World Rd,rmz eco world rd,RMZ Eco World Rd,,mixed
blr_3b841cc2e7b93fc5,RMZ Eco World Rd,in rmz eco world rd,RMZ Eco World Rd,,mixed
blr_3b841cc2e7b93fc5,RMZ Eco World Rd,near rmz eco world rd,RMZ Eco World Rd,,mixed
blr_3b841cc2e7b93fc5,RMZ Eco World Rd,around rmz eco world rd,RMZ Eco World Rd,,mixed
blr_3b841cc2e7b93fc5,RMZ Eco World Rd,rmz eco world rd area,RMZ Eco World Rd,,mixed
blr_1dc31be574981554,SJR Park Vista,sjr park vista,SJR Park Vista,,mixed
blr_1dc31be574981554,SJR Park Vista,in sjr park vista,SJR Park Vista,,mixed
blr_1dc31be574981554,SJR Park Vista,near sjr park vista,SJR Park Vista,,mixed
blr_1dc31be574981554,SJR Park Vista,around sjr park vista,SJR Park Vista,,mixed
blr_1dc31be574981554,SJR Park Vista,sjr park vista area,SJR Park Vista,,mixed
blr_1da33e049affd6b4,SJR Redwoods,sjr redwoods,SJR Redwoods,,mixed
blr_1da33e049affd6b4,SJR Redwoods,in sjr redwoods,SJR Redwoods,,mixed
blr_1da33e049affd6b4,SJR Redwoods,near sjr redwoods,SJR Redwoods,,mixed
blr_1da33e049affd6b4,SJR Redwoods,around sjr redwoods,SJR Redwoods,,mixed
blr_1da33e049affd6b4,SJR Redwoods,sjr redwoods area,SJR Redwoods,,mixed
blr_22d475add3e9b9e1,NCC Greenwoods Apartments,ncc greenwoods apartments,NCC Greenwoods Apartments,,mixed
blr_22d475add3e9b9e1,NCC Greenwoods Apartments,in ncc greenwoods apartments,NCC Greenwoods Apartments,,mixed
blr_22d475add3e9b9e1,NCC Greenwoods Apartments,near ncc greenwoods apartments,NCC Greenwoods Apartments,,mixed
blr_22d475add3e9b9e1,NCC Greenwoods Apartments,around ncc greenwoods apartments,NCC Greenwoods Apartments,,mixed
blr_22d475add3e9b9e1,NCC Greenwoods Apartments,ncc greenwoods apartments area,NCC Greenwoods Apartments,,mixed
blr_64955855feb6b7c1,"6b,""Adarsh Palm Retreat """,6badarsh palm retreat,"6b,""Adarsh Palm Retreat """,,mixed
blr_64955855feb6b7c1,"6b,""Adarsh Palm Retreat """,in 6badarsh palm retreat,"6b,""Adarsh Palm Retreat """,,mixed
blr_64955855feb6b7c1,"6b,""Adarsh Palm Retreat """,near 6badarsh palm retreat,"6b,""Adarsh Palm Retreat """,,mixed
blr_64955855feb6b7c1,"6b,""Adarsh Palm Retreat """,around 6badarsh palm retreat,"6b,""Adarsh Palm Retreat """,,mixed
blr_64955855feb6b7c1,"6b,""Adarsh Palm Retreat """,6badarsh palm retreat area,"6b,""Adarsh Palm Retreat """,,mixed
blr_c2e4e5ca9667d7b8,17th A Cross,1seventh a cross,17th A Cross,,mixed
blr_c2e4e5ca9667d7b8,17th A Cross,17th a cross,17th A Cross,,mixed
blr_c2e4e5ca9667d7b8,17th A Cross,1seven a cross,17th A Cross,,mixed
blr_c2e4e5ca9667d7b8,17th A Cross,in 1seventh a cross,17th A Cross,,mixed
blr_c2e4e5ca9667d7b8,17th A Cross,near 17th a cross,17th A Cross,,mixed
blr_ee1a3c1ffe572cfc,NR Layout Road,nr layout road,NR Layout Road,,mixed
blr_ee1a3c1ffe572cfc,NR Layout Road,in nr layout road,NR Layout Road,,mixed
blr_ee1a3c1ffe572cfc,NR Layout Road,near nr layout road,NR Layout Road,,mixed
blr_ee1a3c1ffe572cfc,NR Layout Road,around nr layout road,NR Layout Road,,mixed
blr_ee1a3c1ffe572cfc,NR Layout Road,nr layout road area,NR Layout Road,,mixed
blr_b03d4afb69d23633,SJR Blue Waters,sjr blue waters,SJR Blue Waters,,mixed
blr_b03d4afb69d23633,SJR Blue Waters,in sjr blue waters,SJR Blue Waters,,mixed
blr_b03d4afb69d23633,SJR Blue Waters,near sjr blue waters,SJR Blue Waters,,mixed
blr_b03d4afb69d23633,SJR Blue Waters,around sjr blue waters,SJR Blue Waters,,mixed
blr_b03d4afb69d23633,SJR Blue Waters,sjr blue waters area,SJR Blue Waters,,mixed
blr_304edaddfe3a4818,1st Main road BSK 5th stage,1st main road bsk fifth stage,1st Main road BSK 5th stage,,mixed
blr_304edaddfe3a4818,1st Main road BSK 5th stage,1st main road bsk 5th stage,1st Main road BSK 5th stage,,mixed
blr_304edaddfe3a4818,1st Main road BSK 5th stage,1st main road bsk five stage,1st Main road BSK 5th stage,,mixed
blr_304edaddfe3a4818,1st Main road BSK 5th stage,in 1st main road bsk fifth stage,1st Main road BSK 5th stage,,mixed
blr_304edaddfe3a4818,1st Main road BSK 5th stage,near 1st main road bsk 5th stage,1st Main road BSK 5th stage,,mixed
blr_0e70e79046db5991,Devarakere jogging track,devarakere jogging track,Devarakere jogging track,,mixed
blr_0e70e79046db5991,Devarakere jogging track,in devarakere jogging track,Devarakere jogging track,,mixed
blr_0e70e79046db5991,Devarakere jogging track,near devarakere jogging track,Devarakere jogging track,,mixed
blr_0e70e79046db5991,Devarakere jogging track,around devarakere jogging track,Devarakere jogging track,,mixed
blr_0e70e79046db5991,Devarakere jogging track,devarakere jogging track area,Devarakere jogging track,,mixed
blr_028e93e56a5484ce,9th Cross,9th cross,9th Cross,,mixed
blr_028e93e56a5484ce,9th Cross,ninth cross,9th Cross,,mixed
blr_028e93e56a5484ce,9th Cross,nine cross,9th Cross,,mixed
blr_028e93e56a5484ce,9th Cross,in 9th cross,9th Cross,,mixed
blr_028e93e56a5484ce,9th Cross,near ninth cross,9th Cross,,mixed
blr_af6efa7b23b2a6c1,5th Link Road,fifth link road,5th Link Road,,mixed
blr_af6efa7b23b2a6c1,5th Link Road,five link road,5th Link Road,,mixed
blr_af6efa7b23b2a6c1,5th Link Road,5th link road,5th Link Road,,mixed
blr_af6efa7b23b2a6c1,5th Link Road,in fifth link road,5th Link Road,,mixed
blr_af6efa7b23b2a6c1,5th Link Road,near five link road,5th Link Road,,mixed
blr_08b3124d3156ec6b,"Airforce station Road, Chimney Hills",airforce station road chimney hills,"Airforce station Road, Chimney Hills",,mixed
blr_08b3124d3156ec6b,"Airforce station Road, Chimney Hills",in airforce station road chimney hills,"Airforce station Road, Chimney Hills",,mixed
blr_08b3124d3156ec6b,"Airforce station Road, Chimney Hills",near airforce station road chimney hills,"Airforce station Road, Chimney Hills",,mixed
blr_08b3124d3156ec6b,"Airforce station Road, Chimney Hills",around airforce station road chimney hills,"Airforce station Road, Chimney Hills",,mixed
blr_08b3124d3156ec6b,"Airforce station Road, Chimney Hills",airforce station road chimney hills area,"Airforce station Road, Chimney Hills",,mixed
blr_0ce67cb479e4d42a,MS Palya Circle,ms palya circle,MS Palya Circle,,mixed
blr_0ce67cb479e4d42a,MS Palya Circle,in ms palya circle,MS Palya Circle,,mixed
blr_0ce67cb479e4d42a,MS Palya Circle,near ms palya circle,MS Palya Circle,,mixed
blr_0ce67cb479e4d42a,MS Palya Circle,around ms palya circle,MS Palya Circle,,mixed
blr_0ce67cb479e4d42a,MS Palya Circle,ms palya circle area,MS Palya Circle,,mixed
blr_49d84f9e4d28655a,8th Main Yelahanka Road,8th main yelahanka road,8th Main Yelahanka Road,,mixed
blr_49d84f9e4d28655a,8th Main Yelahanka Road,eighth main yelahanka road,8th Main Yelahanka Road,,mixed
blr_49d84f9e4d28655a,8th Main Yelahanka Road,eight main yelahanka road,8th Main Yelahanka Road,,mixed
blr_49d84f9e4d28655a,8th Main Yelahanka Road,in 8th main yelahanka road,8th Main Yelahanka Road,,mixed
blr_49d84f9e4d28655a,8th Main Yelahanka Road,near eighth main yelahanka road,8th Main Yelahanka Road,,mixed
blr_3eca49564ed0750f,GKVK Road,gkvk road,GKVK Road,,mixed
blr_3eca49564ed0750f,GKVK Road,in gkvk road,GKVK Road,,mixed
blr_3eca49564ed0750f,GKVK Road,near gkvk road,GKVK Road,,mixed
blr_3eca49564ed0750f,GKVK Road,around gkvk road,GKVK Road,,mixed
blr_3eca49564ed0750f,GKVK Road,gkvk road area,GKVK Road,,mixed
blr_b01cd9cce2e7a3c5,"3rd Main, Akash Vihar Layout",3rd main akash vihar layout,"3rd Main, Akash Vihar Layout",,mixed
blr_b01cd9cce2e7a3c5,"3rd Main, Akash Vihar Layout",three main akash vihar layout,"3rd Main, Akash Vihar Layout",,mixed
blr_b01cd9cce2e7a3c5,"3rd Main, Akash Vihar Layout",third main akash vihar layout,"3rd Main, Akash Vihar Layout",,mixed
blr_b01cd9cce2e7a3c5,"3rd Main, Akash Vihar Layout",in 3rd main akash vihar layout,"3rd Main, Akash Vihar Layout",,mixed
blr_b01cd9cce2e7a3c5,"3rd Main, Akash Vihar Layout",near three main akash vihar layout,"3rd Main, Akash Vihar Layout",,mixed
blr_edc6034f0f8073b4,"6th Main, Akash Vihar Layout",6th main akash vihar layout,"6th Main, Akash Vihar Layout",,mixed
blr_edc6034f0f8073b4,"6th Main, Akash Vihar Layout",sixth main akash vihar layout,"6th Main, Akash Vihar Layout",,mixed
blr_edc6034f0f8073b4,"6th Main, Akash Vihar Layout",six main akash vihar layout,"6th Main, Akash Vihar Layout",,mixed
blr_edc6034f0f8073b4,"6th Main, Akash Vihar Layout",in 6th main akash vihar layout,"6th Main, Akash Vihar Layout",,mixed
blr_edc6034f0f8073b4,"6th Main, Akash Vihar Layout",near sixth main akash vihar layout,"6th Main, Akash Vihar Layout",,mixed
blr_2b653f2596015ad8,"5th Cross, Akash Vihar Layout",5th cross akash vihar layout,"5th Cross, Akash Vihar Layout",,mixed
blr_2b653f2596015ad8,"5th Cross, Akash Vihar Layout",fifth cross akash vihar layout,"5th Cross, Akash Vihar Layout",,mixed
blr_2b653f2596015ad8,"5th Cross, Akash Vihar Layout",five cross akash vihar layout,"5th Cross, Akash Vihar Layout",,mixed
blr_2b653f2596015ad8,"5th Cross, Akash Vihar Layout",in 5th cross akash vihar layout,"5th Cross, Akash Vihar Layout",,mixed
blr_2b653f2596015ad8,"5th Cross, Akash Vihar Layout",near fifth cross akash vihar layout,"5th Cross, Akash Vihar Layout",,mixed
blr_8399bf8d3cfea6b4,"6th Cross, Akash Vihar Layout",6th cross akash vihar layout,"6th Cross, Akash Vihar Layout",,mixed
blr_8399bf8d3cfea6b4,"6th Cross, Akash Vihar Layout",sixth cross akash vihar layout,"6th Cross, Akash Vihar Layout",,mixed
blr_8399bf8d3cfea6b4,"6th Cross, Akash Vihar Layout",six cross akash vihar layout,"6th Cross, Akash Vihar Layout",,mixed
blr_8399bf8d3cfea6b4,"6th Cross, Akash Vihar Layout",in 6th cross akash vihar layout,"6th Cross, Akash Vihar Layout",,mixed
blr_8399bf8d3cfea6b4,"6th Cross, Akash Vihar Layout",near sixth cross akash vihar layout,"6th Cross, Akash Vihar Layout",,mixed
blr_e46929455ec60e7b,"2nd Main, Akash Vihar Layout",second main akash vihar layout,"2nd Main, Akash Vihar Layout",,mixed
blr_e46929455ec60e7b,"2nd Main, Akash Vihar Layout",2nd main akash vihar layout,"2nd Main, Akash Vihar Layout",,mixed
blr_e46929455ec60e7b,"2nd Main, Akash Vihar Layout",two main akash vihar layout,"2nd Main, Akash Vihar Layout",,mixed
blr_e46929455ec60e7b,"2nd Main, Akash Vihar Layout",in second main akash vihar layout,"2nd Main, Akash Vihar Layout",,mixed
blr_e46929455ec60e7b,"2nd Main, Akash Vihar Layout",near 2nd main akash vihar layout,"2nd Main, Akash Vihar Layout",,mixed
blr_c999d415b6511541,"4th Main, Akash Vihar Layout",4th main akash vihar layout,"4th Main, Akash Vihar Layout",,mixed
blr_c999d415b6511541,"4th Main, Akash Vihar Layout",four main akash vihar layout,"4th Main, Akash Vihar Layout",,mixed
blr_c999d415b6511541,"4th Main, Akash Vihar Layout",fourth main akash vihar layout,"4th Main, Akash Vihar Layout",,mixed
blr_c999d415b6511541,"4th Main, Akash Vihar Layout",in 4th main akash vihar layout,"4th Main, Akash Vihar Layout",,mixed
blr_c999d415b6511541,"4th Main, Akash Vihar Layout",near four main akash vihar layout,"4th Main, Akash Vihar Layout",,mixed
blr_16db7b476bd864fb,"8th Main, Akash Vihar Layout",eight main akash vihar layout,"8th Main, Akash Vihar Layout",,mixed
blr_16db7b476bd864fb,"8th Main, Akash Vihar Layout",8th main akash vihar layout,"8th Main, Akash Vihar Layout",,mixed
blr_16db7b476bd864fb,"8th Main, Akash Vihar Layout",eighth main akash vihar layout,"8th Main, Akash Vihar Layout",,mixed
blr_16db7b476bd864fb,"8th Main, Akash Vihar Layout",in eight main akash vihar layout,"8th Main, Akash Vihar Layout",,mixed
blr_16db7b476bd864fb,"8th Main, Akash Vihar Layout",near 8th main akash vihar layout,"8th Main, Akash Vihar Layout",,mixed
blr_2717bbd9201e53ac,"5th Main, Akash Vihar Layout",5th main akash vihar layout,"5th Main, Akash Vihar Layout",,mixed
blr_2717bbd9201e53ac,"5th Main, Akash Vihar Layout",fifth main akash vihar layout,"5th Main, Akash Vihar Layout",,mixed
blr_2717bbd9201e53ac,"5th Main, Akash Vihar Layout",five main akash vihar layout,"5th Main, Akash Vihar Layout",,mixed
blr_2717bbd9201e53ac,"5th Main, Akash Vihar Layout",in 5th main akash vihar layout,"5th Main, Akash Vihar Layout",,mixed
blr_2717bbd9201e53ac,"5th Main, Akash Vihar Layout",near fifth main akash vihar layout,"5th Main, Akash Vihar Layout",,mixed
blr_5ef28be508b44ccc,11th A Main,11th a main,11th A Main,,mixed
blr_5ef28be508b44ccc,11th A Main,in 11th a main,11th A Main,,mixed
blr_5ef28be508b44ccc,11th A Main,near 11th a main,11th A Main,,mixed
blr_5ef28be508b44ccc,11th A Main,around 11th a main,11th A Main,,mixed
blr_5ef28be508b44ccc,11th A Main,11th a main area,11th A Main,,mixed
blr_4e9c94f762a3d34a,NR Windgates Road,nr windgates road,NR Windgates Road,,mixed
blr_4e9c94f762a3d34a,NR Windgates Road,in nr windgates road,NR Windgates Road,,mixed
blr_4e9c94f762a3d34a,NR Windgates Road,near nr windgates road,NR Windgates Road,,mixed
blr_4e9c94f762a3d34a,NR Windgates Road,around nr windgates road,NR Windgates Road,,mixed
blr_4e9c94f762a3d34a,NR Windgates Road,nr windgates road area,NR Windgates Road,,mixed
blr_21a05aa6ca435aa8,"Amarjyothy Layout, 2nd Main",amarjyothy layout 2nd main,"Amarjyothy Layout, 2nd Main",,mixed
blr_21a05aa6ca435aa8,"Amarjyothy Layout, 2nd Main",amarjyothy layout second main,"Amarjyothy Layout, 2nd Main",,mixed
blr_21a05aa6ca435aa8,"Amarjyothy Layout, 2nd Main",amarjyothy layout two main,"Amarjyothy Layout, 2nd Main",,mixed
blr_21a05aa6ca435aa8,"Amarjyothy Layout, 2nd Main",in amarjyothy layout 2nd main,"Amarjyothy Layout, 2nd Main",,mixed
blr_21a05aa6ca435aa8,"Amarjyothy Layout, 2nd Main",near amarjyothy layout second main,"Amarjyothy Layout, 2nd Main",,mixed
blr_04fc8bdc20f95066,"Gundappa Reddy Layout, 1st Main Road",gundappa reddy layout 1st main road,"Gundappa Reddy Layout, 1st Main Road",,mixed
blr_04fc8bdc20f95066,"Gundappa Reddy Layout, 1st Main Road",in gundappa reddy layout 1st main road,"Gundappa Reddy Layout, 1st Main Road",,mixed
blr_04fc8bdc20f95066,"Gundappa Reddy Layout, 1st Main Road",near gundappa reddy layout 1st main road,"Gundappa Reddy Layout, 1st Main Road",,mixed
blr_04fc8bdc20f95066,"Gundappa Reddy Layout, 1st Main Road",around gundappa reddy layout 1st main road,"Gundappa Reddy Layout, 1st Main Road",,mixed
blr_04fc8bdc20f95066,"Gundappa Reddy Layout, 1st Main Road",gundappa reddy layout 1st main road area,"Gundappa Reddy Layout, 1st Main Road",,mixed
blr_beb0db5d51e81161,7A Main,7a main,7A Main,,mixed
blr_beb0db5d51e81161,7A Main,in 7a main,7A Main,,mixed
blr_beb0db5d51e81161,7A Main,near 7a main,7A Main,,mixed
blr_beb0db5d51e81161,7A Main,around 7a main,7A Main,,mixed
blr_beb0db5d51e81161,7A Main,7a main area,7A Main,,mixed
blr_dacf1f5779491076,VDB Celadon,vdb celadon,VDB Celadon,,mixed
blr_dacf1f5779491076,VDB Celadon,in vdb celadon,VDB Celadon,,mixed
blr_dacf1f5779491076,VDB Celadon,near vdb celadon,VDB Celadon,,mixed
blr_dacf1f5779491076,VDB Celadon,around vdb celadon,VDB Celadon,,mixed
blr_dacf1f5779491076,VDB Celadon,vdb celadon area,VDB Celadon,,mixed
blr_452fa1344ce79360,60 Feet Main Road 1st,60 feet main road 1st,60 Feet Main Road 1,,mixed
blr_452fa1344ce79360,60 Feet Main Road 1st,in 60 feet main road 1st,60 Feet Main Road 1,,mixed
blr_452fa1344ce79360,60 Feet Main Road 1st,near 60 feet main road 1st,60 Feet Main Road 1,,mixed
blr_452fa1344ce79360,60 Feet Main Road 1st,around 60 feet main road 1st,60 Feet Main Road 1,,mixed
blr_452fa1344ce79360,60 Feet Main Road 1st,60 feet main road 1st area,60 Feet Main Road 1,,mixed
blr_dba764bad7f00a0f,NIMHANS Underpass,nimhans underpass,NIMHANS Underpass,,mixed
blr_dba764bad7f00a0f,NIMHANS Underpass,in nimhans underpass,NIMHANS Underpass,,mixed
blr_dba764bad7f00a0f,NIMHANS Underpass,near nimhans underpass,NIMHANS Underpass,,mixed
blr_dba764bad7f00a0f,NIMHANS Underpass,around nimhans underpass,NIMHANS Underpass,,mixed
blr_dba764bad7f00a0f,NIMHANS Underpass,nimhans underpass area,NIMHANS Underpass,,mixed
blr_6fb9d9b03b3df6e3,Dr AMC Road,dr amc road,Dr AMC Road,,mixed
blr_6fb9d9b03b3df6e3,Dr AMC Road,in dr amc road,Dr AMC Road,,mixed
blr_6fb9d9b03b3df6e3,Dr AMC Road,near dr amc road,Dr AMC Road,,mixed
blr_6fb9d9b03b3df6e3,Dr AMC Road,around dr amc road,Dr AMC Road,,mixed
blr_6fb9d9b03b3df6e3,Dr AMC Road,dr amc road area,Dr AMC Road,,mixed
blr_40c0c4e884699f00,20th D Cross Road,20th d cross road,20th D Cross Road,,mixed
blr_40c0c4e884699f00,20th D Cross Road,in 20th d cross road,20th D Cross Road,,mixed
blr_40c0c4e884699f00,20th D Cross Road,near 20th d cross road,20th D Cross Road,,mixed
blr_40c0c4e884699f00,20th D Cross Road,around 20th d cross road,20th D Cross Road,,mixed
blr_40c0c4e884699f00,20th D Cross Road,20th d cross road area,20th D Cross Road,,mixed
blr_1398860c1a4a0998,Urs colony,urs colony,Urs colony,,mixed
blr_1398860c1a4a0998,Urs colony,in urs colony,Urs colony,,mixed
blr_1398860c1a4a0998,Urs colony,near urs colony,Urs colony,,mixed
blr_1398860c1a4a0998,Urs colony,around urs colony,Urs colony,,mixed
blr_1398860c1a4a0998,Urs colony,urs colony area,Urs colony,,mixed
blr_c177004a4dde6c22,South End F Cross,south end f cross,South End F Cross,,mixed
blr_c177004a4dde6c22,South End F Cross,in south end f cross,South End F Cross,,mixed
blr_c177004a4dde6c22,South End F Cross,near south end f cross,South End F Cross,,mixed
blr_c177004a4dde6c22,South End F Cross,around south end f cross,South End F Cross,,mixed
blr_c177004a4dde6c22,South End F Cross,south end f cross area,South End F Cross,,mixed
blr_58eed11a1e4a7193,Y D Homes,y d homes,Y D Homes,,mixed
blr_58eed11a1e4a7193,Y D Homes,in y d homes,Y D Homes,,mixed
blr_58eed11a1e4a7193,Y D Homes,near y d homes,Y D Homes,,mixed
blr_58eed11a1e4a7193,Y D Homes,around y d homes,Y D Homes,,mixed
blr_58eed11a1e4a7193,Y D Homes,y d homes area,Y D Homes,,mixed
blr_f28d9e1515603ddb,N Damodaran Road,n damodaran road,N Damodaran Road,,mixed
blr_f28d9e1515603ddb,N Damodaran Road,in n damodaran road,N Damodaran Road,,mixed
blr_f28d9e1515603ddb,N Damodaran Road,near n damodaran road,N Damodaran Road,,mixed
blr_f28d9e1515603ddb,N Damodaran Road,around n damodaran road,N Damodaran Road,,mixed
blr_f28d9e1515603ddb,N Damodaran Road,n damodaran road area,N Damodaran Road,,mixed
blr_e0ee0ad14a0ee077,16th E Cross Road,1six e cross road,16th E Cross Road,,mixed
blr_e0ee0ad14a0ee077,16th E Cross Road,16th e cross road,16th E Cross Road,,mixed
blr_e0ee0ad14a0ee077,16th E Cross Road,1sixth e cross road,16th E Cross Road,,mixed
blr_e0ee0ad14a0ee077,16th E Cross Road,in 1six e cross road,16th E Cross Road,,mixed
blr_e0ee0ad14a0ee077,16th E Cross Road,near 16th e cross road,16th E Cross Road,,mixed
blr_5cd16ee56a18bdf0,DRDO Phase 2nd Main Road,drdo phase 2nd main road,DRDO Phase 2 Main Road,,mixed
blr_5cd16ee56a18bdf0,DRDO Phase 2nd Main Road,drdo phase second main road,DRDO Phase 2 Main Road,,mixed
blr_5cd16ee56a18bdf0,DRDO Phase 2nd Main Road,drdo phase two main road,DRDO Phase 2 Main Road,,mixed
blr_5cd16ee56a18bdf0,DRDO Phase 2nd Main Road,in drdo phase 2nd main road,DRDO Phase 2 Main Road,,mixed
blr_5cd16ee56a18bdf0,DRDO Phase 2nd Main Road,near drdo phase second main road,DRDO Phase 2 Main Road,,mixed
blr_bba3e3d36e0e4c51,6th Main Talakaveri Road,6th main talakaveri road,6th Main Talakaveri Road,,mixed
blr_bba3e3d36e0e4c51,6th Main Talakaveri Road,six main talakaveri road,6th Main Talakaveri Road,,mixed
blr_bba3e3d36e0e4c51,6th Main Talakaveri Road,sixth main talakaveri road,6th Main Talakaveri Road,,mixed
blr_bba3e3d36e0e4c51,6th Main Talakaveri Road,in 6th main talakaveri road,6th Main Talakaveri Road,,mixed
blr_bba3e3d36e0e4c51,6th Main Talakaveri Road,near six main talakaveri road,6th Main Talakaveri Road,,mixed
blr_785eb278af159928,11th Main Matru Sri Road,11th main matru sri road,11th Main Matru Sri Road,,mixed
blr_785eb278af159928,11th Main Matru Sri Road,in 11th main matru sri road,11th Main Matru Sri Road,,mixed
blr_785eb278af159928,11th Main Matru Sri Road,near 11th main matru sri road,11th Main Matru Sri Road,,mixed
blr_785eb278af159928,11th Main Matru Sri Road,around 11th main matru sri road,11th Main Matru Sri Road,,mixed
blr_785eb278af159928,11th Main Matru Sri Road,11th main matru sri road area,11th Main Matru Sri Road,,mixed
blr_aef5dbe33d83ea0e,Self Financed Society 208,self financed society 208,Self Financed Society 208,,mixed
blr_aef5dbe33d83ea0e,Self Financed Society 208,in self financed society 208,Self Financed Society 208,,mixed
blr_aef5dbe33d83ea0e,Self Financed Society 208,near self financed society 208,Self Financed Society 208,,mixed
blr_aef5dbe33d83ea0e,Self Financed Society 208,around self financed society 208,Self Financed Society 208,,mixed
blr_aef5dbe33d83ea0e,Self Financed Society 208,self financed society 208 area,Self Financed Society 208,,mixed
blr_abca2712db4d5dbc,SR Layout 1st A Cross,sr layout 1st a cross,SR Layout 1st A Cross,,mixed
blr_abca2712db4d5dbc,SR Layout 1st A Cross,in sr layout 1st a cross,SR Layout 1st A Cross,,mixed
blr_abca2712db4d5dbc,SR Layout 1st A Cross,near sr layout 1st a cross,SR Layout 1st A Cross,,mixed
blr_abca2712db4d5dbc,SR Layout 1st A Cross,around sr layout 1st a cross,SR Layout 1st A Cross,,mixed
blr_abca2712db4d5dbc,SR Layout 1st A Cross,sr layout 1st a cross area,SR Layout 1st A Cross,,mixed
blr_9c41dc0bfe6b5d43,2nd Main Road Venkate Gowda Layout Ayyappa Swamy Temple Street,2nd main road venkate gowda layout ayyappa swamy temple street,2nd Main Road Venkate Gowda Layout Ayyappa Swamy Temple Street,,mixed
blr_9c41dc0bfe6b5d43,2nd Main Road Venkate Gowda Layout Ayyappa Swamy Temple Street,two main road venkate gowda layout ayyappa swamy temple street,2nd Main Road Venkate Gowda Layout Ayyappa Swamy Temple Street,,mixed
blr_9c41dc0bfe6b5d43,2nd Main Road Venkate Gowda Layout Ayyappa Swamy Temple Street,second main road venkate gowda layout ayyappa swamy temple street,2nd Main Road Venkate Gowda Layout Ayyappa Swamy Temple Street,,mixed
blr_9c41dc0bfe6b5d43,2nd Main Road Venkate Gowda Layout Ayyappa Swamy Temple Street,in 2nd main road venkate gowda layout ayyappa swamy temple street,2nd Main Road Venkate Gowda Layout Ayyappa Swamy Temple Street,,mixed
blr_9c41dc0bfe6b5d43,2nd Main Road Venkate Gowda Layout Ayyappa Swamy Temple Street,near two main road venkate gowda layout ayyappa swamy temple street,2nd Main Road Venkate Gowda Layout Ayyappa Swamy Temple Street,,mixed
blr_78970a5b55ae231a,BTM Residency Phase 1st,b t m residency phase 1st,BTM Residency Phase 1,,mixed
blr_78970a5b55ae231a,BTM Residency Phase 1st,btm residency phase 1st,BTM Residency Phase 1,,mixed
blr_78970a5b55ae231a,BTM Residency Phase 1st,in b t m residency phase 1st,BTM Residency Phase 1,,mixed
blr_78970a5b55ae231a,BTM Residency Phase 1st,near btm residency phase 1st,BTM Residency Phase 1,,mixed
blr_78970a5b55ae231a,BTM Residency Phase 1st,around b t m residency phase 1st,BTM Residency Phase 1,,mixed
blr_989bdf752b8ea1fe,NOBO Nagar Main Road,nobo nagar main road,NOBO Nagar Main Road,,mixed
blr_989bdf752b8ea1fe,NOBO Nagar Main Road,in nobo nagar main road,NOBO Nagar Main Road,,mixed
blr_989bdf752b8ea1fe,NOBO Nagar Main Road,near nobo nagar main road,NOBO Nagar Main Road,,mixed
blr_989bdf752b8ea1fe,NOBO Nagar Main Road,around nobo nagar main road,NOBO Nagar Main Road,,mixed
blr_989bdf752b8ea1fe,NOBO Nagar Main Road,nobo nagar main road area,NOBO Nagar Main Road,,mixed
blr_d93d0e2e2f695fe6,"3rd cross, Sai Enclave",third cross sai enclave,"3rd cross, Sai Enclave",,mixed
blr_d93d0e2e2f695fe6,"3rd cross, Sai Enclave",3rd cross sai enclave,"3rd cross, Sai Enclave",,mixed
blr_d93d0e2e2f695fe6,"3rd cross, Sai Enclave",three cross sai enclave,"3rd cross, Sai Enclave",,mixed
blr_d93d0e2e2f695fe6,"3rd cross, Sai Enclave",in third cross sai enclave,"3rd cross, Sai Enclave",,mixed
blr_d93d0e2e2f695fe6,"3rd cross, Sai Enclave",near 3rd cross sai enclave,"3rd cross, Sai Enclave",,mixed
blr_1a655cd117e83aa7,"1st Cross, Sai Enclave",1st cross sai enclave,"1st Cross, Sai Enclave",,mixed
blr_1a655cd117e83aa7,"1st Cross, Sai Enclave",in 1st cross sai enclave,"1st Cross, Sai Enclave",,mixed
blr_1a655cd117e83aa7,"1st Cross, Sai Enclave",near 1st cross sai enclave,"1st Cross, Sai Enclave",,mixed
blr_1a655cd117e83aa7,"1st Cross, Sai Enclave",around 1st cross sai enclave,"1st Cross, Sai Enclave",,mixed
blr_1a655cd117e83aa7,"1st Cross, Sai Enclave",1st cross sai enclave area,"1st Cross, Sai Enclave",,mixed
blr_f48a95c7528d2bfa,1st Cross Promenade Road,1st cross promenade road,1st Cross Promenade Road,,mixed
blr_f48a95c7528d2bfa,1st Cross Promenade Road,in 1st cross promenade road,1st Cross Promenade Road,,mixed
blr_f48a95c7528d2bfa,1st Cross Promenade Road,near 1st cross promenade road,1st Cross Promenade Road,,mixed
blr_f48a95c7528d2bfa,1st Cross Promenade Road,around 1st cross promenade road,1st Cross Promenade Road,,mixed
blr_f48a95c7528d2bfa,1st Cross Promenade Road,1st cross promenade road area,1st Cross Promenade Road,,mixed
blr_6d403508d820ca1d,NIMHANS Quarters,nimhans quarters,NIMHANS Quarters,,mixed
blr_6d403508d820ca1d,NIMHANS Quarters,in nimhans quarters,NIMHANS Quarters,,mixed
blr_6d403508d820ca1d,NIMHANS Quarters,near nimhans quarters,NIMHANS Quarters,,mixed
blr_6d403508d820ca1d,NIMHANS Quarters,around nimhans quarters,NIMHANS Quarters,,mixed
blr_6d403508d820ca1d,NIMHANS Quarters,nimhans quarters area,NIMHANS Quarters,,mixed
blr_bb92f0ceaa3c4671,N R Layout,n r layout,N R Layout,,mixed
blr_bb92f0ceaa3c4671,N R Layout,in n r layout,N R Layout,,mixed
blr_bb92f0ceaa3c4671,N R Layout,near n r layout,N R Layout,,mixed
blr_bb92f0ceaa3c4671,N R Layout,around n r layout,N R Layout,,mixed
blr_bb92f0ceaa3c4671,N R Layout,n r layout area,N R Layout,,mixed
blr_9c98243613be112a,7th B Main,seventh b main,7th B Main,,mixed
blr_9c98243613be112a,7th B Main,seven b main,7th B Main,,mixed
blr_9c98243613be112a,7th B Main,7th b main,7th B Main,,mixed
blr_9c98243613be112a,7th B Main,in seventh b main,7th B Main,,mixed
blr_9c98243613be112a,7th B Main,near seven b main,7th B Main,,mixed
blr_b44ad622e75fce17,7th C Main,7th c main,7th C Main,,mixed
blr_b44ad622e75fce17,7th C Main,seven c main,7th C Main,,mixed
blr_b44ad622e75fce17,7th C Main,seventh c main,7th C Main,,mixed
blr_b44ad622e75fce17,7th C Main,in 7th c main,7th C Main,,mixed
blr_b44ad622e75fce17,7th C Main,near seven c main,7th C Main,,mixed
blr_330cd4e09680ba89,Sneha Nagar 1st Cross,sneha nagar 1st cross,Sneha Nagar 1st Cross,,mixed
blr_330cd4e09680ba89,Sneha Nagar 1st Cross,in sneha nagar 1st cross,Sneha Nagar 1st Cross,,mixed
blr_330cd4e09680ba89,Sneha Nagar 1st Cross,near sneha nagar 1st cross,Sneha Nagar 1st Cross,,mixed
blr_330cd4e09680ba89,Sneha Nagar 1st Cross,around sneha nagar 1st cross,Sneha Nagar 1st Cross,,mixed
blr_330cd4e09680ba89,Sneha Nagar 1st Cross,sneha nagar 1st cross area,Sneha Nagar 1st Cross,,mixed
blr_6c6f363ddecfc373,Sneha Nagar 2nd Cross,sneha nagar second cross,Sneha Nagar 2nd Cross,,mixed
blr_6c6f363ddecfc373,Sneha Nagar 2nd Cross,sneha nagar two cross,Sneha Nagar 2nd Cross,,mixed
blr_6c6f363ddecfc373,Sneha Nagar 2nd Cross,sneha nagar 2nd cross,Sneha Nagar 2nd Cross,,mixed
blr_6c6f363ddecfc373,Sneha Nagar 2nd Cross,in sneha nagar second cross,Sneha Nagar 2nd Cross,,mixed
blr_6c6f363ddecfc373,Sneha Nagar 2nd Cross,near sneha nagar two cross,Sneha Nagar 2nd Cross,,mixed
blr_b0b4b32618f2af76,13th Cross Sadashivanagar,13th cross sadashivanagar,13th Cross Sadashivanagar,,mixed
blr_b0b4b32618f2af76,13th Cross Sadashivanagar,in 13th cross sadashivanagar,13th Cross Sadashivanagar,,mixed
blr_b0b4b32618f2af76,13th Cross Sadashivanagar,near 13th cross sadashivanagar,13th Cross Sadashivanagar,,mixed
blr_b0b4b32618f2af76,13th Cross Sadashivanagar,around 13th cross sadashivanagar,13th Cross Sadashivanagar,,mixed
blr_b0b4b32618f2af76,13th Cross Sadashivanagar,13th cross sadashivanagar area,13th Cross Sadashivanagar,,mixed
blr_59feaf8bdae5817f,92nd Cross Road,9two cross road,92nd Cross Road,,mixed
blr_59feaf8bdae5817f,92nd Cross Road,9second cross road,92nd Cross Road,,mixed
blr_59feaf8bdae5817f,92nd Cross Road,92nd cross road,92nd Cross Road,,mixed
blr_59feaf8bdae5817f,92nd Cross Road,in 9two cross road,92nd Cross Road,,mixed
blr_59feaf8bdae5817f,92nd Cross Road,near 9second cross road,92nd Cross Road,,mixed
blr_2bd7b73aaa124ea3,91st Main Road,91st main road,91st Main Road,,mixed
blr_2bd7b73aaa124ea3,91st Main Road,in 91st main road,91st Main Road,,mixed
blr_2bd7b73aaa124ea3,91st Main Road,near 91st main road,91st Main Road,,mixed
blr_2bd7b73aaa124ea3,91st Main Road,around 91st main road,91st Main Road,,mixed
blr_2bd7b73aaa124ea3,91st Main Road,91st main road area,91st Main Road,,mixed
blr_0a3e7310df928385,82nd Cross Road,8two cross road,82nd Cross Road,,mixed
blr_0a3e7310df928385,82nd Cross Road,82nd cross road,82nd Cross Road,,mixed
blr_0a3e7310df928385,82nd Cross Road,8second cross road,82nd Cross Road,,mixed
blr_0a3e7310df928385,82nd Cross Road,in 8two cross road,82nd Cross Road,,mixed
blr_0a3e7310df928385,82nd Cross Road,near 82nd cross road,82nd Cross Road,,mixed
blr_6780edc0e6241fa7,I Road,i road,I Road,,mixed
blr_6780edc0e6241fa7,I Road,in i road,I Road,,mixed
blr_6780edc0e6241fa7,I Road,near i road,I Road,,mixed
blr_6780edc0e6241fa7,I Road,around i road,I Road,,mixed
blr_6780edc0e6241fa7,I Road,i road area,I Road,,mixed
blr_ad4ad31a0d63a4b5,G Road,g road,G Road,,mixed
blr_ad4ad31a0d63a4b5,G Road,in g road,G Road,,mixed
blr_ad4ad31a0d63a4b5,G Road,near g road,G Road,,mixed
blr_ad4ad31a0d63a4b5,G Road,around g road,G Road,,mixed
blr_ad4ad31a0d63a4b5,G Road,g road area,G Road,,mixed
blr_fb5aef64edbe187f,19th A Main,1ninth a main,19th A Main,,mixed
blr_fb5aef64edbe187f,19th A Main,19th a main,19th A Main,,mixed
blr_fb5aef64edbe187f,19th A Main,1nine a main,19th A Main,,mixed
blr_fb5aef64edbe187f,19th A Main,in 1ninth a main,19th A Main,,mixed
blr_fb5aef64edbe187f,19th A Main,near 19th a main,19th A Main,,mixed
blr_241be4c8ddad0aeb,16th F Main,1sixth f main,16th F Main,,mixed
blr_241be4c8ddad0aeb,16th F Main,16th f main,16th F Main,,mixed
blr_241be4c8ddad0aeb,16th F Main,1six f main,16th F Main,,mixed
blr_241be4c8ddad0aeb,16th F Main,in 1sixth f main,16th F Main,,mixed
blr_241be4c8ddad0aeb,16th F Main,near 16th f main,16th F Main,,mixed
blr_fb48caa3a31bc732,E Road,e road,E Road,,mixed
blr_fb48caa3a31bc732,E Road,in e road,E Road,,mixed
blr_fb48caa3a31bc732,E Road,near e road,E Road,,mixed
blr_fb48caa3a31bc732,E Road,around e road,E Road,,mixed
blr_fb48caa3a31bc732,E Road,e road area,E Road,,mixed
blr_4b9a2998e0531098,12th Cross,12th cross,12th Cross,,mixed
blr_4b9a2998e0531098,12th Cross,in 12th cross,12th Cross,,mixed
blr_4b9a2998e0531098,12th Cross,near 12th cross,12th Cross,,mixed
blr_4b9a2998e0531098,12th Cross,around 12th cross,12th Cross,,mixed
blr_4b9a2998e0531098,12th Cross,12th cross area,12th Cross,,mixed
blr_c1422b3889e07661,15th Cross,15th cross,15th Cross,,mixed
blr_c1422b3889e07661,15th Cross,1five cross,15th Cross,,mixed
blr_c1422b3889e07661,15th Cross,1fifth cross,15th Cross,,mixed
blr_c1422b3889e07661,15th Cross,in 15th cross,15th Cross,,mixed
blr_c1422b3889e07661,15th Cross,near 1five cross,15th Cross,,mixed
blr_adfdd91532f354c7,Royal Lake Front 2nd Cross Road,royal lake front 2nd cross road,Royal Lake Front 2nd Cross Road,,mixed
blr_adfdd91532f354c7,Royal Lake Front 2nd Cross Road,royal lake front two cross road,Royal Lake Front 2nd Cross Road,,mixed
blr_adfdd91532f354c7,Royal Lake Front 2nd Cross Road,royal lake front second cross road,Royal Lake Front 2nd Cross Road,,mixed
blr_adfdd91532f354c7,Royal Lake Front 2nd Cross Road,in royal lake front 2nd cross road,Royal Lake Front 2nd Cross Road,,mixed
blr_adfdd91532f354c7,Royal Lake Front 2nd Cross Road,near royal lake front two cross road,Royal Lake Front 2nd Cross Road,,mixed
blr_d34f1af63e4dfe77,77th Cross Road,77th cross road,77th Cross Road,,mixed
blr_d34f1af63e4dfe77,77th Cross Road,7seventh cross road,77th Cross Road,,mixed
blr_d34f1af63e4dfe77,77th Cross Road,7seven cross road,77th Cross Road,,mixed
blr_d34f1af63e4dfe77,77th Cross Road,in 77th cross road,77th Cross Road,,mixed
blr_d34f1af63e4dfe77,77th Cross Road,near 7seventh cross road,77th Cross Road,,mixed
blr_217b49321336cdf0,78th Cross Road,7eighth cross road,78th Cross Road,,mixed
blr_217b49321336cdf0,78th Cross Road,7eight cross road,78th Cross Road,,mixed
blr_217b49321336cdf0,78th Cross Road,78th cross road,78th Cross Road,,mixed
blr_217b49321336cdf0,78th Cross Road,in 7eighth cross road,78th Cross Road,,mixed
blr_217b49321336cdf0,78th Cross Road,near 7eight cross road,78th Cross Road,,mixed
blr_304823ccb87d5a37,73rd Cross Road,7third cross road,73rd Cross Road,,mixed
blr_304823ccb87d5a37,73rd Cross Road,7three cross road,73rd Cross Road,,mixed
blr_304823ccb87d5a37,73rd Cross Road,73rd cross road,73rd Cross Road,,mixed
blr_304823ccb87d5a37,73rd Cross Road,in 7third cross road,73rd Cross Road,,mixed
blr_304823ccb87d5a37,73rd Cross Road,near 7three cross road,73rd Cross Road,,mixed
blr_3f75101d11356cba,75th Cross Road,7fifth cross road,75th Cross Road,,mixed
blr_3f75101d11356cba,75th Cross Road,75th cross road,75th Cross Road,,mixed
blr_3f75101d11356cba,75th Cross Road,7five cross road,75th Cross Road,,mixed
blr_3f75101d11356cba,75th Cross Road,in 7fifth cross road,75th Cross Road,,mixed
blr_3f75101d11356cba,75th Cross Road,near 75th cross road,75th Cross Road,,mixed
blr_02c2fb873dc6c5fc,74th Cross Road,7four cross road,74th Cross Road,,mixed
blr_02c2fb873dc6c5fc,74th Cross Road,74th cross road,74th Cross Road,,mixed
blr_02c2fb873dc6c5fc,74th Cross Road,7fourth cross road,74th Cross Road,,mixed
blr_02c2fb873dc6c5fc,74th Cross Road,in 7four cross road,74th Cross Road,,mixed
blr_02c2fb873dc6c5fc,74th Cross Road,near 74th cross road,74th Cross Road,,mixed
blr_270d381b85b7b9ea,76th Cross Road,7six cross road,76th Cross Road,,mixed
blr_270d381b85b7b9ea,76th Cross Road,76th cross road,76th Cross Road,,mixed
blr_270d381b85b7b9ea,76th Cross Road,7sixth cross road,76th Cross Road,,mixed
blr_270d381b85b7b9ea,76th Cross Road,in 7six cross road,76th Cross Road,,mixed
blr_270d381b85b7b9ea,76th Cross Road,near 76th cross road,76th Cross Road,,mixed
blr_ae62a5b2ee0986f9,"6th cross, new bank colony",sixth cross new bank colony,"6th cross, new bank colony",,mixed
blr_ae62a5b2ee0986f9,"6th cross, new bank colony",6th cross new bank colony,"6th cross, new bank colony",,mixed
blr_ae62a5b2ee0986f9,"6th cross, new bank colony",six cross new bank colony,"6th cross, new bank colony",,mixed
blr_ae62a5b2ee0986f9,"6th cross, new bank colony",in sixth cross new bank colony,"6th cross, new bank colony",,mixed
blr_ae62a5b2ee0986f9,"6th cross, new bank colony",near 6th cross new bank colony,"6th cross, new bank colony",,mixed
blr_1c0030ae2ac6f6a8,"7th Cross, New Bank Colony",seventh cross new bank colony,"7th Cross, New Bank Colony",,mixed
blr_1c0030ae2ac6f6a8,"7th Cross, New Bank Colony",seven cross new bank colony,"7th Cross, New Bank Colony",,mixed
blr_1c0030ae2ac6f6a8,"7th Cross, New Bank Colony",7th cross new bank colony,"7th Cross, New Bank Colony",,mixed
blr_1c0030ae2ac6f6a8,"7th Cross, New Bank Colony",in seventh cross new bank colony,"7th Cross, New Bank Colony",,mixed
blr_1c0030ae2ac6f6a8,"7th Cross, New Bank Colony",near seven cross new bank colony,"7th Cross, New Bank Colony",,mixed
blr_c7c0296fdaf57bb9,CBR Aakruti Apartments,cbr aakruti apartments,CBR Aakruti Apartments,,mixed
blr_c7c0296fdaf57bb9,CBR Aakruti Apartments,in cbr aakruti apartments,CBR Aakruti Apartments,,mixed
blr_c7c0296fdaf57bb9,CBR Aakruti Apartments,near cbr aakruti apartments,CBR Aakruti Apartments,,mixed
blr_c7c0296fdaf57bb9,CBR Aakruti Apartments,around cbr aakruti apartments,CBR Aakruti Apartments,,mixed
blr_c7c0296fdaf57bb9,CBR Aakruti Apartments,cbr aakruti apartments area,CBR Aakruti Apartments,,mixed
blr_f7feab3fdd55ad1a,BGL17 Exit,bgl17 exit,BGL17 Exit,,mixed
blr_f7feab3fdd55ad1a,BGL17 Exit,in bgl17 exit,BGL17 Exit,,mixed
blr_f7feab3fdd55ad1a,BGL17 Exit,near bgl17 exit,BGL17 Exit,,mixed
blr_f7feab3fdd55ad1a,BGL17 Exit,around bgl17 exit,BGL17 Exit,,mixed
blr_f7feab3fdd55ad1a,BGL17 Exit,bgl17 exit area,BGL17 Exit,,mixed
blr_478401795066aa16,BGL17 Parking Entry,bgl17 parking entry,BGL17 Parking Entry,,mixed
blr_478401795066aa16,BGL17 Parking Entry,in bgl17 parking entry,BGL17 Parking Entry,,mixed
blr_478401795066aa16,BGL17 Parking Entry,near bgl17 parking entry,BGL17 Parking Entry,,mixed
blr_478401795066aa16,BGL17 Parking Entry,around bgl17 parking entry,BGL17 Parking Entry,,mixed
blr_478401795066aa16,BGL17 Parking Entry,bgl17 parking entry area,BGL17 Parking Entry,,mixed
blr_0e31e63b1ad75b9d,BGL17 Parking,bgl17 parking,BGL17 Parking,,mixed
blr_0e31e63b1ad75b9d,BGL17 Parking,in bgl17 parking,BGL17 Parking,,mixed
blr_0e31e63b1ad75b9d,BGL17 Parking,near bgl17 parking,BGL17 Parking,,mixed
blr_0e31e63b1ad75b9d,BGL17 Parking,around bgl17 parking,BGL17 Parking,,mixed
blr_0e31e63b1ad75b9d,BGL17 Parking,bgl17 parking area,BGL17 Parking,,mixed
blr_5d82fa6deb157ef4,13th E Main Road,13th e main road,13th E Main Road,,mixed
blr_5d82fa6deb157ef4,13th E Main Road,in 13th e main road,13th E Main Road,,mixed
blr_5d82fa6deb157ef4,13th E Main Road,near 13th e main road,13th E Main Road,,mixed
blr_5d82fa6deb157ef4,13th E Main Road,around 13th e main road,13th E Main Road,,mixed
blr_5d82fa6deb157ef4,13th E Main Road,13th e main road area,13th E Main Road,,mixed
blr_44acf95f9022e695,17th I Cross Road,17th i cross road,17th I Cross Road,,mixed
blr_44acf95f9022e695,17th I Cross Road,1seventh i cross road,17th I Cross Road,,mixed
blr_44acf95f9022e695,17th I Cross Road,1seven i cross road,17th I Cross Road,,mixed
blr_44acf95f9022e695,17th I Cross Road,in 17th i cross road,17th I Cross Road,,mixed
blr_44acf95f9022e695,17th I Cross Road,near 1seventh i cross road,17th I Cross Road,,mixed
blr_587f5b81c635d268,17th H Cross Road,1seventh h cross road,17th H Cross Road,,mixed
blr_587f5b81c635d268,17th H Cross Road,1seven h cross road,17th H Cross Road,,mixed
blr_587f5b81c635d268,17th H Cross Road,17th h cross road,17th H Cross Road,,mixed
blr_587f5b81c635d268,17th H Cross Road,in 1seventh h cross road,17th H Cross Road,,mixed
blr_587f5b81c635d268,17th H Cross Road,near 1seven h cross road,17th H Cross Road,,mixed
blr_b1168164c18f2b39,17th F Cross Road,1seven f cross road,17th F Cross Road,,mixed
blr_b1168164c18f2b39,17th F Cross Road,17th f cross road,17th F Cross Road,,mixed
blr_b1168164c18f2b39,17th F Cross Road,1seventh f cross road,17th F Cross Road,,mixed
blr_b1168164c18f2b39,17th F Cross Road,in 1seven f cross road,17th F Cross Road,,mixed
blr_b1168164c18f2b39,17th F Cross Road,near 17th f cross road,17th F Cross Road,,mixed
blr_c0479cfa37d2862a,17th G Cross Road,1seventh g cross road,17th G Cross Road,,mixed
blr_c0479cfa37d2862a,17th G Cross Road,17th g cross road,17th G Cross Road,,mixed
blr_c0479cfa37d2862a,17th G Cross Road,1seven g cross road,17th G Cross Road,,mixed
blr_c0479cfa37d2862a,17th G Cross Road,in 1seventh g cross road,17th G Cross Road,,mixed
blr_c0479cfa37d2862a,17th G Cross Road,near 17th g cross road,17th G Cross Road,,mixed
blr_8093339f2b18398d,MSR Road,msr road,MSR Road,,mixed
blr_8093339f2b18398d,MSR Road,in msr road,MSR Road,,mixed
blr_8093339f2b18398d,MSR Road,near msr road,MSR Road,,mixed
blr_8093339f2b18398d,MSR Road,around msr road,MSR Road,,mixed
blr_8093339f2b18398d,MSR Road,msr road area,MSR Road,,mixed
blr_336e0ec7189ace60,20 I Cross Road,20 i cross road,20 I Cross Road,,mixed
blr_336e0ec7189ace60,20 I Cross Road,in 20 i cross road,20 I Cross Road,,mixed
blr_336e0ec7189ace60,20 I Cross Road,near 20 i cross road,20 I Cross Road,,mixed
blr_336e0ec7189ace60,20 I Cross Road,around 20 i cross road,20 I Cross Road,,mixed
blr_336e0ec7189ace60,20 I Cross Road,20 i cross road area,20 I Cross Road,,mixed
blr_1de7aaba52776a6c,20J Cross Road,20j cross road,20J Cross Road,,mixed
blr_1de7aaba52776a6c,20J Cross Road,in 20j cross road,20J Cross Road,,mixed
blr_1de7aaba52776a6c,20J Cross Road,near 20j cross road,20J Cross Road,,mixed
blr_1de7aaba52776a6c,20J Cross Road,around 20j cross road,20J Cross Road,,mixed
blr_1de7aaba52776a6c,20J Cross Road,20j cross road area,20J Cross Road,,mixed
blr_61d765158a25310c,20H Cross Road,20h cross road,20H Cross Road,,mixed
blr_61d765158a25310c,20H Cross Road,in 20h cross road,20H Cross Road,,mixed
blr_61d765158a25310c,20H Cross Road,near 20h cross road,20H Cross Road,,mixed
blr_61d765158a25310c,20H Cross Road,around 20h cross road,20H Cross Road,,mixed
blr_61d765158a25310c,20H Cross Road,20h cross road area,20H Cross Road,,mixed
blr_8fb136e486e13555,20G Cross Road,20g cross road,20G Cross Road,,mixed
blr_8fb136e486e13555,20G Cross Road,in 20g cross road,20G Cross Road,,mixed
blr_8fb136e486e13555,20G Cross Road,near 20g cross road,20G Cross Road,,mixed
blr_8fb136e486e13555,20G Cross Road,around 20g cross road,20G Cross Road,,mixed
blr_8fb136e486e13555,20G Cross Road,20g cross road area,20G Cross Road,,mixed
blr_643db26ea4eb8c9b,GKRB Road,gkrb road,GKRB Road,,mixed
blr_643db26ea4eb8c9b,GKRB Road,in gkrb road,GKRB Road,,mixed
blr_643db26ea4eb8c9b,GKRB Road,near gkrb road,GKRB Road,,mixed
blr_643db26ea4eb8c9b,GKRB Road,around gkrb road,GKRB Road,,mixed
blr_643db26ea4eb8c9b,GKRB Road,gkrb road area,GKRB Road,,mixed
blr_4843bbd13eea9fb7,14th Main,14th main,14th Main,,mixed
blr_4843bbd13eea9fb7,14th Main,1fourth main,14th Main,,mixed
blr_4843bbd13eea9fb7,14th Main,1four main,14th Main,,mixed
blr_4843bbd13eea9fb7,14th Main,in 14th main,14th Main,,mixed
blr_4843bbd13eea9fb7,14th Main,near 1fourth main,14th Main,,mixed
blr_3f5ed0060cb9efec,SLS Spencer Villas,sls spencer villas,SLS Spencer Villas,,mixed
blr_3f5ed0060cb9efec,SLS Spencer Villas,in sls spencer villas,SLS Spencer Villas,,mixed
blr_3f5ed0060cb9efec,SLS Spencer Villas,near sls spencer villas,SLS Spencer Villas,,mixed
blr_3f5ed0060cb9efec,SLS Spencer Villas,around sls spencer villas,SLS Spencer Villas,,mixed
blr_3f5ed0060cb9efec,SLS Spencer Villas,sls spencer villas area,SLS Spencer Villas,,mixed
blr_2636b40625118cba,Malleswaram 18th Cross,malleswaram 18th cross,Malleswaram 18th Cross,,mixed
blr_2636b40625118cba,Malleswaram 18th Cross,malleswaram 1eighth cross,Malleswaram 18th Cross,,mixed
blr_2636b40625118cba,Malleswaram 18th Cross,malleswaram 1eight cross,Malleswaram 18th Cross,,mixed
blr_2636b40625118cba,Malleswaram 18th Cross,in malleswaram 18th cross,Malleswaram 18th Cross,,mixed
blr_2636b40625118cba,Malleswaram 18th Cross,near malleswaram 1eighth cross,Malleswaram 18th Cross,,mixed
blr_2d354a4361ec9c7d,4th E Cross,fourth e cross,4th E Cross,,mixed
blr_2d354a4361ec9c7d,4th E Cross,four e cross,4th E Cross,,mixed
blr_2d354a4361ec9c7d,4th E Cross,4th e cross,4th E Cross,,mixed
blr_2d354a4361ec9c7d,4th E Cross,in fourth e cross,4th E Cross,,mixed
blr_2d354a4361ec9c7d,4th E Cross,near four e cross,4th E Cross,,mixed
blr_bc391013fe510926,HAL Old Township,hal old township,HAL Old Township,,mixed
blr_bc391013fe510926,HAL Old Township,in hal old township,HAL Old Township,,mixed
blr_bc391013fe510926,HAL Old Township,near hal old township,HAL Old Township,,mixed
blr_bc391013fe510926,HAL Old Township,around hal old township,HAL Old Township,,mixed
blr_bc391013fe510926,HAL Old Township,hal old township area,HAL Old Township,,mixed
blr_65a2d2b47cf97c94,HAL Market Side road,hal market side road,HAL Market Side road,,mixed
blr_65a2d2b47cf97c94,HAL Market Side road,in hal market side road,HAL Market Side road,,mixed
blr_65a2d2b47cf97c94,HAL Market Side road,near hal market side road,HAL Market Side road,,mixed
blr_65a2d2b47cf97c94,HAL Market Side road,around hal market side road,HAL Market Side road,,mixed
blr_65a2d2b47cf97c94,HAL Market Side road,hal market side road area,HAL Market Side road,,mixed
blr_4acbcb9075e32935,DRDO Township,drdo township,DRDO Township,,mixed
blr_4acbcb9075e32935,DRDO Township,in drdo township,DRDO Township,,mixed
blr_4acbcb9075e32935,DRDO Township,near drdo township,DRDO Township,,mixed
blr_4acbcb9075e32935,DRDO Township,around drdo township,DRDO Township,,mixed
blr_4acbcb9075e32935,DRDO Township,drdo township area,DRDO Township,,mixed
blr_1a532635dc47096d,KR Garden Main Road,kr garden main road,KR Garden Main Road,,mixed
blr_1a532635dc47096d,KR Garden Main Road,in kr garden main road,KR Garden Main Road,,mixed
blr_1a532635dc47096d,KR Garden Main Road,near kr garden main road,KR Garden Main Road,,mixed
blr_1a532635dc47096d,KR Garden Main Road,around kr garden main road,KR Garden Main Road,,mixed
blr_1a532635dc47096d,KR Garden Main Road,kr garden main road area,KR Garden Main Road,,mixed
blr_b89e25c701cb4d9c,DSR Rainbow Heights,dsr rainbow heights,DSR Rainbow Heights,,mixed
blr_b89e25c701cb4d9c,DSR Rainbow Heights,in dsr rainbow heights,DSR Rainbow Heights,,mixed
blr_b89e25c701cb4d9c,DSR Rainbow Heights,near dsr rainbow heights,DSR Rainbow Heights,,mixed
blr_b89e25c701cb4d9c,DSR Rainbow Heights,around dsr rainbow heights,DSR Rainbow Heights,,mixed
blr_b89e25c701cb4d9c,DSR Rainbow Heights,dsr rainbow heights area,DSR Rainbow Heights,,mixed
blr_36c91c13ccf4b183,SNS Arcade Road,sns arcade road,SNS Arcade Road,,mixed
blr_36c91c13ccf4b183,SNS Arcade Road,in sns arcade road,SNS Arcade Road,,mixed
blr_36c91c13ccf4b183,SNS Arcade Road,near sns arcade road,SNS Arcade Road,,mixed
blr_36c91c13ccf4b183,SNS Arcade Road,around sns arcade road,SNS Arcade Road,,mixed
blr_36c91c13ccf4b183,SNS Arcade Road,sns arcade road area,SNS Arcade Road,,mixed
blr_44f349bfaaacce93,1st Cross HAL 3rd Stage,1st cross hal three stage,1st Cross HAL 3rd Stage,,mixed
blr_44f349bfaaacce93,1st Cross HAL 3rd Stage,1st cross hal 3rd stage,1st Cross HAL 3rd Stage,,mixed
blr_44f349bfaaacce93,1st Cross HAL 3rd Stage,1st cross hal third stage,1st Cross HAL 3rd Stage,,mixed
blr_44f349bfaaacce93,1st Cross HAL 3rd Stage,in 1st cross hal three stage,1st Cross HAL 3rd Stage,,mixed
blr_44f349bfaaacce93,1st Cross HAL 3rd Stage,near 1st cross hal 3rd stage,1st Cross HAL 3rd Stage,,mixed
blr_d65c792eb27524b3,2nd Cross HAL 3rd Stage,two cross hal 3rd stage,2nd Cross HAL 3rd Stage,,mixed
blr_d65c792eb27524b3,2nd Cross HAL 3rd Stage,second cross hal 3rd stage,2nd Cross HAL 3rd Stage,,mixed
blr_d65c792eb27524b3,2nd Cross HAL 3rd Stage,2nd cross hal three stage,2nd Cross HAL 3rd Stage,,mixed
blr_d65c792eb27524b3,2nd Cross HAL 3rd Stage,2nd cross hal third stage,2nd Cross HAL 3rd Stage,,mixed
blr_d65c792eb27524b3,2nd Cross HAL 3rd Stage,2nd cross hal 3rd stage,2nd Cross HAL 3rd Stage,,mixed
blr_13b2fbb694cc77b9,21 B Cross,21 b cross,21 B Cross,,mixed
blr_13b2fbb694cc77b9,21 B Cross,in 21 b cross,21 B Cross,,mixed
blr_13b2fbb694cc77b9,21 B Cross,near 21 b cross,21 B Cross,,mixed
blr_13b2fbb694cc77b9,21 B Cross,around 21 b cross,21 B Cross,,mixed
blr_13b2fbb694cc77b9,21 B Cross,21 b cross area,21 B Cross,,mixed
blr_2b3927b19a25c842,SS Ashram Road,ss ashram road,SS Ashram Road,,mixed
blr_2b3927b19a25c842,SS Ashram Road,in ss ashram road,SS Ashram Road,,mixed
blr_2b3927b19a25c842,SS Ashram Road,near ss ashram road,SS Ashram Road,,mixed
blr_2b3927b19a25c842,SS Ashram Road,around ss ashram road,SS Ashram Road,,mixed
blr_2b3927b19a25c842,SS Ashram Road,ss ashram road area,SS Ashram Road,,mixed
blr_bef2ecb3843d95e1,GM Palya Main Road,gm palya main road,GM Palya Main Road,,mixed
blr_bef2ecb3843d95e1,GM Palya Main Road,in gm palya main road,GM Palya Main Road,,mixed
blr_bef2ecb3843d95e1,GM Palya Main Road,near gm palya main road,GM Palya Main Road,,mixed
blr_bef2ecb3843d95e1,GM Palya Main Road,around gm palya main road,GM Palya Main Road,,mixed
blr_bef2ecb3843d95e1,GM Palya Main Road,gm palya main road area,GM Palya Main Road,,mixed
blr_dab3831af06507fa,Karnataka State Reserve Police 1st Battalion Police Quarters,karnataka state reserve police 1st battalion police quarters,Karnataka State Reserve Police 1st Battalion Police Quarters,,mixed
blr_dab3831af06507fa,Karnataka State Reserve Police 1st Battalion Police Quarters,in karnataka state reserve police 1st battalion police quarters,Karnataka State Reserve Police 1st Battalion Police Quarters,,mixed
blr_dab3831af06507fa,Karnataka State Reserve Police 1st Battalion Police Quarters,near karnataka state reserve police 1st battalion police quarters,Karnataka State Reserve Police 1st Battalion Police Quarters,,mixed
blr_dab3831af06507fa,Karnataka State Reserve Police 1st Battalion Police Quarters,around karnataka state reserve police 1st battalion police quarters,Karnataka State Reserve Police 1st Battalion Police Quarters,,mixed
blr_dab3831af06507fa,Karnataka State Reserve Police 1st Battalion Police Quarters,karnataka state reserve police 1st battalion police quarters area,Karnataka State Reserve Police 1st Battalion Police Quarters,,mixed
blr_ae0eb2281b93d521,CK Garden,ck garden,CK Garden,,mixed
blr_ae0eb2281b93d521,CK Garden,in ck garden,CK Garden,,mixed
blr_ae0eb2281b93d521,CK Garden,near ck garden,CK Garden,,mixed
blr_ae0eb2281b93d521,CK Garden,around ck garden,CK Garden,,mixed
blr_ae0eb2281b93d521,CK Garden,ck garden area,CK Garden,,mixed
blr_1457bbe317312a2b,School Road 3rd Cross,school road third cross,School Road 3rd Cross,,mixed
blr_1457bbe317312a2b,School Road 3rd Cross,school road three cross,School Road 3rd Cross,,mixed
blr_1457bbe317312a2b,School Road 3rd Cross,school road 3rd cross,School Road 3rd Cross,,mixed
blr_1457bbe317312a2b,School Road 3rd Cross,in school road third cross,School Road 3rd Cross,,mixed
blr_1457bbe317312a2b,School Road 3rd Cross,near school road three cross,School Road 3rd Cross,,mixed
blr_4b58d2f2d2b580b0,8th Cross Road - Zain Burj,8th cross road  zain burj,8th Cross Road - Zain Burj,,mixed
blr_4b58d2f2d2b580b0,8th Cross Road - Zain Burj,eight cross road  zain burj,8th Cross Road - Zain Burj,,mixed
blr_4b58d2f2d2b580b0,8th Cross Road - Zain Burj,eighth cross road  zain burj,8th Cross Road - Zain Burj,,mixed
blr_4b58d2f2d2b580b0,8th Cross Road - Zain Burj,in 8th cross road  zain burj,8th Cross Road - Zain Burj,,mixed
blr_4b58d2f2d2b580b0,8th Cross Road - Zain Burj,near eight cross road  zain burj,8th Cross Road - Zain Burj,,mixed
blr_8ac83f1ada79893e,17th F4 Main Rd,1seven f4 main rd,17th F4 Main Rd,,mixed
blr_8ac83f1ada79893e,17th F4 Main Rd,1seventh f4 main rd,17th F4 Main Rd,,mixed
blr_8ac83f1ada79893e,17th F4 Main Rd,17th f4 main rd,17th F4 Main Rd,,mixed
blr_8ac83f1ada79893e,17th F4 Main Rd,in 1seven f4 main rd,17th F4 Main Rd,,mixed
blr_8ac83f1ada79893e,17th F4 Main Rd,near 1seventh f4 main rd,17th F4 Main Rd,,mixed
blr_3a47af6f1695a25b,BMTC Officers Quarters,bmtc officers quarters,BMTC Officers Quarters,,mixed
blr_3a47af6f1695a25b,BMTC Officers Quarters,in bmtc officers quarters,BMTC Officers Quarters,,mixed
blr_3a47af6f1695a25b,BMTC Officers Quarters,near bmtc officers quarters,BMTC Officers Quarters,,mixed
blr_3a47af6f1695a25b,BMTC Officers Quarters,around bmtc officers quarters,BMTC Officers Quarters,,mixed
blr_3a47af6f1695a25b,BMTC Officers Quarters,bmtc officers quarters area,BMTC Officers Quarters,,mixed
blr_b565609dbc566ba4,16 Main Road,16 main road,16 Main Road,,mixed
blr_b565609dbc566ba4,16 Main Road,in 16 main road,16 Main Road,,mixed
blr_b565609dbc566ba4,16 Main Road,near 16 main road,16 Main Road,,mixed
blr_b565609dbc566ba4,16 Main Road,around 16 main road,16 Main Road,,mixed
blr_b565609dbc566ba4,16 Main Road,16 main road area,16 Main Road,,mixed
blr_cff5f142133e3a43,Total Environment - Learning to Fly,total environment  learning to fly,Total Environment - Learning to Fly,,mixed
blr_cff5f142133e3a43,Total Environment - Learning to Fly,in total environment  learning to fly,Total Environment - Learning to Fly,,mixed
blr_cff5f142133e3a43,Total Environment - Learning to Fly,near total environment  learning to fly,Total Environment - Learning to Fly,,mixed
blr_cff5f142133e3a43,Total Environment - Learning to Fly,around total environment  learning to fly,Total Environment - Learning to Fly,,mixed
blr_cff5f142133e3a43,Total Environment - Learning to Fly,total environment  learning to fly area,Total Environment - Learning to Fly,,mixed
blr_374ebb5aa430abf4,90th Cross Road,90th cross road,90th Cross Road,,mixed
blr_374ebb5aa430abf4,90th Cross Road,in 90th cross road,90th Cross Road,,mixed
blr_374ebb5aa430abf4,90th Cross Road,near 90th cross road,90th Cross Road,,mixed
blr_374ebb5aa430abf4,90th Cross Road,around 90th cross road,90th Cross Road,,mixed
blr_374ebb5aa430abf4,90th Cross Road,90th cross road area,90th Cross Road,,mixed
blr_d3c41c332a58bfe8,MBR Steeple,mbr steeple,MBR Steeple,,mixed
blr_d3c41c332a58bfe8,MBR Steeple,in mbr steeple,MBR Steeple,,mixed
blr_d3c41c332a58bfe8,MBR Steeple,near mbr steeple,MBR Steeple,,mixed
blr_d3c41c332a58bfe8,MBR Steeple,around mbr steeple,MBR Steeple,,mixed
blr_d3c41c332a58bfe8,MBR Steeple,mbr steeple area,MBR Steeple,,mixed
blr_8d59b8df75e91eb6,DLF New Town,dlf new town,DLF New Town,,mixed
blr_8d59b8df75e91eb6,DLF New Town,in dlf new town,DLF New Town,,mixed
blr_8d59b8df75e91eb6,DLF New Town,near dlf new town,DLF New Town,,mixed
blr_8d59b8df75e91eb6,DLF New Town,around dlf new town,DLF New Town,,mixed
blr_8d59b8df75e91eb6,DLF New Town,dlf new town area,DLF New Town,,mixed
blr_486d8f3e101941ff,Way to Mangala Karumaariyamma temple,way to mangala karumaariyamma temple,Way to Mangala Karumaariyamma temple,,mixed
blr_486d8f3e101941ff,Way to Mangala Karumaariyamma temple,in way to mangala karumaariyamma temple,Way to Mangala Karumaariyamma temple,,mixed
blr_486d8f3e101941ff,Way to Mangala Karumaariyamma temple,near way to mangala karumaariyamma temple,Way to Mangala Karumaariyamma temple,,mixed
blr_486d8f3e101941ff,Way to Mangala Karumaariyamma temple,around way to mangala karumaariyamma temple,Way to Mangala Karumaariyamma temple,,mixed
blr_486d8f3e101941ff,Way to Mangala Karumaariyamma temple,way to mangala karumaariyamma temple area,Way to Mangala Karumaariyamma temple,,mixed
blr_85622b58ae082b66,DRDO Residential Colony,drdo residential colony,DRDO Residential Colony,,mixed
blr_85622b58ae082b66,DRDO Residential Colony,in drdo residential colony,DRDO Residential Colony,,mixed
blr_85622b58ae082b66,DRDO Residential Colony,near drdo residential colony,DRDO Residential Colony,,mixed
blr_85622b58ae082b66,DRDO Residential Colony,around drdo residential colony,DRDO Residential Colony,,mixed
blr_85622b58ae082b66,DRDO Residential Colony,drdo residential colony area,DRDO Residential Colony,,mixed
blr_37bd1642f9061da2,10th A Cross Street,ten a cross street,10th A Cross Street,,mixed
blr_37bd1642f9061da2,10th A Cross Street,tenth a cross street,10th A Cross Street,,mixed
blr_37bd1642f9061da2,10th A Cross Street,10th a cross street,10th A Cross Street,,mixed
blr_37bd1642f9061da2,10th A Cross Street,in ten a cross street,10th A Cross Street,,mixed
blr_37bd1642f9061da2,10th A Cross Street,near tenth a cross street,10th A Cross Street,,mixed
blr_df03e33269a9ab8b,10th B Cross Street,tenth b cross street,10th B Cross Street,,mixed
blr_df03e33269a9ab8b,10th B Cross Street,ten b cross street,10th B Cross Street,,mixed
blr_df03e33269a9ab8b,10th B Cross Street,10th b cross street,10th B Cross Street,,mixed
blr_df03e33269a9ab8b,10th B Cross Street,in tenth b cross street,10th B Cross Street,,mixed
blr_df03e33269a9ab8b,10th B Cross Street,near ten b cross street,10th B Cross Street,,mixed
blr_c442b39f912caf32,10th H Cross Street,10th h cross street,10th H Cross Street,,mixed
blr_c442b39f912caf32,10th H Cross Street,tenth h cross street,10th H Cross Street,,mixed
blr_c442b39f912caf32,10th H Cross Street,ten h cross street,10th H Cross Street,,mixed
blr_c442b39f912caf32,10th H Cross Street,in 10th h cross street,10th H Cross Street,,mixed
blr_c442b39f912caf32,10th H Cross Street,near tenth h cross street,10th H Cross Street,,mixed
blr_64ded5e34c84aeb9,10th G Cross Street,tenth g cross street,10th G Cross Street,,mixed
blr_64ded5e34c84aeb9,10th G Cross Street,10th g cross street,10th G Cross Street,,mixed
blr_64ded5e34c84aeb9,10th G Cross Street,ten g cross street,10th G Cross Street,,mixed
blr_64ded5e34c84aeb9,10th G Cross Street,in tenth g cross street,10th G Cross Street,,mixed
blr_64ded5e34c84aeb9,10th G Cross Street,near 10th g cross street,10th G Cross Street,,mixed
blr_9d19d994855c0ae1,10th C Cross Street,tenth c cross street,10th C Cross Street,,mixed
blr_9d19d994855c0ae1,10th C Cross Street,ten c cross street,10th C Cross Street,,mixed
blr_9d19d994855c0ae1,10th C Cross Street,10th c cross street,10th C Cross Street,,mixed
blr_9d19d994855c0ae1,10th C Cross Street,in tenth c cross street,10th C Cross Street,,mixed
blr_9d19d994855c0ae1,10th C Cross Street,near ten c cross street,10th C Cross Street,,mixed
blr_8291938da144f20f,10th D Cross Street,10th d cross street,10th D Cross Street,,mixed
blr_8291938da144f20f,10th D Cross Street,ten d cross street,10th D Cross Street,,mixed
blr_8291938da144f20f,10th D Cross Street,tenth d cross street,10th D Cross Street,,mixed
blr_8291938da144f20f,10th D Cross Street,in 10th d cross street,10th D Cross Street,,mixed
blr_8291938da144f20f,10th D Cross Street,near ten d cross street,10th D Cross Street,,mixed
blr_62cbcdb81befcde1,10th E Cross Street,tenth e cross street,10th E Cross Street,,mixed
blr_62cbcdb81befcde1,10th E Cross Street,ten e cross street,10th E Cross Street,,mixed
blr_62cbcdb81befcde1,10th E Cross Street,10th e cross street,10th E Cross Street,,mixed
blr_62cbcdb81befcde1,10th E Cross Street,in tenth e cross street,10th E Cross Street,,mixed
blr_62cbcdb81befcde1,10th E Cross Street,near ten e cross street,10th E Cross Street,,mixed
blr_0e401c707d206c5a,10th F Cross Street,ten f cross street,10th F Cross Street,,mixed
blr_0e401c707d206c5a,10th F Cross Street,tenth f cross street,10th F Cross Street,,mixed
blr_0e401c707d206c5a,10th F Cross Street,10th f cross street,10th F Cross Street,,mixed
blr_0e401c707d206c5a,10th F Cross Street,in ten f cross street,10th F Cross Street,,mixed
blr_0e401c707d206c5a,10th F Cross Street,near tenth f cross street,10th F Cross Street,,mixed
blr_b7c65d2b34e3ee37,NSL Luminaire Villas,nsl luminaire villas,NSL Luminaire Villas,,mixed
blr_b7c65d2b34e3ee37,NSL Luminaire Villas,in nsl luminaire villas,NSL Luminaire Villas,,mixed
blr_b7c65d2b34e3ee37,NSL Luminaire Villas,near nsl luminaire villas,NSL Luminaire Villas,,mixed
blr_b7c65d2b34e3ee37,NSL Luminaire Villas,around nsl luminaire villas,NSL Luminaire Villas,,mixed
blr_b7c65d2b34e3ee37,NSL Luminaire Villas,nsl luminaire villas area,NSL Luminaire Villas,,mixed
blr_f8671be2755f8331,11th Street,11th street,11th Street,,mixed
blr_f8671be2755f8331,11th Street,in 11th street,11th Street,,mixed
blr_f8671be2755f8331,11th Street,near 11th street,11th Street,,mixed
blr_f8671be2755f8331,11th Street,around 11th street,11th Street,,mixed
blr_f8671be2755f8331,11th Street,11th street area,11th Street,,mixed
blr_32fd51081a4548a0,12th Street,12th street,12th Street,,mixed
blr_32fd51081a4548a0,12th Street,in 12th street,12th Street,,mixed
blr_32fd51081a4548a0,12th Street,near 12th street,12th Street,,mixed
blr_32fd51081a4548a0,12th Street,around 12th street,12th Street,,mixed
blr_32fd51081a4548a0,12th Street,12th street area,12th Street,,mixed
blr_fef92cd7c2e1b1c3,Lane 1st South,lane 1st south,Lane 1 South,,mixed
blr_fef92cd7c2e1b1c3,Lane 1st South,in lane 1st south,Lane 1 South,,mixed
blr_fef92cd7c2e1b1c3,Lane 1st South,near lane 1st south,Lane 1 South,,mixed
blr_fef92cd7c2e1b1c3,Lane 1st South,around lane 1st south,Lane 1 South,,mixed
blr_fef92cd7c2e1b1c3,Lane 1st South,lane 1st south area,Lane 1 South,,mixed
blr_5a1345fe1c1383c9,Lane 1st to 10th,lane 1st to ten,Lane 1 to 10,,mixed
blr_5a1345fe1c1383c9,Lane 1st to 10th,lane 1st to tenth,Lane 1 to 10,,mixed
blr_5a1345fe1c1383c9,Lane 1st to 10th,lane 1st to 10th,Lane 1 to 10,,mixed
blr_5a1345fe1c1383c9,Lane 1st to 10th,in lane 1st to ten,Lane 1 to 10,,mixed
blr_5a1345fe1c1383c9,Lane 1st to 10th,near lane 1st to tenth,Lane 1 to 10,,mixed
blr_20d2153d5bf6053e,Lane 2nd North,lane second north,Lane 2 North,,mixed
blr_20d2153d5bf6053e,Lane 2nd North,lane two north,Lane 2 North,,mixed
blr_20d2153d5bf6053e,Lane 2nd North,lane 2nd north,Lane 2 North,,mixed
blr_20d2153d5bf6053e,Lane 2nd North,in lane second north,Lane 2 North,,mixed
blr_20d2153d5bf6053e,Lane 2nd North,near lane two north,Lane 2 North,,mixed
blr_f2b00eeb67604492,Lane 3rd North,lane third north,Lane 3 North,,mixed
blr_f2b00eeb67604492,Lane 3rd North,lane 3rd north,Lane 3 North,,mixed
blr_f2b00eeb67604492,Lane 3rd North,lane three north,Lane 3 North,,mixed
blr_f2b00eeb67604492,Lane 3rd North,in lane third north,Lane 3 North,,mixed
blr_f2b00eeb67604492,Lane 3rd North,near lane 3rd north,Lane 3 North,,mixed
blr_69a7485a49edc333,Lane 4th North,lane four north,Lane 4 North,,mixed
blr_69a7485a49edc333,Lane 4th North,lane 4th north,Lane 4 North,,mixed
blr_69a7485a49edc333,Lane 4th North,lane fourth north,Lane 4 North,,mixed
blr_69a7485a49edc333,Lane 4th North,in lane four north,Lane 4 North,,mixed
blr_69a7485a49edc333,Lane 4th North,near lane 4th north,Lane 4 North,,mixed
blr_d3d9312962d52784,PBR Road,pbr road,PBR Road,,mixed
blr_d3d9312962d52784,PBR Road,in pbr road,PBR Road,,mixed
blr_d3d9312962d52784,PBR Road,near pbr road,PBR Road,,mixed
blr_d3d9312962d52784,PBR Road,around pbr road,PBR Road,,mixed
blr_d3d9312962d52784,PBR Road,pbr road area,PBR Road,,mixed
blr_6e18e4cae4ac5d94,6th Cross Street,6th cross street,6th Cross Street,,mixed
blr_6e18e4cae4ac5d94,6th Cross Street,six cross street,6th Cross Street,,mixed
blr_6e18e4cae4ac5d94,6th Cross Street,sixth cross street,6th Cross Street,,mixed
blr_6e18e4cae4ac5d94,6th Cross Street,in 6th cross street,6th Cross Street,,mixed
blr_6e18e4cae4ac5d94,6th Cross Street,near six cross street,6th Cross Street,,mixed
blr_01d87f859e120d93,SRS Main Road,srs main road,SRS Main Road,,mixed
blr_01d87f859e120d93,SRS Main Road,in srs main road,SRS Main Road,,mixed
blr_01d87f859e120d93,SRS Main Road,near srs main road,SRS Main Road,,mixed
blr_01d87f859e120d93,SRS Main Road,around srs main road,SRS Main Road,,mixed
blr_01d87f859e120d93,SRS Main Road,srs main road area,SRS Main Road,,mixed
blr_567c6439401b05f9,2nd Cross Lakshmi Road,two cross lakshmi road,2nd Cross Lakshmi Road,,mixed
blr_567c6439401b05f9,2nd Cross Lakshmi Road,second cross lakshmi road,2nd Cross Lakshmi Road,,mixed
blr_567c6439401b05f9,2nd Cross Lakshmi Road,2nd cross lakshmi road,2nd Cross Lakshmi Road,,mixed
blr_567c6439401b05f9,2nd Cross Lakshmi Road,in two cross lakshmi road,2nd Cross Lakshmi Road,,mixed
blr_567c6439401b05f9,2nd Cross Lakshmi Road,near second cross lakshmi road,2nd Cross Lakshmi Road,,mixed
blr_0c958d6aaa5ca31a,Manyata Gate 4th Road,manyata gate fourth road,Manyata Gate 4 Road,,mixed
blr_0c958d6aaa5ca31a,Manyata Gate 4th Road,manyata gate 4th road,Manyata Gate 4 Road,,mixed
blr_0c958d6aaa5ca31a,Manyata Gate 4th Road,manyata gate four road,Manyata Gate 4 Road,,mixed
blr_0c958d6aaa5ca31a,Manyata Gate 4th Road,in manyata gate fourth road,Manyata Gate 4 Road,,mixed
blr_0c958d6aaa5ca31a,Manyata Gate 4th Road,near manyata gate 4th road,Manyata Gate 4 Road,,mixed
blr_fac4d26f3e46a027,E 2nd Street,e 2nd street,E 2nd Street,,mixed
blr_fac4d26f3e46a027,E 2nd Street,e two street,E 2nd Street,,mixed
blr_fac4d26f3e46a027,E 2nd Street,e second street,E 2nd Street,,mixed
blr_fac4d26f3e46a027,E 2nd Street,in e 2nd street,E 2nd Street,,mixed
blr_fac4d26f3e46a027,E 2nd Street,near e two street,E 2nd Street,,mixed
blr_9fbfa3603c691d0a,MC Sarovar Appartment,mc sarovar appartment,MC Sarovar Appartment,,mixed
blr_9fbfa3603c691d0a,MC Sarovar Appartment,in mc sarovar appartment,MC Sarovar Appartment,,mixed
blr_9fbfa3603c691d0a,MC Sarovar Appartment,near mc sarovar appartment,MC Sarovar Appartment,,mixed
blr_9fbfa3603c691d0a,MC Sarovar Appartment,around mc sarovar appartment,MC Sarovar Appartment,,mixed
blr_9fbfa3603c691d0a,MC Sarovar Appartment,mc sarovar appartment area,MC Sarovar Appartment,,mixed
blr_dbd6ab0b823d460b,16th E Main Road,1six e main road,16th E Main Road,,mixed
blr_dbd6ab0b823d460b,16th E Main Road,1sixth e main road,16th E Main Road,,mixed
blr_dbd6ab0b823d460b,16th E Main Road,16th e main road,16th E Main Road,,mixed
blr_dbd6ab0b823d460b,16th E Main Road,in 1six e main road,16th E Main Road,,mixed
blr_dbd6ab0b823d460b,16th E Main Road,near 1sixth e main road,16th E Main Road,,mixed
blr_9e5820cb0b521f0e,1st Ashwini Street,1st ashwini street,1st Ashwini Street,,mixed
blr_9e5820cb0b521f0e,1st Ashwini Street,in 1st ashwini street,1st Ashwini Street,,mixed
blr_9e5820cb0b521f0e,1st Ashwini Street,near 1st ashwini street,1st Ashwini Street,,mixed
blr_9e5820cb0b521f0e,1st Ashwini Street,around 1st ashwini street,1st Ashwini Street,,mixed
blr_9e5820cb0b521f0e,1st Ashwini Street,1st ashwini street area,1st Ashwini Street,,mixed
blr_7dc4afdf472b8c5b,BM Glorietta,bm glorietta,BM Glorietta,,mixed
blr_7dc4afdf472b8c5b,BM Glorietta,in bm glorietta,BM Glorietta,,mixed
blr_7dc4afdf472b8c5b,BM Glorietta,near bm glorietta,BM Glorietta,,mixed
blr_7dc4afdf472b8c5b,BM Glorietta,around bm glorietta,BM Glorietta,,mixed
blr_7dc4afdf472b8c5b,BM Glorietta,bm glorietta area,BM Glorietta,,mixed
blr_18280ed0902f1cad,H1 Street,h1 street,H1 Street,,mixed
blr_18280ed0902f1cad,H1 Street,in h1 street,H1 Street,,mixed
blr_18280ed0902f1cad,H1 Street,near h1 street,H1 Street,,mixed
blr_18280ed0902f1cad,H1 Street,around h1 street,H1 Street,,mixed
blr_18280ed0902f1cad,H1 Street,h1 street area,H1 Street,,mixed
blr_044083c25e83aef1,NES Office,nes office,NES Office,,mixed
blr_044083c25e83aef1,NES Office,in nes office,NES Office,,mixed
blr_044083c25e83aef1,NES Office,near nes office,NES Office,,mixed
blr_044083c25e83aef1,NES Office,around nes office,NES Office,,mixed
blr_044083c25e83aef1,NES Office,nes office area,NES Office,,mixed
blr_b09398aaaf4c684b,Dr. APJ Abdul Kalam Road,dr apj abdul kalam road,Dr. APJ Abdul Kalam Road,,mixed
blr_b09398aaaf4c684b,Dr. APJ Abdul Kalam Road,in dr apj abdul kalam road,Dr. APJ Abdul Kalam Road,,mixed
blr_b09398aaaf4c684b,Dr. APJ Abdul Kalam Road,near dr apj abdul kalam road,Dr. APJ Abdul Kalam Road,,mixed
blr_b09398aaaf4c684b,Dr. APJ Abdul Kalam Road,around dr apj abdul kalam road,Dr. APJ Abdul Kalam Road,,mixed
blr_b09398aaaf4c684b,Dr. APJ Abdul Kalam Road,dr apj abdul kalam road area,Dr. APJ Abdul Kalam Road,,mixed
blr_054228ee3f3c4b45,ESI Quarters,esi quarters,ESI Quarters,,mixed
blr_054228ee3f3c4b45,ESI Quarters,in esi quarters,ESI Quarters,,mixed
blr_054228ee3f3c4b45,ESI Quarters,near esi quarters,ESI Quarters,,mixed
blr_054228ee3f3c4b45,ESI Quarters,around esi quarters,ESI Quarters,,mixed
blr_054228ee3f3c4b45,ESI Quarters,esi quarters area,ESI Quarters,,mixed
blr_4483237ea5723a3c,2nd Diagonal Road,2nd diagonal road,2nd Diagonal Road,,mixed
blr_4483237ea5723a3c,2nd Diagonal Road,two diagonal road,2nd Diagonal Road,,mixed
blr_4483237ea5723a3c,2nd Diagonal Road,second diagonal road,2nd Diagonal Road,,mixed
blr_4483237ea5723a3c,2nd Diagonal Road,in 2nd diagonal road,2nd Diagonal Road,,mixed
blr_4483237ea5723a3c,2nd Diagonal Road,near two diagonal road,2nd Diagonal Road,,mixed
blr_2c8c32e80d2a7a88,EWS Layout,ews layout,EWS Layout,,mixed
blr_2c8c32e80d2a7a88,EWS Layout,in ews layout,EWS Layout,,mixed
blr_2c8c32e80d2a7a88,EWS Layout,near ews layout,EWS Layout,,mixed
blr_2c8c32e80d2a7a88,EWS Layout,around ews layout,EWS Layout,,mixed
blr_2c8c32e80d2a7a88,EWS Layout,ews layout area,EWS Layout,,mixed
blr_89cc711eddb7ecc6,"Amarjyothy Layout, 4th Main",amarjyothy layout fourth main,"Amarjyothy Layout, 4th Main",,mixed
blr_89cc711eddb7ecc6,"Amarjyothy Layout, 4th Main",amarjyothy layout four main,"Amarjyothy Layout, 4th Main",,mixed
blr_89cc711eddb7ecc6,"Amarjyothy Layout, 4th Main",amarjyothy layout 4th main,"Amarjyothy Layout, 4th Main",,mixed
blr_89cc711eddb7ecc6,"Amarjyothy Layout, 4th Main",in amarjyothy layout fourth main,"Amarjyothy Layout, 4th Main",,mixed
blr_89cc711eddb7ecc6,"Amarjyothy Layout, 4th Main",near amarjyothy layout four main,"Amarjyothy Layout, 4th Main",,mixed
blr_4f54246809ed380b,"Gundappa Reddy Layout, 1st Cross Road",gundappa reddy layout 1st cross road,"Gundappa Reddy Layout, 1st Cross Road",,mixed
blr_4f54246809ed380b,"Gundappa Reddy Layout, 1st Cross Road",in gundappa reddy layout 1st cross road,"Gundappa Reddy Layout, 1st Cross Road",,mixed
blr_4f54246809ed380b,"Gundappa Reddy Layout, 1st Cross Road",near gundappa reddy layout 1st cross road,"Gundappa Reddy Layout, 1st Cross Road",,mixed
blr_4f54246809ed380b,"Gundappa Reddy Layout, 1st Cross Road",around gundappa reddy layout 1st cross road,"Gundappa Reddy Layout, 1st Cross Road",,mixed
blr_4f54246809ed380b,"Gundappa Reddy Layout, 1st Cross Road",gundappa reddy layout 1st cross road area,"Gundappa Reddy Layout, 1st Cross Road",,mixed
blr_190d867b193a9f07,5th F Cross,5th f cross,5th F Cross,,mixed
blr_190d867b193a9f07,5th F Cross,five f cross,5th F Cross,,mixed
blr_190d867b193a9f07,5th F Cross,fifth f cross,5th F Cross,,mixed
blr_190d867b193a9f07,5th F Cross,in 5th f cross,5th F Cross,,mixed
blr_190d867b193a9f07,5th F Cross,near five f cross,5th F Cross,,mixed
blr_6bdf29b04f0f51e0,BREN Palms,bren palms,BREN Palms,,mixed
blr_6bdf29b04f0f51e0,BREN Palms,in bren palms,BREN Palms,,mixed
blr_6bdf29b04f0f51e0,BREN Palms,near bren palms,BREN Palms,,mixed
blr_6bdf29b04f0f51e0,BREN Palms,around bren palms,BREN Palms,,mixed
blr_6bdf29b04f0f51e0,BREN Palms,bren palms area,BREN Palms,,mixed
blr_29eaf56459a1b208,MEI Colony 3rd cross,mei colony 3rd cross,MEI Colony 3rd cross,,mixed
blr_29eaf56459a1b208,MEI Colony 3rd cross,mei colony third cross,MEI Colony 3rd cross,,mixed
blr_29eaf56459a1b208,MEI Colony 3rd cross,mei colony three cross,MEI Colony 3rd cross,,mixed
blr_29eaf56459a1b208,MEI Colony 3rd cross,in mei colony 3rd cross,MEI Colony 3rd cross,,mixed
blr_29eaf56459a1b208,MEI Colony 3rd cross,near mei colony third cross,MEI Colony 3rd cross,,mixed
blr_b1134403e2d93e9f,12th Cross Anandapura,12th cross anandapura,12th Cross Anandapura,,mixed
blr_b1134403e2d93e9f,12th Cross Anandapura,in 12th cross anandapura,12th Cross Anandapura,,mixed
blr_b1134403e2d93e9f,12th Cross Anandapura,near 12th cross anandapura,12th Cross Anandapura,,mixed
blr_b1134403e2d93e9f,12th Cross Anandapura,around 12th cross anandapura,12th Cross Anandapura,,mixed
blr_b1134403e2d93e9f,12th Cross Anandapura,12th cross anandapura area,12th Cross Anandapura,,mixed
blr_a2317148b9a4c271,10th Cross Anandapura,tenth cross anandapura,10 Cross Anandapura,,mixed
blr_a2317148b9a4c271,10th Cross Anandapura,ten cross anandapura,10 Cross Anandapura,,mixed
blr_a2317148b9a4c271,10th Cross Anandapura,10th cross anandapura,10 Cross Anandapura,,mixed
blr_a2317148b9a4c271,10th Cross Anandapura,in tenth cross anandapura,10 Cross Anandapura,,mixed
blr_a2317148b9a4c271,10th Cross Anandapura,near ten cross anandapura,10 Cross Anandapura,,mixed
blr_25bf02b46328b98f,6th Main Anandapura,sixth main anandapura,6th Main Anandapura,,mixed
blr_25bf02b46328b98f,6th Main Anandapura,six main anandapura,6th Main Anandapura,,mixed
blr_25bf02b46328b98f,6th Main Anandapura,6th main anandapura,6th Main Anandapura,,mixed
blr_25bf02b46328b98f,6th Main Anandapura,in sixth main anandapura,6th Main Anandapura,,mixed
blr_25bf02b46328b98f,6th Main Anandapura,near six main anandapura,6th Main Anandapura,,mixed
blr_69c89a1c45c16ca6,2nd Shop Lane,two shop lane,2nd Shop Lane,,mixed
blr_69c89a1c45c16ca6,2nd Shop Lane,2nd shop lane,2nd Shop Lane,,mixed
blr_69c89a1c45c16ca6,2nd Shop Lane,second shop lane,2nd Shop Lane,,mixed
blr_69c89a1c45c16ca6,2nd Shop Lane,in two shop lane,2nd Shop Lane,,mixed
blr_69c89a1c45c16ca6,2nd Shop Lane,near 2nd shop lane,2nd Shop Lane,,mixed
blr_b47e943391d1aa9b,1st Shop Lane,1st shop lane,1st Shop Lane,,mixed
blr_b47e943391d1aa9b,1st Shop Lane,in 1st shop lane,1st Shop Lane,,mixed
blr_b47e943391d1aa9b,1st Shop Lane,near 1st shop lane,1st Shop Lane,,mixed
blr_b47e943391d1aa9b,1st Shop Lane,around 1st shop lane,1st Shop Lane,,mixed
blr_b47e943391d1aa9b,1st Shop Lane,1st shop lane area,1st Shop Lane,,mixed
blr_5bb99d318205d16d,3rd Shop Lane,3rd shop lane,3rd Shop Lane,,mixed
blr_5bb99d318205d16d,3rd Shop Lane,three shop lane,3rd Shop Lane,,mixed
blr_5bb99d318205d16d,3rd Shop Lane,third shop lane,3rd Shop Lane,,mixed
blr_5bb99d318205d16d,3rd Shop Lane,in 3rd shop lane,3rd Shop Lane,,mixed
blr_5bb99d318205d16d,3rd Shop Lane,near three shop lane,3rd Shop Lane,,mixed
blr_fdfe607c0e1e2b3d,25th B Cross,2five b cross,25th B Cross,,mixed
blr_fdfe607c0e1e2b3d,25th B Cross,25th b cross,25th B Cross,,mixed
blr_fdfe607c0e1e2b3d,25th B Cross,2fifth b cross,25th B Cross,,mixed
blr_fdfe607c0e1e2b3d,25th B Cross,in 2five b cross,25th B Cross,,mixed
blr_fdfe607c0e1e2b3d,25th B Cross,near 25th b cross,25th B Cross,,mixed
blr_2754b58ddf7a7a40,Doddathogur and Chikkatoghuru Link Road,doddathogur and chikkatoghuru link road,Doddathogur and Chikkatoghuru Link Road,,mixed
blr_2754b58ddf7a7a40,Doddathogur and Chikkatoghuru Link Road,in doddathogur and chikkatoghuru link road,Doddathogur and Chikkatoghuru Link Road,,mixed
blr_2754b58ddf7a7a40,Doddathogur and Chikkatoghuru Link Road,near doddathogur and chikkatoghuru link road,Doddathogur and Chikkatoghuru Link Road,,mixed
blr_2754b58ddf7a7a40,Doddathogur and Chikkatoghuru Link Road,around doddathogur and chikkatoghuru link road,Doddathogur and Chikkatoghuru Link Road,,mixed
blr_2754b58ddf7a7a40,Doddathogur and Chikkatoghuru Link Road,doddathogur and chikkatoghuru link road area,Doddathogur and Chikkatoghuru Link Road,,mixed
blr_07d86cf9c9c572b1,3rd Main Cross Road,third main cross road,3rd Main Cross Road,,mixed
blr_07d86cf9c9c572b1,3rd Main Cross Road,3rd main cross road,3rd Main Cross Road,,mixed
blr_07d86cf9c9c572b1,3rd Main Cross Road,three main cross road,3rd Main Cross Road,,mixed
blr_07d86cf9c9c572b1,3rd Main Cross Road,in third main cross road,3rd Main Cross Road,,mixed
blr_07d86cf9c9c572b1,3rd Main Cross Road,near 3rd main cross road,3rd Main Cross Road,,mixed
blr_4f6e0088d0a369c3,KG Nagar Main Rd,kg nagar main rd,KG Nagar Main Rd,,mixed
blr_4f6e0088d0a369c3,KG Nagar Main Rd,in kg nagar main rd,KG Nagar Main Rd,,mixed
blr_4f6e0088d0a369c3,KG Nagar Main Rd,near kg nagar main rd,KG Nagar Main Rd,,mixed
blr_4f6e0088d0a369c3,KG Nagar Main Rd,around kg nagar main rd,KG Nagar Main Rd,,mixed
blr_4f6e0088d0a369c3,KG Nagar Main Rd,kg nagar main rd area,KG Nagar Main Rd,,mixed
blr_fd8389bc5b0c33b5,Chourasia Manor Phase 2nd,chourasia manor phase second,Chourasia Manor Phase 2,,mixed
blr_fd8389bc5b0c33b5,Chourasia Manor Phase 2nd,chourasia manor phase 2nd,Chourasia Manor Phase 2,,mixed
blr_fd8389bc5b0c33b5,Chourasia Manor Phase 2nd,chourasia manor phase two,Chourasia Manor Phase 2,,mixed
blr_fd8389bc5b0c33b5,Chourasia Manor Phase 2nd,in chourasia manor phase second,Chourasia Manor Phase 2,,mixed
blr_fd8389bc5b0c33b5,Chourasia Manor Phase 2nd,near chourasia manor phase 2nd,Chourasia Manor Phase 2,,mixed
blr_79be6785e22a5bb9,XC trail,xc trail,XC trail,,mixed
blr_79be6785e22a5bb9,XC trail,in xc trail,XC trail,,mixed
blr_79be6785e22a5bb9,XC trail,near xc trail,XC trail,,mixed
blr_79be6785e22a5bb9,XC trail,around xc trail,XC trail,,mixed
blr_79be6785e22a5bb9,XC trail,xc trail area,XC trail,,mixed
blr_ac1d56fa16fa2e5c,Benniganahalli Flyover 1st,benniganahalli flyover 1st,Benniganahalli Flyover 1,,mixed
blr_ac1d56fa16fa2e5c,Benniganahalli Flyover 1st,in benniganahalli flyover 1st,Benniganahalli Flyover 1,,mixed
blr_ac1d56fa16fa2e5c,Benniganahalli Flyover 1st,near benniganahalli flyover 1st,Benniganahalli Flyover 1,,mixed
blr_ac1d56fa16fa2e5c,Benniganahalli Flyover 1st,around benniganahalli flyover 1st,Benniganahalli Flyover 1,,mixed
blr_ac1d56fa16fa2e5c,Benniganahalli Flyover 1st,benniganahalli flyover 1st area,Benniganahalli Flyover 1,,mixed
blr_6e5ba89be444f2a8,Siddeshwara layout 3rd cross,siddeshwara layout three cross,Siddeshwara layout 3rd cross,,mixed
blr_6e5ba89be444f2a8,Siddeshwara layout 3rd cross,siddeshwara layout 3rd cross,Siddeshwara layout 3rd cross,,mixed
blr_6e5ba89be444f2a8,Siddeshwara layout 3rd cross,siddeshwara layout third cross,Siddeshwara layout 3rd cross,,mixed
blr_6e5ba89be444f2a8,Siddeshwara layout 3rd cross,in siddeshwara layout three cross,Siddeshwara layout 3rd cross,,mixed
blr_6e5ba89be444f2a8,Siddeshwara layout 3rd cross,near siddeshwara layout 3rd cross,Siddeshwara layout 3rd cross,,mixed
blr_0176a1f400d0df36,4th Cross Muneshawara Layout,four cross muneshawara layout,4th Cross Muneshawara Layout,,mixed
blr_0176a1f400d0df36,4th Cross Muneshawara Layout,fourth cross muneshawara layout,4th Cross Muneshawara Layout,,mixed
blr_0176a1f400d0df36,4th Cross Muneshawara Layout,4th cross muneshawara layout,4th Cross Muneshawara Layout,,mixed
blr_0176a1f400d0df36,4th Cross Muneshawara Layout,in four cross muneshawara layout,4th Cross Muneshawara Layout,,mixed
blr_0176a1f400d0df36,4th Cross Muneshawara Layout,near fourth cross muneshawara layout,4th Cross Muneshawara Layout,,mixed
blr_c3fb68b8706a8103,3rd Main 2nd Cross,third main 2nd cross,3rd Main 2nd Cross,,mixed
blr_c3fb68b8706a8103,3rd Main 2nd Cross,3rd main two cross,3rd Main 2nd Cross,,mixed
blr_c3fb68b8706a8103,3rd Main 2nd Cross,three main 2nd cross,3rd Main 2nd Cross,,mixed
blr_c3fb68b8706a8103,3rd Main 2nd Cross,3rd main second cross,3rd Main 2nd Cross,,mixed
blr_c3fb68b8706a8103,3rd Main 2nd Cross,3rd main 2nd cross,3rd Main 2nd Cross,,mixed
blr_ee845a97fbc80881,ITC Colony Road,itc colony road,ITC Colony Road,,mixed
blr_ee845a97fbc80881,ITC Colony Road,in itc colony road,ITC Colony Road,,mixed
blr_ee845a97fbc80881,ITC Colony Road,near itc colony road,ITC Colony Road,,mixed
blr_ee845a97fbc80881,ITC Colony Road,around itc colony road,ITC Colony Road,,mixed
blr_ee845a97fbc80881,ITC Colony Road,itc colony road area,ITC Colony Road,,mixed
blr_20fd47a23ed27aa7,ITC Mud Fort,itc mud fort,ITC Mud Fort,,mixed
blr_20fd47a23ed27aa7,ITC Mud Fort,in itc mud fort,ITC Mud Fort,,mixed
blr_20fd47a23ed27aa7,ITC Mud Fort,near itc mud fort,ITC Mud Fort,,mixed
blr_20fd47a23ed27aa7,ITC Mud Fort,around itc mud fort,ITC Mud Fort,,mixed
blr_20fd47a23ed27aa7,ITC Mud Fort,itc mud fort area,ITC Mud Fort,,mixed
blr_024a4390cd4b36e8,28th B Main Road,2eighth b main road,28th B Main Road,,mixed
blr_024a4390cd4b36e8,28th B Main Road,2eight b main road,28th B Main Road,,mixed
blr_024a4390cd4b36e8,28th B Main Road,28th b main road,28th B Main Road,,mixed
blr_024a4390cd4b36e8,28th B Main Road,in 2eighth b main road,28th B Main Road,,mixed
blr_024a4390cd4b36e8,28th B Main Road,near 2eight b main road,28th B Main Road,,mixed
blr_939106b17797062c,A Cross,a cross,A Cross,,mixed
blr_939106b17797062c,A Cross,in a cross,A Cross,,mixed
blr_939106b17797062c,A Cross,near a cross,A Cross,,mixed
blr_939106b17797062c,A Cross,around a cross,A Cross,,mixed
blr_939106b17797062c,A Cross,a cross area,A Cross,,mixed
blr_c353cd19d73d5520,B Cross Road,b cross road,B Cross Road,,mixed
blr_c353cd19d73d5520,B Cross Road,in b cross road,B Cross Road,,mixed
blr_c353cd19d73d5520,B Cross Road,near b cross road,B Cross Road,,mixed
blr_c353cd19d73d5520,B Cross Road,around b cross road,B Cross Road,,mixed
blr_c353cd19d73d5520,B Cross Road,b cross road area,B Cross Road,,mixed
blr_48c757600e5dea35,4th cross Venkattapa Colony,fourth cross venkattapa colony,4th cross Venkattapa Colony,,mixed
blr_48c757600e5dea35,4th cross Venkattapa Colony,four cross venkattapa colony,4th cross Venkattapa Colony,,mixed
blr_48c757600e5dea35,4th cross Venkattapa Colony,4th cross venkattapa colony,4th cross Venkattapa Colony,,mixed
blr_48c757600e5dea35,4th cross Venkattapa Colony,in fourth cross venkattapa colony,4th cross Venkattapa Colony,,mixed
blr_48c757600e5dea35,4th cross Venkattapa Colony,near four cross venkattapa colony,4th cross Venkattapa Colony,,mixed
blr_df07dd80f85c7f67,3rd Cross Venkattapa Colony,third cross venkattapa colony,3rd Cross Venkattapa Colony,,mixed
blr_df07dd80f85c7f67,3rd Cross Venkattapa Colony,three cross venkattapa colony,3rd Cross Venkattapa Colony,,mixed
blr_df07dd80f85c7f67,3rd Cross Venkattapa Colony,3rd cross venkattapa colony,3rd Cross Venkattapa Colony,,mixed
blr_df07dd80f85c7f67,3rd Cross Venkattapa Colony,in third cross venkattapa colony,3rd Cross Venkattapa Colony,,mixed
blr_df07dd80f85c7f67,3rd Cross Venkattapa Colony,near three cross venkattapa colony,3rd Cross Venkattapa Colony,,mixed
blr_17253a31e71d6e71,2nd cross Venkattapa Colony,second cross venkattapa colony,2nd cross Venkattapa Colony,,mixed
blr_17253a31e71d6e71,2nd cross Venkattapa Colony,2nd cross venkattapa colony,2nd cross Venkattapa Colony,,mixed
blr_17253a31e71d6e71,2nd cross Venkattapa Colony,two cross venkattapa colony,2nd cross Venkattapa Colony,,mixed
blr_17253a31e71d6e71,2nd cross Venkattapa Colony,in second cross venkattapa colony,2nd cross Venkattapa Colony,,mixed
blr_17253a31e71d6e71,2nd cross Venkattapa Colony,near 2nd cross venkattapa colony,2nd cross Venkattapa Colony,,mixed
blr_6f118c855bb52d50,1st Cross Venkattapa Colony,1st cross venkattapa colony,1st Cross Venkattapa Colony,,mixed
blr_6f118c855bb52d50,1st Cross Venkattapa Colony,in 1st cross venkattapa colony,1st Cross Venkattapa Colony,,mixed
blr_6f118c855bb52d50,1st Cross Venkattapa Colony,near 1st cross venkattapa colony,1st Cross Venkattapa Colony,,mixed
blr_6f118c855bb52d50,1st Cross Venkattapa Colony,around 1st cross venkattapa colony,1st Cross Venkattapa Colony,,mixed
blr_6f118c855bb52d50,1st Cross Venkattapa Colony,1st cross venkattapa colony area,1st Cross Venkattapa Colony,,mixed
blr_82df93679910efba,Gangamma Temple road,gangamma temple road,Gangamma Temple road,,mixed
blr_82df93679910efba,Gangamma Temple road,in gangamma temple road,Gangamma Temple road,,mixed
blr_82df93679910efba,Gangamma Temple road,near gangamma temple road,Gangamma Temple road,,mixed
blr_82df93679910efba,Gangamma Temple road,around gangamma temple road,Gangamma Temple road,,mixed
blr_82df93679910efba,Gangamma Temple road,gangamma temple road area,Gangamma Temple road,,mixed
blr_fa461df56f3d0d04,G R Shreenivas,g r shreenivas,G R Shreenivas,,mixed
blr_fa461df56f3d0d04,G R Shreenivas,in g r shreenivas,G R Shreenivas,,mixed
blr_fa461df56f3d0d04,G R Shreenivas,near g r shreenivas,G R Shreenivas,,mixed
blr_fa461df56f3d0d04,G R Shreenivas,around g r shreenivas,G R Shreenivas,,mixed
blr_fa461df56f3d0d04,G R Shreenivas,g r shreenivas area,G R Shreenivas,,mixed
blr_4452ae492f0878ff,"D Silva Layout , Happy Valley",d silva layout  happy valley,"D Silva Layout , Happy Valley",,mixed
blr_4452ae492f0878ff,"D Silva Layout , Happy Valley",in d silva layout  happy valley,"D Silva Layout , Happy Valley",,mixed
blr_4452ae492f0878ff,"D Silva Layout , Happy Valley",near d silva layout  happy valley,"D Silva Layout , Happy Valley",,mixed
blr_4452ae492f0878ff,"D Silva Layout , Happy Valley",around d silva layout  happy valley,"D Silva Layout , Happy Valley",,mixed
blr_4452ae492f0878ff,"D Silva Layout , Happy Valley",d silva layout  happy valley area,"D Silva Layout , Happy Valley",,mixed
blr_81e91520f96fba30,Banashankari 6th Stage - 1st Block,banashankari sixth stage  1st block,Banashankari 6th Stage - 1st Block,,mixed
blr_81e91520f96fba30,Banashankari 6th Stage - 1st Block,banashankari 6th stage  1st block,Banashankari 6th Stage - 1st Block,,mixed
blr_81e91520f96fba30,Banashankari 6th Stage - 1st Block,banashankari six stage  1st block,Banashankari 6th Stage - 1st Block,,mixed
blr_81e91520f96fba30,Banashankari 6th Stage - 1st Block,in banashankari sixth stage  1st block,Banashankari 6th Stage - 1st Block,,mixed
blr_81e91520f96fba30,Banashankari 6th Stage - 1st Block,near banashankari 6th stage  1st block,Banashankari 6th Stage - 1st Block,,mixed
blr_76bfb0e8b82017a1,Banashankari 6th Stage - 2nd Block,banashankari 6th stage  second block,Banashankari 6th Stage - 2nd Block,,mixed
blr_76bfb0e8b82017a1,Banashankari 6th Stage - 2nd Block,banashankari six stage  2nd block,Banashankari 6th Stage - 2nd Block,,mixed
blr_76bfb0e8b82017a1,Banashankari 6th Stage - 2nd Block,banashankari 6th stage  two block,Banashankari 6th Stage - 2nd Block,,mixed
blr_76bfb0e8b82017a1,Banashankari 6th Stage - 2nd Block,banashankari sixth stage  2nd block,Banashankari 6th Stage - 2nd Block,,mixed
blr_76bfb0e8b82017a1,Banashankari 6th Stage - 2nd Block,banashankari 6th stage  2nd block,Banashankari 6th Stage - 2nd Block,,mixed
blr_e8d5844034b5e81b,Banashankari 6th Stage - 3rd Block,banashankari 6th stage  3rd block,Banashankari 6th Stage - 3rd Block,,mixed
blr_e8d5844034b5e81b,Banashankari 6th Stage - 3rd Block,banashankari 6th stage  third block,Banashankari 6th Stage - 3rd Block,,mixed
blr_e8d5844034b5e81b,Banashankari 6th Stage - 3rd Block,banashankari six stage  3rd block,Banashankari 6th Stage - 3rd Block,,mixed
blr_e8d5844034b5e81b,Banashankari 6th Stage - 3rd Block,banashankari sixth stage  3rd block,Banashankari 6th Stage - 3rd Block,,mixed
blr_e8d5844034b5e81b,Banashankari 6th Stage - 3rd Block,banashankari 6th stage  three block,Banashankari 6th Stage - 3rd Block,,mixed
blr_7d5b68724d8c62b4,Banashankari 6th Stage - 4th Block,banashankari 6th stage  fourth block,Banashankari 6th Stage - 4th Block,,mixed
blr_7d5b68724d8c62b4,Banashankari 6th Stage - 4th Block,banashankari 6th stage  four block,Banashankari 6th Stage - 4th Block,,mixed
blr_7d5b68724d8c62b4,Banashankari 6th Stage - 4th Block,banashankari sixth stage  4th block,Banashankari 6th Stage - 4th Block,,mixed
blr_7d5b68724d8c62b4,Banashankari 6th Stage - 4th Block,banashankari 6th stage  4th block,Banashankari 6th Stage - 4th Block,,mixed
blr_7d5b68724d8c62b4,Banashankari 6th Stage - 4th Block,banashankari six stage  4th block,Banashankari 6th Stage - 4th Block,,mixed
blr_f10e45281b519678,Banashankari 6th Stage - 6th Block,banashankari sixth stage  sixth block,Banashankari 6th Stage - 6th Block,,mixed
blr_f10e45281b519678,Banashankari 6th Stage - 6th Block,banashankari six stage  six block,Banashankari 6th Stage - 6th Block,,mixed
blr_f10e45281b519678,Banashankari 6th Stage - 6th Block,banashankari 6th stage  6th block,Banashankari 6th Stage - 6th Block,,mixed
blr_f10e45281b519678,Banashankari 6th Stage - 6th Block,in banashankari sixth stage  sixth block,Banashankari 6th Stage - 6th Block,,mixed
blr_f10e45281b519678,Banashankari 6th Stage - 6th Block,near banashankari six stage  six block,Banashankari 6th Stage - 6th Block,,mixed
blr_53a8f51a9ac40e3b,Banashankari 6th Stage - 5th Block,banashankari sixth stage  5th block,Banashankari 6th Stage - 5th Block,,mixed
blr_53a8f51a9ac40e3b,Banashankari 6th Stage - 5th Block,banashankari 6th stage  5th block,Banashankari 6th Stage - 5th Block,,mixed
blr_53a8f51a9ac40e3b,Banashankari 6th Stage - 5th Block,banashankari six stage  5th block,Banashankari 6th Stage - 5th Block,,mixed
blr_53a8f51a9ac40e3b,Banashankari 6th Stage - 5th Block,banashankari 6th stage  fifth block,Banashankari 6th Stage - 5th Block,,mixed
blr_53a8f51a9ac40e3b,Banashankari 6th Stage - 5th Block,banashankari 6th stage  five block,Banashankari 6th Stage - 5th Block,,mixed
blr_2f3dcb27ab5092e6,Banashankari 6th Stage - 7th Block,banashankari six stage  7th block,Banashankari 6th Stage - 7th Block,,mixed
blr_2f3dcb27ab5092e6,Banashankari 6th Stage - 7th Block,banashankari 6th stage  seventh block,Banashankari 6th Stage - 7th Block,,mixed
blr_2f3dcb27ab5092e6,Banashankari 6th Stage - 7th Block,banashankari 6th stage  seven block,Banashankari 6th Stage - 7th Block,,mixed
blr_2f3dcb27ab5092e6,Banashankari 6th Stage - 7th Block,banashankari 6th stage  7th block,Banashankari 6th Stage - 7th Block,,mixed
blr_2f3dcb27ab5092e6,Banashankari 6th Stage - 7th Block,banashankari sixth stage  7th block,Banashankari 6th Stage - 7th Block,,mixed
blr_8348bc1f34bf82d8,Banashankari 6th Stage - 9th Block,banashankari 6th stage  nine block,Banashankari 6th Stage - 9th Block,,mixed
blr_8348bc1f34bf82d8,Banashankari 6th Stage - 9th Block,banashankari six stage  9th block,Banashankari 6th Stage - 9th Block,,mixed
blr_8348bc1f34bf82d8,Banashankari 6th Stage - 9th Block,banashankari sixth stage  9th block,Banashankari 6th Stage - 9th Block,,mixed
blr_8348bc1f34bf82d8,Banashankari 6th Stage - 9th Block,banashankari 6th stage  ninth block,Banashankari 6th Stage - 9th Block,,mixed
blr_8348bc1f34bf82d8,Banashankari 6th Stage - 9th Block,banashankari 6th stage  9th block,Banashankari 6th Stage - 9th Block,,mixed
blr_1d2f5d7e3f73f8a5,Banashankari 6th Stage - 10th Block,banashankari 6th stage  10th block,Banashankari 6th Stage - 10th Block,,mixed
blr_1d2f5d7e3f73f8a5,Banashankari 6th Stage - 10th Block,banashankari 6th stage  tenth block,Banashankari 6th Stage - 10th Block,,mixed
blr_1d2f5d7e3f73f8a5,Banashankari 6th Stage - 10th Block,banashankari six stage  10th block,Banashankari 6th Stage - 10th Block,,mixed
blr_1d2f5d7e3f73f8a5,Banashankari 6th Stage - 10th Block,banashankari sixth stage  10th block,Banashankari 6th Stage - 10th Block,,mixed
blr_1d2f5d7e3f73f8a5,Banashankari 6th Stage - 10th Block,banashankari 6th stage  ten block,Banashankari 6th Stage - 10th Block,,mixed
blr_999aa0328cd62bad,Banashankari 6th Stage - 8th Block,banashankari 6th stage  eighth block,Banashankari 6th Stage - 8th Block,,mixed
blr_999aa0328cd62bad,Banashankari 6th Stage - 8th Block,banashankari 6th stage  8th block,Banashankari 6th Stage - 8th Block,,mixed
blr_999aa0328cd62bad,Banashankari 6th Stage - 8th Block,banashankari sixth stage  8th block,Banashankari 6th Stage - 8th Block,,mixed
blr_999aa0328cd62bad,Banashankari 6th Stage - 8th Block,banashankari six stage  8th block,Banashankari 6th Stage - 8th Block,,mixed
blr_999aa0328cd62bad,Banashankari 6th Stage - 8th Block,banashankari 6th stage  eight block,Banashankari 6th Stage - 8th Block,,mixed
blr_4455ae8b4e3b6bb6,Banashankari 6th Stage - 4th B Block,banashankari 6th stage  four b block,Banashankari 6th Stage - 4th B Block,,mixed
blr_4455ae8b4e3b6bb6,Banashankari 6th Stage - 4th B Block,banashankari 6th stage  4th b block,Banashankari 6th Stage - 4th B Block,,mixed
blr_4455ae8b4e3b6bb6,Banashankari 6th Stage - 4th B Block,banashankari six stage  4th b block,Banashankari 6th Stage - 4th B Block,,mixed
blr_4455ae8b4e3b6bb6,Banashankari 6th Stage - 4th B Block,banashankari 6th stage  fourth b block,Banashankari 6th Stage - 4th B Block,,mixed
blr_4455ae8b4e3b6bb6,Banashankari 6th Stage - 4th B Block,banashankari sixth stage  4th b block,Banashankari 6th Stage - 4th B Block,,mixed
blr_dd821d9870454187,6th C Cross,sixth c cross,6th C Cross,,mixed
blr_dd821d9870454187,6th C Cross,six c cross,6th C Cross,,mixed
blr_dd821d9870454187,6th C Cross,6th c cross,6th C Cross,,mixed
blr_dd821d9870454187,6th C Cross,in sixth c cross,6th C Cross,,mixed
blr_dd821d9870454187,6th C Cross,near six c cross,6th C Cross,,mixed
blr_7b274daa86f5452d,5th E Cross Road,five e cross road,5th E Cross Road,,mixed
blr_7b274daa86f5452d,5th E Cross Road,fifth e cross road,5th E Cross Road,,mixed
blr_7b274daa86f5452d,5th E Cross Road,5th e cross road,5th E Cross Road,,mixed
blr_7b274daa86f5452d,5th E Cross Road,in five e cross road,5th E Cross Road,,mixed
blr_7b274daa86f5452d,5th E Cross Road,near fifth e cross road,5th E Cross Road,,mixed
blr_c38aea6246d340da,Rajajinagar 1st Block Flyover,rajajinagar 1st block flyover,Rajajinagar 1st Block Flyover,,mixed
blr_c38aea6246d340da,Rajajinagar 1st Block Flyover,in rajajinagar 1st block flyover,Rajajinagar 1st Block Flyover,,mixed
blr_c38aea6246d340da,Rajajinagar 1st Block Flyover,near rajajinagar 1st block flyover,Rajajinagar 1st Block Flyover,,mixed
blr_c38aea6246d340da,Rajajinagar 1st Block Flyover,around rajajinagar 1st block flyover,Rajajinagar 1st Block Flyover,,mixed
blr_c38aea6246d340da,Rajajinagar 1st Block Flyover,rajajinagar 1st block flyover area,Rajajinagar 1st Block Flyover,,mixed
blr_2086adc220595686,Sridevi Nagar 4th Cross Road,sridevi nagar 4th cross road,Sridevi Nagar 4th Cross Road,,mixed
blr_2086adc220595686,Sridevi Nagar 4th Cross Road,sridevi nagar four cross road,Sridevi Nagar 4th Cross Road,,mixed
blr_2086adc220595686,Sridevi Nagar 4th Cross Road,sridevi nagar fourth cross road,Sridevi Nagar 4th Cross Road,,mixed
blr_2086adc220595686,Sridevi Nagar 4th Cross Road,in sridevi nagar 4th cross road,Sridevi Nagar 4th Cross Road,,mixed
blr_2086adc220595686,Sridevi Nagar 4th Cross Road,near sridevi nagar four cross road,Sridevi Nagar 4th Cross Road,,mixed
blr_9d1f801fa42413ee,NAL Quarters,nal quarters,NAL Quarters,,mixed
blr_9d1f801fa42413ee,NAL Quarters,in nal quarters,NAL Quarters,,mixed
blr_9d1f801fa42413ee,NAL Quarters,near nal quarters,NAL Quarters,,mixed
blr_9d1f801fa42413ee,NAL Quarters,around nal quarters,NAL Quarters,,mixed
blr_9d1f801fa42413ee,NAL Quarters,nal quarters area,NAL Quarters,,mixed
blr_6855a75feaaf346c,CAOS Road,caos road,CAOS Road,,mixed
blr_6855a75feaaf346c,CAOS Road,in caos road,CAOS Road,,mixed
blr_6855a75feaaf346c,CAOS Road,near caos road,CAOS Road,,mixed
blr_6855a75feaaf346c,CAOS Road,around caos road,CAOS Road,,mixed
blr_6855a75feaaf346c,CAOS Road,caos road area,CAOS Road,,mixed
blr_a85431cdca6100ba,10th Cross F/G Block Rd,ten cross fg block rd,10th Cross F/G Block Rd,,mixed
blr_a85431cdca6100ba,10th Cross F/G Block Rd,10th cross fg block rd,10th Cross F/G Block Rd,,mixed
blr_a85431cdca6100ba,10th Cross F/G Block Rd,tenth cross fg block rd,10th Cross F/G Block Rd,,mixed
blr_a85431cdca6100ba,10th Cross F/G Block Rd,in ten cross fg block rd,10th Cross F/G Block Rd,,mixed
blr_a85431cdca6100ba,10th Cross F/G Block Rd,near 10th cross fg block rd,10th Cross F/G Block Rd,,mixed
blr_0eb6ed8b8a2dc8be,"6th Cross road, Wellington Paradise Layout",6th cross road wellington paradise layout,"6th Cross road, Wellington Paradise Layout",,mixed
blr_0eb6ed8b8a2dc8be,"6th Cross road, Wellington Paradise Layout",sixth cross road wellington paradise layout,"6th Cross road, Wellington Paradise Layout",,mixed
blr_0eb6ed8b8a2dc8be,"6th Cross road, Wellington Paradise Layout",six cross road wellington paradise layout,"6th Cross road, Wellington Paradise Layout",,mixed
blr_0eb6ed8b8a2dc8be,"6th Cross road, Wellington Paradise Layout",in 6th cross road wellington paradise layout,"6th Cross road, Wellington Paradise Layout",,mixed
blr_0eb6ed8b8a2dc8be,"6th Cross road, Wellington Paradise Layout",near sixth cross road wellington paradise layout,"6th Cross road, Wellington Paradise Layout",,mixed
blr_1f132677104212bc,"3rd Cross, Wellington Paradise Layout",third cross wellington paradise layout,"3rd Cross, Wellington Paradise Layout",,mixed
blr_1f132677104212bc,"3rd Cross, Wellington Paradise Layout",three cross wellington paradise layout,"3rd Cross, Wellington Paradise Layout",,mixed
blr_1f132677104212bc,"3rd Cross, Wellington Paradise Layout",3rd cross wellington paradise layout,"3rd Cross, Wellington Paradise Layout",,mixed
blr_1f132677104212bc,"3rd Cross, Wellington Paradise Layout",in third cross wellington paradise layout,"3rd Cross, Wellington Paradise Layout",,mixed
blr_1f132677104212bc,"3rd Cross, Wellington Paradise Layout",near three cross wellington paradise layout,"3rd Cross, Wellington Paradise Layout",,mixed
blr_b02cf627ba94aa44,"2nd Main, Wellington Paradise Layout",two main wellington paradise layout,"2nd Main, Wellington Paradise Layout",,mixed
blr_b02cf627ba94aa44,"2nd Main, Wellington Paradise Layout",second main wellington paradise layout,"2nd Main, Wellington Paradise Layout",,mixed
blr_b02cf627ba94aa44,"2nd Main, Wellington Paradise Layout",2nd main wellington paradise layout,"2nd Main, Wellington Paradise Layout",,mixed
blr_b02cf627ba94aa44,"2nd Main, Wellington Paradise Layout",in two main wellington paradise layout,"2nd Main, Wellington Paradise Layout",,mixed
blr_b02cf627ba94aa44,"2nd Main, Wellington Paradise Layout",near second main wellington paradise layout,"2nd Main, Wellington Paradise Layout",,mixed
blr_d9a073fc3b12f403,"4th Cross, Wellington Paradise Layout",fourth cross wellington paradise layout,"4th Cross, Wellington Paradise Layout",,mixed
blr_d9a073fc3b12f403,"4th Cross, Wellington Paradise Layout",four cross wellington paradise layout,"4th Cross, Wellington Paradise Layout",,mixed
blr_d9a073fc3b12f403,"4th Cross, Wellington Paradise Layout",4th cross wellington paradise layout,"4th Cross, Wellington Paradise Layout",,mixed
blr_d9a073fc3b12f403,"4th Cross, Wellington Paradise Layout",in fourth cross wellington paradise layout,"4th Cross, Wellington Paradise Layout",,mixed
blr_d9a073fc3b12f403,"4th Cross, Wellington Paradise Layout",near four cross wellington paradise layout,"4th Cross, Wellington Paradise Layout",,mixed
blr_c666e7d484d825a9,"2nd Cross, Wellington Paradise Layout",2nd cross wellington paradise layout,"2nd Cross, Wellington Paradise Layout",,mixed
blr_c666e7d484d825a9,"2nd Cross, Wellington Paradise Layout",second cross wellington paradise layout,"2nd Cross, Wellington Paradise Layout",,mixed
blr_c666e7d484d825a9,"2nd Cross, Wellington Paradise Layout",two cross wellington paradise layout,"2nd Cross, Wellington Paradise Layout",,mixed
blr_c666e7d484d825a9,"2nd Cross, Wellington Paradise Layout",in 2nd cross wellington paradise layout,"2nd Cross, Wellington Paradise Layout",,mixed
blr_c666e7d484d825a9,"2nd Cross, Wellington Paradise Layout",near second cross wellington paradise layout,"2nd Cross, Wellington Paradise Layout",,mixed
blr_9395465ec7d2b149,"1st Cross, Wellington Paradise Layout",1st cross wellington paradise layout,"1st Cross, Wellington Paradise Layout",,mixed
blr_9395465ec7d2b149,"1st Cross, Wellington Paradise Layout",in 1st cross wellington paradise layout,"1st Cross, Wellington Paradise Layout",,mixed
blr_9395465ec7d2b149,"1st Cross, Wellington Paradise Layout",near 1st cross wellington paradise layout,"1st Cross, Wellington Paradise Layout",,mixed
blr_9395465ec7d2b149,"1st Cross, Wellington Paradise Layout",around 1st cross wellington paradise layout,"1st Cross, Wellington Paradise Layout",,mixed
blr_9395465ec7d2b149,"1st Cross, Wellington Paradise Layout",1st cross wellington paradise layout area,"1st Cross, Wellington Paradise Layout",,mixed
blr_571f47c91df8b9e0,SMR Vinay Estella,smr vinay estella,SMR Vinay Estella,,mixed
blr_571f47c91df8b9e0,SMR Vinay Estella,in smr vinay estella,SMR Vinay Estella,,mixed
blr_571f47c91df8b9e0,SMR Vinay Estella,near smr vinay estella,SMR Vinay Estella,,mixed
blr_571f47c91df8b9e0,SMR Vinay Estella,around smr vinay estella,SMR Vinay Estella,,mixed
blr_571f47c91df8b9e0,SMR Vinay Estella,smr vinay estella area,SMR Vinay Estella,,mixed
blr_47a173f5f0330782,Y @ Whitefield,y  whitefield,Y @ Whitefield,,mixed
blr_47a173f5f0330782,Y @ Whitefield,in y  whitefield,Y @ Whitefield,,mixed
blr_47a173f5f0330782,Y @ Whitefield,near y  whitefield,Y @ Whitefield,,mixed
blr_47a173f5f0330782,Y @ Whitefield,around y  whitefield,Y @ Whitefield,,mixed
blr_47a173f5f0330782,Y @ Whitefield,y  whitefield area,Y @ Whitefield,,mixed
blr_45eb442cdc76aafa,SVS Palms,svs palms,SVS Palms,,mixed
blr_45eb442cdc76aafa,SVS Palms,in svs palms,SVS Palms,,mixed
blr_45eb442cdc76aafa,SVS Palms,near svs palms,SVS Palms,,mixed
blr_45eb442cdc76aafa,SVS Palms,around svs palms,SVS Palms,,mixed
blr_45eb442cdc76aafa,SVS Palms,svs palms area,SVS Palms,,mixed
blr_e3bbe06933840c53,HAL Housing Complex,hal housing complex,HAL Housing Complex,,mixed
blr_e3bbe06933840c53,HAL Housing Complex,in hal housing complex,HAL Housing Complex,,mixed
blr_e3bbe06933840c53,HAL Housing Complex,near hal housing complex,HAL Housing Complex,,mixed
blr_e3bbe06933840c53,HAL Housing Complex,around hal housing complex,HAL Housing Complex,,mixed
blr_e3bbe06933840c53,HAL Housing Complex,hal housing complex area,HAL Housing Complex,,mixed
blr_0e7472b7a05c408e,KPTCL Quarters,kptcl quarters,KPTCL Quarters,,mixed
blr_0e7472b7a05c408e,KPTCL Quarters,in kptcl quarters,KPTCL Quarters,,mixed
blr_0e7472b7a05c408e,KPTCL Quarters,near kptcl quarters,KPTCL Quarters,,mixed
blr_0e7472b7a05c408e,KPTCL Quarters,around kptcl quarters,KPTCL Quarters,,mixed
blr_0e7472b7a05c408e,KPTCL Quarters,kptcl quarters area,KPTCL Quarters,,mixed
blr_a8edb189b0dd96e6,Embassy TechVillage Road,embassy techvillage road,Embassy TechVillage Road,,mixed
blr_a8edb189b0dd96e6,Embassy TechVillage Road,in embassy techvillage road,Embassy TechVillage Road,,mixed
blr_a8edb189b0dd96e6,Embassy TechVillage Road,near embassy techvillage road,Embassy TechVillage Road,,mixed
blr_a8edb189b0dd96e6,Embassy TechVillage Road,around embassy techvillage road,Embassy TechVillage Road,,mixed
blr_a8edb189b0dd96e6,Embassy TechVillage Road,embassy techvillage road area,Embassy TechVillage Road,,mixed
blr_b12346499584cbfd,CIMAP,cimap,CIMAP,,mixed
blr_b12346499584cbfd,CIMAP,in cimap,CIMAP,,mixed
blr_b12346499584cbfd,CIMAP,near cimap,CIMAP,,mixed
blr_b12346499584cbfd,CIMAP,around cimap,CIMAP,,mixed
blr_b12346499584cbfd,CIMAP,cimap area,CIMAP,,mixed
blr_d4de8a37752fd714,Pie R Cube,pie r cube,Pie R Cube,,mixed
blr_d4de8a37752fd714,Pie R Cube,in pie r cube,Pie R Cube,,mixed
blr_d4de8a37752fd714,Pie R Cube,near pie r cube,Pie R Cube,,mixed
blr_d4de8a37752fd714,Pie R Cube,around pie r cube,Pie R Cube,,mixed
blr_d4de8a37752fd714,Pie R Cube,pie r cube area,Pie R Cube,,mixed
blr_3b6ff1293bd93957,Kaikondrahalli lake trail,kaikondrahalli lake trail,Kaikondrahalli lake trail,,mixed
blr_3b6ff1293bd93957,Kaikondrahalli lake trail,in kaikondrahalli lake trail,Kaikondrahalli lake trail,,mixed
blr_3b6ff1293bd93957,Kaikondrahalli lake trail,near kaikondrahalli lake trail,Kaikondrahalli lake trail,,mixed
blr_3b6ff1293bd93957,Kaikondrahalli lake trail,around kaikondrahalli lake trail,Kaikondrahalli lake trail,,mixed
blr_3b6ff1293bd93957,Kaikondrahalli lake trail,kaikondrahalli lake trail area,Kaikondrahalli lake trail,,mixed
blr_2107e62e66d495dc,"21st C Cross, Narayananagara, 1st Stage",21st c cross narayananagara 1st stage,"21st C Cross, Narayananagara, 1st Stage",,mixed
blr_2107e62e66d495dc,"21st C Cross, Narayananagara, 1st Stage",in 21st c cross narayananagara 1st stage,"21st C Cross, Narayananagara, 1st Stage",,mixed
blr_2107e62e66d495dc,"21st C Cross, Narayananagara, 1st Stage",near 21st c cross narayananagara 1st stage,"21st C Cross, Narayananagara, 1st Stage",,mixed
blr_2107e62e66d495dc,"21st C Cross, Narayananagara, 1st Stage",around 21st c cross narayananagara 1st stage,"21st C Cross, Narayananagara, 1st Stage",,mixed
blr_2107e62e66d495dc,"21st C Cross, Narayananagara, 1st Stage",21st c cross narayananagara 1st stage area,"21st C Cross, Narayananagara, 1st Stage",,mixed
blr_5cfcda9a063d344c,DSR Ultima,dsr ultima,DSR Ultima,,mixed
blr_5cfcda9a063d344c,DSR Ultima,in dsr ultima,DSR Ultima,,mixed
blr_5cfcda9a063d344c,DSR Ultima,near dsr ultima,DSR Ultima,,mixed
blr_5cfcda9a063d344c,DSR Ultima,around dsr ultima,DSR Ultima,,mixed
blr_5cfcda9a063d344c,DSR Ultima,dsr ultima area,DSR Ultima,,mixed
blr_2c37714d693170f0,6th Main,sixth main,6th Main,,mixed
blr_2c37714d693170f0,6th Main,six main,6th Main,,mixed
blr_2c37714d693170f0,6th Main,6th main,6th Main,,mixed
blr_2c37714d693170f0,6th Main,in sixth main,6th Main,,mixed
blr_2c37714d693170f0,6th Main,near six main,6th Main,,mixed
blr_dc22187ccc69c1f9,1st Main 4th Cross Rd,1st main four cross rd,1st Main 4th Cross Rd,,mixed
blr_dc22187ccc69c1f9,1st Main 4th Cross Rd,1st main fourth cross rd,1st Main 4th Cross Rd,,mixed
blr_dc22187ccc69c1f9,1st Main 4th Cross Rd,1st main 4th cross rd,1st Main 4th Cross Rd,,mixed
blr_dc22187ccc69c1f9,1st Main 4th Cross Rd,in 1st main four cross rd,1st Main 4th Cross Rd,,mixed
blr_dc22187ccc69c1f9,1st Main 4th Cross Rd,near 1st main fourth cross rd,1st Main 4th Cross Rd,,mixed
blr_b2ba9e40808224d3,4th Cross Rd,fourth cross rd,4th Cross Rd,,mixed
blr_b2ba9e40808224d3,4th Cross Rd,4th cross rd,4th Cross Rd,,mixed
blr_b2ba9e40808224d3,4th Cross Rd,four cross rd,4th Cross Rd,,mixed
blr_b2ba9e40808224d3,4th Cross Rd,in fourth cross rd,4th Cross Rd,,mixed
blr_b2ba9e40808224d3,4th Cross Rd,near 4th cross rd,4th Cross Rd,,mixed
blr_9b44a8637f1b6fd3,1st Cro,1st cro,1st Cro,,mixed
blr_9b44a8637f1b6fd3,1st Cro,in 1st cro,1st Cro,,mixed
blr_9b44a8637f1b6fd3,1st Cro,near 1st cro,1st Cro,,mixed
blr_9b44a8637f1b6fd3,1st Cro,around 1st cro,1st Cro,,mixed
blr_9b44a8637f1b6fd3,1st Cro,1st cro area,1st Cro,,mixed
blr_cd16a9d5ded97942,G 10th Street,g 10th street,G 10th Street,,mixed
blr_cd16a9d5ded97942,G 10th Street,g tenth street,G 10th Street,,mixed
blr_cd16a9d5ded97942,G 10th Street,g ten street,G 10th Street,,mixed
blr_cd16a9d5ded97942,G 10th Street,in g 10th street,G 10th Street,,mixed
blr_cd16a9d5ded97942,G 10th Street,near g tenth street,G 10th Street,,mixed
blr_1771ef10f49cab6b,Official Residence of Chief Minister of Karnataka,official residence of chief minister of karnataka,Official Residence of Chief Minister of Karnataka,,mixed
blr_1771ef10f49cab6b,Official Residence of Chief Minister of Karnataka,in official residence of chief minister of karnataka,Official Residence of Chief Minister of Karnataka,,mixed
blr_1771ef10f49cab6b,Official Residence of Chief Minister of Karnataka,near official residence of chief minister of karnataka,Official Residence of Chief Minister of Karnataka,,mixed
blr_1771ef10f49cab6b,Official Residence of Chief Minister of Karnataka,around official residence of chief minister of karnataka,Official Residence of Chief Minister of Karnataka,,mixed
blr_1771ef10f49cab6b,Official Residence of Chief Minister of Karnataka,official residence of chief minister of karnataka area,Official Residence of Chief Minister of Karnataka,,mixed
blr_065ed9eaccf13c0b,Elita Promenade Phase 1st,elita promenade phase 1st,Elita Promenade Phase 1,,mixed
blr_065ed9eaccf13c0b,Elita Promenade Phase 1st,in elita promenade phase 1st,Elita Promenade Phase 1,,mixed
blr_065ed9eaccf13c0b,Elita Promenade Phase 1st,near elita promenade phase 1st,Elita Promenade Phase 1,,mixed
blr_065ed9eaccf13c0b,Elita Promenade Phase 1st,around elita promenade phase 1st,Elita Promenade Phase 1,,mixed
blr_065ed9eaccf13c0b,Elita Promenade Phase 1st,elita promenade phase 1st area,Elita Promenade Phase 1,,mixed
blr_cd40de229c5d5442,Bethel Lane 3rd Cross,bethel lane third cross,Bethel Lane 3rd Cross,,mixed
blr_cd40de229c5d5442,Bethel Lane 3rd Cross,bethel lane three cross,Bethel Lane 3rd Cross,,mixed
blr_cd40de229c5d5442,Bethel Lane 3rd Cross,bethel lane 3rd cross,Bethel Lane 3rd Cross,,mixed
blr_cd40de229c5d5442,Bethel Lane 3rd Cross,in bethel lane third cross,Bethel Lane 3rd Cross,,mixed
blr_cd40de229c5d5442,Bethel Lane 3rd Cross,near bethel lane three cross,Bethel Lane 3rd Cross,,mixed
blr_66c96bc407268951,Bethel Lane 1st Cross,bethel lane 1st cross,Bethel Lane 1st Cross,,mixed
blr_66c96bc407268951,Bethel Lane 1st Cross,in bethel lane 1st cross,Bethel Lane 1st Cross,,mixed
blr_66c96bc407268951,Bethel Lane 1st Cross,near bethel lane 1st cross,Bethel Lane 1st Cross,,mixed
blr_66c96bc407268951,Bethel Lane 1st Cross,around bethel lane 1st cross,Bethel Lane 1st Cross,,mixed
blr_66c96bc407268951,Bethel Lane 1st Cross,bethel lane 1st cross area,Bethel Lane 1st Cross,,mixed
blr_1155c01506562395,1st Main Road Versova Layout,1st main road versova layout,1st Main Road Versova Layout,,mixed
blr_1155c01506562395,1st Main Road Versova Layout,in 1st main road versova layout,1st Main Road Versova Layout,,mixed
blr_1155c01506562395,1st Main Road Versova Layout,near 1st main road versova layout,1st Main Road Versova Layout,,mixed
blr_1155c01506562395,1st Main Road Versova Layout,around 1st main road versova layout,1st Main Road Versova Layout,,mixed
blr_1155c01506562395,1st Main Road Versova Layout,1st main road versova layout area,1st Main Road Versova Layout,,mixed
blr_3a93de8b613023e2,1st Cross Versova Layout,1st cross versova layout,1st Cross Versova Layout,,mixed
blr_3a93de8b613023e2,1st Cross Versova Layout,in 1st cross versova layout,1st Cross Versova Layout,,mixed
blr_3a93de8b613023e2,1st Cross Versova Layout,near 1st cross versova layout,1st Cross Versova Layout,,mixed
blr_3a93de8b613023e2,1st Cross Versova Layout,around 1st cross versova layout,1st Cross Versova Layout,,mixed
blr_3a93de8b613023e2,1st Cross Versova Layout,1st cross versova layout area,1st Cross Versova Layout,,mixed
blr_7ecb8330daa20e8b,East End B Main Road,east end b main road,East End B Main Road,,mixed
blr_7ecb8330daa20e8b,East End B Main Road,in east end b main road,East End B Main Road,,mixed
blr_7ecb8330daa20e8b,East End B Main Road,near east end b main road,East End B Main Road,,mixed
blr_7ecb8330daa20e8b,East End B Main Road,around east end b main road,East End B Main Road,,mixed
blr_7ecb8330daa20e8b,East End B Main Road,east end b main road area,East End B Main Road,,mixed
blr_bc82bfba27b20e0b,13th B Main Road,13th b main road,13th B Main Road,,mixed
blr_bc82bfba27b20e0b,13th B Main Road,in 13th b main road,13th B Main Road,,mixed
blr_bc82bfba27b20e0b,13th B Main Road,near 13th b main road,13th B Main Road,,mixed
blr_bc82bfba27b20e0b,13th B Main Road,around 13th b main road,13th B Main Road,,mixed
blr_bc82bfba27b20e0b,13th B Main Road,13th b main road area,13th B Main Road,,mixed
blr_4df1b372df70a551,SJR Primecorp The Pavilion,sjr primecorp the pavilion,SJR Primecorp The Pavilion,,mixed
blr_4df1b372df70a551,SJR Primecorp The Pavilion,in sjr primecorp the pavilion,SJR Primecorp The Pavilion,,mixed
blr_4df1b372df70a551,SJR Primecorp The Pavilion,near sjr primecorp the pavilion,SJR Primecorp The Pavilion,,mixed
blr_4df1b372df70a551,SJR Primecorp The Pavilion,around sjr primecorp the pavilion,SJR Primecorp The Pavilion,,mixed
blr_4df1b372df70a551,SJR Primecorp The Pavilion,sjr primecorp the pavilion area,SJR Primecorp The Pavilion,,mixed
blr_ed3c548236019e45,RMZ Eco World Road,rmz eco world road,RMZ Eco World Road,,mixed
blr_ed3c548236019e45,RMZ Eco World Road,in rmz eco world road,RMZ Eco World Road,,mixed
blr_ed3c548236019e45,RMZ Eco World Road,near rmz eco world road,RMZ Eco World Road,,mixed
blr_ed3c548236019e45,RMZ Eco World Road,around rmz eco world road,RMZ Eco World Road,,mixed
blr_ed3c548236019e45,RMZ Eco World Road,rmz eco world road area,RMZ Eco World Road,,mixed
blr_cb20a88c0f5d3dd5,KSDB Quarters,ksdb quarters,KSDB Quarters,,mixed
blr_cb20a88c0f5d3dd5,KSDB Quarters,in ksdb quarters,KSDB Quarters,,mixed
blr_cb20a88c0f5d3dd5,KSDB Quarters,near ksdb quarters,KSDB Quarters,,mixed
blr_cb20a88c0f5d3dd5,KSDB Quarters,around ksdb quarters,KSDB Quarters,,mixed
blr_cb20a88c0f5d3dd5,KSDB Quarters,ksdb quarters area,KSDB Quarters,,mixed
blr_f14db6a53a113ee2,71 A Cross Road,71 a cross road,71 A Cross Road,,mixed
blr_f14db6a53a113ee2,71 A Cross Road,in 71 a cross road,71 A Cross Road,,mixed
blr_f14db6a53a113ee2,71 A Cross Road,near 71 a cross road,71 A Cross Road,,mixed
blr_f14db6a53a113ee2,71 A Cross Road,around 71 a cross road,71 A Cross Road,,mixed
blr_f14db6a53a113ee2,71 A Cross Road,71 a cross road area,71 A Cross Road,,mixed
blr_afb28a6c3db8289e,57th D cross road,5seven d cross road,57th D cross road,,mixed
blr_afb28a6c3db8289e,57th D cross road,57th d cross road,57th D cross road,,mixed
blr_afb28a6c3db8289e,57th D cross road,5seventh d cross road,57th D cross road,,mixed
blr_afb28a6c3db8289e,57th D cross road,in 5seven d cross road,57th D cross road,,mixed
blr_afb28a6c3db8289e,57th D cross road,near 57th d cross road,57th D cross road,,mixed
blr_ccb995e2301c0779,57th Cross Road,57th cross road,57th Cross Road,,mixed
blr_ccb995e2301c0779,57th Cross Road,5seven cross road,57th Cross Road,,mixed
blr_ccb995e2301c0779,57th Cross Road,5seventh cross road,57th Cross Road,,mixed
blr_ccb995e2301c0779,57th Cross Road,in 57th cross road,57th Cross Road,,mixed
blr_ccb995e2301c0779,57th Cross Road,near 5seven cross road,57th Cross Road,,mixed
blr_66f06296a23842ed,57th C Cross Road,57th c cross road,57th C Cross Road,,mixed
blr_66f06296a23842ed,57th C Cross Road,5seven c cross road,57th C Cross Road,,mixed
blr_66f06296a23842ed,57th C Cross Road,5seventh c cross road,57th C Cross Road,,mixed
blr_66f06296a23842ed,57th C Cross Road,in 57th c cross road,57th C Cross Road,,mixed
blr_66f06296a23842ed,57th C Cross Road,near 5seven c cross road,57th C Cross Road,,mixed
blr_ec853ec60d96a76a,56th Cross Road,5sixth cross road,56th Cross Road,,mixed
blr_ec853ec60d96a76a,56th Cross Road,5six cross road,56th Cross Road,,mixed
blr_ec853ec60d96a76a,56th Cross Road,56th cross road,56th Cross Road,,mixed
blr_ec853ec60d96a76a,56th Cross Road,in 5sixth cross road,56th Cross Road,,mixed
blr_ec853ec60d96a76a,56th Cross Road,near 5six cross road,56th Cross Road,,mixed
blr_0b385c3394b0fe1c,55th Cross Road,55th cross road,55th Cross Road,,mixed
blr_0b385c3394b0fe1c,55th Cross Road,5five cross road,55th Cross Road,,mixed
blr_0b385c3394b0fe1c,55th Cross Road,5fifth cross road,55th Cross Road,,mixed
blr_0b385c3394b0fe1c,55th Cross Road,in 55th cross road,55th Cross Road,,mixed
blr_0b385c3394b0fe1c,55th Cross Road,near 5five cross road,55th Cross Road,,mixed
blr_79bbacbbef64e67e,54th Cross Road,5fourth cross road,54th Cross Road,,mixed
blr_79bbacbbef64e67e,54th Cross Road,54th cross road,54th Cross Road,,mixed
blr_79bbacbbef64e67e,54th Cross Road,5four cross road,54th Cross Road,,mixed
blr_79bbacbbef64e67e,54th Cross Road,in 5fourth cross road,54th Cross Road,,mixed
blr_79bbacbbef64e67e,54th Cross Road,near 54th cross road,54th Cross Road,,mixed
blr_dc1bbfca6392e40d,53rd Cross Road,53rd cross road,53rd Cross Road,,mixed
blr_dc1bbfca6392e40d,53rd Cross Road,5three cross road,53rd Cross Road,,mixed
blr_dc1bbfca6392e40d,53rd Cross Road,5third cross road,53rd Cross Road,,mixed
blr_dc1bbfca6392e40d,53rd Cross Road,in 53rd cross road,53rd Cross Road,,mixed
blr_dc1bbfca6392e40d,53rd Cross Road,near 5three cross road,53rd Cross Road,,mixed
blr_eb5aef08c93fce26,57th A Cross Road,5seven a cross road,57th A Cross Road,,mixed
blr_eb5aef08c93fce26,57th A Cross Road,57th a cross road,57th A Cross Road,,mixed
blr_eb5aef08c93fce26,57th A Cross Road,5seventh a cross road,57th A Cross Road,,mixed
blr_eb5aef08c93fce26,57th A Cross Road,in 5seven a cross road,57th A Cross Road,,mixed
blr_eb5aef08c93fce26,57th A Cross Road,near 57th a cross road,57th A Cross Road,,mixed
blr_936fea9bbf177b71,57th B Cross Road,57th b cross road,57th B Cross Road,,mixed
blr_936fea9bbf177b71,57th B Cross Road,5seventh b cross road,57th B Cross Road,,mixed
blr_936fea9bbf177b71,57th B Cross Road,5seven b cross road,57th B Cross Road,,mixed
blr_936fea9bbf177b71,57th B Cross Road,in 57th b cross road,57th B Cross Road,,mixed
blr_936fea9bbf177b71,57th B Cross Road,near 5seventh b cross road,57th B Cross Road,,mixed
blr_3bd93821da874862,"57th Cross, 4th Block",5seventh cross 4th block,"57th Cross, 4th Block",,mixed
blr_3bd93821da874862,"57th Cross, 4th Block",57th cross 4th block,"57th Cross, 4th Block",,mixed
blr_3bd93821da874862,"57th Cross, 4th Block",5seven cross 4th block,"57th Cross, 4th Block",,mixed
blr_3bd93821da874862,"57th Cross, 4th Block",57th cross fourth block,"57th Cross, 4th Block",,mixed
blr_3bd93821da874862,"57th Cross, 4th Block",57th cross four block,"57th Cross, 4th Block",,mixed
blr_37085c9b2da9808e,46th A Cross Road,46th a cross road,46th A Cross Road,,mixed
blr_37085c9b2da9808e,46th A Cross Road,4sixth a cross road,46th A Cross Road,,mixed
blr_37085c9b2da9808e,46th A Cross Road,4six a cross road,46th A Cross Road,,mixed
blr_37085c9b2da9808e,46th A Cross Road,in 46th a cross road,46th A Cross Road,,mixed
blr_37085c9b2da9808e,46th A Cross Road,near 4sixth a cross road,46th A Cross Road,,mixed
blr_6ce71a371896b173,"43rd Cross Road, 1st Block",43rd cross road 1st block,"43rd Cross Road, 1st Block",,mixed
blr_6ce71a371896b173,"43rd Cross Road, 1st Block",4third cross road 1st block,"43rd Cross Road, 1st Block",,mixed
blr_6ce71a371896b173,"43rd Cross Road, 1st Block",4three cross road 1st block,"43rd Cross Road, 1st Block",,mixed
blr_6ce71a371896b173,"43rd Cross Road, 1st Block",in 43rd cross road 1st block,"43rd Cross Road, 1st Block",,mixed
blr_6ce71a371896b173,"43rd Cross Road, 1st Block",near 4third cross road 1st block,"43rd Cross Road, 1st Block",,mixed
blr_c3d5a05ac9dabd35,13th A Cross,13th a cross,13th A Cross,,mixed
blr_c3d5a05ac9dabd35,13th A Cross,in 13th a cross,13th A Cross,,mixed
blr_c3d5a05ac9dabd35,13th A Cross,near 13th a cross,13th A Cross,,mixed
blr_c3d5a05ac9dabd35,13th A Cross,around 13th a cross,13th A Cross,,mixed
blr_c3d5a05ac9dabd35,13th A Cross,13th a cross area,13th A Cross,,mixed
blr_02eb13ee8f7d2dff,Walking path,walking path,Walking path,,mixed
blr_02eb13ee8f7d2dff,Walking path,in walking path,Walking path,,mixed
blr_02eb13ee8f7d2dff,Walking path,near walking path,Walking path,,mixed
blr_02eb13ee8f7d2dff,Walking path,around walking path,Walking path,,mixed
blr_02eb13ee8f7d2dff,Walking path,walking path area,Walking path,,mixed
blr_2c8f93fbd3dd1f86,Link to AL,link to al,Link to AL,,mixed
blr_2c8f93fbd3dd1f86,Link to AL,in link to al,Link to AL,,mixed
blr_2c8f93fbd3dd1f86,Link to AL,near link to al,Link to AL,,mixed
blr_2c8f93fbd3dd1f86,Link to AL,around link to al,Link to AL,,mixed
blr_2c8f93fbd3dd1f86,Link to AL,link to al area,Link to AL,,mixed
blr_e0d9de76e6568554,Vaibhava Sumukha Enclave Phase 2nd,vaibhava sumukha enclave phase 2nd,Vaibhava Sumukha Enclave Phase 2,,mixed
blr_e0d9de76e6568554,Vaibhava Sumukha Enclave Phase 2nd,vaibhava sumukha enclave phase two,Vaibhava Sumukha Enclave Phase 2,,mixed
blr_e0d9de76e6568554,Vaibhava Sumukha Enclave Phase 2nd,vaibhava sumukha enclave phase second,Vaibhava Sumukha Enclave Phase 2,,mixed
blr_e0d9de76e6568554,Vaibhava Sumukha Enclave Phase 2nd,in vaibhava sumukha enclave phase 2nd,Vaibhava Sumukha Enclave Phase 2,,mixed
blr_e0d9de76e6568554,Vaibhava Sumukha Enclave Phase 2nd,near vaibhava sumukha enclave phase two,Vaibhava Sumukha Enclave Phase 2,,mixed
blr_48aaf2a5afd3328b,New road,new road,New road,,mixed
blr_48aaf2a5afd3328b,New road,in new road,New road,,mixed
blr_48aaf2a5afd3328b,New road,near new road,New road,,mixed
blr_48aaf2a5afd3328b,New road,around new road,New road,,mixed
blr_48aaf2a5afd3328b,New road,new road area,New road,,mixed
blr_8ddde86eb56d4099,Lake side walk,lake side walk,Lake side walk,,mixed
blr_8ddde86eb56d4099,Lake side walk,in lake side walk,Lake side walk,,mixed
blr_8ddde86eb56d4099,Lake side walk,near lake side walk,Lake side walk,,mixed
blr_8ddde86eb56d4099,Lake side walk,around lake side walk,Lake side walk,,mixed
blr_8ddde86eb56d4099,Lake side walk,lake side walk area,Lake side walk,,mixed
blr_939d64f1ec909ca3,KHB Platinum Apartments,khb platinum apartments,KHB Platinum Apartments,,mixed
blr_939d64f1ec909ca3,KHB Platinum Apartments,in khb platinum apartments,KHB Platinum Apartments,,mixed
blr_939d64f1ec909ca3,KHB Platinum Apartments,near khb platinum apartments,KHB Platinum Apartments,,mixed
blr_939d64f1ec909ca3,KHB Platinum Apartments,around khb platinum apartments,KHB Platinum Apartments,,mixed
blr_939d64f1ec909ca3,KHB Platinum Apartments,khb platinum apartments area,KHB Platinum Apartments,,mixed
blr_f675af223e4cc5d2,Ashish JK,ashish jk,Ashish JK,,mixed
blr_f675af223e4cc5d2,Ashish JK,in ashish jk,Ashish JK,,mixed
blr_f675af223e4cc5d2,Ashish JK,near ashish jk,Ashish JK,,mixed
blr_f675af223e4cc5d2,Ashish JK,around ashish jk,Ashish JK,,mixed
blr_f675af223e4cc5d2,Ashish JK,ashish jk area,Ashish JK,,mixed
blr_ea5f52682d9524f4,KHB Junction Underpass,khb junction underpass,KHB Junction Underpass,,mixed
blr_ea5f52682d9524f4,KHB Junction Underpass,in khb junction underpass,KHB Junction Underpass,,mixed
blr_ea5f52682d9524f4,KHB Junction Underpass,near khb junction underpass,KHB Junction Underpass,,mixed
blr_ea5f52682d9524f4,KHB Junction Underpass,around khb junction underpass,KHB Junction Underpass,,mixed
blr_ea5f52682d9524f4,KHB Junction Underpass,khb junction underpass area,KHB Junction Underpass,,mixed
blr_e2a9818cfea57ce8,DNR Atmoshphere,dnr atmoshphere,DNR Atmoshphere,,mixed
blr_e2a9818cfea57ce8,DNR Atmoshphere,in dnr atmoshphere,DNR Atmoshphere,,mixed
blr_e2a9818cfea57ce8,DNR Atmoshphere,near dnr atmoshphere,DNR Atmoshphere,,mixed
blr_e2a9818cfea57ce8,DNR Atmoshphere,around dnr atmoshphere,DNR Atmoshphere,,mixed
blr_e2a9818cfea57ce8,DNR Atmoshphere,dnr atmoshphere area,DNR Atmoshphere,,mixed
blr_161c155916b1df75,D Mudaliar Street,d mudaliar street,D Mudaliar Street,,mixed
blr_161c155916b1df75,D Mudaliar Street,in d mudaliar street,D Mudaliar Street,,mixed
blr_161c155916b1df75,D Mudaliar Street,near d mudaliar street,D Mudaliar Street,,mixed
blr_161c155916b1df75,D Mudaliar Street,around d mudaliar street,D Mudaliar Street,,mixed
blr_161c155916b1df75,D Mudaliar Street,d mudaliar street area,D Mudaliar Street,,mixed
blr_5834bb9b112effb2,R K Mutt Road,r k mutt road,R K Mutt Road,,mixed
blr_5834bb9b112effb2,R K Mutt Road,in r k mutt road,R K Mutt Road,,mixed
blr_5834bb9b112effb2,R K Mutt Road,near r k mutt road,R K Mutt Road,,mixed
blr_5834bb9b112effb2,R K Mutt Road,around r k mutt road,R K Mutt Road,,mixed
blr_5834bb9b112effb2,R K Mutt Road,r k mutt road area,R K Mutt Road,,mixed
blr_7001f7cf7adac871,New MICO Link Road,new mico link road,New MICO Link Road,,mixed
blr_7001f7cf7adac871,New MICO Link Road,in new mico link road,New MICO Link Road,,mixed
blr_7001f7cf7adac871,New MICO Link Road,near new mico link road,New MICO Link Road,,mixed
blr_7001f7cf7adac871,New MICO Link Road,around new mico link road,New MICO Link Road,,mixed
blr_7001f7cf7adac871,New MICO Link Road,new mico link road area,New MICO Link Road,,mixed
blr_fd4d15ae75551ac4,4th Cross KV Layout,four cross kv layout,4th Cross KV Layout,,mixed
blr_fd4d15ae75551ac4,4th Cross KV Layout,4th cross kv layout,4th Cross KV Layout,,mixed
blr_fd4d15ae75551ac4,4th Cross KV Layout,fourth cross kv layout,4th Cross KV Layout,,mixed
blr_fd4d15ae75551ac4,4th Cross KV Layout,in four cross kv layout,4th Cross KV Layout,,mixed
blr_fd4d15ae75551ac4,4th Cross KV Layout,near 4th cross kv layout,4th Cross KV Layout,,mixed
blr_64ba77597023f7f7,1st Avenue,1st avenue,1st Avenue,,mixed
blr_64ba77597023f7f7,1st Avenue,in 1st avenue,1st Avenue,,mixed
blr_64ba77597023f7f7,1st Avenue,near 1st avenue,1st Avenue,,mixed
blr_64ba77597023f7f7,1st Avenue,around 1st avenue,1st Avenue,,mixed
blr_64ba77597023f7f7,1st Avenue,1st avenue area,1st Avenue,,mixed
blr_3bdb76c012d537b7,BMRCL Quarters,bmrcl quarters,BMRCL Quarters,,mixed
blr_3bdb76c012d537b7,BMRCL Quarters,in bmrcl quarters,BMRCL Quarters,,mixed
blr_3bdb76c012d537b7,BMRCL Quarters,near bmrcl quarters,BMRCL Quarters,,mixed
blr_3bdb76c012d537b7,BMRCL Quarters,around bmrcl quarters,BMRCL Quarters,,mixed
blr_3bdb76c012d537b7,BMRCL Quarters,bmrcl quarters area,BMRCL Quarters,,mixed
blr_1b1d74cd9097f8ab,MM Street,mm street,MM Street,,mixed
blr_1b1d74cd9097f8ab,MM Street,in mm street,MM Street,,mixed
blr_1b1d74cd9097f8ab,MM Street,near mm street,MM Street,,mixed
blr_1b1d74cd9097f8ab,MM Street,around mm street,MM Street,,mixed
blr_1b1d74cd9097f8ab,MM Street,mm street area,MM Street,,mixed
blr_708296e1eeb8c355,SMR Street,smr street,SMR Street,,mixed
blr_708296e1eeb8c355,SMR Street,in smr street,SMR Street,,mixed
blr_708296e1eeb8c355,SMR Street,near smr street,SMR Street,,mixed
blr_708296e1eeb8c355,SMR Street,around smr street,SMR Street,,mixed
blr_708296e1eeb8c355,SMR Street,smr street area,SMR Street,,mixed
blr_b8d278d6d5d981f0,MCR Street,mcr street,MCR Street,,mixed
blr_b8d278d6d5d981f0,MCR Street,in mcr street,MCR Street,,mixed
blr_b8d278d6d5d981f0,MCR Street,near mcr street,MCR Street,,mixed
blr_b8d278d6d5d981f0,MCR Street,around mcr street,MCR Street,,mixed
blr_b8d278d6d5d981f0,MCR Street,mcr street area,MCR Street,,mixed
blr_125376e59c9c82f8,TGR Street,tgr street,TGR Street,,mixed
blr_125376e59c9c82f8,TGR Street,in tgr street,TGR Street,,mixed
blr_125376e59c9c82f8,TGR Street,near tgr street,TGR Street,,mixed
blr_125376e59c9c82f8,TGR Street,around tgr street,TGR Street,,mixed
blr_125376e59c9c82f8,TGR Street,tgr street area,TGR Street,,mixed
blr_931c2e1a462c44c6,3rd Ath B Main Road,3rd ath b main road,3 Ath B Main Road,,mixed
blr_931c2e1a462c44c6,3rd Ath B Main Road,three ath b main road,3 Ath B Main Road,,mixed
blr_931c2e1a462c44c6,3rd Ath B Main Road,third ath b main road,3 Ath B Main Road,,mixed
blr_931c2e1a462c44c6,3rd Ath B Main Road,in 3rd ath b main road,3 Ath B Main Road,,mixed
blr_931c2e1a462c44c6,3rd Ath B Main Road,near three ath b main road,3 Ath B Main Road,,mixed
blr_fd8dcae4774996c1,Vinayakanagar 8th Main Road,vinayakanagar 8th main road,Vinayakanagar 8th Main Road,,mixed
blr_fd8dcae4774996c1,Vinayakanagar 8th Main Road,vinayakanagar eighth main road,Vinayakanagar 8th Main Road,,mixed
blr_fd8dcae4774996c1,Vinayakanagar 8th Main Road,vinayakanagar eight main road,Vinayakanagar 8th Main Road,,mixed
blr_fd8dcae4774996c1,Vinayakanagar 8th Main Road,in vinayakanagar 8th main road,Vinayakanagar 8th Main Road,,mixed
blr_fd8dcae4774996c1,Vinayakanagar 8th Main Road,near vinayakanagar eighth main road,Vinayakanagar 8th Main Road,,mixed
blr_3335ab32e81b43cc,HM Symphony,hm symphony,HM Symphony,,mixed
blr_3335ab32e81b43cc,HM Symphony,in hm symphony,HM Symphony,,mixed
blr_3335ab32e81b43cc,HM Symphony,near hm symphony,HM Symphony,,mixed
blr_3335ab32e81b43cc,HM Symphony,around hm symphony,HM Symphony,,mixed
blr_3335ab32e81b43cc,HM Symphony,hm symphony area,HM Symphony,,mixed
blr_51ed67f7a0840721,Duo City layout,duo city layout,Duo City layout,,mixed
blr_51ed67f7a0840721,Duo City layout,in duo city layout,Duo City layout,,mixed
blr_51ed67f7a0840721,Duo City layout,near duo city layout,Duo City layout,,mixed
blr_51ed67f7a0840721,Duo City layout,around duo city layout,Duo City layout,,mixed
blr_51ed67f7a0840721,Duo City layout,duo city layout area,Duo City layout,,mixed
blr_642323f2a5ec38ca,KPR Elite,kpr elite,KPR Elite,,mixed
blr_642323f2a5ec38ca,KPR Elite,in kpr elite,KPR Elite,,mixed
blr_642323f2a5ec38ca,KPR Elite,near kpr elite,KPR Elite,,mixed
blr_642323f2a5ec38ca,KPR Elite,around kpr elite,KPR Elite,,mixed
blr_642323f2a5ec38ca,KPR Elite,kpr elite area,KPR Elite,,mixed
blr_bd040c40f7ba4bc6,Attur lake trail,attur lake trail,Attur lake trail,,mixed
blr_bd040c40f7ba4bc6,Attur lake trail,in attur lake trail,Attur lake trail,,mixed
blr_bd040c40f7ba4bc6,Attur lake trail,near attur lake trail,Attur lake trail,,mixed
blr_bd040c40f7ba4bc6,Attur lake trail,around attur lake trail,Attur lake trail,,mixed
blr_bd040c40f7ba4bc6,Attur lake trail,attur lake trail area,Attur lake trail,,mixed
blr_f07d4180a3aba15d,Doctor's colony,doctors colony,Doctor's colony,,mixed
blr_f07d4180a3aba15d,Doctor's colony,in doctors colony,Doctor's colony,,mixed
blr_f07d4180a3aba15d,Doctor's colony,near doctors colony,Doctor's colony,,mixed
blr_f07d4180a3aba15d,Doctor's colony,around doctors colony,Doctor's colony,,mixed
blr_f07d4180a3aba15d,Doctor's colony,doctors colony area,Doctor's colony,,mixed
blr_76e8fccc806349c2,SBB Touchstone,sbb touchstone,SBB Touchstone,,mixed
blr_76e8fccc806349c2,SBB Touchstone,in sbb touchstone,SBB Touchstone,,mixed
blr_76e8fccc806349c2,SBB Touchstone,near sbb touchstone,SBB Touchstone,,mixed
blr_76e8fccc806349c2,SBB Touchstone,around sbb touchstone,SBB Touchstone,,mixed
blr_76e8fccc806349c2,SBB Touchstone,sbb touchstone area,SBB Touchstone,,mixed
blr_681d7685178bd822,"1st Main, 4th Block, Ayyappanagar",1st main fourth block ayyappanagar,"1st Main, 4th Block, Ayyappanagar",,mixed
blr_681d7685178bd822,"1st Main, 4th Block, Ayyappanagar",1st main 4th block ayyappanagar,"1st Main, 4th Block, Ayyappanagar",,mixed
blr_681d7685178bd822,"1st Main, 4th Block, Ayyappanagar",1st main four block ayyappanagar,"1st Main, 4th Block, Ayyappanagar",,mixed
blr_681d7685178bd822,"1st Main, 4th Block, Ayyappanagar",in 1st main fourth block ayyappanagar,"1st Main, 4th Block, Ayyappanagar",,mixed
blr_681d7685178bd822,"1st Main, 4th Block, Ayyappanagar",near 1st main 4th block ayyappanagar,"1st Main, 4th Block, Ayyappanagar",,mixed
blr_b2240cbb362615fb,Good hope Street,good hope street,Good hope Street,,mixed
blr_b2240cbb362615fb,Good hope Street,in good hope street,Good hope Street,,mixed
blr_b2240cbb362615fb,Good hope Street,near good hope street,Good hope Street,,mixed
blr_b2240cbb362615fb,Good hope Street,around good hope street,Good hope Street,,mixed
blr_b2240cbb362615fb,Good hope Street,good hope street area,Good hope Street,,mixed
blr_f846fb9f7f94bbbe,PSN Podium walkway,psn podium walkway,PSN Podium walkway,,mixed
blr_f846fb9f7f94bbbe,PSN Podium walkway,in psn podium walkway,PSN Podium walkway,,mixed
blr_f846fb9f7f94bbbe,PSN Podium walkway,near psn podium walkway,PSN Podium walkway,,mixed
blr_f846fb9f7f94bbbe,PSN Podium walkway,around psn podium walkway,PSN Podium walkway,,mixed
blr_f846fb9f7f94bbbe,PSN Podium walkway,psn podium walkway area,PSN Podium walkway,,mixed
blr_8e15f5777cfa3644,RV Univ Road,rv univ road,RV Univ Road,,mixed
blr_8e15f5777cfa3644,RV Univ Road,in rv univ road,RV Univ Road,,mixed
blr_8e15f5777cfa3644,RV Univ Road,near rv univ road,RV Univ Road,,mixed
blr_8e15f5777cfa3644,RV Univ Road,around rv univ road,RV Univ Road,,mixed
blr_8e15f5777cfa3644,RV Univ Road,rv univ road area,RV Univ Road,,mixed
blr_c984f02009264fbb,1st (R),1st r,1 (R),,mixed
blr_c984f02009264fbb,1st (R),in 1st r,1 (R),,mixed
blr_c984f02009264fbb,1st (R),near 1st r,1 (R),,mixed
blr_c984f02009264fbb,1st (R),around 1st r,1 (R),,mixed
blr_c984f02009264fbb,1st (R),1st r area,1 (R),,mixed
blr_e9df9de79da7a6b3,1st (L),1st l,1 (L),,mixed
blr_e9df9de79da7a6b3,1st (L),in 1st l,1 (L),,mixed
blr_e9df9de79da7a6b3,1st (L),near 1st l,1 (L),,mixed
blr_e9df9de79da7a6b3,1st (L),around 1st l,1 (L),,mixed
blr_e9df9de79da7a6b3,1st (L),1st l area,1 (L),,mixed
blr_8c5c7153fe6a2bd8,Total Environment - Raindrops Keep Falling on My Head,total environment  raindrops keep falling on my head,Total Environment - Raindrops Keep Falling on My Head,,mixed
blr_8c5c7153fe6a2bd8,Total Environment - Raindrops Keep Falling on My Head,in total environment  raindrops keep falling on my head,Total Environment - Raindrops Keep Falling on My Head,,mixed
blr_8c5c7153fe6a2bd8,Total Environment - Raindrops Keep Falling on My Head,near total environment  raindrops keep falling on my head,Total Environment - Raindrops Keep Falling on My Head,,mixed
blr_8c5c7153fe6a2bd8,Total Environment - Raindrops Keep Falling on My Head,around total environment  raindrops keep falling on my head,Total Environment - Raindrops Keep Falling on My Head,,mixed
blr_8c5c7153fe6a2bd8,Total Environment - Raindrops Keep Falling on My Head,total environment  raindrops keep falling on my head area,Total Environment - Raindrops Keep Falling on My Head,,mixed
blr_6536a9dac025d1f2,TMN Street,tmn street,TMN Street,,mixed
blr_6536a9dac025d1f2,TMN Street,in tmn street,TMN Street,,mixed
blr_6536a9dac025d1f2,TMN Street,near tmn street,TMN Street,,mixed
blr_6536a9dac025d1f2,TMN Street,around tmn street,TMN Street,,mixed
blr_6536a9dac025d1f2,TMN Street,tmn street area,TMN Street,,mixed
blr_147f1cb4839640e0,59th Cross Road,5nine cross road,59th Cross Road,,mixed
blr_147f1cb4839640e0,59th Cross Road,59th cross road,59th Cross Road,,mixed
blr_147f1cb4839640e0,59th Cross Road,5ninth cross road,59th Cross Road,,mixed
blr_147f1cb4839640e0,59th Cross Road,in 5nine cross road,59th Cross Road,,mixed
blr_147f1cb4839640e0,59th Cross Road,near 59th cross road,59th Cross Road,,mixed
blr_e2be84092a2e5967,E A Cross Road,e a cross road,E A Cross Road,,mixed
blr_e2be84092a2e5967,E A Cross Road,in e a cross road,E A Cross Road,,mixed
blr_e2be84092a2e5967,E A Cross Road,near e a cross road,E A Cross Road,,mixed
blr_e2be84092a2e5967,E A Cross Road,around e a cross road,E A Cross Road,,mixed
blr_e2be84092a2e5967,E A Cross Road,e a cross road area,E A Cross Road,,mixed
blr_22b9956098c1ff39,14th D Cross Road,1fourth d cross road,14th D Cross Road,,mixed
blr_22b9956098c1ff39,14th D Cross Road,14th d cross road,14th D Cross Road,,mixed
blr_22b9956098c1ff39,14th D Cross Road,1four d cross road,14th D Cross Road,,mixed
blr_22b9956098c1ff39,14th D Cross Road,in 1fourth d cross road,14th D Cross Road,,mixed
blr_22b9956098c1ff39,14th D Cross Road,near 14th d cross road,14th D Cross Road,,mixed
blr_55305c55a408af3f,22B Main Road,22b main road,22B Main Road,,mixed
blr_55305c55a408af3f,22B Main Road,in 22b main road,22B Main Road,,mixed
blr_55305c55a408af3f,22B Main Road,near 22b main road,22B Main Road,,mixed
blr_55305c55a408af3f,22B Main Road,around 22b main road,22B Main Road,,mixed
blr_55305c55a408af3f,22B Main Road,22b main road area,22B Main Road,,mixed
blr_1832703e0d56609c,4B Cross Road,4b cross road,4B Cross Road,,mixed
blr_1832703e0d56609c,4B Cross Road,in 4b cross road,4B Cross Road,,mixed
blr_1832703e0d56609c,4B Cross Road,near 4b cross road,4B Cross Road,,mixed
blr_1832703e0d56609c,4B Cross Road,around 4b cross road,4B Cross Road,,mixed
blr_1832703e0d56609c,4B Cross Road,4b cross road area,4B Cross Road,,mixed
blr_a634e32dfcd1d0b7,7th Cross Roas,seventh cross roas,7th Cross Roas,,mixed
blr_a634e32dfcd1d0b7,7th Cross Roas,seven cross roas,7th Cross Roas,,mixed
blr_a634e32dfcd1d0b7,7th Cross Roas,7th cross roas,7th Cross Roas,,mixed
blr_a634e32dfcd1d0b7,7th Cross Roas,in seventh cross roas,7th Cross Roas,,mixed
blr_a634e32dfcd1d0b7,7th Cross Roas,near seven cross roas,7th Cross Roas,,mixed
blr_cca5f085cbf159c2,BPS Walk path,bps walk path,BPS Walk path,,mixed
blr_cca5f085cbf159c2,BPS Walk path,in bps walk path,BPS Walk path,,mixed
blr_cca5f085cbf159c2,BPS Walk path,near bps walk path,BPS Walk path,,mixed
blr_cca5f085cbf159c2,BPS Walk path,around bps walk path,BPS Walk path,,mixed
blr_cca5f085cbf159c2,BPS Walk path,bps walk path area,BPS Walk path,,mixed
blr_112be29e4dc4856e,R.H.B. Colony 2nd Cross Road,rhb colony second cross road,R.H.B. Colony 2nd Cross Road,,mixed
blr_112be29e4dc4856e,R.H.B. Colony 2nd Cross Road,rhb colony two cross road,R.H.B. Colony 2nd Cross Road,,mixed
blr_112be29e4dc4856e,R.H.B. Colony 2nd Cross Road,rhb colony 2nd cross road,R.H.B. Colony 2nd Cross Road,,mixed
blr_112be29e4dc4856e,R.H.B. Colony 2nd Cross Road,in rhb colony second cross road,R.H.B. Colony 2nd Cross Road,,mixed
blr_112be29e4dc4856e,R.H.B. Colony 2nd Cross Road,near rhb colony two cross road,R.H.B. Colony 2nd Cross Road,,mixed
blr_0fbc4e7a3f7a0ba2,R.H.B. Colony 7th Cross Road,rhb colony seven cross road,R.H.B. Colony 7th Cross Road,,mixed
blr_0fbc4e7a3f7a0ba2,R.H.B. Colony 7th Cross Road,rhb colony 7th cross road,R.H.B. Colony 7th Cross Road,,mixed
blr_0fbc4e7a3f7a0ba2,R.H.B. Colony 7th Cross Road,rhb colony seventh cross road,R.H.B. Colony 7th Cross Road,,mixed
blr_0fbc4e7a3f7a0ba2,R.H.B. Colony 7th Cross Road,in rhb colony seven cross road,R.H.B. Colony 7th Cross Road,,mixed
blr_0fbc4e7a3f7a0ba2,R.H.B. Colony 7th Cross Road,near rhb colony 7th cross road,R.H.B. Colony 7th Cross Road,,mixed
blr_34346c26420b6b17,R.H.B. Colony 6th Cross Road,rhb colony 6th cross road,R.H.B. Colony 6th Cross Road,,mixed
blr_34346c26420b6b17,R.H.B. Colony 6th Cross Road,rhb colony sixth cross road,R.H.B. Colony 6th Cross Road,,mixed
blr_34346c26420b6b17,R.H.B. Colony 6th Cross Road,rhb colony six cross road,R.H.B. Colony 6th Cross Road,,mixed
blr_34346c26420b6b17,R.H.B. Colony 6th Cross Road,in rhb colony 6th cross road,R.H.B. Colony 6th Cross Road,,mixed
blr_34346c26420b6b17,R.H.B. Colony 6th Cross Road,near rhb colony sixth cross road,R.H.B. Colony 6th Cross Road,,mixed
blr_54780aac07e5ba29,"3rd Cross, Rajarajeshwari Nagar",third cross rajarajeshwari nagar,"3rd Cross, Rajarajeshwari Nagar",,mixed
blr_54780aac07e5ba29,"3rd Cross, Rajarajeshwari Nagar",three cross rajarajeshwari nagar,"3rd Cross, Rajarajeshwari Nagar",,mixed
blr_54780aac07e5ba29,"3rd Cross, Rajarajeshwari Nagar",3rd cross rajarajeshwari nagar,"3rd Cross, Rajarajeshwari Nagar",,mixed
blr_54780aac07e5ba29,"3rd Cross, Rajarajeshwari Nagar",in third cross rajarajeshwari nagar,"3rd Cross, Rajarajeshwari Nagar",,mixed
blr_54780aac07e5ba29,"3rd Cross, Rajarajeshwari Nagar",near three cross rajarajeshwari nagar,"3rd Cross, Rajarajeshwari Nagar",,mixed
blr_1af5fae016826767,"2nd Cross Road, Bethelnagar",2nd cross road bethelnagar,"2nd Cross Road, Bethelnagar",,mixed
blr_1af5fae016826767,"2nd Cross Road, Bethelnagar",two cross road bethelnagar,"2nd Cross Road, Bethelnagar",,mixed
blr_1af5fae016826767,"2nd Cross Road, Bethelnagar",second cross road bethelnagar,"2nd Cross Road, Bethelnagar",,mixed
blr_1af5fae016826767,"2nd Cross Road, Bethelnagar",in 2nd cross road bethelnagar,"2nd Cross Road, Bethelnagar",,mixed
blr_1af5fae016826767,"2nd Cross Road, Bethelnagar",near two cross road bethelnagar,"2nd Cross Road, Bethelnagar",,mixed
blr_502da5148b42db11,"2nd A Main, Bethelnagar",2nd a main bethelnagar,"2 A Main, Bethelnagar",,mixed
blr_502da5148b42db11,"2nd A Main, Bethelnagar",second a main bethelnagar,"2 A Main, Bethelnagar",,mixed
blr_502da5148b42db11,"2nd A Main, Bethelnagar",two a main bethelnagar,"2 A Main, Bethelnagar",,mixed
blr_502da5148b42db11,"2nd A Main, Bethelnagar",in 2nd a main bethelnagar,"2 A Main, Bethelnagar",,mixed
blr_502da5148b42db11,"2nd A Main, Bethelnagar",near second a main bethelnagar,"2 A Main, Bethelnagar",,mixed
blr_b253018be6daffdd,2nd Block Road,two block road,2nd Block Road,,mixed
blr_b253018be6daffdd,2nd Block Road,second block road,2nd Block Road,,mixed
blr_b253018be6daffdd,2nd Block Road,2nd block road,2nd Block Road,,mixed
blr_b253018be6daffdd,2nd Block Road,in two block road,2nd Block Road,,mixed
blr_b253018be6daffdd,2nd Block Road,near second block road,2nd Block Road,,mixed
blr_6600f22cc0e2ce51,"1st A Main, 20th D Cross",1st a main 20th d cross,"1st A Main, 20th D Cross",,mixed
blr_6600f22cc0e2ce51,"1st A Main, 20th D Cross",in 1st a main 20th d cross,"1st A Main, 20th D Cross",,mixed
blr_6600f22cc0e2ce51,"1st A Main, 20th D Cross",near 1st a main 20th d cross,"1st A Main, 20th D Cross",,mixed
blr_6600f22cc0e2ce51,"1st A Main, 20th D Cross",around 1st a main 20th d cross,"1st A Main, 20th D Cross",,mixed
blr_6600f22cc0e2ce51,"1st A Main, 20th D Cross",1st a main 20th d cross area,"1st A Main, 20th D Cross",,mixed
blr_ca15f775a7a6e8ea,7B Main,7b main,7B Main,,mixed
blr_ca15f775a7a6e8ea,7B Main,in 7b main,7B Main,,mixed
blr_ca15f775a7a6e8ea,7B Main,near 7b main,7B Main,,mixed
blr_ca15f775a7a6e8ea,7B Main,around 7b main,7B Main,,mixed
blr_ca15f775a7a6e8ea,7B Main,7b main area,7B Main,,mixed
blr_ef5c664b7e56eae8,D Main Road,d main road,D Main Road,,mixed
blr_ef5c664b7e56eae8,D Main Road,in d main road,D Main Road,,mixed
blr_ef5c664b7e56eae8,D Main Road,near d main road,D Main Road,,mixed
blr_ef5c664b7e56eae8,D Main Road,around d main road,D Main Road,,mixed
blr_ef5c664b7e56eae8,D Main Road,d main road area,D Main Road,,mixed
blr_06a91e24e24df880,C Main Road,c main road,C Main Road,,mixed
blr_06a91e24e24df880,C Main Road,in c main road,C Main Road,,mixed
blr_06a91e24e24df880,C Main Road,near c main road,C Main Road,,mixed
blr_06a91e24e24df880,C Main Road,around c main road,C Main Road,,mixed
blr_06a91e24e24df880,C Main Road,c main road area,C Main Road,,mixed
blr_6b3f0200d58441bd,A Main Road,a main road,A Main Road,,mixed
blr_6b3f0200d58441bd,A Main Road,in a main road,A Main Road,,mixed
blr_6b3f0200d58441bd,A Main Road,near a main road,A Main Road,,mixed
blr_6b3f0200d58441bd,A Main Road,around a main road,A Main Road,,mixed
blr_6b3f0200d58441bd,A Main Road,a main road area,A Main Road,,mixed
blr_f7b337f21be6f739,Krishna Kuteer White House Phase 2nd,krishna kuteer white house phase 2nd,Krishna Kuteer White House Phase 2,,mixed
blr_f7b337f21be6f739,Krishna Kuteer White House Phase 2nd,krishna kuteer white house phase two,Krishna Kuteer White House Phase 2,,mixed
blr_f7b337f21be6f739,Krishna Kuteer White House Phase 2nd,krishna kuteer white house phase second,Krishna Kuteer White House Phase 2,,mixed
blr_f7b337f21be6f739,Krishna Kuteer White House Phase 2nd,in krishna kuteer white house phase 2nd,Krishna Kuteer White House Phase 2,,mixed
blr_f7b337f21be6f739,Krishna Kuteer White House Phase 2nd,near krishna kuteer white house phase two,Krishna Kuteer White House Phase 2,,mixed
blr_25909fe7459295ed,2E Cross Road,2e cross road,2E Cross Road,,mixed
blr_25909fe7459295ed,2E Cross Road,in 2e cross road,2E Cross Road,,mixed
blr_25909fe7459295ed,2E Cross Road,near 2e cross road,2E Cross Road,,mixed
blr_25909fe7459295ed,2E Cross Road,around 2e cross road,2E Cross Road,,mixed
blr_25909fe7459295ed,2E Cross Road,2e cross road area,2E Cross Road,,mixed
blr_dd36e1e9a86b4918,37th Main Road,3seven main road,37th Main Road,,mixed
blr_dd36e1e9a86b4918,37th Main Road,3seventh main road,37th Main Road,,mixed
blr_dd36e1e9a86b4918,37th Main Road,37th main road,37th Main Road,,mixed
blr_dd36e1e9a86b4918,37th Main Road,in 3seven main road,37th Main Road,,mixed
blr_dd36e1e9a86b4918,37th Main Road,near 3seventh main road,37th Main Road,,mixed
blr_5d37142caae0edf6,9th E Cross Road,9th e cross road,9th E Cross Road,,mixed
blr_5d37142caae0edf6,9th E Cross Road,ninth e cross road,9th E Cross Road,,mixed
blr_5d37142caae0edf6,9th E Cross Road,nine e cross road,9th E Cross Road,,mixed
blr_5d37142caae0edf6,9th E Cross Road,in 9th e cross road,9th E Cross Road,,mixed
blr_5d37142caae0edf6,9th E Cross Road,near ninth e cross road,9th E Cross Road,,mixed
blr_fe07942dbd86651f,32nd C Main Road,3two c main road,32nd C Main Road,,mixed
blr_fe07942dbd86651f,32nd C Main Road,3second c main road,32nd C Main Road,,mixed
blr_fe07942dbd86651f,32nd C Main Road,32nd c main road,32nd C Main Road,,mixed
blr_fe07942dbd86651f,32nd C Main Road,in 3two c main road,32nd C Main Road,,mixed
blr_fe07942dbd86651f,32nd C Main Road,near 3second c main road,32nd C Main Road,,mixed
blr_1766b3250ee5ca11,32nd A Main Road,32nd a main road,32nd A Main Road,,mixed
blr_1766b3250ee5ca11,32nd A Main Road,3second a main road,32nd A Main Road,,mixed
blr_1766b3250ee5ca11,32nd A Main Road,3two a main road,32nd A Main Road,,mixed
blr_1766b3250ee5ca11,32nd A Main Road,in 32nd a main road,32nd A Main Road,,mixed
blr_1766b3250ee5ca11,32nd A Main Road,near 3second a main road,32nd A Main Road,,mixed
blr_c0cbe07995c6e334,South End E Cross,south end e cross,South End E Cross,,mixed
blr_c0cbe07995c6e334,South End E Cross,in south end e cross,South End E Cross,,mixed
blr_c0cbe07995c6e334,South End E Cross,near south end e cross,South End E Cross,,mixed
blr_c0cbe07995c6e334,South End E Cross,around south end e cross,South End E Cross,,mixed
blr_c0cbe07995c6e334,South End E Cross,south end e cross area,South End E Cross,,mixed
blr_e2daf37545022a6c,F Cross Road,f cross road,F Cross Road,,mixed
blr_e2daf37545022a6c,F Cross Road,in f cross road,F Cross Road,,mixed
blr_e2daf37545022a6c,F Cross Road,near f cross road,F Cross Road,,mixed
blr_e2daf37545022a6c,F Cross Road,around f cross road,F Cross Road,,mixed
blr_e2daf37545022a6c,F Cross Road,f cross road area,F Cross Road,,mixed
blr_d02b6530af01a873,19th C Main Road,19th c main road,19th C Main Road,,mixed
blr_d02b6530af01a873,19th C Main Road,1ninth c main road,19th C Main Road,,mixed
blr_d02b6530af01a873,19th C Main Road,1nine c main road,19th C Main Road,,mixed
blr_d02b6530af01a873,19th C Main Road,in 19th c main road,19th C Main Road,,mixed
blr_d02b6530af01a873,19th C Main Road,near 1ninth c main road,19th C Main Road,,mixed
blr_19eec9a39e6fb0ee,8th Main Road Ta Ra SubbaRao Road,8th main road ta ra subbarao road,8th Main Road Ta Ra SubbaRao Road,,mixed
blr_19eec9a39e6fb0ee,8th Main Road Ta Ra SubbaRao Road,eighth main road ta ra subbarao road,8th Main Road Ta Ra SubbaRao Road,,mixed
blr_19eec9a39e6fb0ee,8th Main Road Ta Ra SubbaRao Road,eight main road ta ra subbarao road,8th Main Road Ta Ra SubbaRao Road,,mixed
blr_19eec9a39e6fb0ee,8th Main Road Ta Ra SubbaRao Road,in 8th main road ta ra subbarao road,8th Main Road Ta Ra SubbaRao Road,,mixed
blr_19eec9a39e6fb0ee,8th Main Road Ta Ra SubbaRao Road,near eighth main road ta ra subbarao road,8th Main Road Ta Ra SubbaRao Road,,mixed
blr_e21c2dfad5bb2bd5,Royal Placid Phase 1st,royal placid phase 1st,Royal Placid Phase 1,,mixed
blr_e21c2dfad5bb2bd5,Royal Placid Phase 1st,in royal placid phase 1st,Royal Placid Phase 1,,mixed
blr_e21c2dfad5bb2bd5,Royal Placid Phase 1st,near royal placid phase 1st,Royal Placid Phase 1,,mixed
blr_e21c2dfad5bb2bd5,Royal Placid Phase 1st,around royal placid phase 1st,Royal Placid Phase 1,,mixed
blr_e21c2dfad5bb2bd5,Royal Placid Phase 1st,royal placid phase 1st area,Royal Placid Phase 1,,mixed
blr_5d50bf4108bff8c6,ND Elite,nd elite,ND Elite,,mixed
blr_5d50bf4108bff8c6,ND Elite,in nd elite,ND Elite,,mixed
blr_5d50bf4108bff8c6,ND Elite,near nd elite,ND Elite,,mixed
blr_5d50bf4108bff8c6,ND Elite,around nd elite,ND Elite,,mixed
blr_5d50bf4108bff8c6,ND Elite,nd elite area,ND Elite,,mixed
blr_d6cdec9736ac2043,RDB Stillwaters,rdb stillwaters,RDB Stillwaters,,mixed
blr_d6cdec9736ac2043,RDB Stillwaters,in rdb stillwaters,RDB Stillwaters,,mixed
blr_d6cdec9736ac2043,RDB Stillwaters,near rdb stillwaters,RDB Stillwaters,,mixed
blr_d6cdec9736ac2043,RDB Stillwaters,around rdb stillwaters,RDB Stillwaters,,mixed
blr_d6cdec9736ac2043,RDB Stillwaters,rdb stillwaters area,RDB Stillwaters,,mixed
blr_c99c7820272e93f3,5th A Avenue,5th a avenue,5th A Avenue,,mixed
blr_c99c7820272e93f3,5th A Avenue,five a avenue,5th A Avenue,,mixed
blr_c99c7820272e93f3,5th A Avenue,fifth a avenue,5th A Avenue,,mixed
blr_c99c7820272e93f3,5th A Avenue,in 5th a avenue,5th A Avenue,,mixed
blr_c99c7820272e93f3,5th A Avenue,near five a avenue,5th A Avenue,,mixed
blr_b0bc85501725a7cb,Joint Road 16th & 17th cross,joint road 16th  1seventh cross,Joint Road 16th & 17th cross,,mixed
blr_b0bc85501725a7cb,Joint Road 16th & 17th cross,joint road 1six  17th cross,Joint Road 16th & 17th cross,,mixed
blr_b0bc85501725a7cb,Joint Road 16th & 17th cross,joint road 16th  17th cross,Joint Road 16th & 17th cross,,mixed
blr_b0bc85501725a7cb,Joint Road 16th & 17th cross,joint road 16th  1seven cross,Joint Road 16th & 17th cross,,mixed
blr_b0bc85501725a7cb,Joint Road 16th & 17th cross,joint road 1sixth  17th cross,Joint Road 16th & 17th cross,,mixed
blr_123fdc9ca8dc3e02,1A Road,1a road,1A Road,,mixed
blr_123fdc9ca8dc3e02,1A Road,in 1a road,1A Road,,mixed
blr_123fdc9ca8dc3e02,1A Road,near 1a road,1A Road,,mixed
blr_123fdc9ca8dc3e02,1A Road,around 1a road,1A Road,,mixed
blr_123fdc9ca8dc3e02,1A Road,1a road area,1A Road,,mixed
blr_671f7281e600876b,SMR Galaxy,smr galaxy,SMR Galaxy,,mixed
blr_671f7281e600876b,SMR Galaxy,in smr galaxy,SMR Galaxy,,mixed
blr_671f7281e600876b,SMR Galaxy,near smr galaxy,SMR Galaxy,,mixed
blr_671f7281e600876b,SMR Galaxy,around smr galaxy,SMR Galaxy,,mixed
blr_671f7281e600876b,SMR Galaxy,smr galaxy area,SMR Galaxy,,mixed
blr_cefddd248b79da69,"1st Cross, Krishna Nagar",1st cross krishna nagar,"1st Cross, Krishna Nagar",,mixed
blr_cefddd248b79da69,"1st Cross, Krishna Nagar",in 1st cross krishna nagar,"1st Cross, Krishna Nagar",,mixed
blr_cefddd248b79da69,"1st Cross, Krishna Nagar",near 1st cross krishna nagar,"1st Cross, Krishna Nagar",,mixed
blr_cefddd248b79da69,"1st Cross, Krishna Nagar",around 1st cross krishna nagar,"1st Cross, Krishna Nagar",,mixed
blr_cefddd248b79da69,"1st Cross, Krishna Nagar",1st cross krishna nagar area,"1st Cross, Krishna Nagar",,mixed
blr_70a6a08ff75b472e,3rd B Cross Versova Layout,3rd b cross versova layout,3rd B Cross Versova Layout,,mixed
blr_70a6a08ff75b472e,3rd B Cross Versova Layout,third b cross versova layout,3rd B Cross Versova Layout,,mixed
blr_70a6a08ff75b472e,3rd B Cross Versova Layout,three b cross versova layout,3rd B Cross Versova Layout,,mixed
blr_70a6a08ff75b472e,3rd B Cross Versova Layout,in 3rd b cross versova layout,3rd B Cross Versova Layout,,mixed
blr_70a6a08ff75b472e,3rd B Cross Versova Layout,near third b cross versova layout,3rd B Cross Versova Layout,,mixed
blr_c81d074b85647a5f,20th Avenue,20th avenue,20th Avenue,,mixed
blr_c81d074b85647a5f,20th Avenue,in 20th avenue,20th Avenue,,mixed
blr_c81d074b85647a5f,20th Avenue,near 20th avenue,20th Avenue,,mixed
blr_c81d074b85647a5f,20th Avenue,around 20th avenue,20th Avenue,,mixed
blr_c81d074b85647a5f,20th Avenue,20th avenue area,20th Avenue,,mixed
blr_fa317de2bf80b1ce,18th Avenue,1eighth avenue,18th Avenue,,mixed
blr_fa317de2bf80b1ce,18th Avenue,1eight avenue,18th Avenue,,mixed
blr_fa317de2bf80b1ce,18th Avenue,18th avenue,18th Avenue,,mixed
blr_fa317de2bf80b1ce,18th Avenue,in 1eighth avenue,18th Avenue,,mixed
blr_fa317de2bf80b1ce,18th Avenue,near 1eight avenue,18th Avenue,,mixed
blr_e055091244a27de1,17th Avenue,17th avenue,17th Avenue,,mixed
blr_e055091244a27de1,17th Avenue,1seventh avenue,17th Avenue,,mixed
blr_e055091244a27de1,17th Avenue,1seven avenue,17th Avenue,,mixed
blr_e055091244a27de1,17th Avenue,in 17th avenue,17th Avenue,,mixed
blr_e055091244a27de1,17th Avenue,near 1seventh avenue,17th Avenue,,mixed
blr_0883feb0465799c8,16th Avenue,16th avenue,16th Avenue,,mixed
blr_0883feb0465799c8,16th Avenue,1sixth avenue,16th Avenue,,mixed
blr_0883feb0465799c8,16th Avenue,1six avenue,16th Avenue,,mixed
blr_0883feb0465799c8,16th Avenue,in 16th avenue,16th Avenue,,mixed
blr_0883feb0465799c8,16th Avenue,near 1sixth avenue,16th Avenue,,mixed
blr_98773de84c70fc72,15th Avenue,15th avenue,15th Avenue,,mixed
blr_98773de84c70fc72,15th Avenue,1fifth avenue,15th Avenue,,mixed
blr_98773de84c70fc72,15th Avenue,1five avenue,15th Avenue,,mixed
blr_98773de84c70fc72,15th Avenue,in 15th avenue,15th Avenue,,mixed
blr_98773de84c70fc72,15th Avenue,near 1fifth avenue,15th Avenue,,mixed
blr_cdccdec21a7ab4a8,17 D Cross,17 d cross,17 D Cross,,mixed
blr_cdccdec21a7ab4a8,17 D Cross,in 17 d cross,17 D Cross,,mixed
blr_cdccdec21a7ab4a8,17 D Cross,near 17 d cross,17 D Cross,,mixed
blr_cdccdec21a7ab4a8,17 D Cross,around 17 d cross,17 D Cross,,mixed
blr_cdccdec21a7ab4a8,17 D Cross,17 d cross area,17 D Cross,,mixed
blr_5037af45caeda395,21st Avenue,21st avenue,21st Avenue,,mixed
blr_5037af45caeda395,21st Avenue,in 21st avenue,21st Avenue,,mixed
blr_5037af45caeda395,21st Avenue,near 21st avenue,21st Avenue,,mixed
blr_5037af45caeda395,21st Avenue,around 21st avenue,21st Avenue,,mixed
blr_5037af45caeda395,21st Avenue,21st avenue area,21st Avenue,,mixed
blr_a4852819cb77b3f8,DNR Arista,dnr arista,DNR Arista,,mixed
blr_a4852819cb77b3f8,DNR Arista,in dnr arista,DNR Arista,,mixed
blr_a4852819cb77b3f8,DNR Arista,near dnr arista,DNR Arista,,mixed
blr_a4852819cb77b3f8,DNR Arista,around dnr arista,DNR Arista,,mixed
blr_a4852819cb77b3f8,DNR Arista,dnr arista area,DNR Arista,,mixed
blr_1fec7114f6d253ae,DSR Woodwinds,dsr woodwinds,DSR Woodwinds,,mixed
blr_1fec7114f6d253ae,DSR Woodwinds,in dsr woodwinds,DSR Woodwinds,,mixed
blr_1fec7114f6d253ae,DSR Woodwinds,near dsr woodwinds,DSR Woodwinds,,mixed
blr_1fec7114f6d253ae,DSR Woodwinds,around dsr woodwinds,DSR Woodwinds,,mixed
blr_1fec7114f6d253ae,DSR Woodwinds,dsr woodwinds area,DSR Woodwinds,,mixed
blr_6affb59a6b75a1f1,66th Cross Road,6sixth cross road,66th Cross Road,,mixed
blr_6affb59a6b75a1f1,66th Cross Road,6six cross road,66th Cross Road,,mixed
blr_6affb59a6b75a1f1,66th Cross Road,66th cross road,66th Cross Road,,mixed
blr_6affb59a6b75a1f1,66th Cross Road,in 6sixth cross road,66th Cross Road,,mixed
blr_6affb59a6b75a1f1,66th Cross Road,near 6six cross road,66th Cross Road,,mixed
blr_3abb7204b92fb0b4,Sumadhura LNR Lake Breeze Apartments,sumadhura lnr lake breeze apartments,Sumadhura LNR Lake Breeze Apartments,,mixed
blr_3abb7204b92fb0b4,Sumadhura LNR Lake Breeze Apartments,in sumadhura lnr lake breeze apartments,Sumadhura LNR Lake Breeze Apartments,,mixed
blr_3abb7204b92fb0b4,Sumadhura LNR Lake Breeze Apartments,near sumadhura lnr lake breeze apartments,Sumadhura LNR Lake Breeze Apartments,,mixed
blr_3abb7204b92fb0b4,Sumadhura LNR Lake Breeze Apartments,around sumadhura lnr lake breeze apartments,Sumadhura LNR Lake Breeze Apartments,,mixed
blr_3abb7204b92fb0b4,Sumadhura LNR Lake Breeze Apartments,sumadhura lnr lake breeze apartments area,Sumadhura LNR Lake Breeze Apartments,,mixed
blr_1fbba59441829899,Sonestaa iWoods,sonestaa iwoods,Sonestaa iWoods,,mixed
blr_1fbba59441829899,Sonestaa iWoods,in sonestaa iwoods,Sonestaa iWoods,,mixed
blr_1fbba59441829899,Sonestaa iWoods,near sonestaa iwoods,Sonestaa iWoods,,mixed
blr_1fbba59441829899,Sonestaa iWoods,around sonestaa iwoods,Sonestaa iWoods,,mixed
blr_1fbba59441829899,Sonestaa iWoods,sonestaa iwoods area,Sonestaa iWoods,,mixed
blr_02d4f7b2a578be10,SLN Residency,sln residency,SLN Residency,,mixed
blr_02d4f7b2a578be10,SLN Residency,in sln residency,SLN Residency,,mixed
blr_02d4f7b2a578be10,SLN Residency,near sln residency,SLN Residency,,mixed
blr_02d4f7b2a578be10,SLN Residency,around sln residency,SLN Residency,,mixed
blr_02d4f7b2a578be10,SLN Residency,sln residency area,SLN Residency,,mixed
blr_c8e6f5cc88719f87,1A Cross,1a cross,1A Cross,,mixed
blr_c8e6f5cc88719f87,1A Cross,in 1a cross,1A Cross,,mixed
blr_c8e6f5cc88719f87,1A Cross,near 1a cross,1A Cross,,mixed
blr_c8e6f5cc88719f87,1A Cross,around 1a cross,1A Cross,,mixed
blr_c8e6f5cc88719f87,1A Cross,1a cross area,1A Cross,,mixed
blr_2fb22fff55663b78,DivyaSree 77 Place,divyasree 77 place,DivyaSree 77 Place,,mixed
blr_2fb22fff55663b78,DivyaSree 77 Place,in divyasree 77 place,DivyaSree 77 Place,,mixed
blr_2fb22fff55663b78,DivyaSree 77 Place,near divyasree 77 place,DivyaSree 77 Place,,mixed
blr_2fb22fff55663b78,DivyaSree 77 Place,around divyasree 77 place,DivyaSree 77 Place,,mixed
blr_2fb22fff55663b78,DivyaSree 77 Place,divyasree 77 place area,DivyaSree 77 Place,,mixed
blr_1e16cc81a27619c1,DivyaSree 77 East,divyasree 77 east,DivyaSree 77 East,,mixed
blr_1e16cc81a27619c1,DivyaSree 77 East,in divyasree 77 east,DivyaSree 77 East,,mixed
blr_1e16cc81a27619c1,DivyaSree 77 East,near divyasree 77 east,DivyaSree 77 East,,mixed
blr_1e16cc81a27619c1,DivyaSree 77 East,around divyasree 77 east,DivyaSree 77 East,,mixed
blr_1e16cc81a27619c1,DivyaSree 77 East,divyasree 77 east area,DivyaSree 77 East,,mixed
blr_7ecd1dbea11d52d1,DSR White Waters Road,dsr white waters road,DSR White Waters Road,,mixed
blr_7ecd1dbea11d52d1,DSR White Waters Road,in dsr white waters road,DSR White Waters Road,,mixed
blr_7ecd1dbea11d52d1,DSR White Waters Road,near dsr white waters road,DSR White Waters Road,,mixed
blr_7ecd1dbea11d52d1,DSR White Waters Road,around dsr white waters road,DSR White Waters Road,,mixed
blr_7ecd1dbea11d52d1,DSR White Waters Road,dsr white waters road area,DSR White Waters Road,,mixed
blr_b5cd6ddb3f298d19,DSR White Waters,dsr white waters,DSR White Waters,,mixed
blr_b5cd6ddb3f298d19,DSR White Waters,in dsr white waters,DSR White Waters,,mixed
blr_b5cd6ddb3f298d19,DSR White Waters,near dsr white waters,DSR White Waters,,mixed
blr_b5cd6ddb3f298d19,DSR White Waters,around dsr white waters,DSR White Waters,,mixed
blr_b5cd6ddb3f298d19,DSR White Waters,dsr white waters area,DSR White Waters,,mixed
blr_e9fb95dbbf178850,CLPD Arcadia,clpd arcadia,CLPD Arcadia,,mixed
blr_e9fb95dbbf178850,CLPD Arcadia,in clpd arcadia,CLPD Arcadia,,mixed
blr_e9fb95dbbf178850,CLPD Arcadia,near clpd arcadia,CLPD Arcadia,,mixed
blr_e9fb95dbbf178850,CLPD Arcadia,around clpd arcadia,CLPD Arcadia,,mixed
blr_e9fb95dbbf178850,CLPD Arcadia,clpd arcadia area,CLPD Arcadia,,mixed
blr_250fb812ae12fd8b,4th Main JHBC Road,fourth main jhbc road,4th Main JHBC Road,,mixed
blr_250fb812ae12fd8b,4th Main JHBC Road,four main jhbc road,4th Main JHBC Road,,mixed
blr_250fb812ae12fd8b,4th Main JHBC Road,4th main jhbc road,4th Main JHBC Road,,mixed
blr_250fb812ae12fd8b,4th Main JHBC Road,in fourth main jhbc road,4th Main JHBC Road,,mixed
blr_250fb812ae12fd8b,4th Main JHBC Road,near four main jhbc road,4th Main JHBC Road,,mixed
blr_f2a95ce081ac1c0b,14th E Cross Road,1fourth e cross road,14th E Cross Road,,mixed
blr_f2a95ce081ac1c0b,14th E Cross Road,14th e cross road,14th E Cross Road,,mixed
blr_f2a95ce081ac1c0b,14th E Cross Road,1four e cross road,14th E Cross Road,,mixed
blr_f2a95ce081ac1c0b,14th E Cross Road,in 1fourth e cross road,14th E Cross Road,,mixed
blr_f2a95ce081ac1c0b,14th E Cross Road,near 14th e cross road,14th E Cross Road,,mixed
blr_97ea4fc3539f55fa,KT Nagappa Road,kt nagappa road,KT Nagappa Road,,mixed
blr_97ea4fc3539f55fa,KT Nagappa Road,in kt nagappa road,KT Nagappa Road,,mixed
blr_97ea4fc3539f55fa,KT Nagappa Road,near kt nagappa road,KT Nagappa Road,,mixed
blr_97ea4fc3539f55fa,KT Nagappa Road,around kt nagappa road,KT Nagappa Road,,mixed
blr_97ea4fc3539f55fa,KT Nagappa Road,kt nagappa road area,KT Nagappa Road,,mixed
blr_61449705aae7eabf,1st Cross Sector C Road,1st cross sector c road,1st Cross Sector C Road,,mixed
blr_61449705aae7eabf,1st Cross Sector C Road,in 1st cross sector c road,1st Cross Sector C Road,,mixed
blr_61449705aae7eabf,1st Cross Sector C Road,near 1st cross sector c road,1st Cross Sector C Road,,mixed
blr_61449705aae7eabf,1st Cross Sector C Road,around 1st cross sector c road,1st Cross Sector C Road,,mixed
blr_61449705aae7eabf,1st Cross Sector C Road,1st cross sector c road area,1st Cross Sector C Road,,mixed
blr_256f156a0c0bf755,Muneshwaranagar 1st Cross,muneshwaranagar 1st cross,Muneshwaranagar 1st Cross,,mixed
blr_256f156a0c0bf755,Muneshwaranagar 1st Cross,in muneshwaranagar 1st cross,Muneshwaranagar 1st Cross,,mixed
blr_256f156a0c0bf755,Muneshwaranagar 1st Cross,near muneshwaranagar 1st cross,Muneshwaranagar 1st Cross,,mixed
blr_256f156a0c0bf755,Muneshwaranagar 1st Cross,around muneshwaranagar 1st cross,Muneshwaranagar 1st Cross,,mixed
blr_256f156a0c0bf755,Muneshwaranagar 1st Cross,muneshwaranagar 1st cross area,Muneshwaranagar 1st Cross,,mixed
blr_d732899799077093,BR Street,br street,BR Street,,mixed
blr_d732899799077093,BR Street,in br street,BR Street,,mixed
blr_d732899799077093,BR Street,near br street,BR Street,,mixed
blr_d732899799077093,BR Street,around br street,BR Street,,mixed
blr_d732899799077093,BR Street,br street area,BR Street,,mixed
blr_1d4ca5eb18370564,Block 9A Road,block 9a road,Block 9A Road,,mixed
blr_1d4ca5eb18370564,Block 9A Road,in block 9a road,Block 9A Road,,mixed
blr_1d4ca5eb18370564,Block 9A Road,near block 9a road,Block 9A Road,,mixed
blr_1d4ca5eb18370564,Block 9A Road,around block 9a road,Block 9A Road,,mixed
blr_1d4ca5eb18370564,Block 9A Road,block 9a road area,Block 9A Road,,mixed
blr_323dcc61f8584c72,2nd Transverse street,2nd transverse street,2nd Transverse street,,mixed
blr_323dcc61f8584c72,2nd Transverse street,two transverse street,2nd Transverse street,,mixed
blr_323dcc61f8584c72,2nd Transverse street,second transverse street,2nd Transverse street,,mixed
blr_323dcc61f8584c72,2nd Transverse street,in 2nd transverse street,2nd Transverse street,,mixed
blr_323dcc61f8584c72,2nd Transverse street,near two transverse street,2nd Transverse street,,mixed
blr_d211403c334e1d2c,"8th Cross, New Bank Colony",eight cross new bank colony,"8th Cross, New Bank Colony",,mixed
blr_d211403c334e1d2c,"8th Cross, New Bank Colony",eighth cross new bank colony,"8th Cross, New Bank Colony",,mixed
blr_d211403c334e1d2c,"8th Cross, New Bank Colony",8th cross new bank colony,"8th Cross, New Bank Colony",,mixed
blr_d211403c334e1d2c,"8th Cross, New Bank Colony",in eight cross new bank colony,"8th Cross, New Bank Colony",,mixed
blr_d211403c334e1d2c,"8th Cross, New Bank Colony",near eighth cross new bank colony,"8th Cross, New Bank Colony",,mixed
blr_2c6e7bbd79d00cec,8th Main A Cross Road,8th main a cross road,8th Main A Cross Road,,mixed
blr_2c6e7bbd79d00cec,8th Main A Cross Road,eight main a cross road,8th Main A Cross Road,,mixed
blr_2c6e7bbd79d00cec,8th Main A Cross Road,eighth main a cross road,8th Main A Cross Road,,mixed
blr_2c6e7bbd79d00cec,8th Main A Cross Road,in 8th main a cross road,8th Main A Cross Road,,mixed
blr_2c6e7bbd79d00cec,8th Main A Cross Road,near eight main a cross road,8th Main A Cross Road,,mixed
blr_61296fa03f0506f0,RNS Shanthi Nivas,rns shanthi nivas,RNS Shanthi Nivas,,mixed
blr_61296fa03f0506f0,RNS Shanthi Nivas,in rns shanthi nivas,RNS Shanthi Nivas,,mixed
blr_61296fa03f0506f0,RNS Shanthi Nivas,near rns shanthi nivas,RNS Shanthi Nivas,,mixed
blr_61296fa03f0506f0,RNS Shanthi Nivas,around rns shanthi nivas,RNS Shanthi Nivas,,mixed
blr_61296fa03f0506f0,RNS Shanthi Nivas,rns shanthi nivas area,RNS Shanthi Nivas,,mixed
blr_b1b4b557d6825d37,9th Cross Tatanagar,nine cross tatanagar,9th Cross Tatanagar,,mixed
blr_b1b4b557d6825d37,9th Cross Tatanagar,ninth cross tatanagar,9th Cross Tatanagar,,mixed
blr_b1b4b557d6825d37,9th Cross Tatanagar,9th cross tatanagar,9th Cross Tatanagar,,mixed
blr_b1b4b557d6825d37,9th Cross Tatanagar,in nine cross tatanagar,9th Cross Tatanagar,,mixed
blr_b1b4b557d6825d37,9th Cross Tatanagar,near ninth cross tatanagar,9th Cross Tatanagar,,mixed
blr_98f48b6963ed3dad,NGEF Ancillary Estate,ngef ancillary estate,NGEF Ancillary Estate,,mixed
blr_98f48b6963ed3dad,NGEF Ancillary Estate,in ngef ancillary estate,NGEF Ancillary Estate,,mixed
blr_98f48b6963ed3dad,NGEF Ancillary Estate,near ngef ancillary estate,NGEF Ancillary Estate,,mixed
blr_98f48b6963ed3dad,NGEF Ancillary Estate,around ngef ancillary estate,NGEF Ancillary Estate,,mixed
blr_98f48b6963ed3dad,NGEF Ancillary Estate,ngef ancillary estate area,NGEF Ancillary Estate,,mixed
blr_39000303c312ae9f,BSCPL Bollineni Silas,bscpl bollineni silas,BSCPL Bollineni Silas,,mixed
blr_39000303c312ae9f,BSCPL Bollineni Silas,in bscpl bollineni silas,BSCPL Bollineni Silas,,mixed
blr_39000303c312ae9f,BSCPL Bollineni Silas,near bscpl bollineni silas,BSCPL Bollineni Silas,,mixed
blr_39000303c312ae9f,BSCPL Bollineni Silas,around bscpl bollineni silas,BSCPL Bollineni Silas,,mixed
blr_39000303c312ae9f,BSCPL Bollineni Silas,bscpl bollineni silas area,BSCPL Bollineni Silas,,mixed
blr_eb6109a0aa89b81b,3rd Main Road (Surakshaa Road),three main road surakshaa road,3rd Main Road (Surakshaa Road),,mixed
blr_eb6109a0aa89b81b,3rd Main Road (Surakshaa Road),3rd main road surakshaa road,3rd Main Road (Surakshaa Road),,mixed
blr_eb6109a0aa89b81b,3rd Main Road (Surakshaa Road),third main road surakshaa road,3rd Main Road (Surakshaa Road),,mixed
blr_eb6109a0aa89b81b,3rd Main Road (Surakshaa Road),in three main road surakshaa road,3rd Main Road (Surakshaa Road),,mixed
blr_eb6109a0aa89b81b,3rd Main Road (Surakshaa Road),near 3rd main road surakshaa road,3rd Main Road (Surakshaa Road),,mixed
blr_eb59b3223c1977a8,Gap in divider at 5th Main,gap in divider at fifth main,Gap in divider at 5th Main,,mixed
blr_eb59b3223c1977a8,Gap in divider at 5th Main,gap in divider at 5th main,Gap in divider at 5th Main,,mixed
blr_eb59b3223c1977a8,Gap in divider at 5th Main,gap in divider at five main,Gap in divider at 5th Main,,mixed
blr_eb59b3223c1977a8,Gap in divider at 5th Main,in gap in divider at fifth main,Gap in divider at 5th Main,,mixed
blr_eb59b3223c1977a8,Gap in divider at 5th Main,near gap in divider at 5th main,Gap in divider at 5th Main,,mixed
blr_9f67438f3b24cfe0,Sidharata colony Road,sidharata colony road,Sidharata colony Road,,mixed
blr_9f67438f3b24cfe0,Sidharata colony Road,in sidharata colony road,Sidharata colony Road,,mixed
blr_9f67438f3b24cfe0,Sidharata colony Road,near sidharata colony road,Sidharata colony Road,,mixed
blr_9f67438f3b24cfe0,Sidharata colony Road,around sidharata colony road,Sidharata colony Road,,mixed
blr_9f67438f3b24cfe0,Sidharata colony Road,sidharata colony road area,Sidharata colony Road,,mixed
blr_7774d44fcc0a58a7,Little Sisters of Poor,little sisters of poor,Little Sisters of Poor,,mixed
blr_7774d44fcc0a58a7,Little Sisters of Poor,in little sisters of poor,Little Sisters of Poor,,mixed
blr_7774d44fcc0a58a7,Little Sisters of Poor,near little sisters of poor,Little Sisters of Poor,,mixed
blr_7774d44fcc0a58a7,Little Sisters of Poor,around little sisters of poor,Little Sisters of Poor,,mixed
blr_7774d44fcc0a58a7,Little Sisters of Poor,little sisters of poor area,Little Sisters of Poor,,mixed
blr_547d56495fa96615,1st Main Road 3rd Cross road,1st main road three cross road,1st Main Road 3rd Cross road,,mixed
blr_547d56495fa96615,1st Main Road 3rd Cross road,1st main road third cross road,1st Main Road 3rd Cross road,,mixed
blr_547d56495fa96615,1st Main Road 3rd Cross road,1st main road 3rd cross road,1st Main Road 3rd Cross road,,mixed
blr_547d56495fa96615,1st Main Road 3rd Cross road,in 1st main road three cross road,1st Main Road 3rd Cross road,,mixed
blr_547d56495fa96615,1st Main Road 3rd Cross road,near 1st main road third cross road,1st Main Road 3rd Cross road,,mixed
blr_c72695db4b4686d2,KEB Junction Flyover,keb junction flyover,KEB Junction Flyover,,mixed
blr_c72695db4b4686d2,KEB Junction Flyover,in keb junction flyover,KEB Junction Flyover,,mixed
blr_c72695db4b4686d2,KEB Junction Flyover,near keb junction flyover,KEB Junction Flyover,,mixed
blr_c72695db4b4686d2,KEB Junction Flyover,around keb junction flyover,KEB Junction Flyover,,mixed
blr_c72695db4b4686d2,KEB Junction Flyover,keb junction flyover area,KEB Junction Flyover,,mixed
blr_44e0264ff2749b77,VRR Fortuna,vrr fortuna,VRR Fortuna,,mixed
blr_44e0264ff2749b77,VRR Fortuna,in vrr fortuna,VRR Fortuna,,mixed
blr_44e0264ff2749b77,VRR Fortuna,near vrr fortuna,VRR Fortuna,,mixed
blr_44e0264ff2749b77,VRR Fortuna,around vrr fortuna,VRR Fortuna,,mixed
blr_44e0264ff2749b77,VRR Fortuna,vrr fortuna area,VRR Fortuna,,mixed
blr_ee7177c6a1d3c082,SJR Palazza City,sjr palazza city,SJR Palazza City,,mixed
blr_ee7177c6a1d3c082,SJR Palazza City,in sjr palazza city,SJR Palazza City,,mixed
blr_ee7177c6a1d3c082,SJR Palazza City,near sjr palazza city,SJR Palazza City,,mixed
blr_ee7177c6a1d3c082,SJR Palazza City,around sjr palazza city,SJR Palazza City,,mixed
blr_ee7177c6a1d3c082,SJR Palazza City,sjr palazza city area,SJR Palazza City,,mixed
blr_683f1f53278435de,RMZ Internal Road Circle,rmz internal road circle,RMZ Internal Road Circle,,mixed
blr_683f1f53278435de,RMZ Internal Road Circle,in rmz internal road circle,RMZ Internal Road Circle,,mixed
blr_683f1f53278435de,RMZ Internal Road Circle,near rmz internal road circle,RMZ Internal Road Circle,,mixed
blr_683f1f53278435de,RMZ Internal Road Circle,around rmz internal road circle,RMZ Internal Road Circle,,mixed
blr_683f1f53278435de,RMZ Internal Road Circle,rmz internal road circle area,RMZ Internal Road Circle,,mixed
blr_a0c5ee517178e927,Global technology Park Tower Road,global technology park tower road,Global technology Park Tower Road,,mixed
blr_a0c5ee517178e927,Global technology Park Tower Road,in global technology park tower road,Global technology Park Tower Road,,mixed
blr_a0c5ee517178e927,Global technology Park Tower Road,near global technology park tower road,Global technology Park Tower Road,,mixed
blr_a0c5ee517178e927,Global technology Park Tower Road,around global technology park tower road,Global technology Park Tower Road,,mixed
blr_a0c5ee517178e927,Global technology Park Tower Road,global technology park tower road area,Global technology Park Tower Road,,mixed
blr_c258557cdcdf8492,29th A Main Road,2nine a main road,29th A Main Road,,mixed
blr_c258557cdcdf8492,29th A Main Road,29th a main road,29th A Main Road,,mixed
blr_c258557cdcdf8492,29th A Main Road,2ninth a main road,29th A Main Road,,mixed
blr_c258557cdcdf8492,29th A Main Road,in 2nine a main road,29th A Main Road,,mixed
blr_c258557cdcdf8492,29th A Main Road,near 29th a main road,29th A Main Road,,mixed
blr_049cf460e77a5d19,2A Cross Road,2a cross road,2A Cross Road,,mixed
blr_049cf460e77a5d19,2A Cross Road,in 2a cross road,2A Cross Road,,mixed
blr_049cf460e77a5d19,2A Cross Road,near 2a cross road,2A Cross Road,,mixed
blr_049cf460e77a5d19,2A Cross Road,around 2a cross road,2A Cross Road,,mixed
blr_049cf460e77a5d19,2A Cross Road,2a cross road area,2A Cross Road,,mixed
blr_cc73f3afeee36eab,MEDA Greens,meda greens,MEDA Greens,,mixed
blr_cc73f3afeee36eab,MEDA Greens,in meda greens,MEDA Greens,,mixed
blr_cc73f3afeee36eab,MEDA Greens,near meda greens,MEDA Greens,,mixed
blr_cc73f3afeee36eab,MEDA Greens,around meda greens,MEDA Greens,,mixed
blr_cc73f3afeee36eab,MEDA Greens,meda greens area,MEDA Greens,,mixed
blr_9483b5b9cce01f7d,IISc Residential Quarters,iisc residential quarters,IISc Residential Quarters,,mixed
blr_9483b5b9cce01f7d,IISc Residential Quarters,in iisc residential quarters,IISc Residential Quarters,,mixed
blr_9483b5b9cce01f7d,IISc Residential Quarters,near iisc residential quarters,IISc Residential Quarters,,mixed
blr_9483b5b9cce01f7d,IISc Residential Quarters,around iisc residential quarters,IISc Residential Quarters,,mixed
blr_9483b5b9cce01f7d,IISc Residential Quarters,iisc residential quarters area,IISc Residential Quarters,,mixed
blr_8dc2105580d00d1b,Republic of Whitefield,republic of whitefield,Republic of Whitefield,,mixed
blr_8dc2105580d00d1b,Republic of Whitefield,in republic of whitefield,Republic of Whitefield,,mixed
blr_8dc2105580d00d1b,Republic of Whitefield,near republic of whitefield,Republic of Whitefield,,mixed
blr_8dc2105580d00d1b,Republic of Whitefield,around republic of whitefield,Republic of Whitefield,,mixed
blr_8dc2105580d00d1b,Republic of Whitefield,republic of whitefield area,Republic of Whitefield,,mixed
blr_608686043ff28824,IISc NE Quarters,iisc ne quarters,IISc NE Quarters,,mixed
blr_608686043ff28824,IISc NE Quarters,in iisc ne quarters,IISc NE Quarters,,mixed
blr_608686043ff28824,IISc NE Quarters,near iisc ne quarters,IISc NE Quarters,,mixed
blr_608686043ff28824,IISc NE Quarters,around iisc ne quarters,IISc NE Quarters,,mixed
blr_608686043ff28824,IISc NE Quarters,iisc ne quarters area,IISc NE Quarters,,mixed
blr_8bcb4df4add9a388,PMN Homes,pmn homes,PMN Homes,,mixed
blr_8bcb4df4add9a388,PMN Homes,in pmn homes,PMN Homes,,mixed
blr_8bcb4df4add9a388,PMN Homes,near pmn homes,PMN Homes,,mixed
blr_8bcb4df4add9a388,PMN Homes,around pmn homes,PMN Homes,,mixed
blr_8bcb4df4add9a388,PMN Homes,pmn homes area,PMN Homes,,mixed
blr_31f62c1d4f952c30,Chourasia Manor Phase 1st,chourasia manor phase 1st,Chourasia Manor Phase 1,,mixed
blr_31f62c1d4f952c30,Chourasia Manor Phase 1st,in chourasia manor phase 1st,Chourasia Manor Phase 1,,mixed
blr_31f62c1d4f952c30,Chourasia Manor Phase 1st,near chourasia manor phase 1st,Chourasia Manor Phase 1,,mixed
blr_31f62c1d4f952c30,Chourasia Manor Phase 1st,around chourasia manor phase 1st,Chourasia Manor Phase 1,,mixed
blr_31f62c1d4f952c30,Chourasia Manor Phase 1st,chourasia manor phase 1st area,Chourasia Manor Phase 1,,mixed
blr_1d0b134b546bce0d,Elita B Phase Path,elita b phase path,Elita B Phase Path,,mixed
blr_1d0b134b546bce0d,Elita B Phase Path,in elita b phase path,Elita B Phase Path,,mixed
blr_1d0b134b546bce0d,Elita B Phase Path,near elita b phase path,Elita B Phase Path,,mixed
blr_1d0b134b546bce0d,Elita B Phase Path,around elita b phase path,Elita B Phase Path,,mixed
blr_1d0b134b546bce0d,Elita B Phase Path,elita b phase path area,Elita B Phase Path,,mixed
blr_46c983d36e0cee4c,Pattandur Agrahara 2nd Main Road,pattandur agrahara second main road,Pattandur Agrahara 2nd Main Road,,mixed
blr_46c983d36e0cee4c,Pattandur Agrahara 2nd Main Road,pattandur agrahara 2nd main road,Pattandur Agrahara 2nd Main Road,,mixed
blr_46c983d36e0cee4c,Pattandur Agrahara 2nd Main Road,pattandur agrahara two main road,Pattandur Agrahara 2nd Main Road,,mixed
blr_46c983d36e0cee4c,Pattandur Agrahara 2nd Main Road,in pattandur agrahara second main road,Pattandur Agrahara 2nd Main Road,,mixed
blr_46c983d36e0cee4c,Pattandur Agrahara 2nd Main Road,near pattandur agrahara 2nd main road,Pattandur Agrahara 2nd Main Road,,mixed
blr_1503eb8bcb3b83dc,"Veggie's lover - vegetable, tea & grocery shop",veggies lover  vegetable tea  grocery shop,"Veggie's lover - vegetable, tea & grocery shop",,mixed
blr_1503eb8bcb3b83dc,"Veggie's lover - vegetable, tea & grocery shop",in veggies lover  vegetable tea  grocery shop,"Veggie's lover - vegetable, tea & grocery shop",,mixed
blr_1503eb8bcb3b83dc,"Veggie's lover - vegetable, tea & grocery shop",near veggies lover  vegetable tea  grocery shop,"Veggie's lover - vegetable, tea & grocery shop",,mixed
blr_1503eb8bcb3b83dc,"Veggie's lover - vegetable, tea & grocery shop",around veggies lover  vegetable tea  grocery shop,"Veggie's lover - vegetable, tea & grocery shop",,mixed
blr_1503eb8bcb3b83dc,"Veggie's lover - vegetable, tea & grocery shop",veggies lover  vegetable tea  grocery shop area,"Veggie's lover - vegetable, tea & grocery shop",,mixed
blr_3707b17e37f605d1,3rd Cross Patal Munniappa Layout,3rd cross patal munniappa layout,3rd Cross Patal Munniappa Layout,,mixed
blr_3707b17e37f605d1,3rd Cross Patal Munniappa Layout,three cross patal munniappa layout,3rd Cross Patal Munniappa Layout,,mixed
blr_3707b17e37f605d1,3rd Cross Patal Munniappa Layout,third cross patal munniappa layout,3rd Cross Patal Munniappa Layout,,mixed
blr_3707b17e37f605d1,3rd Cross Patal Munniappa Layout,in 3rd cross patal munniappa layout,3rd Cross Patal Munniappa Layout,,mixed
blr_3707b17e37f605d1,3rd Cross Patal Munniappa Layout,near three cross patal munniappa layout,3rd Cross Patal Munniappa Layout,,mixed
blr_fd366af210827299,GR Lotus,gr lotus,GR Lotus,,mixed
blr_fd366af210827299,GR Lotus,in gr lotus,GR Lotus,,mixed
blr_fd366af210827299,GR Lotus,near gr lotus,GR Lotus,,mixed
blr_fd366af210827299,GR Lotus,around gr lotus,GR Lotus,,mixed
blr_fd366af210827299,GR Lotus,gr lotus area,GR Lotus,,mixed
blr_f2c03fb09c6910b5,Tejaswini Nagar Phase 2nd Road,tejaswini nagar phase second road,Tejaswini Nagar Phase 2 Road,,mixed
blr_f2c03fb09c6910b5,Tejaswini Nagar Phase 2nd Road,tejaswini nagar phase two road,Tejaswini Nagar Phase 2 Road,,mixed
blr_f2c03fb09c6910b5,Tejaswini Nagar Phase 2nd Road,tejaswini nagar phase 2nd road,Tejaswini Nagar Phase 2 Road,,mixed
blr_f2c03fb09c6910b5,Tejaswini Nagar Phase 2nd Road,in tejaswini nagar phase second road,Tejaswini Nagar Phase 2 Road,,mixed
blr_f2c03fb09c6910b5,Tejaswini Nagar Phase 2nd Road,near tejaswini nagar phase two road,Tejaswini Nagar Phase 2 Road,,mixed
blr_d17db2760812b5d7,HRC Ibbani,hrc ibbani,HRC Ibbani,,mixed
blr_d17db2760812b5d7,HRC Ibbani,in hrc ibbani,HRC Ibbani,,mixed
blr_d17db2760812b5d7,HRC Ibbani,near hrc ibbani,HRC Ibbani,,mixed
blr_d17db2760812b5d7,HRC Ibbani,around hrc ibbani,HRC Ibbani,,mixed
blr_d17db2760812b5d7,HRC Ibbani,hrc ibbani area,HRC Ibbani,,mixed
blr_0994b74739a5292e,MIMS Espacio,mims espacio,MIMS Espacio,,mixed
blr_0994b74739a5292e,MIMS Espacio,in mims espacio,MIMS Espacio,,mixed
blr_0994b74739a5292e,MIMS Espacio,near mims espacio,MIMS Espacio,,mixed
blr_0994b74739a5292e,MIMS Espacio,around mims espacio,MIMS Espacio,,mixed
blr_0994b74739a5292e,MIMS Espacio,mims espacio area,MIMS Espacio,,mixed
blr_87cd74128ae1a740,Maruti layout Main Road,maruti layout main road,Maruti layout Main Road,,mixed
blr_87cd74128ae1a740,Maruti layout Main Road,in maruti layout main road,Maruti layout Main Road,,mixed
blr_87cd74128ae1a740,Maruti layout Main Road,near maruti layout main road,Maruti layout Main Road,,mixed
blr_87cd74128ae1a740,Maruti layout Main Road,around maruti layout main road,Maruti layout Main Road,,mixed
blr_87cd74128ae1a740,Maruti layout Main Road,maruti layout main road area,Maruti layout Main Road,,mixed
blr_d5aa5e0f40dc70e3,91st Cross Road,91st cross road,91st Cross Road,,mixed
blr_d5aa5e0f40dc70e3,91st Cross Road,in 91st cross road,91st Cross Road,,mixed
blr_d5aa5e0f40dc70e3,91st Cross Road,near 91st cross road,91st Cross Road,,mixed
blr_d5aa5e0f40dc70e3,91st Cross Road,around 91st cross road,91st Cross Road,,mixed
blr_d5aa5e0f40dc70e3,91st Cross Road,91st cross road area,91st Cross Road,,mixed
blr_51df751268ad4442,Jeevan Bhima Nagar 10th Main Road,jeevan bhima nagar tenth main road,Jeevan Bhima Nagar 10th Main Road,,mixed
blr_51df751268ad4442,Jeevan Bhima Nagar 10th Main Road,jeevan bhima nagar 10th main road,Jeevan Bhima Nagar 10th Main Road,,mixed
blr_51df751268ad4442,Jeevan Bhima Nagar 10th Main Road,jeevan bhima nagar ten main road,Jeevan Bhima Nagar 10th Main Road,,mixed
blr_51df751268ad4442,Jeevan Bhima Nagar 10th Main Road,in jeevan bhima nagar tenth main road,Jeevan Bhima Nagar 10th Main Road,,mixed
blr_51df751268ad4442,Jeevan Bhima Nagar 10th Main Road,near jeevan bhima nagar 10th main road,Jeevan Bhima Nagar 10th Main Road,,mixed
blr_a057e91bd474aae8,2nd Cross Patal Munaiappa Layout,second cross patal munaiappa layout,2nd Cross Patal Munaiappa Layout,,mixed
blr_a057e91bd474aae8,2nd Cross Patal Munaiappa Layout,2nd cross patal munaiappa layout,2nd Cross Patal Munaiappa Layout,,mixed
blr_a057e91bd474aae8,2nd Cross Patal Munaiappa Layout,two cross patal munaiappa layout,2nd Cross Patal Munaiappa Layout,,mixed
blr_a057e91bd474aae8,2nd Cross Patal Munaiappa Layout,in second cross patal munaiappa layout,2nd Cross Patal Munaiappa Layout,,mixed
blr_a057e91bd474aae8,2nd Cross Patal Munaiappa Layout,near 2nd cross patal munaiappa layout,2nd Cross Patal Munaiappa Layout,,mixed
blr_9d2f2391db0ff37d,4th Cross Road Patalmuniaappa,fourth cross road patalmuniaappa,4th Cross Road Patalmuniaappa,,mixed
blr_9d2f2391db0ff37d,4th Cross Road Patalmuniaappa,4th cross road patalmuniaappa,4th Cross Road Patalmuniaappa,,mixed
blr_9d2f2391db0ff37d,4th Cross Road Patalmuniaappa,four cross road patalmuniaappa,4th Cross Road Patalmuniaappa,,mixed
blr_9d2f2391db0ff37d,4th Cross Road Patalmuniaappa,in fourth cross road patalmuniaappa,4th Cross Road Patalmuniaappa,,mixed
blr_9d2f2391db0ff37d,4th Cross Road Patalmuniaappa,near 4th cross road patalmuniaappa,4th Cross Road Patalmuniaappa,,mixed
blr_ad106dd3dff613c7,1st Cross Patalmuniappa Layout,1st cross patalmuniappa layout,1st Cross Patalmuniappa Layout,,mixed
blr_ad106dd3dff613c7,1st Cross Patalmuniappa Layout,in 1st cross patalmuniappa layout,1st Cross Patalmuniappa Layout,,mixed
blr_ad106dd3dff613c7,1st Cross Patalmuniappa Layout,near 1st cross patalmuniappa layout,1st Cross Patalmuniappa Layout,,mixed
blr_ad106dd3dff613c7,1st Cross Patalmuniappa Layout,around 1st cross patalmuniappa layout,1st Cross Patalmuniappa Layout,,mixed
blr_ad106dd3dff613c7,1st Cross Patalmuniappa Layout,1st cross patalmuniappa layout area,1st Cross Patalmuniappa Layout,,mixed
blr_3569300f817fb144,DLF Main Road,dlf main road,DLF Main Road,,mixed
blr_3569300f817fb144,DLF Main Road,in dlf main road,DLF Main Road,,mixed
blr_3569300f817fb144,DLF Main Road,near dlf main road,DLF Main Road,,mixed
blr_3569300f817fb144,DLF Main Road,around dlf main road,DLF Main Road,,mixed
blr_3569300f817fb144,DLF Main Road,dlf main road area,DLF Main Road,,mixed
blr_8e28fedd8ca3df48,RK Homes,rk homes,RK Homes,,mixed
blr_8e28fedd8ca3df48,RK Homes,in rk homes,RK Homes,,mixed
blr_8e28fedd8ca3df48,RK Homes,near rk homes,RK Homes,,mixed
blr_8e28fedd8ca3df48,RK Homes,around rk homes,RK Homes,,mixed
blr_8e28fedd8ca3df48,RK Homes,rk homes area,RK Homes,,mixed
blr_20b5b0a13a4542e1,SKS Compound Road,sks compound road,SKS Compound Road,,mixed
blr_20b5b0a13a4542e1,SKS Compound Road,in sks compound road,SKS Compound Road,,mixed
blr_20b5b0a13a4542e1,SKS Compound Road,near sks compound road,SKS Compound Road,,mixed
blr_20b5b0a13a4542e1,SKS Compound Road,around sks compound road,SKS Compound Road,,mixed
blr_20b5b0a13a4542e1,SKS Compound Road,sks compound road area,SKS Compound Road,,mixed
blr_c6c3a430e8580ca6,GRC Brundavan,grc brundavan,GRC Brundavan,,mixed
blr_c6c3a430e8580ca6,GRC Brundavan,in grc brundavan,GRC Brundavan,,mixed
blr_c6c3a430e8580ca6,GRC Brundavan,near grc brundavan,GRC Brundavan,,mixed
blr_c6c3a430e8580ca6,GRC Brundavan,around grc brundavan,GRC Brundavan,,mixed
blr_c6c3a430e8580ca6,GRC Brundavan,grc brundavan area,GRC Brundavan,,mixed
blr_b174cca7b86e4d3e,ATM Gate Road (Tara Marg),atm gate road tara marg,ATM Gate Road (Tara Marg),,mixed
blr_b174cca7b86e4d3e,ATM Gate Road (Tara Marg),in atm gate road tara marg,ATM Gate Road (Tara Marg),,mixed
blr_b174cca7b86e4d3e,ATM Gate Road (Tara Marg),near atm gate road tara marg,ATM Gate Road (Tara Marg),,mixed
blr_b174cca7b86e4d3e,ATM Gate Road (Tara Marg),around atm gate road tara marg,ATM Gate Road (Tara Marg),,mixed
blr_b174cca7b86e4d3e,ATM Gate Road (Tara Marg),atm gate road tara marg area,ATM Gate Road (Tara Marg),,mixed
blr_50fba67f233a1624,BHEL EDN Township,bhel edn township,BHEL EDN Township,,mixed
blr_50fba67f233a1624,BHEL EDN Township,in bhel edn township,BHEL EDN Township,,mixed
blr_50fba67f233a1624,BHEL EDN Township,near bhel edn township,BHEL EDN Township,,mixed
blr_50fba67f233a1624,BHEL EDN Township,around bhel edn township,BHEL EDN Township,,mixed
blr_50fba67f233a1624,BHEL EDN Township,bhel edn township area,BHEL EDN Township,,mixed
blr_7505160c09e921ed,JN Residency road,jn residency road,JN Residency road,,mixed
blr_7505160c09e921ed,JN Residency road,in jn residency road,JN Residency road,,mixed
blr_7505160c09e921ed,JN Residency road,near jn residency road,JN Residency road,,mixed
blr_7505160c09e921ed,JN Residency road,around jn residency road,JN Residency road,,mixed
blr_7505160c09e921ed,JN Residency road,jn residency road area,JN Residency road,,mixed
blr_c4ea70d5eb62ebd5,GM Infinite Daffodils,gm infinite daffodils,GM Infinite Daffodils,,mixed
blr_c4ea70d5eb62ebd5,GM Infinite Daffodils,in gm infinite daffodils,GM Infinite Daffodils,,mixed
blr_c4ea70d5eb62ebd5,GM Infinite Daffodils,near gm infinite daffodils,GM Infinite Daffodils,,mixed
blr_c4ea70d5eb62ebd5,GM Infinite Daffodils,around gm infinite daffodils,GM Infinite Daffodils,,mixed
blr_c4ea70d5eb62ebd5,GM Infinite Daffodils,gm infinite daffodils area,GM Infinite Daffodils,,mixed
blr_be9628e567c9531a,SS Farm Road,ss farm road,SS Farm Road,,mixed
blr_be9628e567c9531a,SS Farm Road,in ss farm road,SS Farm Road,,mixed
blr_be9628e567c9531a,SS Farm Road,near ss farm road,SS Farm Road,,mixed
blr_be9628e567c9531a,SS Farm Road,around ss farm road,SS Farm Road,,mixed
blr_be9628e567c9531a,SS Farm Road,ss farm road area,SS Farm Road,,mixed
blr_e0505e7166e8f97d,ND Laurel,nd laurel,ND Laurel,,mixed
blr_e0505e7166e8f97d,ND Laurel,in nd laurel,ND Laurel,,mixed
blr_e0505e7166e8f97d,ND Laurel,near nd laurel,ND Laurel,,mixed
blr_e0505e7166e8f97d,ND Laurel,around nd laurel,ND Laurel,,mixed
blr_e0505e7166e8f97d,ND Laurel,nd laurel area,ND Laurel,,mixed
blr_a251af96f0672b1f,BM Pristine,bm pristine,BM Pristine,,mixed
blr_a251af96f0672b1f,BM Pristine,in bm pristine,BM Pristine,,mixed
blr_a251af96f0672b1f,BM Pristine,near bm pristine,BM Pristine,,mixed
blr_a251af96f0672b1f,BM Pristine,around bm pristine,BM Pristine,,mixed
blr_a251af96f0672b1f,BM Pristine,bm pristine area,BM Pristine,,mixed
blr_a754f065ab636e01,DS Max Sherwood,ds max sherwood,DS Max Sherwood,,mixed
blr_a754f065ab636e01,DS Max Sherwood,in ds max sherwood,DS Max Sherwood,,mixed
blr_a754f065ab636e01,DS Max Sherwood,near ds max sherwood,DS Max Sherwood,,mixed
blr_a754f065ab636e01,DS Max Sherwood,around ds max sherwood,DS Max Sherwood,,mixed
blr_a754f065ab636e01,DS Max Sherwood,ds max sherwood area,DS Max Sherwood,,mixed
blr_714b79f9c025757d,HiLife Magnifique,hilife magnifique,HiLife Magnifique,,mixed
blr_714b79f9c025757d,HiLife Magnifique,in hilife magnifique,HiLife Magnifique,,mixed
blr_714b79f9c025757d,HiLife Magnifique,near hilife magnifique,HiLife Magnifique,,mixed
blr_714b79f9c025757d,HiLife Magnifique,around hilife magnifique,HiLife Magnifique,,mixed
blr_714b79f9c025757d,HiLife Magnifique,hilife magnifique area,HiLife Magnifique,,mixed
blr_99b299d63a76afcf,BDA Flats Gunjur,bda flats gunjur,BDA Flats Gunjur,,mixed
blr_99b299d63a76afcf,BDA Flats Gunjur,in bda flats gunjur,BDA Flats Gunjur,,mixed
blr_99b299d63a76afcf,BDA Flats Gunjur,near bda flats gunjur,BDA Flats Gunjur,,mixed
blr_99b299d63a76afcf,BDA Flats Gunjur,around bda flats gunjur,BDA Flats Gunjur,,mixed
blr_99b299d63a76afcf,BDA Flats Gunjur,bda flats gunjur area,BDA Flats Gunjur,,mixed
blr_ebb1029b09fe084a,DS Max Sparkle Nest,ds max sparkle nest,DS Max Sparkle Nest,,mixed
blr_ebb1029b09fe084a,DS Max Sparkle Nest,in ds max sparkle nest,DS Max Sparkle Nest,,mixed
blr_ebb1029b09fe084a,DS Max Sparkle Nest,near ds max sparkle nest,DS Max Sparkle Nest,,mixed
blr_ebb1029b09fe084a,DS Max Sparkle Nest,around ds max sparkle nest,DS Max Sparkle Nest,,mixed
blr_ebb1029b09fe084a,DS Max Sparkle Nest,ds max sparkle nest area,DS Max Sparkle Nest,,mixed
blr_14d889289459fca9,SV Legacy,sv legacy,SV Legacy,,mixed
blr_14d889289459fca9,SV Legacy,in sv legacy,SV Legacy,,mixed
blr_14d889289459fca9,SV Legacy,near sv legacy,SV Legacy,,mixed
blr_14d889289459fca9,SV Legacy,around sv legacy,SV Legacy,,mixed
blr_14d889289459fca9,SV Legacy,sv legacy area,SV Legacy,,mixed
blr_f9b349df3a4680a2,NR Windgates,nr windgates,NR Windgates,,mixed
blr_f9b349df3a4680a2,NR Windgates,in nr windgates,NR Windgates,,mixed
blr_f9b349df3a4680a2,NR Windgates,near nr windgates,NR Windgates,,mixed
blr_f9b349df3a4680a2,NR Windgates,around nr windgates,NR Windgates,,mixed
blr_f9b349df3a4680a2,NR Windgates,nr windgates area,NR Windgates,,mixed
blr_e1ce83a8ecf802d9,NCC Urban ParkView,ncc urban parkview,NCC Urban ParkView,,mixed
blr_e1ce83a8ecf802d9,NCC Urban ParkView,in ncc urban parkview,NCC Urban ParkView,,mixed
blr_e1ce83a8ecf802d9,NCC Urban ParkView,near ncc urban parkview,NCC Urban ParkView,,mixed
blr_e1ce83a8ecf802d9,NCC Urban ParkView,around ncc urban parkview,NCC Urban ParkView,,mixed
blr_e1ce83a8ecf802d9,NCC Urban ParkView,ncc urban parkview area,NCC Urban ParkView,,mixed
blr_5503fd5d3ea4bb1e,ds max silver nest,ds max silver nest,ds max silver nest,,mixed
blr_5503fd5d3ea4bb1e,ds max silver nest,in ds max silver nest,ds max silver nest,,mixed
blr_5503fd5d3ea4bb1e,ds max silver nest,near ds max silver nest,ds max silver nest,,mixed
blr_5503fd5d3ea4bb1e,ds max silver nest,around ds max silver nest,ds max silver nest,,mixed
blr_5503fd5d3ea4bb1e,ds max silver nest,ds max silver nest area,ds max silver nest,,mixed
blr_21e343c78101b34e,Divya MSR Gateway,divya msr gateway,Divya MSR Gateway,,mixed
blr_21e343c78101b34e,Divya MSR Gateway,in divya msr gateway,Divya MSR Gateway,,mixed
blr_21e343c78101b34e,Divya MSR Gateway,near divya msr gateway,Divya MSR Gateway,,mixed
blr_21e343c78101b34e,Divya MSR Gateway,around divya msr gateway,Divya MSR Gateway,,mixed
blr_21e343c78101b34e,Divya MSR Gateway,divya msr gateway area,Divya MSR Gateway,,mixed
blr_bbf97d1595bbec18,RMZ Galleria Residences,rmz galleria residences,RMZ Galleria Residences,,mixed
blr_bbf97d1595bbec18,RMZ Galleria Residences,in rmz galleria residences,RMZ Galleria Residences,,mixed
blr_bbf97d1595bbec18,RMZ Galleria Residences,near rmz galleria residences,RMZ Galleria Residences,,mixed
blr_bbf97d1595bbec18,RMZ Galleria Residences,around rmz galleria residences,RMZ Galleria Residences,,mixed
blr_bbf97d1595bbec18,RMZ Galleria Residences,rmz galleria residences area,RMZ Galleria Residences,,mixed
blr_8e32e48cf33421d0,NCC Misty Woods,ncc misty woods,NCC Misty Woods,,mixed
blr_8e32e48cf33421d0,NCC Misty Woods,in ncc misty woods,NCC Misty Woods,,mixed
blr_8e32e48cf33421d0,NCC Misty Woods,near ncc misty woods,NCC Misty Woods,,mixed
blr_8e32e48cf33421d0,NCC Misty Woods,around ncc misty woods,NCC Misty Woods,,mixed
blr_8e32e48cf33421d0,NCC Misty Woods,ncc misty woods area,NCC Misty Woods,,mixed
blr_92869b00a7611b5d,NCC Urban Mayfair,ncc urban mayfair,NCC Urban Mayfair,,mixed
blr_92869b00a7611b5d,NCC Urban Mayfair,in ncc urban mayfair,NCC Urban Mayfair,,mixed
blr_92869b00a7611b5d,NCC Urban Mayfair,near ncc urban mayfair,NCC Urban Mayfair,,mixed
blr_92869b00a7611b5d,NCC Urban Mayfair,around ncc urban mayfair,NCC Urban Mayfair,,mixed
blr_92869b00a7611b5d,NCC Urban Mayfair,ncc urban mayfair area,NCC Urban Mayfair,,mixed
blr_78e4a77708c0ebfb,Kailash BDA Apartments,kailash bda apartments,Kailash BDA Apartments,,mixed
blr_78e4a77708c0ebfb,Kailash BDA Apartments,in kailash bda apartments,Kailash BDA Apartments,,mixed
blr_78e4a77708c0ebfb,Kailash BDA Apartments,near kailash bda apartments,Kailash BDA Apartments,,mixed
blr_78e4a77708c0ebfb,Kailash BDA Apartments,around kailash bda apartments,Kailash BDA Apartments,,mixed
blr_78e4a77708c0ebfb,Kailash BDA Apartments,kailash bda apartments area,Kailash BDA Apartments,,mixed
blr_be4c616336405a67,HM Grandeur,hm grandeur,HM Grandeur,,mixed
blr_be4c616336405a67,HM Grandeur,in hm grandeur,HM Grandeur,,mixed
blr_be4c616336405a67,HM Grandeur,near hm grandeur,HM Grandeur,,mixed
blr_be4c616336405a67,HM Grandeur,around hm grandeur,HM Grandeur,,mixed
blr_be4c616336405a67,HM Grandeur,hm grandeur area,HM Grandeur,,mixed
blr_c120ece87e04432d,SLV Splendor,slv splendor,SLV Splendor,,mixed
blr_c120ece87e04432d,SLV Splendor,in slv splendor,SLV Splendor,,mixed
blr_c120ece87e04432d,SLV Splendor,near slv splendor,SLV Splendor,,mixed
blr_c120ece87e04432d,SLV Splendor,around slv splendor,SLV Splendor,,mixed
blr_c120ece87e04432d,SLV Splendor,slv splendor area,SLV Splendor,,mixed
blr_e51a99e9ec923e3d,Opposite to Govt School,opposite to govt school,Opposite to Govt School,,mixed
blr_e51a99e9ec923e3d,Opposite to Govt School,in opposite to govt school,Opposite to Govt School,,mixed
blr_e51a99e9ec923e3d,Opposite to Govt School,near opposite to govt school,Opposite to Govt School,,mixed
blr_e51a99e9ec923e3d,Opposite to Govt School,around opposite to govt school,Opposite to Govt School,,mixed
blr_e51a99e9ec923e3d,Opposite to Govt School,opposite to govt school area,Opposite to Govt School,,mixed
blr_082e3c9cc664c3f2,"3rd Main Road, Bethelnagar",third main road bethelnagar,"3rd Main Road, Bethelnagar",,mixed
blr_082e3c9cc664c3f2,"3rd Main Road, Bethelnagar",three main road bethelnagar,"3rd Main Road, Bethelnagar",,mixed
blr_082e3c9cc664c3f2,"3rd Main Road, Bethelnagar",3rd main road bethelnagar,"3rd Main Road, Bethelnagar",,mixed
blr_082e3c9cc664c3f2,"3rd Main Road, Bethelnagar",in third main road bethelnagar,"3rd Main Road, Bethelnagar",,mixed
blr_082e3c9cc664c3f2,"3rd Main Road, Bethelnagar",near three main road bethelnagar,"3rd Main Road, Bethelnagar",,mixed
blr_29ca9490a18a87ca,"1st A Main, Bestcounty2",1st a main bestcounty2,"1st A Main, Bestcounty2",,mixed
blr_29ca9490a18a87ca,"1st A Main, Bestcounty2",in 1st a main bestcounty2,"1st A Main, Bestcounty2",,mixed
blr_29ca9490a18a87ca,"1st A Main, Bestcounty2",near 1st a main bestcounty2,"1st A Main, Bestcounty2",,mixed
blr_29ca9490a18a87ca,"1st A Main, Bestcounty2",around 1st a main bestcounty2,"1st A Main, Bestcounty2",,mixed
blr_29ca9490a18a87ca,"1st A Main, Bestcounty2",1st a main bestcounty2 area,"1st A Main, Bestcounty2",,mixed
blr_583ef3f1a0a3f6d4,NRI Layout Main Road,nri layout main road,NRI Layout Main Road,,mixed
blr_583ef3f1a0a3f6d4,NRI Layout Main Road,in nri layout main road,NRI Layout Main Road,,mixed
blr_583ef3f1a0a3f6d4,NRI Layout Main Road,near nri layout main road,NRI Layout Main Road,,mixed
blr_583ef3f1a0a3f6d4,NRI Layout Main Road,around nri layout main road,NRI Layout Main Road,,mixed
blr_583ef3f1a0a3f6d4,NRI Layout Main Road,nri layout main road area,NRI Layout Main Road,,mixed
blr_038c9443e678f72e,LGCL Beautiful World,lgcl beautiful world,LGCL Beautiful World,,mixed
blr_038c9443e678f72e,LGCL Beautiful World,in lgcl beautiful world,LGCL Beautiful World,,mixed
blr_038c9443e678f72e,LGCL Beautiful World,near lgcl beautiful world,LGCL Beautiful World,,mixed
blr_038c9443e678f72e,LGCL Beautiful World,around lgcl beautiful world,LGCL Beautiful World,,mixed
blr_038c9443e678f72e,LGCL Beautiful World,lgcl beautiful world area,LGCL Beautiful World,,mixed
blr_add8abca57304c99,MBR Shangri La,mbr shangri la,MBR Shangri La,,mixed
blr_add8abca57304c99,MBR Shangri La,in mbr shangri la,MBR Shangri La,,mixed
blr_add8abca57304c99,MBR Shangri La,near mbr shangri la,MBR Shangri La,,mixed
blr_add8abca57304c99,MBR Shangri La,around mbr shangri la,MBR Shangri La,,mixed
blr_add8abca57304c99,MBR Shangri La,mbr shangri la area,MBR Shangri La,,mixed
blr_5061f4ff4d5c3aba,BDA Indraprastha,bda indraprastha,BDA Indraprastha,,mixed
blr_5061f4ff4d5c3aba,BDA Indraprastha,in bda indraprastha,BDA Indraprastha,,mixed
blr_5061f4ff4d5c3aba,BDA Indraprastha,near bda indraprastha,BDA Indraprastha,,mixed
blr_5061f4ff4d5c3aba,BDA Indraprastha,around bda indraprastha,BDA Indraprastha,,mixed
blr_5061f4ff4d5c3aba,BDA Indraprastha,bda indraprastha area,BDA Indraprastha,,mixed
blr_8d3b8ded3f9f3bb4,31st B Cross Road,31st b cross road,31st B Cross Road,,mixed
blr_8d3b8ded3f9f3bb4,31st B Cross Road,in 31st b cross road,31st B Cross Road,,mixed
blr_8d3b8ded3f9f3bb4,31st B Cross Road,near 31st b cross road,31st B Cross Road,,mixed
blr_8d3b8ded3f9f3bb4,31st B Cross Road,around 31st b cross road,31st B Cross Road,,mixed
blr_8d3b8ded3f9f3bb4,31st B Cross Road,31st b cross road area,31st B Cross Road,,mixed
blr_48703b56db0dac94,"5th cross, new bank colony",five cross new bank colony,"5th cross, new bank colony",,mixed
blr_48703b56db0dac94,"5th cross, new bank colony",fifth cross new bank colony,"5th cross, new bank colony",,mixed
blr_48703b56db0dac94,"5th cross, new bank colony",5th cross new bank colony,"5th cross, new bank colony",,mixed
blr_48703b56db0dac94,"5th cross, new bank colony",in five cross new bank colony,"5th cross, new bank colony",,mixed
blr_48703b56db0dac94,"5th cross, new bank colony",near fifth cross new bank colony,"5th cross, new bank colony",,mixed
blr_ec3710d46b22d07d,N Street,n street,N Street,,mixed
blr_ec3710d46b22d07d,N Street,in n street,N Street,,mixed
blr_ec3710d46b22d07d,N Street,near n street,N Street,,mixed
blr_ec3710d46b22d07d,N Street,around n street,N Street,,mixed
blr_ec3710d46b22d07d,N Street,n street area,N Street,,mixed
blr_a82e7c6a928f8e8e,Alfred street,alfred street,Alfred street,,mixed
blr_a82e7c6a928f8e8e,Alfred street,in alfred street,Alfred street,,mixed
blr_a82e7c6a928f8e8e,Alfred street,near alfred street,Alfred street,,mixed
blr_a82e7c6a928f8e8e,Alfred street,around alfred street,Alfred street,,mixed
blr_a82e7c6a928f8e8e,Alfred street,alfred street area,Alfred street,,mixed
blr_dfc895a30f09b5e1,RBD Stillwaters Apartments,rbd stillwaters apartments,RBD Stillwaters Apartments,,mixed
blr_dfc895a30f09b5e1,RBD Stillwaters Apartments,in rbd stillwaters apartments,RBD Stillwaters Apartments,,mixed
blr_dfc895a30f09b5e1,RBD Stillwaters Apartments,near rbd stillwaters apartments,RBD Stillwaters Apartments,,mixed
blr_dfc895a30f09b5e1,RBD Stillwaters Apartments,around rbd stillwaters apartments,RBD Stillwaters Apartments,,mixed
blr_dfc895a30f09b5e1,RBD Stillwaters Apartments,rbd stillwaters apartments area,RBD Stillwaters Apartments,,mixed
blr_6cda9b5fbf8039c0,SNN Raj Eternia,snn raj eternia,SNN Raj Eternia,,mixed
blr_6cda9b5fbf8039c0,SNN Raj Eternia,in snn raj eternia,SNN Raj Eternia,,mixed
blr_6cda9b5fbf8039c0,SNN Raj Eternia,near snn raj eternia,SNN Raj Eternia,,mixed
blr_6cda9b5fbf8039c0,SNN Raj Eternia,around snn raj eternia,SNN Raj Eternia,,mixed
blr_6cda9b5fbf8039c0,SNN Raj Eternia,snn raj eternia area,SNN Raj Eternia,,mixed
blr_3c21b50e28074cef,Nikoo Homes II Apartments,nikoo homes ii apartments,Nikoo Homes II Apartments,,mixed
blr_3c21b50e28074cef,Nikoo Homes II Apartments,in nikoo homes ii apartments,Nikoo Homes II Apartments,,mixed
blr_3c21b50e28074cef,Nikoo Homes II Apartments,near nikoo homes ii apartments,Nikoo Homes II Apartments,,mixed
blr_3c21b50e28074cef,Nikoo Homes II Apartments,around nikoo homes ii apartments,Nikoo Homes II Apartments,,mixed
blr_3c21b50e28074cef,Nikoo Homes II Apartments,nikoo homes ii apartments area,Nikoo Homes II Apartments,,mixed
blr_ddeee98638bcde2f,DS Max Skycity,ds max skycity,DS Max Skycity,,mixed
blr_ddeee98638bcde2f,DS Max Skycity,in ds max skycity,DS Max Skycity,,mixed
blr_ddeee98638bcde2f,DS Max Skycity,near ds max skycity,DS Max Skycity,,mixed
blr_ddeee98638bcde2f,DS Max Skycity,around ds max skycity,DS Max Skycity,,mixed
blr_ddeee98638bcde2f,DS Max Skycity,ds max skycity area,DS Max Skycity,,mixed
blr_662c51ac5e7efeef,Assetz Homes Here and Now,assetz homes here and now,Assetz Homes Here and Now,,mixed
blr_662c51ac5e7efeef,Assetz Homes Here and Now,in assetz homes here and now,Assetz Homes Here and Now,,mixed
blr_662c51ac5e7efeef,Assetz Homes Here and Now,near assetz homes here and now,Assetz Homes Here and Now,,mixed
blr_662c51ac5e7efeef,Assetz Homes Here and Now,around assetz homes here and now,Assetz Homes Here and Now,,mixed
blr_662c51ac5e7efeef,Assetz Homes Here and Now,assetz homes here and now area,Assetz Homes Here and Now,,mixed
blr_83993f58002ec902,RMZ Latitude Residential,rmz latitude residential,RMZ Latitude Residential,,mixed
blr_83993f58002ec902,RMZ Latitude Residential,in rmz latitude residential,RMZ Latitude Residential,,mixed
blr_83993f58002ec902,RMZ Latitude Residential,near rmz latitude residential,RMZ Latitude Residential,,mixed
blr_83993f58002ec902,RMZ Latitude Residential,around rmz latitude residential,RMZ Latitude Residential,,mixed
blr_83993f58002ec902,RMZ Latitude Residential,rmz latitude residential area,RMZ Latitude Residential,,mixed
blr_bde85e180f07ef85,BGS Road,bgs road,BGS Road,,mixed
blr_bde85e180f07ef85,BGS Road,in bgs road,BGS Road,,mixed
blr_bde85e180f07ef85,BGS Road,near bgs road,BGS Road,,mixed
blr_bde85e180f07ef85,BGS Road,around bgs road,BGS Road,,mixed
blr_bde85e180f07ef85,BGS Road,bgs road area,BGS Road,,mixed
blr_671641b86afeea04,CDP Road,cdp road,CDP Road,,mixed
blr_671641b86afeea04,CDP Road,in cdp road,CDP Road,,mixed
blr_671641b86afeea04,CDP Road,near cdp road,CDP Road,,mixed
blr_671641b86afeea04,CDP Road,around cdp road,CDP Road,,mixed
blr_671641b86afeea04,CDP Road,cdp road area,CDP Road,,mixed
blr_3f74e59d3750a588,SLS Sunflower,sls sunflower,SLS Sunflower,,mixed
blr_3f74e59d3750a588,SLS Sunflower,in sls sunflower,SLS Sunflower,,mixed
blr_3f74e59d3750a588,SLS Sunflower,near sls sunflower,SLS Sunflower,,mixed
blr_3f74e59d3750a588,SLS Sunflower,around sls sunflower,SLS Sunflower,,mixed
blr_3f74e59d3750a588,SLS Sunflower,sls sunflower area,SLS Sunflower,,mixed
blr_72b5c01df0b04dc1,1st A Road,1st a road,1st A Road,,mixed
blr_72b5c01df0b04dc1,1st A Road,in 1st a road,1st A Road,,mixed
blr_72b5c01df0b04dc1,1st A Road,near 1st a road,1st A Road,,mixed
blr_72b5c01df0b04dc1,1st A Road,around 1st a road,1st A Road,,mixed
blr_72b5c01df0b04dc1,1st A Road,1st a road area,1st A Road,,mixed
blr_77032ddd5ff52f91,BBV Drive,bbv drive,BBV Drive,,mixed
blr_77032ddd5ff52f91,BBV Drive,in bbv drive,BBV Drive,,mixed
blr_77032ddd5ff52f91,BBV Drive,near bbv drive,BBV Drive,,mixed
blr_77032ddd5ff52f91,BBV Drive,around bbv drive,BBV Drive,,mixed
blr_77032ddd5ff52f91,BBV Drive,bbv drive area,BBV Drive,,mixed
blr_c217fc0655f5b788,93rd Cross Road,9third cross road,93rd Cross Road,,mixed
blr_c217fc0655f5b788,93rd Cross Road,93rd cross road,93rd Cross Road,,mixed
blr_c217fc0655f5b788,93rd Cross Road,9three cross road,93rd Cross Road,,mixed
blr_c217fc0655f5b788,93rd Cross Road,in 9third cross road,93rd Cross Road,,mixed
blr_c217fc0655f5b788,93rd Cross Road,near 93rd cross road,93rd Cross Road,,mixed
blr_b8a93dca2088170d,94th Cross Road,94th cross road,94th Cross Road,,mixed
blr_b8a93dca2088170d,94th Cross Road,9four cross road,94th Cross Road,,mixed
blr_b8a93dca2088170d,94th Cross Road,9fourth cross road,94th Cross Road,,mixed
blr_b8a93dca2088170d,94th Cross Road,in 94th cross road,94th Cross Road,,mixed
blr_b8a93dca2088170d,94th Cross Road,near 9four cross road,94th Cross Road,,mixed
blr_d6d08d6acb9bbf2a,Muneshwaranagar 3rd Cross,muneshwaranagar three cross,Muneshwaranagar 3rd Cross,,mixed
blr_d6d08d6acb9bbf2a,Muneshwaranagar 3rd Cross,muneshwaranagar 3rd cross,Muneshwaranagar 3rd Cross,,mixed
blr_d6d08d6acb9bbf2a,Muneshwaranagar 3rd Cross,muneshwaranagar third cross,Muneshwaranagar 3rd Cross,,mixed
blr_d6d08d6acb9bbf2a,Muneshwaranagar 3rd Cross,in muneshwaranagar three cross,Muneshwaranagar 3rd Cross,,mixed
blr_d6d08d6acb9bbf2a,Muneshwaranagar 3rd Cross,near muneshwaranagar 3rd cross,Muneshwaranagar 3rd Cross,,mixed
blr_e44298528255f99b,Muneshwaranagar 2nd Cross,muneshwaranagar 2nd cross,Muneshwaranagar 2nd Cross,,mixed
blr_e44298528255f99b,Muneshwaranagar 2nd Cross,muneshwaranagar second cross,Muneshwaranagar 2nd Cross,,mixed
blr_e44298528255f99b,Muneshwaranagar 2nd Cross,muneshwaranagar two cross,Muneshwaranagar 2nd Cross,,mixed
blr_e44298528255f99b,Muneshwaranagar 2nd Cross,in muneshwaranagar 2nd cross,Muneshwaranagar 2nd Cross,,mixed
blr_e44298528255f99b,Muneshwaranagar 2nd Cross,near muneshwaranagar second cross,Muneshwaranagar 2nd Cross,,mixed
blr_177ce1d328605d0e,Narayana Reddy Layout 4th Cross road,narayana reddy layout 4th cross road,Narayana Reddy Layout 4th Cross road,,mixed
blr_177ce1d328605d0e,Narayana Reddy Layout 4th Cross road,narayana reddy layout fourth cross road,Narayana Reddy Layout 4th Cross road,,mixed
blr_177ce1d328605d0e,Narayana Reddy Layout 4th Cross road,narayana reddy layout four cross road,Narayana Reddy Layout 4th Cross road,,mixed
blr_177ce1d328605d0e,Narayana Reddy Layout 4th Cross road,in narayana reddy layout 4th cross road,Narayana Reddy Layout 4th Cross road,,mixed
blr_177ce1d328605d0e,Narayana Reddy Layout 4th Cross road,near narayana reddy layout fourth cross road,Narayana Reddy Layout 4th Cross road,,mixed
blr_5e49600a7e9d4f7d,WASA Layout 4th Cross road,wasa layout fourth cross road,WASA Layout 4th Cross road,,mixed
blr_5e49600a7e9d4f7d,WASA Layout 4th Cross road,wasa layout four cross road,WASA Layout 4th Cross road,,mixed
blr_5e49600a7e9d4f7d,WASA Layout 4th Cross road,wasa layout 4th cross road,WASA Layout 4th Cross road,,mixed
blr_5e49600a7e9d4f7d,WASA Layout 4th Cross road,in wasa layout fourth cross road,WASA Layout 4th Cross road,,mixed
blr_5e49600a7e9d4f7d,WASA Layout 4th Cross road,near wasa layout four cross road,WASA Layout 4th Cross road,,mixed
blr_63ff559ad8eec414,"Gururaj Layout, 5th Cross road",gururaj layout fifth cross road,"Gururaj Layout, 5th Cross road",,mixed
blr_63ff559ad8eec414,"Gururaj Layout, 5th Cross road",gururaj layout five cross road,"Gururaj Layout, 5th Cross road",,mixed
blr_63ff559ad8eec414,"Gururaj Layout, 5th Cross road",gururaj layout 5th cross road,"Gururaj Layout, 5th Cross road",,mixed
blr_63ff559ad8eec414,"Gururaj Layout, 5th Cross road",in gururaj layout fifth cross road,"Gururaj Layout, 5th Cross road",,mixed
blr_63ff559ad8eec414,"Gururaj Layout, 5th Cross road",near gururaj layout five cross road,"Gururaj Layout, 5th Cross road",,mixed
blr_60efcb21483e0647,Nisarga 4th Cross Road,nisarga 4th cross road,Nisarga 4th Cross Road,,mixed
blr_60efcb21483e0647,Nisarga 4th Cross Road,nisarga fourth cross road,Nisarga 4th Cross Road,,mixed
blr_60efcb21483e0647,Nisarga 4th Cross Road,nisarga four cross road,Nisarga 4th Cross Road,,mixed
blr_60efcb21483e0647,Nisarga 4th Cross Road,in nisarga 4th cross road,Nisarga 4th Cross Road,,mixed
blr_60efcb21483e0647,Nisarga 4th Cross Road,near nisarga fourth cross road,Nisarga 4th Cross Road,,mixed
blr_cb2ca1d101c18d1a,7th Main,seven main,7th Main,,mixed
blr_cb2ca1d101c18d1a,7th Main,7th main,7th Main,,mixed
blr_cb2ca1d101c18d1a,7th Main,seventh main,7th Main,,mixed
blr_cb2ca1d101c18d1a,7th Main,in seven main,7th Main,,mixed
blr_cb2ca1d101c18d1a,7th Main,near 7th main,7th Main,,mixed
blr_8eee41e730484569,Bollineni SIlas,bollineni silas,Bollineni SIlas,,mixed
blr_8eee41e730484569,Bollineni SIlas,in bollineni silas,Bollineni SIlas,,mixed
blr_8eee41e730484569,Bollineni SIlas,near bollineni silas,Bollineni SIlas,,mixed
blr_8eee41e730484569,Bollineni SIlas,around bollineni silas,Bollineni SIlas,,mixed
blr_8eee41e730484569,Bollineni SIlas,bollineni silas area,Bollineni SIlas,,mixed
blr_a93583d4e132b516,21st B Cross Road,21st b cross road,21st B Cross Road,,mixed
blr_a93583d4e132b516,21st B Cross Road,in 21st b cross road,21st B Cross Road,,mixed
blr_a93583d4e132b516,21st B Cross Road,near 21st b cross road,21st B Cross Road,,mixed
blr_a93583d4e132b516,21st B Cross Road,around 21st b cross road,21st B Cross Road,,mixed
blr_a93583d4e132b516,21st B Cross Road,21st b cross road area,21st B Cross Road,,mixed
blr_a795a4b0cd2d054a,Wasa Layout 1st.Cross road,wasa layout 1stcross road,Wasa Layout 1st.Cross road,,mixed
blr_a795a4b0cd2d054a,Wasa Layout 1st.Cross road,in wasa layout 1stcross road,Wasa Layout 1st.Cross road,,mixed
blr_a795a4b0cd2d054a,Wasa Layout 1st.Cross road,near wasa layout 1stcross road,Wasa Layout 1st.Cross road,,mixed
blr_a795a4b0cd2d054a,Wasa Layout 1st.Cross road,around wasa layout 1stcross road,Wasa Layout 1st.Cross road,,mixed
blr_a795a4b0cd2d054a,Wasa Layout 1st.Cross road,wasa layout 1stcross road area,Wasa Layout 1st.Cross road,,mixed
blr_0e7809a6d5e545cc,1st Main Road 4th Cross road,1st main road 4th cross road,1st Main Road 4th Cross road,,mixed
blr_0e7809a6d5e545cc,1st Main Road 4th Cross road,1st main road fourth cross road,1st Main Road 4th Cross road,,mixed
blr_0e7809a6d5e545cc,1st Main Road 4th Cross road,1st main road four cross road,1st Main Road 4th Cross road,,mixed
blr_0e7809a6d5e545cc,1st Main Road 4th Cross road,in 1st main road 4th cross road,1st Main Road 4th Cross road,,mixed
blr_0e7809a6d5e545cc,1st Main Road 4th Cross road,near 1st main road fourth cross road,1st Main Road 4th Cross road,,mixed
blr_14a35af2f445b885,Pattandur Agrahara 5th Cross Road,pattandur agrahara fifth cross road,Pattandur Agrahara 5th Cross Road,,mixed
blr_14a35af2f445b885,Pattandur Agrahara 5th Cross Road,pattandur agrahara 5th cross road,Pattandur Agrahara 5th Cross Road,,mixed
blr_14a35af2f445b885,Pattandur Agrahara 5th Cross Road,pattandur agrahara five cross road,Pattandur Agrahara 5th Cross Road,,mixed
blr_14a35af2f445b885,Pattandur Agrahara 5th Cross Road,in pattandur agrahara fifth cross road,Pattandur Agrahara 5th Cross Road,,mixed
blr_14a35af2f445b885,Pattandur Agrahara 5th Cross Road,near pattandur agrahara 5th cross road,Pattandur Agrahara 5th Cross Road,,mixed
blr_fa0ac7ebd87a8e33,sanjeeve royale apartment,sanjeeve royale apartment,sanjeeve royale apartment,,mixed
blr_fa0ac7ebd87a8e33,sanjeeve royale apartment,in sanjeeve royale apartment,sanjeeve royale apartment,,mixed
blr_fa0ac7ebd87a8e33,sanjeeve royale apartment,near sanjeeve royale apartment,sanjeeve royale apartment,,mixed
blr_fa0ac7ebd87a8e33,sanjeeve royale apartment,around sanjeeve royale apartment,sanjeeve royale apartment,,mixed
blr_fa0ac7ebd87a8e33,sanjeeve royale apartment,sanjeeve royale apartment area,sanjeeve royale apartment,,mixed
blr_5b7ee38eb33b3d8e,A Narayanapura Main Road,a narayanapura main road,A Narayanapura Main Road,,mixed
blr_5b7ee38eb33b3d8e,A Narayanapura Main Road,in a narayanapura main road,A Narayanapura Main Road,,mixed
blr_5b7ee38eb33b3d8e,A Narayanapura Main Road,near a narayanapura main road,A Narayanapura Main Road,,mixed
blr_5b7ee38eb33b3d8e,A Narayanapura Main Road,around a narayanapura main road,A Narayanapura Main Road,,mixed
blr_5b7ee38eb33b3d8e,A Narayanapura Main Road,a narayanapura main road area,A Narayanapura Main Road,,mixed
blr_d0d70fb86836ec1d,9th Cross Road Chikkiah Abba Reddy Line,9th cross road chikkiah abba reddy line,9th Cross Road Chikkiah Abba Reddy Line,,mixed
blr_d0d70fb86836ec1d,9th Cross Road Chikkiah Abba Reddy Line,ninth cross road chikkiah abba reddy line,9th Cross Road Chikkiah Abba Reddy Line,,mixed
blr_d0d70fb86836ec1d,9th Cross Road Chikkiah Abba Reddy Line,nine cross road chikkiah abba reddy line,9th Cross Road Chikkiah Abba Reddy Line,,mixed
blr_d0d70fb86836ec1d,9th Cross Road Chikkiah Abba Reddy Line,in 9th cross road chikkiah abba reddy line,9th Cross Road Chikkiah Abba Reddy Line,,mixed
blr_d0d70fb86836ec1d,9th Cross Road Chikkiah Abba Reddy Line,near ninth cross road chikkiah abba reddy line,9th Cross Road Chikkiah Abba Reddy Line,,mixed
blr_f4947f78e32ce2c4,Layout road,layout road,Layout road,,mixed
blr_f4947f78e32ce2c4,Layout road,in layout road,Layout road,,mixed
blr_f4947f78e32ce2c4,Layout road,near layout road,Layout road,,mixed
blr_f4947f78e32ce2c4,Layout road,around layout road,Layout road,,mixed
blr_f4947f78e32ce2c4,Layout road,layout road area,Layout road,,mixed
blr_e083b8b411d5ab5c,Lane 3rd South,lane three south,Lane 3 South,,mixed
blr_e083b8b411d5ab5c,Lane 3rd South,lane third south,Lane 3 South,,mixed
blr_e083b8b411d5ab5c,Lane 3rd South,lane 3rd south,Lane 3 South,,mixed
blr_e083b8b411d5ab5c,Lane 3rd South,in lane three south,Lane 3 South,,mixed
blr_e083b8b411d5ab5c,Lane 3rd South,near lane third south,Lane 3 South,,mixed
blr_69c32e2cc418ead8,Lane 4th South,lane 4th south,Lane 4 South,,mixed
blr_69c32e2cc418ead8,Lane 4th South,lane four south,Lane 4 South,,mixed
blr_69c32e2cc418ead8,Lane 4th South,lane fourth south,Lane 4 South,,mixed
blr_69c32e2cc418ead8,Lane 4th South,in lane 4th south,Lane 4 South,,mixed
blr_69c32e2cc418ead8,Lane 4th South,near lane four south,Lane 4 South,,mixed
blr_978fa9be3b5ffe20,connecting road,connecting road,connecting road,,mixed
blr_978fa9be3b5ffe20,connecting road,in connecting road,connecting road,,mixed
blr_978fa9be3b5ffe20,connecting road,near connecting road,connecting road,,mixed
blr_978fa9be3b5ffe20,connecting road,around connecting road,connecting road,,mixed
blr_978fa9be3b5ffe20,connecting road,connecting road area,connecting road,,mixed
blr_62802c9fd9c266a7,HAL Ancillary Industrial Estate Road,hal ancillary industrial estate road,HAL Ancillary Industrial Estate Road,,mixed
blr_62802c9fd9c266a7,HAL Ancillary Industrial Estate Road,in hal ancillary industrial estate road,HAL Ancillary Industrial Estate Road,,mixed
blr_62802c9fd9c266a7,HAL Ancillary Industrial Estate Road,near hal ancillary industrial estate road,HAL Ancillary Industrial Estate Road,,mixed
blr_62802c9fd9c266a7,HAL Ancillary Industrial Estate Road,around hal ancillary industrial estate road,HAL Ancillary Industrial Estate Road,,mixed
blr_62802c9fd9c266a7,HAL Ancillary Industrial Estate Road,hal ancillary industrial estate road area,HAL Ancillary Industrial Estate Road,,mixed
blr_aacbc314faa3e66f,KPTCL Employees Quarters,kptcl employees quarters,KPTCL Employees Quarters,,mixed
blr_aacbc314faa3e66f,KPTCL Employees Quarters,in kptcl employees quarters,KPTCL Employees Quarters,,mixed
blr_aacbc314faa3e66f,KPTCL Employees Quarters,near kptcl employees quarters,KPTCL Employees Quarters,,mixed
blr_aacbc314faa3e66f,KPTCL Employees Quarters,around kptcl employees quarters,KPTCL Employees Quarters,,mixed
blr_aacbc314faa3e66f,KPTCL Employees Quarters,kptcl employees quarters area,KPTCL Employees Quarters,,mixed
blr_d26421489df0835a,NCBS Mandara Housing Complex,ncbs mandara housing complex,NCBS Mandara Housing Complex,,mixed
blr_d26421489df0835a,NCBS Mandara Housing Complex,in ncbs mandara housing complex,NCBS Mandara Housing Complex,,mixed
blr_d26421489df0835a,NCBS Mandara Housing Complex,near ncbs mandara housing complex,NCBS Mandara Housing Complex,,mixed
blr_d26421489df0835a,NCBS Mandara Housing Complex,around ncbs mandara housing complex,NCBS Mandara Housing Complex,,mixed
blr_d26421489df0835a,NCBS Mandara Housing Complex,ncbs mandara housing complex area,NCBS Mandara Housing Complex,,mixed
blr_73dc14cbf74eab8c,SH3 Approach Road,sh3 approach road,SH3 Approach Road,,mixed
blr_73dc14cbf74eab8c,SH3 Approach Road,in sh3 approach road,SH3 Approach Road,,mixed
blr_73dc14cbf74eab8c,SH3 Approach Road,near sh3 approach road,SH3 Approach Road,,mixed
blr_73dc14cbf74eab8c,SH3 Approach Road,around sh3 approach road,SH3 Approach Road,,mixed
blr_73dc14cbf74eab8c,SH3 Approach Road,sh3 approach road area,SH3 Approach Road,,mixed
blr_eedd535ad848b11c,Yeshwanthpura TTMC Bus Stand Road,yeshwanthpura ttmc bus stand road,Yeshwanthpura TTMC Bus Stand Road,,mixed
blr_eedd535ad848b11c,Yeshwanthpura TTMC Bus Stand Road,in yeshwanthpura ttmc bus stand road,Yeshwanthpura TTMC Bus Stand Road,,mixed
blr_eedd535ad848b11c,Yeshwanthpura TTMC Bus Stand Road,near yeshwanthpura ttmc bus stand road,Yeshwanthpura TTMC Bus Stand Road,,mixed
blr_eedd535ad848b11c,Yeshwanthpura TTMC Bus Stand Road,around yeshwanthpura ttmc bus stand road,Yeshwanthpura TTMC Bus Stand Road,,mixed
blr_eedd535ad848b11c,Yeshwanthpura TTMC Bus Stand Road,yeshwanthpura ttmc bus stand road area,Yeshwanthpura TTMC Bus Stand Road,,mixed
blr_a63aa6165c6fc65e,Ele vana,ele vana,Ele vana,,mixed
blr_a63aa6165c6fc65e,Ele vana,in ele vana,Ele vana,,mixed
blr_a63aa6165c6fc65e,Ele vana,near ele vana,Ele vana,,mixed
blr_a63aa6165c6fc65e,Ele vana,around ele vana,Ele vana,,mixed
blr_a63aa6165c6fc65e,Ele vana,ele vana area,Ele vana,,mixed
blr_2e0a038bec83eb71,NVT Life Square,nvt life square,NVT Life Square,,mixed
blr_2e0a038bec83eb71,NVT Life Square,in nvt life square,NVT Life Square,,mixed
blr_2e0a038bec83eb71,NVT Life Square,near nvt life square,NVT Life Square,,mixed
blr_2e0a038bec83eb71,NVT Life Square,around nvt life square,NVT Life Square,,mixed
blr_2e0a038bec83eb71,NVT Life Square,nvt life square area,NVT Life Square,,mixed
blr_152cc49ad3619c16,DSR Parkway,dsr parkway,DSR Parkway,,mixed
blr_152cc49ad3619c16,DSR Parkway,in dsr parkway,DSR Parkway,,mixed
blr_152cc49ad3619c16,DSR Parkway,near dsr parkway,DSR Parkway,,mixed
blr_152cc49ad3619c16,DSR Parkway,around dsr parkway,DSR Parkway,,mixed
blr_152cc49ad3619c16,DSR Parkway,dsr parkway area,DSR Parkway,,mixed
blr_80044cd55e20ca2b,Woodsong Around the Mangoes,woodsong around the mangoes,Woodsong Around the Mangoes,,mixed
blr_80044cd55e20ca2b,Woodsong Around the Mangoes,in woodsong around the mangoes,Woodsong Around the Mangoes,,mixed
blr_80044cd55e20ca2b,Woodsong Around the Mangoes,near woodsong around the mangoes,Woodsong Around the Mangoes,,mixed
blr_80044cd55e20ca2b,Woodsong Around the Mangoes,around woodsong around the mangoes,Woodsong Around the Mangoes,,mixed
blr_80044cd55e20ca2b,Woodsong Around the Mangoes,woodsong around the mangoes area,Woodsong Around the Mangoes,,mixed
blr_e2479a372001913a,SSVR Laurel,ssvr laurel,SSVR Laurel,,mixed
blr_e2479a372001913a,SSVR Laurel,in ssvr laurel,SSVR Laurel,,mixed
blr_e2479a372001913a,SSVR Laurel,near ssvr laurel,SSVR Laurel,,mixed
blr_e2479a372001913a,SSVR Laurel,around ssvr laurel,SSVR Laurel,,mixed
blr_e2479a372001913a,SSVR Laurel,ssvr laurel area,SSVR Laurel,,mixed
blr_3993cc5b0cd6f343,SLS Sapphire,sls sapphire,SLS Sapphire,,mixed
blr_3993cc5b0cd6f343,SLS Sapphire,in sls sapphire,SLS Sapphire,,mixed
blr_3993cc5b0cd6f343,SLS Sapphire,near sls sapphire,SLS Sapphire,,mixed
blr_3993cc5b0cd6f343,SLS Sapphire,around sls sapphire,SLS Sapphire,,mixed
blr_3993cc5b0cd6f343,SLS Sapphire,sls sapphire area,SLS Sapphire,,mixed
blr_bf5f9ee8227dbd44,J S Sunflower,j s sunflower,J S Sunflower,,mixed
blr_bf5f9ee8227dbd44,J S Sunflower,in j s sunflower,J S Sunflower,,mixed
blr_bf5f9ee8227dbd44,J S Sunflower,near j s sunflower,J S Sunflower,,mixed
blr_bf5f9ee8227dbd44,J S Sunflower,around j s sunflower,J S Sunflower,,mixed
blr_bf5f9ee8227dbd44,J S Sunflower,j s sunflower area,J S Sunflower,,mixed
blr_3e59df63a3b7f22e,DRDO Phase 2nd,drdo phase second,DRDO Phase 2,,mixed
blr_3e59df63a3b7f22e,DRDO Phase 2nd,drdo phase two,DRDO Phase 2,,mixed
blr_3e59df63a3b7f22e,DRDO Phase 2nd,drdo phase 2nd,DRDO Phase 2,,mixed
blr_3e59df63a3b7f22e,DRDO Phase 2nd,in drdo phase second,DRDO Phase 2,,mixed
blr_3e59df63a3b7f22e,DRDO Phase 2nd,near drdo phase two,DRDO Phase 2,,mixed
blr_2502e7798c83ebbb,SRPC Quarters,srpc quarters,SRPC Quarters,,mixed
blr_2502e7798c83ebbb,SRPC Quarters,in srpc quarters,SRPC Quarters,,mixed
blr_2502e7798c83ebbb,SRPC Quarters,near srpc quarters,SRPC Quarters,,mixed
blr_2502e7798c83ebbb,SRPC Quarters,around srpc quarters,SRPC Quarters,,mixed
blr_2502e7798c83ebbb,SRPC Quarters,srpc quarters area,SRPC Quarters,,mixed
blr_892a30e2f93ba537,NAB building U turn,nab building u turn,NAB building U turn,,mixed
blr_892a30e2f93ba537,NAB building U turn,in nab building u turn,NAB building U turn,,mixed
blr_892a30e2f93ba537,NAB building U turn,near nab building u turn,NAB building U turn,,mixed
blr_892a30e2f93ba537,NAB building U turn,around nab building u turn,NAB building U turn,,mixed
blr_892a30e2f93ba537,NAB building U turn,nab building u turn area,NAB building U turn,,mixed
blr_a306feb3d17d4b5c,TJR Street,tjr street,TJR Street,,mixed
blr_a306feb3d17d4b5c,TJR Street,in tjr street,TJR Street,,mixed
blr_a306feb3d17d4b5c,TJR Street,near tjr street,TJR Street,,mixed
blr_a306feb3d17d4b5c,TJR Street,around tjr street,TJR Street,,mixed
blr_a306feb3d17d4b5c,TJR Street,tjr street area,TJR Street,,mixed
blr_fac8ab0c1477c449,NCBS buggy road,ncbs buggy road,NCBS buggy road,,mixed
blr_fac8ab0c1477c449,NCBS buggy road,in ncbs buggy road,NCBS buggy road,,mixed
blr_fac8ab0c1477c449,NCBS buggy road,near ncbs buggy road,NCBS buggy road,,mixed
blr_fac8ab0c1477c449,NCBS buggy road,around ncbs buggy road,NCBS buggy road,,mixed
blr_fac8ab0c1477c449,NCBS buggy road,ncbs buggy road area,NCBS buggy road,,mixed
blr_da7807a4789d16ef,32 Richmond,32 richmond,32 Richmond,,mixed
blr_da7807a4789d16ef,32 Richmond,in 32 richmond,32 Richmond,,mixed
blr_da7807a4789d16ef,32 Richmond,near 32 richmond,32 Richmond,,mixed
blr_da7807a4789d16ef,32 Richmond,around 32 richmond,32 Richmond,,mixed
blr_da7807a4789d16ef,32 Richmond,32 richmond area,32 Richmond,,mixed
blr_f48bc0c00b44430f,NCBS (Hole In the Wall),ncbs hole in the wall,NCBS (Hole In the Wall),,mixed
blr_f48bc0c00b44430f,NCBS (Hole In the Wall),in ncbs hole in the wall,NCBS (Hole In the Wall),,mixed
blr_f48bc0c00b44430f,NCBS (Hole In the Wall),near ncbs hole in the wall,NCBS (Hole In the Wall),,mixed
blr_f48bc0c00b44430f,NCBS (Hole In the Wall),around ncbs hole in the wall,NCBS (Hole In the Wall),,mixed
blr_f48bc0c00b44430f,NCBS (Hole In the Wall),ncbs hole in the wall area,NCBS (Hole In the Wall),,mixed
blr_e38e370c546123c1,2nd Cross St,2nd cross st,2nd Cross St,,mixed
blr_e38e370c546123c1,2nd Cross St,two cross st,2nd Cross St,,mixed
blr_e38e370c546123c1,2nd Cross St,second cross st,2nd Cross St,,mixed
blr_e38e370c546123c1,2nd Cross St,in 2nd cross st,2nd Cross St,,mixed
blr_e38e370c546123c1,2nd Cross St,near two cross st,2nd Cross St,,mixed
blr_a45c09464f9370f4,Naidile hostel path,naidile hostel path,Naidile hostel path,,mixed
blr_a45c09464f9370f4,Naidile hostel path,in naidile hostel path,Naidile hostel path,,mixed
blr_a45c09464f9370f4,Naidile hostel path,near naidile hostel path,Naidile hostel path,,mixed
blr_a45c09464f9370f4,Naidile hostel path,around naidile hostel path,Naidile hostel path,,mixed
blr_a45c09464f9370f4,Naidile hostel path,naidile hostel path area,Naidile hostel path,,mixed
blr_1bc0f96b485dc783,Gnanabharati Layout 2nd,gnanabharati layout second,Gnanabharati Layout 2,,mixed
blr_1bc0f96b485dc783,Gnanabharati Layout 2nd,gnanabharati layout 2nd,Gnanabharati Layout 2,,mixed
blr_1bc0f96b485dc783,Gnanabharati Layout 2nd,gnanabharati layout two,Gnanabharati Layout 2,,mixed
blr_1bc0f96b485dc783,Gnanabharati Layout 2nd,in gnanabharati layout second,Gnanabharati Layout 2,,mixed
blr_1bc0f96b485dc783,Gnanabharati Layout 2nd,near gnanabharati layout 2nd,Gnanabharati Layout 2,,mixed
blr_a120b9bcd5a3244f,Sobha HRC Pristine,sobha hrc pristine,Sobha HRC Pristine,,mixed
blr_a120b9bcd5a3244f,Sobha HRC Pristine,in sobha hrc pristine,Sobha HRC Pristine,,mixed
blr_a120b9bcd5a3244f,Sobha HRC Pristine,near sobha hrc pristine,Sobha HRC Pristine,,mixed
blr_a120b9bcd5a3244f,Sobha HRC Pristine,around sobha hrc pristine,Sobha HRC Pristine,,mixed
blr_a120b9bcd5a3244f,Sobha HRC Pristine,sobha hrc pristine area,Sobha HRC Pristine,,mixed
blr_9dbb1d6fda8f3ca8,4th Cross Road Road,4th cross road road,4th Cross Road Road,,mixed
blr_9dbb1d6fda8f3ca8,4th Cross Road Road,fourth cross road road,4th Cross Road Road,,mixed
blr_9dbb1d6fda8f3ca8,4th Cross Road Road,four cross road road,4th Cross Road Road,,mixed
blr_9dbb1d6fda8f3ca8,4th Cross Road Road,in 4th cross road road,4th Cross Road Road,,mixed
blr_9dbb1d6fda8f3ca8,4th Cross Road Road,near fourth cross road road,4th Cross Road Road,,mixed
blr_8a5ef7e1e53ba75f,MIA Road,mia road,MIA Road,,mixed
blr_8a5ef7e1e53ba75f,MIA Road,in mia road,MIA Road,,mixed
blr_8a5ef7e1e53ba75f,MIA Road,near mia road,MIA Road,,mixed
blr_8a5ef7e1e53ba75f,MIA Road,around mia road,MIA Road,,mixed
blr_8a5ef7e1e53ba75f,MIA Road,mia road area,MIA Road,,mixed
blr_639b5d4f9832e5ce,SKAV Aastha,skav aastha,SKAV Aastha,,mixed
blr_639b5d4f9832e5ce,SKAV Aastha,in skav aastha,SKAV Aastha,,mixed
blr_639b5d4f9832e5ce,SKAV Aastha,near skav aastha,SKAV Aastha,,mixed
blr_639b5d4f9832e5ce,SKAV Aastha,around skav aastha,SKAV Aastha,,mixed
blr_639b5d4f9832e5ce,SKAV Aastha,skav aastha area,SKAV Aastha,,mixed
blr_ff0addd04d628d9a,Residence of Commissioner of Police,residence of commissioner of police,Residence of Commissioner of Police,,mixed
blr_ff0addd04d628d9a,Residence of Commissioner of Police,in residence of commissioner of police,Residence of Commissioner of Police,,mixed
blr_ff0addd04d628d9a,Residence of Commissioner of Police,near residence of commissioner of police,Residence of Commissioner of Police,,mixed
blr_ff0addd04d628d9a,Residence of Commissioner of Police,around residence of commissioner of police,Residence of Commissioner of Police,,mixed
blr_ff0addd04d628d9a,Residence of Commissioner of Police,residence of commissioner of police area,Residence of Commissioner of Police,,mixed
blr_6f34d3e433d4a941,MS Palazzo Road,ms palazzo road,MS Palazzo Road,,mixed
blr_6f34d3e433d4a941,MS Palazzo Road,in ms palazzo road,MS Palazzo Road,,mixed
blr_6f34d3e433d4a941,MS Palazzo Road,near ms palazzo road,MS Palazzo Road,,mixed
blr_6f34d3e433d4a941,MS Palazzo Road,around ms palazzo road,MS Palazzo Road,,mixed
blr_6f34d3e433d4a941,MS Palazzo Road,ms palazzo road area,MS Palazzo Road,,mixed
blr_ab2264e3a87dd1cc,MS Palazzo Apartments,ms palazzo apartments,MS Palazzo Apartments,,mixed
blr_ab2264e3a87dd1cc,MS Palazzo Apartments,in ms palazzo apartments,MS Palazzo Apartments,,mixed
blr_ab2264e3a87dd1cc,MS Palazzo Apartments,near ms palazzo apartments,MS Palazzo Apartments,,mixed
blr_ab2264e3a87dd1cc,MS Palazzo Apartments,around ms palazzo apartments,MS Palazzo Apartments,,mixed
blr_ab2264e3a87dd1cc,MS Palazzo Apartments,ms palazzo apartments area,MS Palazzo Apartments,,mixed
blr_d433da29848da9da,ITPL Main Road,itpl main road,ITPL Main Road,,mixed
blr_d433da29848da9da,ITPL Main Road,in itpl main road,ITPL Main Road,,mixed
blr_d433da29848da9da,ITPL Main Road,near itpl main road,ITPL Main Road,,mixed
blr_d433da29848da9da,ITPL Main Road,around itpl main road,ITPL Main Road,,mixed
blr_d433da29848da9da,ITPL Main Road,itpl main road area,ITPL Main Road,,mixed
blr_5ea6f95df2229065,3rd Cross Basappa Road,three cross basappa road,3rd Cross Basappa Road,,mixed
blr_5ea6f95df2229065,3rd Cross Basappa Road,third cross basappa road,3rd Cross Basappa Road,,mixed
blr_5ea6f95df2229065,3rd Cross Basappa Road,3rd cross basappa road,3rd Cross Basappa Road,,mixed
blr_5ea6f95df2229065,3rd Cross Basappa Road,in three cross basappa road,3rd Cross Basappa Road,,mixed
blr_5ea6f95df2229065,3rd Cross Basappa Road,near third cross basappa road,3rd Cross Basappa Road,,mixed
blr_6350dccab4b8c182,O Block Approach Road,o block approach road,O Block Approach Road,,mixed
blr_6350dccab4b8c182,O Block Approach Road,in o block approach road,O Block Approach Road,,mixed
blr_6350dccab4b8c182,O Block Approach Road,near o block approach road,O Block Approach Road,,mixed
blr_6350dccab4b8c182,O Block Approach Road,around o block approach road,O Block Approach Road,,mixed
blr_6350dccab4b8c182,O Block Approach Road,o block approach road area,O Block Approach Road,,mixed
blr_52449c561feaad71,Kumar iLife Urbana Apartments,kumar ilife urbana apartments,Kumar iLife Urbana Apartments,,mixed
blr_52449c561feaad71,Kumar iLife Urbana Apartments,in kumar ilife urbana apartments,Kumar iLife Urbana Apartments,,mixed
blr_52449c561feaad71,Kumar iLife Urbana Apartments,near kumar ilife urbana apartments,Kumar iLife Urbana Apartments,,mixed
blr_52449c561feaad71,Kumar iLife Urbana Apartments,around kumar ilife urbana apartments,Kumar iLife Urbana Apartments,,mixed
blr_52449c561feaad71,Kumar iLife Urbana Apartments,kumar ilife urbana apartments area,Kumar iLife Urbana Apartments,,mixed
blr_d162828021401516,LuLu Global Mall Underpass,lulu global mall underpass,LuLu Global Mall Underpass,,mixed
blr_d162828021401516,LuLu Global Mall Underpass,in lulu global mall underpass,LuLu Global Mall Underpass,,mixed
blr_d162828021401516,LuLu Global Mall Underpass,near lulu global mall underpass,LuLu Global Mall Underpass,,mixed
blr_d162828021401516,LuLu Global Mall Underpass,around lulu global mall underpass,LuLu Global Mall Underpass,,mixed
blr_d162828021401516,LuLu Global Mall Underpass,lulu global mall underpass area,LuLu Global Mall Underpass,,mixed
blr_df68ecc5e0888bc2,MV Jayaram Road,mv jayaram road,MV Jayaram Road,,mixed
blr_df68ecc5e0888bc2,MV Jayaram Road,in mv jayaram road,MV Jayaram Road,,mixed
blr_df68ecc5e0888bc2,MV Jayaram Road,near mv jayaram road,MV Jayaram Road,,mixed
blr_df68ecc5e0888bc2,MV Jayaram Road,around mv jayaram road,MV Jayaram Road,,mixed
blr_df68ecc5e0888bc2,MV Jayaram Road,mv jayaram road area,MV Jayaram Road,,mixed
blr_52072a582ffc7d9a,ISRO Slum,isro slum,ISRO Slum,,mixed
blr_52072a582ffc7d9a,ISRO Slum,in isro slum,ISRO Slum,,mixed
blr_52072a582ffc7d9a,ISRO Slum,near isro slum,ISRO Slum,,mixed
blr_52072a582ffc7d9a,ISRO Slum,around isro slum,ISRO Slum,,mixed
blr_52072a582ffc7d9a,ISRO Slum,isro slum area,ISRO Slum,,mixed
blr_9f6d231493a3e53f,CiSTUP Internal Road,cistup internal road,CiSTUP Internal Road,,mixed
blr_9f6d231493a3e53f,CiSTUP Internal Road,in cistup internal road,CiSTUP Internal Road,,mixed
blr_9f6d231493a3e53f,CiSTUP Internal Road,near cistup internal road,CiSTUP Internal Road,,mixed
blr_9f6d231493a3e53f,CiSTUP Internal Road,around cistup internal road,CiSTUP Internal Road,,mixed
blr_9f6d231493a3e53f,CiSTUP Internal Road,cistup internal road area,CiSTUP Internal Road,,mixed
blr_021bdf2a88370aa2,Ranka D Paradise,ranka d paradise,Ranka D Paradise,,mixed
blr_021bdf2a88370aa2,Ranka D Paradise,in ranka d paradise,Ranka D Paradise,,mixed
blr_021bdf2a88370aa2,Ranka D Paradise,near ranka d paradise,Ranka D Paradise,,mixed
blr_021bdf2a88370aa2,Ranka D Paradise,around ranka d paradise,Ranka D Paradise,,mixed
blr_021bdf2a88370aa2,Ranka D Paradise,ranka d paradise area,Ranka D Paradise,,mixed
blr_0507df2a431488f9,Kristal Tiara Internal road,kristal tiara internal road,Kristal Tiara Internal road,,mixed
blr_0507df2a431488f9,Kristal Tiara Internal road,in kristal tiara internal road,Kristal Tiara Internal road,,mixed
blr_0507df2a431488f9,Kristal Tiara Internal road,near kristal tiara internal road,Kristal Tiara Internal road,,mixed
blr_0507df2a431488f9,Kristal Tiara Internal road,around kristal tiara internal road,Kristal Tiara Internal road,,mixed
blr_0507df2a431488f9,Kristal Tiara Internal road,kristal tiara internal road area,Kristal Tiara Internal road,,mixed
blr_db891011add340ef,Narmada SHIG,narmada shig,Narmada SHIG,,mixed
blr_db891011add340ef,Narmada SHIG,in narmada shig,Narmada SHIG,,mixed
blr_db891011add340ef,Narmada SHIG,near narmada shig,Narmada SHIG,,mixed
blr_db891011add340ef,Narmada SHIG,around narmada shig,Narmada SHIG,,mixed
blr_db891011add340ef,Narmada SHIG,narmada shig area,Narmada SHIG,,mixed
blr_6417e67be833cb62,NLSIU Road,nlsiu road,NLSIU Road,,mixed
blr_6417e67be833cb62,NLSIU Road,in nlsiu road,NLSIU Road,,mixed
blr_6417e67be833cb62,NLSIU Road,near nlsiu road,NLSIU Road,,mixed
blr_6417e67be833cb62,NLSIU Road,around nlsiu road,NLSIU Road,,mixed
blr_6417e67be833cb62,NLSIU Road,nlsiu road area,NLSIU Road,,mixed
blr_f916d152b7245ecf,Manikchand 117FF,manikchand 117ff,Manikchand 117FF,,mixed
blr_f916d152b7245ecf,Manikchand 117FF,in manikchand 117ff,Manikchand 117FF,,mixed
blr_f916d152b7245ecf,Manikchand 117FF,near manikchand 117ff,Manikchand 117FF,,mixed
blr_f916d152b7245ecf,Manikchand 117FF,around manikchand 117ff,Manikchand 117FF,,mixed
blr_f916d152b7245ecf,Manikchand 117FF,manikchand 117ff area,Manikchand 117FF,,mixed
blr_3de65e2783d40859,Prof. VG Kubair Apartments,prof vg kubair apartments,Prof. VG Kubair Apartments,,mixed
blr_3de65e2783d40859,Prof. VG Kubair Apartments,in prof vg kubair apartments,Prof. VG Kubair Apartments,,mixed
blr_3de65e2783d40859,Prof. VG Kubair Apartments,near prof vg kubair apartments,Prof. VG Kubair Apartments,,mixed
blr_3de65e2783d40859,Prof. VG Kubair Apartments,around prof vg kubair apartments,Prof. VG Kubair Apartments,,mixed
blr_3de65e2783d40859,Prof. VG Kubair Apartments,prof vg kubair apartments area,Prof. VG Kubair Apartments,,mixed
blr_38e846762264fa7f,E Park Road,e park road,E Park Road,,mixed
blr_38e846762264fa7f,E Park Road,in e park road,E Park Road,,mixed
blr_38e846762264fa7f,E Park Road,near e park road,E Park Road,,mixed
blr_38e846762264fa7f,E Park Road,around e park road,E Park Road,,mixed
blr_38e846762264fa7f,E Park Road,e park road area,E Park Road,,mixed
blr_b9c5eaeae7a6c594,SLS Signature,sls signature,SLS Signature,,mixed
blr_b9c5eaeae7a6c594,SLS Signature,in sls signature,SLS Signature,,mixed
blr_b9c5eaeae7a6c594,SLS Signature,near sls signature,SLS Signature,,mixed
blr_b9c5eaeae7a6c594,SLS Signature,around sls signature,SLS Signature,,mixed
blr_b9c5eaeae7a6c594,SLS Signature,sls signature area,SLS Signature,,mixed
blr_3133482bd71370b9,SV Brindhavan Apartments,sv brindhavan apartments,SV Brindhavan Apartments,,mixed
blr_3133482bd71370b9,SV Brindhavan Apartments,in sv brindhavan apartments,SV Brindhavan Apartments,,mixed
blr_3133482bd71370b9,SV Brindhavan Apartments,near sv brindhavan apartments,SV Brindhavan Apartments,,mixed
blr_3133482bd71370b9,SV Brindhavan Apartments,around sv brindhavan apartments,SV Brindhavan Apartments,,mixed
blr_3133482bd71370b9,SV Brindhavan Apartments,sv brindhavan apartments area,SV Brindhavan Apartments,,mixed
blr_bc731dd2891e9a04,GKVK Road Underpass,gkvk road underpass,GKVK Road Underpass,,mixed
blr_bc731dd2891e9a04,GKVK Road Underpass,in gkvk road underpass,GKVK Road Underpass,,mixed
blr_bc731dd2891e9a04,GKVK Road Underpass,near gkvk road underpass,GKVK Road Underpass,,mixed
blr_bc731dd2891e9a04,GKVK Road Underpass,around gkvk road underpass,GKVK Road Underpass,,mixed
blr_bc731dd2891e9a04,GKVK Road Underpass,gkvk road underpass area,GKVK Road Underpass,,mixed
blr_c6608b117fc27329,Jeevan Vihar - LIC VIP Guest House,jeevan vihar  lic vip guest house,Jeevan Vihar - LIC VIP Guest House,,mixed
blr_c6608b117fc27329,Jeevan Vihar - LIC VIP Guest House,in jeevan vihar  lic vip guest house,Jeevan Vihar - LIC VIP Guest House,,mixed
blr_c6608b117fc27329,Jeevan Vihar - LIC VIP Guest House,near jeevan vihar  lic vip guest house,Jeevan Vihar - LIC VIP Guest House,,mixed
blr_c6608b117fc27329,Jeevan Vihar - LIC VIP Guest House,around jeevan vihar  lic vip guest house,Jeevan Vihar - LIC VIP Guest House,,mixed
blr_c6608b117fc27329,Jeevan Vihar - LIC VIP Guest House,jeevan vihar  lic vip guest house area,Jeevan Vihar - LIC VIP Guest House,,mixed
blr_3cba467f455955e0,HM Gladiolus,hm gladiolus,HM Gladiolus,,mixed
blr_3cba467f455955e0,HM Gladiolus,in hm gladiolus,HM Gladiolus,,mixed
blr_3cba467f455955e0,HM Gladiolus,near hm gladiolus,HM Gladiolus,,mixed
blr_3cba467f455955e0,HM Gladiolus,around hm gladiolus,HM Gladiolus,,mixed
blr_3cba467f455955e0,HM Gladiolus,hm gladiolus area,HM Gladiolus,,mixed
blr_806606db15892767,KV Hebbal Staff Quarters,kv hebbal staff quarters,KV Hebbal Staff Quarters,,mixed
blr_806606db15892767,KV Hebbal Staff Quarters,in kv hebbal staff quarters,KV Hebbal Staff Quarters,,mixed
blr_806606db15892767,KV Hebbal Staff Quarters,near kv hebbal staff quarters,KV Hebbal Staff Quarters,,mixed
blr_806606db15892767,KV Hebbal Staff Quarters,around kv hebbal staff quarters,KV Hebbal Staff Quarters,,mixed
blr_806606db15892767,KV Hebbal Staff Quarters,kv hebbal staff quarters area,KV Hebbal Staff Quarters,,mixed
blr_27a5f6cd23b607e6,Everest and Kailash Apartments,everest and kailash apartments,Everest and Kailash Apartments,,mixed
blr_27a5f6cd23b607e6,Everest and Kailash Apartments,in everest and kailash apartments,Everest and Kailash Apartments,,mixed
blr_27a5f6cd23b607e6,Everest and Kailash Apartments,near everest and kailash apartments,Everest and Kailash Apartments,,mixed
blr_27a5f6cd23b607e6,Everest and Kailash Apartments,around everest and kailash apartments,Everest and Kailash Apartments,,mixed
blr_27a5f6cd23b607e6,Everest and Kailash Apartments,everest and kailash apartments area,Everest and Kailash Apartments,,mixed
blr_7a3a239dfbd26988,SLS Sunrise,sls sunrise,SLS Sunrise,,mixed
blr_7a3a239dfbd26988,SLS Sunrise,in sls sunrise,SLS Sunrise,,mixed
blr_7a3a239dfbd26988,SLS Sunrise,near sls sunrise,SLS Sunrise,,mixed
blr_7a3a239dfbd26988,SLS Sunrise,around sls sunrise,SLS Sunrise,,mixed
blr_7a3a239dfbd26988,SLS Sunrise,sls sunrise area,SLS Sunrise,,mixed
blr_2a41f4e2c60a7146,Prestige Song of the South,prestige song of the south,Prestige Song of the South,,mixed
blr_2a41f4e2c60a7146,Prestige Song of the South,in prestige song of the south,Prestige Song of the South,,mixed
blr_2a41f4e2c60a7146,Prestige Song of the South,near prestige song of the south,Prestige Song of the South,,mixed
blr_2a41f4e2c60a7146,Prestige Song of the South,around prestige song of the south,Prestige Song of the South,,mixed
blr_2a41f4e2c60a7146,Prestige Song of the South,prestige song of the south area,Prestige Song of the South,,mixed
blr_edf22f1b0de520ed,RJ Brookesquare,rj brookesquare,RJ Brookesquare,,mixed
blr_edf22f1b0de520ed,RJ Brookesquare,in rj brookesquare,RJ Brookesquare,,mixed
blr_edf22f1b0de520ed,RJ Brookesquare,near rj brookesquare,RJ Brookesquare,,mixed
blr_edf22f1b0de520ed,RJ Brookesquare,around rj brookesquare,RJ Brookesquare,,mixed
blr_edf22f1b0de520ed,RJ Brookesquare,rj brookesquare area,RJ Brookesquare,,mixed
blr_d62cc87881352dad,JR Layout,jr layout,JR Layout,,mixed
blr_d62cc87881352dad,JR Layout,in jr layout,JR Layout,,mixed
blr_d62cc87881352dad,JR Layout,near jr layout,JR Layout,,mixed
blr_d62cc87881352dad,JR Layout,around jr layout,JR Layout,,mixed
blr_d62cc87881352dad,JR Layout,jr layout area,JR Layout,,mixed
blr_e26cf6359bd59963,BS Green,bs green,BS Green,,mixed
blr_e26cf6359bd59963,BS Green,in bs green,BS Green,,mixed
blr_e26cf6359bd59963,BS Green,near bs green,BS Green,,mixed
blr_e26cf6359bd59963,BS Green,around bs green,BS Green,,mixed
blr_e26cf6359bd59963,BS Green,bs green area,BS Green,,mixed
blr_e7c1cfa9a14ceb34,CMRS Royal Orchids,cmrs royal orchids,CMRS Royal Orchids,,mixed
blr_e7c1cfa9a14ceb34,CMRS Royal Orchids,in cmrs royal orchids,CMRS Royal Orchids,,mixed
blr_e7c1cfa9a14ceb34,CMRS Royal Orchids,near cmrs royal orchids,CMRS Royal Orchids,,mixed
blr_e7c1cfa9a14ceb34,CMRS Royal Orchids,around cmrs royal orchids,CMRS Royal Orchids,,mixed
blr_e7c1cfa9a14ceb34,CMRS Royal Orchids,cmrs royal orchids area,CMRS Royal Orchids,,mixed
blr_c7ba979314b9feb9,Vaishnovi TNR,vaishnovi tnr,Vaishnovi TNR,,mixed
blr_c7ba979314b9feb9,Vaishnovi TNR,in vaishnovi tnr,Vaishnovi TNR,,mixed
blr_c7ba979314b9feb9,Vaishnovi TNR,near vaishnovi tnr,Vaishnovi TNR,,mixed
blr_c7ba979314b9feb9,Vaishnovi TNR,around vaishnovi tnr,Vaishnovi TNR,,mixed
blr_c7ba979314b9feb9,Vaishnovi TNR,vaishnovi tnr area,Vaishnovi TNR,,mixed
blr_56cee823123759e4,House of Hiranandani Queensgate,house of hiranandani queensgate,House of Hiranandani Queensgate,,mixed
blr_56cee823123759e4,House of Hiranandani Queensgate,in house of hiranandani queensgate,House of Hiranandani Queensgate,,mixed
blr_56cee823123759e4,House of Hiranandani Queensgate,near house of hiranandani queensgate,House of Hiranandani Queensgate,,mixed
blr_56cee823123759e4,House of Hiranandani Queensgate,around house of hiranandani queensgate,House of Hiranandani Queensgate,,mixed
blr_56cee823123759e4,House of Hiranandani Queensgate,house of hiranandani queensgate area,House of Hiranandani Queensgate,,mixed
blr_c5ff8f7e87e89565,YS Jagan Mohan Reddy House,ys jagan mohan reddy house,YS Jagan Mohan Reddy House,,mixed
blr_c5ff8f7e87e89565,YS Jagan Mohan Reddy House,in ys jagan mohan reddy house,YS Jagan Mohan Reddy House,,mixed
blr_c5ff8f7e87e89565,YS Jagan Mohan Reddy House,near ys jagan mohan reddy house,YS Jagan Mohan Reddy House,,mixed
blr_c5ff8f7e87e89565,YS Jagan Mohan Reddy House,around ys jagan mohan reddy house,YS Jagan Mohan Reddy House,,mixed
blr_c5ff8f7e87e89565,YS Jagan Mohan Reddy House,ys jagan mohan reddy house area,YS Jagan Mohan Reddy House,,mixed
blr_847aee530572b227,KHB Quarters,khb quarters,KHB Quarters,,mixed
blr_847aee530572b227,KHB Quarters,in khb quarters,KHB Quarters,,mixed
blr_847aee530572b227,KHB Quarters,near khb quarters,KHB Quarters,,mixed
blr_847aee530572b227,KHB Quarters,around khb quarters,KHB Quarters,,mixed
blr_847aee530572b227,KHB Quarters,khb quarters area,KHB Quarters,,mixed
blr_827e991b1e7b70d9,RGRHCL,rgrhcl,RGRHCL,,mixed
blr_827e991b1e7b70d9,RGRHCL,in rgrhcl,RGRHCL,,mixed
blr_827e991b1e7b70d9,RGRHCL,near rgrhcl,RGRHCL,,mixed
blr_827e991b1e7b70d9,RGRHCL,around rgrhcl,RGRHCL,,mixed
blr_827e991b1e7b70d9,RGRHCL,rgrhcl area,RGRHCL,,mixed
blr_33a36d023add7b68,MIMS Habitat,mims habitat,MIMS Habitat,,mixed
blr_33a36d023add7b68,MIMS Habitat,in mims habitat,MIMS Habitat,,mixed
blr_33a36d023add7b68,MIMS Habitat,near mims habitat,MIMS Habitat,,mixed
blr_33a36d023add7b68,MIMS Habitat,around mims habitat,MIMS Habitat,,mixed
blr_33a36d023add7b68,MIMS Habitat,mims habitat area,MIMS Habitat,,mixed
blr_7f24dda72ddc2959,Sravya Flute 1st,sravya flute 1st,Sravya Flute 1,,mixed
blr_7f24dda72ddc2959,Sravya Flute 1st,in sravya flute 1st,Sravya Flute 1,,mixed
blr_7f24dda72ddc2959,Sravya Flute 1st,near sravya flute 1st,Sravya Flute 1,,mixed
blr_7f24dda72ddc2959,Sravya Flute 1st,around sravya flute 1st,Sravya Flute 1,,mixed
blr_7f24dda72ddc2959,Sravya Flute 1st,sravya flute 1st area,Sravya Flute 1,,mixed
blr_b3e51c57bd003fcf,KR Puram Police Quarters,kr puram police quarters,KR Puram Police Quarters,,mixed
blr_b3e51c57bd003fcf,KR Puram Police Quarters,in kr puram police quarters,KR Puram Police Quarters,,mixed
blr_b3e51c57bd003fcf,KR Puram Police Quarters,near kr puram police quarters,KR Puram Police Quarters,,mixed
blr_b3e51c57bd003fcf,KR Puram Police Quarters,around kr puram police quarters,KR Puram Police Quarters,,mixed
blr_b3e51c57bd003fcf,KR Puram Police Quarters,kr puram police quarters area,KR Puram Police Quarters,,mixed
blr_bacacb9ec6106a91,DSR White Lotus,dsr white lotus,DSR White Lotus,,mixed
blr_bacacb9ec6106a91,DSR White Lotus,in dsr white lotus,DSR White Lotus,,mixed
blr_bacacb9ec6106a91,DSR White Lotus,near dsr white lotus,DSR White Lotus,,mixed
blr_bacacb9ec6106a91,DSR White Lotus,around dsr white lotus,DSR White Lotus,,mixed
blr_bacacb9ec6106a91,DSR White Lotus,dsr white lotus area,DSR White Lotus,,mixed
blr_7bab25d526b2fd5e,SV Signature,sv signature,SV Signature,,mixed
blr_7bab25d526b2fd5e,SV Signature,in sv signature,SV Signature,,mixed
blr_7bab25d526b2fd5e,SV Signature,near sv signature,SV Signature,,mixed
blr_7bab25d526b2fd5e,SV Signature,around sv signature,SV Signature,,mixed
blr_7bab25d526b2fd5e,SV Signature,sv signature area,SV Signature,,mixed
blr_c87ab2d749125846,KPSC Vidhana Soudha Layout,kpsc vidhana soudha layout,KPSC Vidhana Soudha Layout,,mixed
blr_c87ab2d749125846,KPSC Vidhana Soudha Layout,in kpsc vidhana soudha layout,KPSC Vidhana Soudha Layout,,mixed
blr_c87ab2d749125846,KPSC Vidhana Soudha Layout,near kpsc vidhana soudha layout,KPSC Vidhana Soudha Layout,,mixed
blr_c87ab2d749125846,KPSC Vidhana Soudha Layout,around kpsc vidhana soudha layout,KPSC Vidhana Soudha Layout,,mixed
blr_c87ab2d749125846,KPSC Vidhana Soudha Layout,kpsc vidhana soudha layout area,KPSC Vidhana Soudha Layout,,mixed
blr_09a1a2c86fe0e33a,RMZ Sawaan,rmz sawaan,RMZ Sawaan,,mixed
blr_09a1a2c86fe0e33a,RMZ Sawaan,in rmz sawaan,RMZ Sawaan,,mixed
blr_09a1a2c86fe0e33a,RMZ Sawaan,near rmz sawaan,RMZ Sawaan,,mixed
blr_09a1a2c86fe0e33a,RMZ Sawaan,around rmz sawaan,RMZ Sawaan,,mixed
blr_09a1a2c86fe0e33a,RMZ Sawaan,rmz sawaan area,RMZ Sawaan,,mixed
blr_ff3b17a1173614bc,GSP lab,gsp lab,GSP lab,,mixed
blr_ff3b17a1173614bc,GSP lab,in gsp lab,GSP lab,,mixed
blr_ff3b17a1173614bc,GSP lab,near gsp lab,GSP lab,,mixed
blr_ff3b17a1173614bc,GSP lab,around gsp lab,GSP lab,,mixed
blr_ff3b17a1173614bc,GSP lab,gsp lab area,GSP lab,,mixed
blr_b7c610283e9b2e01,KPWD Quarters,kpwd quarters,KPWD Quarters,,mixed
blr_b7c610283e9b2e01,KPWD Quarters,in kpwd quarters,KPWD Quarters,,mixed
blr_b7c610283e9b2e01,KPWD Quarters,near kpwd quarters,KPWD Quarters,,mixed
blr_b7c610283e9b2e01,KPWD Quarters,around kpwd quarters,KPWD Quarters,,mixed
blr_b7c610283e9b2e01,KPWD Quarters,kpwd quarters area,KPWD Quarters,,mixed
blr_43d0fd7432f41774,HAL Old Airport Road Underpass,hal old airport road underpass,HAL Old Airport Road Underpass,,mixed
blr_43d0fd7432f41774,HAL Old Airport Road Underpass,in hal old airport road underpass,HAL Old Airport Road Underpass,,mixed
blr_43d0fd7432f41774,HAL Old Airport Road Underpass,near hal old airport road underpass,HAL Old Airport Road Underpass,,mixed
blr_43d0fd7432f41774,HAL Old Airport Road Underpass,around hal old airport road underpass,HAL Old Airport Road Underpass,,mixed
blr_43d0fd7432f41774,HAL Old Airport Road Underpass,hal old airport road underpass area,HAL Old Airport Road Underpass,,mixed
blr_93cf5050bf94205c,2nd B Road,2nd b road,2nd B Road,,mixed
blr_93cf5050bf94205c,2nd B Road,two b road,2nd B Road,,mixed
blr_93cf5050bf94205c,2nd B Road,second b road,2nd B Road,,mixed
blr_93cf5050bf94205c,2nd B Road,in 2nd b road,2nd B Road,,mixed
blr_93cf5050bf94205c,2nd B Road,near two b road,2nd B Road,,mixed
blr_61e53dd06c4831b3,16th Cross,1six cross,16th Cross,,mixed
blr_61e53dd06c4831b3,16th Cross,1sixth cross,16th Cross,,mixed
blr_61e53dd06c4831b3,16th Cross,16th cross,16th Cross,,mixed
blr_61e53dd06c4831b3,16th Cross,in 1six cross,16th Cross,,mixed
blr_61e53dd06c4831b3,16th Cross,near 1sixth cross,16th Cross,,mixed
blr_62222c605468c921,VDB Cardinal,vdb cardinal,VDB Cardinal,,mixed
blr_62222c605468c921,VDB Cardinal,in vdb cardinal,VDB Cardinal,,mixed
blr_62222c605468c921,VDB Cardinal,near vdb cardinal,VDB Cardinal,,mixed
blr_62222c605468c921,VDB Cardinal,around vdb cardinal,VDB Cardinal,,mixed
blr_62222c605468c921,VDB Cardinal,vdb cardinal area,VDB Cardinal,,mixed
blr_979b172af9b64f3f,DNR Casablanca,dnr casablanca,DNR Casablanca,,mixed
blr_979b172af9b64f3f,DNR Casablanca,in dnr casablanca,DNR Casablanca,,mixed
blr_979b172af9b64f3f,DNR Casablanca,near dnr casablanca,DNR Casablanca,,mixed
blr_979b172af9b64f3f,DNR Casablanca,around dnr casablanca,DNR Casablanca,,mixed
blr_979b172af9b64f3f,DNR Casablanca,dnr casablanca area,DNR Casablanca,,mixed
blr_e0ec48c7cd04f709,RBI Office Quarters,rbi office quarters,RBI Office Quarters,,mixed
blr_e0ec48c7cd04f709,RBI Office Quarters,in rbi office quarters,RBI Office Quarters,,mixed
blr_e0ec48c7cd04f709,RBI Office Quarters,near rbi office quarters,RBI Office Quarters,,mixed
blr_e0ec48c7cd04f709,RBI Office Quarters,around rbi office quarters,RBI Office Quarters,,mixed
blr_e0ec48c7cd04f709,RBI Office Quarters,rbi office quarters area,RBI Office Quarters,,mixed
blr_5b26b94e4f559e66,Uber Verdant 2nd,uber verdant two,Uber Verdant 2,,mixed
blr_5b26b94e4f559e66,Uber Verdant 2nd,uber verdant second,Uber Verdant 2,,mixed
blr_5b26b94e4f559e66,Uber Verdant 2nd,uber verdant 2nd,Uber Verdant 2,,mixed
blr_5b26b94e4f559e66,Uber Verdant 2nd,in uber verdant two,Uber Verdant 2,,mixed
blr_5b26b94e4f559e66,Uber Verdant 2nd,near uber verdant second,Uber Verdant 2,,mixed
blr_c0a851af36953056,50 D Cross road,50 d cross road,50 D Cross road,,mixed
blr_c0a851af36953056,50 D Cross road,in 50 d cross road,50 D Cross road,,mixed
blr_c0a851af36953056,50 D Cross road,near 50 d cross road,50 D Cross road,,mixed
blr_c0a851af36953056,50 D Cross road,around 50 d cross road,50 D Cross road,,mixed
blr_c0a851af36953056,50 D Cross road,50 d cross road area,50 D Cross road,,mixed
blr_13b19108046d1108,BHEL SBD Township B,bhel sbd township b,BHEL SBD Township B,,mixed
blr_13b19108046d1108,BHEL SBD Township B,in bhel sbd township b,BHEL SBD Township B,,mixed
blr_13b19108046d1108,BHEL SBD Township B,near bhel sbd township b,BHEL SBD Township B,,mixed
blr_13b19108046d1108,BHEL SBD Township B,around bhel sbd township b,BHEL SBD Township B,,mixed
blr_13b19108046d1108,BHEL SBD Township B,bhel sbd township b area,BHEL SBD Township B,,mixed
blr_0106164ff4da7dce,81st Cross Road,81st cross road,81st Cross Road,,mixed
blr_0106164ff4da7dce,81st Cross Road,in 81st cross road,81st Cross Road,,mixed
blr_0106164ff4da7dce,81st Cross Road,near 81st cross road,81st Cross Road,,mixed
blr_0106164ff4da7dce,81st Cross Road,around 81st cross road,81st Cross Road,,mixed
blr_0106164ff4da7dce,81st Cross Road,81st cross road area,81st Cross Road,,mixed
blr_19bc6637dc22382a,8th B Cross magadi road,8th b cross magadi road,8th B Cross magadi road,,mixed
blr_19bc6637dc22382a,8th B Cross magadi road,eighth b cross magadi road,8th B Cross magadi road,,mixed
blr_19bc6637dc22382a,8th B Cross magadi road,eight b cross magadi road,8th B Cross magadi road,,mixed
blr_19bc6637dc22382a,8th B Cross magadi road,in 8th b cross magadi road,8th B Cross magadi road,,mixed
blr_19bc6637dc22382a,8th B Cross magadi road,near eighth b cross magadi road,8th B Cross magadi road,,mixed
blr_aeae6af128756a39,2B Cross Street,2b cross street,2B Cross Street,,mixed
blr_aeae6af128756a39,2B Cross Street,in 2b cross street,2B Cross Street,,mixed
blr_aeae6af128756a39,2B Cross Street,near 2b cross street,2B Cross Street,,mixed
blr_aeae6af128756a39,2B Cross Street,around 2b cross street,2B Cross Street,,mixed
blr_aeae6af128756a39,2B Cross Street,2b cross street area,2B Cross Street,,mixed
blr_6cb5945d0ca4532a,Milkman A Street,milkman a street,Milkman A Street,,mixed
blr_6cb5945d0ca4532a,Milkman A Street,in milkman a street,Milkman A Street,,mixed
blr_6cb5945d0ca4532a,Milkman A Street,near milkman a street,Milkman A Street,,mixed
blr_6cb5945d0ca4532a,Milkman A Street,around milkman a street,Milkman A Street,,mixed
blr_6cb5945d0ca4532a,Milkman A Street,milkman a street area,Milkman A Street,,mixed
blr_d7772f96de7b26c7,KSRTC Quarters,ksrtc quarters,KSRTC Quarters,,mixed
blr_d7772f96de7b26c7,KSRTC Quarters,in ksrtc quarters,KSRTC Quarters,,mixed
blr_d7772f96de7b26c7,KSRTC Quarters,near ksrtc quarters,KSRTC Quarters,,mixed
blr_d7772f96de7b26c7,KSRTC Quarters,around ksrtc quarters,KSRTC Quarters,,mixed
blr_d7772f96de7b26c7,KSRTC Quarters,ksrtc quarters area,KSRTC Quarters,,mixed
blr_fce9b024f06d33b7,Hebbal Service Road towards Bengaluru,hebbal service road towards bangalore,Hebbal Service Road towards Bengaluru,,mixed
blr_fce9b024f06d33b7,Hebbal Service Road towards Bengaluru,hebbal service road towards bengaluru,Hebbal Service Road towards Bengaluru,,mixed
blr_fce9b024f06d33b7,Hebbal Service Road towards Bengaluru,in hebbal service road towards bangalore,Hebbal Service Road towards Bengaluru,,mixed
blr_fce9b024f06d33b7,Hebbal Service Road towards Bengaluru,near hebbal service road towards bengaluru,Hebbal Service Road towards Bengaluru,,mixed
blr_fce9b024f06d33b7,Hebbal Service Road towards Bengaluru,around hebbal service road towards bangalore,Hebbal Service Road towards Bengaluru,,mixed
blr_ee1ed8007f8c5a94,6A Cross Road,6a cross road,6A Cross Road,,mixed
blr_ee1ed8007f8c5a94,6A Cross Road,in 6a cross road,6A Cross Road,,mixed
blr_ee1ed8007f8c5a94,6A Cross Road,near 6a cross road,6A Cross Road,,mixed
blr_ee1ed8007f8c5a94,6A Cross Road,around 6a cross road,6A Cross Road,,mixed
blr_ee1ed8007f8c5a94,6A Cross Road,6a cross road area,6A Cross Road,,mixed
blr_99df11bdc368c5ca,WASA Layout 2nd Cross road,wasa layout second cross road,WASA Layout 2nd Cross road,,mixed
blr_99df11bdc368c5ca,WASA Layout 2nd Cross road,wasa layout two cross road,WASA Layout 2nd Cross road,,mixed
blr_99df11bdc368c5ca,WASA Layout 2nd Cross road,wasa layout 2nd cross road,WASA Layout 2nd Cross road,,mixed
blr_99df11bdc368c5ca,WASA Layout 2nd Cross road,in wasa layout second cross road,WASA Layout 2nd Cross road,,mixed
blr_99df11bdc368c5ca,WASA Layout 2nd Cross road,near wasa layout two cross road,WASA Layout 2nd Cross road,,mixed
blr_3bca80f7b61f487e,WASA Layout 3rd Cross road,wasa layout three cross road,WASA Layout 3rd Cross road,,mixed
blr_3bca80f7b61f487e,WASA Layout 3rd Cross road,wasa layout 3rd cross road,WASA Layout 3rd Cross road,,mixed
blr_3bca80f7b61f487e,WASA Layout 3rd Cross road,wasa layout third cross road,WASA Layout 3rd Cross road,,mixed
blr_3bca80f7b61f487e,WASA Layout 3rd Cross road,in wasa layout three cross road,WASA Layout 3rd Cross road,,mixed
blr_3bca80f7b61f487e,WASA Layout 3rd Cross road,near wasa layout 3rd cross road,WASA Layout 3rd Cross road,,mixed
blr_ef7e673cd36b2c3c,"11th Cross, Ambedkar Colony",11th cross ambedkar colony,"11th Cross, Ambedkar Colony",,mixed
blr_ef7e673cd36b2c3c,"11th Cross, Ambedkar Colony",in 11th cross ambedkar colony,"11th Cross, Ambedkar Colony",,mixed
blr_ef7e673cd36b2c3c,"11th Cross, Ambedkar Colony",near 11th cross ambedkar colony,"11th Cross, Ambedkar Colony",,mixed
blr_ef7e673cd36b2c3c,"11th Cross, Ambedkar Colony",around 11th cross ambedkar colony,"11th Cross, Ambedkar Colony",,mixed
blr_ef7e673cd36b2c3c,"11th Cross, Ambedkar Colony",11th cross ambedkar colony area,"11th Cross, Ambedkar Colony",,mixed
blr_840678ab84df32f2,"5th Cross, Ambedkar Colony",fifth cross ambedkar colony,"5th Cross, Ambedkar Colony",,mixed
blr_840678ab84df32f2,"5th Cross, Ambedkar Colony",five cross ambedkar colony,"5th Cross, Ambedkar Colony",,mixed
blr_840678ab84df32f2,"5th Cross, Ambedkar Colony",5th cross ambedkar colony,"5th Cross, Ambedkar Colony",,mixed
blr_840678ab84df32f2,"5th Cross, Ambedkar Colony",in fifth cross ambedkar colony,"5th Cross, Ambedkar Colony",,mixed
blr_840678ab84df32f2,"5th Cross, Ambedkar Colony",near five cross ambedkar colony,"5th Cross, Ambedkar Colony",,mixed
blr_5f13d13e9ebcdaa2,"2nd Cross, Ambedkar Colony",two cross ambedkar colony,"2nd Cross, Ambedkar Colony",,mixed
blr_5f13d13e9ebcdaa2,"2nd Cross, Ambedkar Colony",second cross ambedkar colony,"2nd Cross, Ambedkar Colony",,mixed
blr_5f13d13e9ebcdaa2,"2nd Cross, Ambedkar Colony",2nd cross ambedkar colony,"2nd Cross, Ambedkar Colony",,mixed
blr_5f13d13e9ebcdaa2,"2nd Cross, Ambedkar Colony",in two cross ambedkar colony,"2nd Cross, Ambedkar Colony",,mixed
blr_5f13d13e9ebcdaa2,"2nd Cross, Ambedkar Colony",near second cross ambedkar colony,"2nd Cross, Ambedkar Colony",,mixed
blr_717495588f50d742,1st C Cross Street,1st c cross street,1st C Cross Street,,mixed
blr_717495588f50d742,1st C Cross Street,in 1st c cross street,1st C Cross Street,,mixed
blr_717495588f50d742,1st C Cross Street,near 1st c cross street,1st C Cross Street,,mixed
blr_717495588f50d742,1st C Cross Street,around 1st c cross street,1st C Cross Street,,mixed
blr_717495588f50d742,1st C Cross Street,1st c cross street area,1st C Cross Street,,mixed
blr_72bff7ec2d464f68,275 8th B Cross road,275 eight b cross road,275 8th B Cross road,,mixed
blr_72bff7ec2d464f68,275 8th B Cross road,275 8th b cross road,275 8th B Cross road,,mixed
blr_72bff7ec2d464f68,275 8th B Cross road,275 eighth b cross road,275 8th B Cross road,,mixed
blr_72bff7ec2d464f68,275 8th B Cross road,in 275 eight b cross road,275 8th B Cross road,,mixed
blr_72bff7ec2d464f68,275 8th B Cross road,near 275 8th b cross road,275 8th B Cross road,,mixed
blr_a526ff564c6e27ea,9th Cross Sadashiva Nagar,9th cross sadashiva nagar,9th Cross Sadashiva Nagar,,mixed
blr_a526ff564c6e27ea,9th Cross Sadashiva Nagar,ninth cross sadashiva nagar,9th Cross Sadashiva Nagar,,mixed
blr_a526ff564c6e27ea,9th Cross Sadashiva Nagar,nine cross sadashiva nagar,9th Cross Sadashiva Nagar,,mixed
blr_a526ff564c6e27ea,9th Cross Sadashiva Nagar,in 9th cross sadashiva nagar,9th Cross Sadashiva Nagar,,mixed
blr_a526ff564c6e27ea,9th Cross Sadashiva Nagar,near ninth cross sadashiva nagar,9th Cross Sadashiva Nagar,,mixed
blr_aa43ce8da2b987d5,Devasandra Main road,devasandra main road,Devasandra Main road,,mixed
blr_aa43ce8da2b987d5,Devasandra Main road,in devasandra main road,Devasandra Main road,,mixed
blr_aa43ce8da2b987d5,Devasandra Main road,near devasandra main road,Devasandra Main road,,mixed
blr_aa43ce8da2b987d5,Devasandra Main road,around devasandra main road,Devasandra Main road,,mixed
blr_aa43ce8da2b987d5,Devasandra Main road,devasandra main road area,Devasandra Main road,,mixed
blr_0dba681007230720,TCM Royan Road,tcm royan road,TCM Royan Road,,mixed
blr_0dba681007230720,TCM Royan Road,in tcm royan road,TCM Royan Road,,mixed
blr_0dba681007230720,TCM Royan Road,near tcm royan road,TCM Royan Road,,mixed
blr_0dba681007230720,TCM Royan Road,around tcm royan road,TCM Royan Road,,mixed
blr_0dba681007230720,TCM Royan Road,tcm royan road area,TCM Royan Road,,mixed
blr_552a72e018deabd3,BFT Road,bft road,BFT Road,,mixed
blr_552a72e018deabd3,BFT Road,in bft road,BFT Road,,mixed
blr_552a72e018deabd3,BFT Road,near bft road,BFT Road,,mixed
blr_552a72e018deabd3,BFT Road,around bft road,BFT Road,,mixed
blr_552a72e018deabd3,BFT Road,bft road area,BFT Road,,mixed
blr_e5b36b5e5364e3ee,KMF Hostel,kmf hostel,KMF Hostel,,mixed
blr_e5b36b5e5364e3ee,KMF Hostel,in kmf hostel,KMF Hostel,,mixed
blr_e5b36b5e5364e3ee,KMF Hostel,near kmf hostel,KMF Hostel,,mixed
blr_e5b36b5e5364e3ee,KMF Hostel,around kmf hostel,KMF Hostel,,mixed
blr_e5b36b5e5364e3ee,KMF Hostel,kmf hostel area,KMF Hostel,,mixed
blr_9ac2211f9645017f,10th Cross Krishnappa Block(mcc Hanumanthayya Road),ten cross krishnappa blockmcc hanumanthayya road,10th Cross Krishnappa Block(mcc Hanumanthayya Road),,mixed
blr_9ac2211f9645017f,10th Cross Krishnappa Block(mcc Hanumanthayya Road),tenth cross krishnappa blockmcc hanumanthayya road,10th Cross Krishnappa Block(mcc Hanumanthayya Road),,mixed
blr_9ac2211f9645017f,10th Cross Krishnappa Block(mcc Hanumanthayya Road),10th cross krishnappa blockmcc hanumanthayya road,10th Cross Krishnappa Block(mcc Hanumanthayya Road),,mixed
blr_9ac2211f9645017f,10th Cross Krishnappa Block(mcc Hanumanthayya Road),in ten cross krishnappa blockmcc hanumanthayya road,10th Cross Krishnappa Block(mcc Hanumanthayya Road),,mixed
blr_9ac2211f9645017f,10th Cross Krishnappa Block(mcc Hanumanthayya Road),near tenth cross krishnappa blockmcc hanumanthayya road,10th Cross Krishnappa Block(mcc Hanumanthayya Road),,mixed
blr_29d8ce8bef0397a2,"60 Feet Road, Pattegarara Palya Main Road",60 feet road pattegarara palya main road,"60 Feet Road, Pattegarara Palya Main Road",,mixed
blr_29d8ce8bef0397a2,"60 Feet Road, Pattegarara Palya Main Road",in 60 feet road pattegarara palya main road,"60 Feet Road, Pattegarara Palya Main Road",,mixed
blr_29d8ce8bef0397a2,"60 Feet Road, Pattegarara Palya Main Road",near 60 feet road pattegarara palya main road,"60 Feet Road, Pattegarara Palya Main Road",,mixed
blr_29d8ce8bef0397a2,"60 Feet Road, Pattegarara Palya Main Road",around 60 feet road pattegarara palya main road,"60 Feet Road, Pattegarara Palya Main Road",,mixed
blr_29d8ce8bef0397a2,"60 Feet Road, Pattegarara Palya Main Road",60 feet road pattegarara palya main road area,"60 Feet Road, Pattegarara Palya Main Road",,mixed
blr_380d3c2cb9182e00,VV Towers Plaza,vv towers plaza,VV Towers Plaza,,mixed
blr_380d3c2cb9182e00,VV Towers Plaza,in vv towers plaza,VV Towers Plaza,,mixed
blr_380d3c2cb9182e00,VV Towers Plaza,near vv towers plaza,VV Towers Plaza,,mixed
blr_380d3c2cb9182e00,VV Towers Plaza,around vv towers plaza,VV Towers Plaza,,mixed
blr_380d3c2cb9182e00,VV Towers Plaza,vv towers plaza area,VV Towers Plaza,,mixed
blr_9089c4a0b48eaf8b,Siddeshwara layout 4th cross,siddeshwara layout four cross,Siddeshwara layout 4th cross,,mixed
blr_9089c4a0b48eaf8b,Siddeshwara layout 4th cross,siddeshwara layout 4th cross,Siddeshwara layout 4th cross,,mixed
blr_9089c4a0b48eaf8b,Siddeshwara layout 4th cross,siddeshwara layout fourth cross,Siddeshwara layout 4th cross,,mixed
blr_9089c4a0b48eaf8b,Siddeshwara layout 4th cross,in siddeshwara layout four cross,Siddeshwara layout 4th cross,,mixed
blr_9089c4a0b48eaf8b,Siddeshwara layout 4th cross,near siddeshwara layout 4th cross,Siddeshwara layout 4th cross,,mixed
blr_9c80bcf30343a4a7,IISc HE Quarters,iisc he quarters,IISc HE Quarters,,mixed
blr_9c80bcf30343a4a7,IISc HE Quarters,in iisc he quarters,IISc HE Quarters,,mixed
blr_9c80bcf30343a4a7,IISc HE Quarters,near iisc he quarters,IISc HE Quarters,,mixed
blr_9c80bcf30343a4a7,IISc HE Quarters,around iisc he quarters,IISc HE Quarters,,mixed
blr_9c80bcf30343a4a7,IISc HE Quarters,iisc he quarters area,IISc HE Quarters,,mixed
blr_483a46aa3b9e6763,RRBC Picasso,rrbc picasso,RRBC Picasso,,mixed
blr_483a46aa3b9e6763,RRBC Picasso,in rrbc picasso,RRBC Picasso,,mixed
blr_483a46aa3b9e6763,RRBC Picasso,near rrbc picasso,RRBC Picasso,,mixed
blr_483a46aa3b9e6763,RRBC Picasso,around rrbc picasso,RRBC Picasso,,mixed
blr_483a46aa3b9e6763,RRBC Picasso,rrbc picasso area,RRBC Picasso,,mixed
blr_a1c42eeccc25ca47,Brigade 7th Gardens,brigade seventh gardens,Brigade 7 Gardens,,mixed
blr_a1c42eeccc25ca47,Brigade 7th Gardens,brigade seven gardens,Brigade 7 Gardens,,mixed
blr_a1c42eeccc25ca47,Brigade 7th Gardens,brigade 7th gardens,Brigade 7 Gardens,,mixed
blr_a1c42eeccc25ca47,Brigade 7th Gardens,in brigade seventh gardens,Brigade 7 Gardens,,mixed
blr_a1c42eeccc25ca47,Brigade 7th Gardens,near brigade seven gardens,Brigade 7 Gardens,,mixed
blr_2b808f860af19036,Arkavathy Layout 2nd Block,arkavathy layout second block,Arkavathy Layout 2nd Block,,mixed
blr_2b808f860af19036,Arkavathy Layout 2nd Block,arkavathy layout 2nd block,Arkavathy Layout 2nd Block,,mixed
blr_2b808f860af19036,Arkavathy Layout 2nd Block,arkavathy layout two block,Arkavathy Layout 2nd Block,,mixed
blr_2b808f860af19036,Arkavathy Layout 2nd Block,in arkavathy layout second block,Arkavathy Layout 2nd Block,,mixed
blr_2b808f860af19036,Arkavathy Layout 2nd Block,near arkavathy layout 2nd block,Arkavathy Layout 2nd Block,,mixed
blr_5f12a03bec075bda,RJ Lake,rj lake,RJ Lake,,mixed
blr_5f12a03bec075bda,RJ Lake,in rj lake,RJ Lake,,mixed
blr_5f12a03bec075bda,RJ Lake,near rj lake,RJ Lake,,mixed
blr_5f12a03bec075bda,RJ Lake,around rj lake,RJ Lake,,mixed
blr_5f12a03bec075bda,RJ Lake,rj lake area,RJ Lake,,mixed
blr_98ec364de30b52d0,GCN White Palms,gcn white palms,GCN White Palms,,mixed
blr_98ec364de30b52d0,GCN White Palms,in gcn white palms,GCN White Palms,,mixed
blr_98ec364de30b52d0,GCN White Palms,near gcn white palms,GCN White Palms,,mixed
blr_98ec364de30b52d0,GCN White Palms,around gcn white palms,GCN White Palms,,mixed
blr_98ec364de30b52d0,GCN White Palms,gcn white palms area,GCN White Palms,,mixed
blr_ebbbfce3e2677ab9,SS Mansion,ss mansion,SS Mansion,,mixed
blr_ebbbfce3e2677ab9,SS Mansion,in ss mansion,SS Mansion,,mixed
blr_ebbbfce3e2677ab9,SS Mansion,near ss mansion,SS Mansion,,mixed
blr_ebbbfce3e2677ab9,SS Mansion,around ss mansion,SS Mansion,,mixed
blr_ebbbfce3e2677ab9,SS Mansion,ss mansion area,SS Mansion,,mixed
blr_dd6dbf261d27dce8,Railway Quarters NGEF,railway quarters ngef,Railway Quarters NGEF,,mixed
blr_dd6dbf261d27dce8,Railway Quarters NGEF,in railway quarters ngef,Railway Quarters NGEF,,mixed
blr_dd6dbf261d27dce8,Railway Quarters NGEF,near railway quarters ngef,Railway Quarters NGEF,,mixed
blr_dd6dbf261d27dce8,Railway Quarters NGEF,around railway quarters ngef,Railway Quarters NGEF,,mixed
blr_dd6dbf261d27dce8,Railway Quarters NGEF,railway quarters ngef area,Railway Quarters NGEF,,mixed
blr_c79acbf44a0b4f1a,BMRCL Staff Quarters,bmrcl staff quarters,BMRCL Staff Quarters,,mixed
blr_c79acbf44a0b4f1a,BMRCL Staff Quarters,in bmrcl staff quarters,BMRCL Staff Quarters,,mixed
blr_c79acbf44a0b4f1a,BMRCL Staff Quarters,near bmrcl staff quarters,BMRCL Staff Quarters,,mixed
blr_c79acbf44a0b4f1a,BMRCL Staff Quarters,around bmrcl staff quarters,BMRCL Staff Quarters,,mixed
blr_c79acbf44a0b4f1a,BMRCL Staff Quarters,bmrcl staff quarters area,BMRCL Staff Quarters,,mixed
blr_187f7581c9a19fcf,KSRP Senior Officer's Residential Quarters,ksrp senior officers residential quarters,KSRP Senior Officer's Residential Quarters,,mixed
blr_187f7581c9a19fcf,KSRP Senior Officer's Residential Quarters,in ksrp senior officers residential quarters,KSRP Senior Officer's Residential Quarters,,mixed
blr_187f7581c9a19fcf,KSRP Senior Officer's Residential Quarters,near ksrp senior officers residential quarters,KSRP Senior Officer's Residential Quarters,,mixed
blr_187f7581c9a19fcf,KSRP Senior Officer's Residential Quarters,around ksrp senior officers residential quarters,KSRP Senior Officer's Residential Quarters,,mixed
blr_187f7581c9a19fcf,KSRP Senior Officer's Residential Quarters,ksrp senior officers residential quarters area,KSRP Senior Officer's Residential Quarters,,mixed
blr_2e0cdd93364dd64d,Survey of India Quarters,survey of india quarters,Survey of India Quarters,,mixed
blr_2e0cdd93364dd64d,Survey of India Quarters,in survey of india quarters,Survey of India Quarters,,mixed
blr_2e0cdd93364dd64d,Survey of India Quarters,near survey of india quarters,Survey of India Quarters,,mixed
blr_2e0cdd93364dd64d,Survey of India Quarters,around survey of india quarters,Survey of India Quarters,,mixed
blr_2e0cdd93364dd64d,Survey of India Quarters,survey of india quarters area,Survey of India Quarters,,mixed
blr_a75c219d8355a3f6,Tranquill at Brigade Cornerstone Utopia,tranquill at brigade cornerstone utopia,Tranquill at Brigade Cornerstone Utopia,,mixed
blr_a75c219d8355a3f6,Tranquill at Brigade Cornerstone Utopia,in tranquill at brigade cornerstone utopia,Tranquill at Brigade Cornerstone Utopia,,mixed
blr_a75c219d8355a3f6,Tranquill at Brigade Cornerstone Utopia,near tranquill at brigade cornerstone utopia,Tranquill at Brigade Cornerstone Utopia,,mixed
blr_a75c219d8355a3f6,Tranquill at Brigade Cornerstone Utopia,around tranquill at brigade cornerstone utopia,Tranquill at Brigade Cornerstone Utopia,,mixed
blr_a75c219d8355a3f6,Tranquill at Brigade Cornerstone Utopia,tranquill at brigade cornerstone utopia area,Tranquill at Brigade Cornerstone Utopia,,mixed
blr_f2d44a07c3b1cf2e,Paradise at Brigade Cornerstone Utopia,paradise at brigade cornerstone utopia,Paradise at Brigade Cornerstone Utopia,,mixed
blr_f2d44a07c3b1cf2e,Paradise at Brigade Cornerstone Utopia,in paradise at brigade cornerstone utopia,Paradise at Brigade Cornerstone Utopia,,mixed
blr_f2d44a07c3b1cf2e,Paradise at Brigade Cornerstone Utopia,near paradise at brigade cornerstone utopia,Paradise at Brigade Cornerstone Utopia,,mixed
blr_f2d44a07c3b1cf2e,Paradise at Brigade Cornerstone Utopia,around paradise at brigade cornerstone utopia,Paradise at Brigade Cornerstone Utopia,,mixed
blr_f2d44a07c3b1cf2e,Paradise at Brigade Cornerstone Utopia,paradise at brigade cornerstone utopia area,Paradise at Brigade Cornerstone Utopia,,mixed
blr_3798f0adc7d71d21,Serene at Brigade Cornerstone Utopia,serene at brigade cornerstone utopia,Serene at Brigade Cornerstone Utopia,,mixed
blr_3798f0adc7d71d21,Serene at Brigade Cornerstone Utopia,in serene at brigade cornerstone utopia,Serene at Brigade Cornerstone Utopia,,mixed
blr_3798f0adc7d71d21,Serene at Brigade Cornerstone Utopia,near serene at brigade cornerstone utopia,Serene at Brigade Cornerstone Utopia,,mixed
blr_3798f0adc7d71d21,Serene at Brigade Cornerstone Utopia,around serene at brigade cornerstone utopia,Serene at Brigade Cornerstone Utopia,,mixed
blr_3798f0adc7d71d21,Serene at Brigade Cornerstone Utopia,serene at brigade cornerstone utopia area,Serene at Brigade Cornerstone Utopia,,mixed
blr_462dde0d4f8cac39,Eden at Brigade Cornerstone Utopia,eden at brigade cornerstone utopia,Eden at Brigade Cornerstone Utopia,,mixed
blr_462dde0d4f8cac39,Eden at Brigade Cornerstone Utopia,in eden at brigade cornerstone utopia,Eden at Brigade Cornerstone Utopia,,mixed
blr_462dde0d4f8cac39,Eden at Brigade Cornerstone Utopia,near eden at brigade cornerstone utopia,Eden at Brigade Cornerstone Utopia,,mixed
blr_462dde0d4f8cac39,Eden at Brigade Cornerstone Utopia,around eden at brigade cornerstone utopia,Eden at Brigade Cornerstone Utopia,,mixed
blr_462dde0d4f8cac39,Eden at Brigade Cornerstone Utopia,eden at brigade cornerstone utopia area,Eden at Brigade Cornerstone Utopia,,mixed
blr_8a0273294fd9f7dd,SVJ Palm Grove,svj palm grove,SVJ Palm Grove,,mixed
blr_8a0273294fd9f7dd,SVJ Palm Grove,in svj palm grove,SVJ Palm Grove,,mixed
blr_8a0273294fd9f7dd,SVJ Palm Grove,near svj palm grove,SVJ Palm Grove,,mixed
blr_8a0273294fd9f7dd,SVJ Palm Grove,around svj palm grove,SVJ Palm Grove,,mixed
blr_8a0273294fd9f7dd,SVJ Palm Grove,svj palm grove area,SVJ Palm Grove,,mixed
blr_f2c01ed15180204d,C Ramaiah's Lakeside Heights,c ramaiahs lakeside heights,C Ramaiah's Lakeside Heights,,mixed
blr_f2c01ed15180204d,C Ramaiah's Lakeside Heights,in c ramaiahs lakeside heights,C Ramaiah's Lakeside Heights,,mixed
blr_f2c01ed15180204d,C Ramaiah's Lakeside Heights,near c ramaiahs lakeside heights,C Ramaiah's Lakeside Heights,,mixed
blr_f2c01ed15180204d,C Ramaiah's Lakeside Heights,around c ramaiahs lakeside heights,C Ramaiah's Lakeside Heights,,mixed
blr_f2c01ed15180204d,C Ramaiah's Lakeside Heights,c ramaiahs lakeside heights area,C Ramaiah's Lakeside Heights,,mixed
blr_cf04c429f03779d6,Lane B2,lane b2,Lane B2,,mixed
blr_cf04c429f03779d6,Lane B2,in lane b2,Lane B2,,mixed
blr_cf04c429f03779d6,Lane B2,near lane b2,Lane B2,,mixed
blr_cf04c429f03779d6,Lane B2,around lane b2,Lane B2,,mixed
blr_cf04c429f03779d6,Lane B2,lane b2 area,Lane B2,,mixed
blr_f67dbcc283a6f196,Sravya Flute 2nd,sravya flute second,Sravya Flute 2,,mixed
blr_f67dbcc283a6f196,Sravya Flute 2nd,sravya flute 2nd,Sravya Flute 2,,mixed
blr_f67dbcc283a6f196,Sravya Flute 2nd,sravya flute two,Sravya Flute 2,,mixed
blr_f67dbcc283a6f196,Sravya Flute 2nd,in sravya flute second,Sravya Flute 2,,mixed
blr_f67dbcc283a6f196,Sravya Flute 2nd,near sravya flute 2nd,Sravya Flute 2,,mixed
blr_5cd44cc85c1f658d,SM Pearl,sm pearl,SM Pearl,,mixed
blr_5cd44cc85c1f658d,SM Pearl,in sm pearl,SM Pearl,,mixed
blr_5cd44cc85c1f658d,SM Pearl,near sm pearl,SM Pearl,,mixed
blr_5cd44cc85c1f658d,SM Pearl,around sm pearl,SM Pearl,,mixed
blr_5cd44cc85c1f658d,SM Pearl,sm pearl area,SM Pearl,,mixed
blr_f1898247e94be370,MTB Farm House,mtb farm house,MTB Farm House,,mixed
blr_f1898247e94be370,MTB Farm House,in mtb farm house,MTB Farm House,,mixed
blr_f1898247e94be370,MTB Farm House,near mtb farm house,MTB Farm House,,mixed
blr_f1898247e94be370,MTB Farm House,around mtb farm house,MTB Farm House,,mixed
blr_f1898247e94be370,MTB Farm House,mtb farm house area,MTB Farm House,,mixed
blr_2e41c48925361cbc,Ashraya Layout 2nd Stage,ashraya layout 2nd stage,Ashraya Layout 2nd Stage,,mixed
blr_2e41c48925361cbc,Ashraya Layout 2nd Stage,ashraya layout second stage,Ashraya Layout 2nd Stage,,mixed
blr_2e41c48925361cbc,Ashraya Layout 2nd Stage,ashraya layout two stage,Ashraya Layout 2nd Stage,,mixed
blr_2e41c48925361cbc,Ashraya Layout 2nd Stage,in ashraya layout 2nd stage,Ashraya Layout 2nd Stage,,mixed
blr_2e41c48925361cbc,Ashraya Layout 2nd Stage,near ashraya layout second stage,Ashraya Layout 2nd Stage,,mixed
blr_83f0fa8c4b275456,HM Tambourine,hm tambourine,HM Tambourine,,mixed
blr_83f0fa8c4b275456,HM Tambourine,in hm tambourine,HM Tambourine,,mixed
blr_83f0fa8c4b275456,HM Tambourine,near hm tambourine,HM Tambourine,,mixed
blr_83f0fa8c4b275456,HM Tambourine,around hm tambourine,HM Tambourine,,mixed
blr_83f0fa8c4b275456,HM Tambourine,hm tambourine area,HM Tambourine,,mixed
blr_2aa080af54e05d18,DS Needs 3rd Project 276,ds needs three project 276,DS Needs 3 Project 276,,mixed
blr_2aa080af54e05d18,DS Needs 3rd Project 276,ds needs third project 276,DS Needs 3 Project 276,,mixed
blr_2aa080af54e05d18,DS Needs 3rd Project 276,ds needs 3rd project 276,DS Needs 3 Project 276,,mixed
blr_2aa080af54e05d18,DS Needs 3rd Project 276,in ds needs three project 276,DS Needs 3 Project 276,,mixed
blr_2aa080af54e05d18,DS Needs 3rd Project 276,near ds needs third project 276,DS Needs 3 Project 276,,mixed
blr_9a7c5076bd25724d,NR Orchid Gardenia,nr orchid gardenia,NR Orchid Gardenia,,mixed
blr_9a7c5076bd25724d,NR Orchid Gardenia,in nr orchid gardenia,NR Orchid Gardenia,,mixed
blr_9a7c5076bd25724d,NR Orchid Gardenia,near nr orchid gardenia,NR Orchid Gardenia,,mixed
blr_9a7c5076bd25724d,NR Orchid Gardenia,around nr orchid gardenia,NR Orchid Gardenia,,mixed
blr_9a7c5076bd25724d,NR Orchid Gardenia,nr orchid gardenia area,NR Orchid Gardenia,,mixed
blr_76481fc3d7b83b04,Vistara 450,vistara 450,Vistara 450,,mixed
blr_76481fc3d7b83b04,Vistara 450,in vistara 450,Vistara 450,,mixed
blr_76481fc3d7b83b04,Vistara 450,near vistara 450,Vistara 450,,mixed
blr_76481fc3d7b83b04,Vistara 450,around vistara 450,Vistara 450,,mixed
blr_76481fc3d7b83b04,Vistara 450,vistara 450 area,Vistara 450,,mixed
blr_265847ce9d4889ca,DSR Brown Creeper,dsr brown creeper,DSR Brown Creeper,,mixed
blr_265847ce9d4889ca,DSR Brown Creeper,in dsr brown creeper,DSR Brown Creeper,,mixed
blr_265847ce9d4889ca,DSR Brown Creeper,near dsr brown creeper,DSR Brown Creeper,,mixed
blr_265847ce9d4889ca,DSR Brown Creeper,around dsr brown creeper,DSR Brown Creeper,,mixed
blr_265847ce9d4889ca,DSR Brown Creeper,dsr brown creeper area,DSR Brown Creeper,,mixed
blr_57ccffe1c30a1a82,The Residences at Brigade Tech Gardens,the residences at brigade tech gardens,The Residences at Brigade Tech Gardens,,mixed
blr_57ccffe1c30a1a82,The Residences at Brigade Tech Gardens,in the residences at brigade tech gardens,The Residences at Brigade Tech Gardens,,mixed
blr_57ccffe1c30a1a82,The Residences at Brigade Tech Gardens,near the residences at brigade tech gardens,The Residences at Brigade Tech Gardens,,mixed
blr_57ccffe1c30a1a82,The Residences at Brigade Tech Gardens,around the residences at brigade tech gardens,The Residences at Brigade Tech Gardens,,mixed
blr_57ccffe1c30a1a82,The Residences at Brigade Tech Gardens,the residences at brigade tech gardens area,The Residences at Brigade Tech Gardens,,mixed
blr_166bb0008c99daf2,SV Prime,sv prime,SV Prime,,mixed
blr_166bb0008c99daf2,SV Prime,in sv prime,SV Prime,,mixed
blr_166bb0008c99daf2,SV Prime,near sv prime,SV Prime,,mixed
blr_166bb0008c99daf2,SV Prime,around sv prime,SV Prime,,mixed
blr_166bb0008c99daf2,SV Prime,sv prime area,SV Prime,,mixed
blr_bb695f7e7d141c40,DS Max Sanskruthi,ds max sanskruthi,DS Max Sanskruthi,,mixed
blr_bb695f7e7d141c40,DS Max Sanskruthi,in ds max sanskruthi,DS Max Sanskruthi,,mixed
blr_bb695f7e7d141c40,DS Max Sanskruthi,near ds max sanskruthi,DS Max Sanskruthi,,mixed
blr_bb695f7e7d141c40,DS Max Sanskruthi,around ds max sanskruthi,DS Max Sanskruthi,,mixed
blr_bb695f7e7d141c40,DS Max Sanskruthi,ds max sanskruthi area,DS Max Sanskruthi,,mixed
blr_c649c646c824e0e7,RSun Palms,rsun palms,RSun Palms,,mixed
blr_c649c646c824e0e7,RSun Palms,in rsun palms,RSun Palms,,mixed
blr_c649c646c824e0e7,RSun Palms,near rsun palms,RSun Palms,,mixed
blr_c649c646c824e0e7,RSun Palms,around rsun palms,RSun Palms,,mixed
blr_c649c646c824e0e7,RSun Palms,rsun palms area,RSun Palms,,mixed
blr_e9121a463d96cd12,DSR RR Avenues,dsr rr avenues,DSR RR Avenues,,mixed
blr_e9121a463d96cd12,DSR RR Avenues,in dsr rr avenues,DSR RR Avenues,,mixed
blr_e9121a463d96cd12,DSR RR Avenues,near dsr rr avenues,DSR RR Avenues,,mixed
blr_e9121a463d96cd12,DSR RR Avenues,around dsr rr avenues,DSR RR Avenues,,mixed
blr_e9121a463d96cd12,DSR RR Avenues,dsr rr avenues area,DSR RR Avenues,,mixed
blr_fafd381cf127f490,DF Silverline Queens Terraces,df silverline queens terraces,DF Silverline Queens Terraces,,mixed
blr_fafd381cf127f490,DF Silverline Queens Terraces,in df silverline queens terraces,DF Silverline Queens Terraces,,mixed
blr_fafd381cf127f490,DF Silverline Queens Terraces,near df silverline queens terraces,DF Silverline Queens Terraces,,mixed
blr_fafd381cf127f490,DF Silverline Queens Terraces,around df silverline queens terraces,DF Silverline Queens Terraces,,mixed
blr_fafd381cf127f490,DF Silverline Queens Terraces,df silverline queens terraces area,DF Silverline Queens Terraces,,mixed
blr_9cef246c5eddd473,BDA Valagerahalli,bda valagerahalli,BDA Valagerahalli,,mixed
blr_9cef246c5eddd473,BDA Valagerahalli,in bda valagerahalli,BDA Valagerahalli,,mixed
blr_9cef246c5eddd473,BDA Valagerahalli,near bda valagerahalli,BDA Valagerahalli,,mixed
blr_9cef246c5eddd473,BDA Valagerahalli,around bda valagerahalli,BDA Valagerahalli,,mixed
blr_9cef246c5eddd473,BDA Valagerahalli,bda valagerahalli area,BDA Valagerahalli,,mixed
blr_0eda568ed7cbdb97,Shirke KHB Quarters,shirke khb quarters,Shirke KHB Quarters,,mixed
blr_0eda568ed7cbdb97,Shirke KHB Quarters,in shirke khb quarters,Shirke KHB Quarters,,mixed
blr_0eda568ed7cbdb97,Shirke KHB Quarters,near shirke khb quarters,Shirke KHB Quarters,,mixed
blr_0eda568ed7cbdb97,Shirke KHB Quarters,around shirke khb quarters,Shirke KHB Quarters,,mixed
blr_0eda568ed7cbdb97,Shirke KHB Quarters,shirke khb quarters area,Shirke KHB Quarters,,mixed
blr_433ef14e303bba2f,"7th Cross, Akash Vihar Layout",seven cross akash vihar layout,"7th Cross, Akash Vihar Layout",,mixed
blr_433ef14e303bba2f,"7th Cross, Akash Vihar Layout",7th cross akash vihar layout,"7th Cross, Akash Vihar Layout",,mixed
blr_433ef14e303bba2f,"7th Cross, Akash Vihar Layout",seventh cross akash vihar layout,"7th Cross, Akash Vihar Layout",,mixed
blr_433ef14e303bba2f,"7th Cross, Akash Vihar Layout",in seven cross akash vihar layout,"7th Cross, Akash Vihar Layout",,mixed
blr_433ef14e303bba2f,"7th Cross, Akash Vihar Layout",near 7th cross akash vihar layout,"7th Cross, Akash Vihar Layout",,mixed
blr_055190d7c906270a,RMZ Woodsvale,rmz woodsvale,RMZ Woodsvale,,mixed
blr_055190d7c906270a,RMZ Woodsvale,in rmz woodsvale,RMZ Woodsvale,,mixed
blr_055190d7c906270a,RMZ Woodsvale,near rmz woodsvale,RMZ Woodsvale,,mixed
blr_055190d7c906270a,RMZ Woodsvale,around rmz woodsvale,RMZ Woodsvale,,mixed
blr_055190d7c906270a,RMZ Woodsvale,rmz woodsvale area,RMZ Woodsvale,,mixed
blr_a009598d09b6972c,Rajiv Gandhi Nagar road,rajiv gandhi nagar road,Rajiv Gandhi Nagar road,,mixed
blr_a009598d09b6972c,Rajiv Gandhi Nagar road,in rajiv gandhi nagar road,Rajiv Gandhi Nagar road,,mixed
blr_a009598d09b6972c,Rajiv Gandhi Nagar road,near rajiv gandhi nagar road,Rajiv Gandhi Nagar road,,mixed
blr_a009598d09b6972c,Rajiv Gandhi Nagar road,around rajiv gandhi nagar road,Rajiv Gandhi Nagar road,,mixed
blr_a009598d09b6972c,Rajiv Gandhi Nagar road,rajiv gandhi nagar road area,Rajiv Gandhi Nagar road,,mixed
blr_f5ed14359ad207da,Assetz 27 Park Avenue,assetz 27 park avenue,Assetz 27 Park Avenue,,mixed
blr_f5ed14359ad207da,Assetz 27 Park Avenue,in assetz 27 park avenue,Assetz 27 Park Avenue,,mixed
blr_f5ed14359ad207da,Assetz 27 Park Avenue,near assetz 27 park avenue,Assetz 27 Park Avenue,,mixed
blr_f5ed14359ad207da,Assetz 27 Park Avenue,around assetz 27 park avenue,Assetz 27 Park Avenue,,mixed
blr_f5ed14359ad207da,Assetz 27 Park Avenue,assetz 27 park avenue area,Assetz 27 Park Avenue,,mixed
blr_7b3f44c7caa74a28,Chamrajpet 5th Main Road,chamrajpet fifth main road,Chamrajpet 5th Main Road,,mixed
blr_7b3f44c7caa74a28,Chamrajpet 5th Main Road,chamrajpet 5th main road,Chamrajpet 5th Main Road,,mixed
blr_7b3f44c7caa74a28,Chamrajpet 5th Main Road,chamrajpet five main road,Chamrajpet 5th Main Road,,mixed
blr_7b3f44c7caa74a28,Chamrajpet 5th Main Road,in chamrajpet fifth main road,Chamrajpet 5th Main Road,,mixed
blr_7b3f44c7caa74a28,Chamrajpet 5th Main Road,near chamrajpet 5th main road,Chamrajpet 5th Main Road,,mixed
blr_bd604bdc741d9b4d,SS Legend's Choice,ss legends choice,SS Legend's Choice,,mixed
blr_bd604bdc741d9b4d,SS Legend's Choice,in ss legends choice,SS Legend's Choice,,mixed
blr_bd604bdc741d9b4d,SS Legend's Choice,near ss legends choice,SS Legend's Choice,,mixed
blr_bd604bdc741d9b4d,SS Legend's Choice,around ss legends choice,SS Legend's Choice,,mixed
blr_bd604bdc741d9b4d,SS Legend's Choice,ss legends choice area,SS Legend's Choice,,mixed
blr_aa967b036129e859,BDA Apartments Thippasandra Bangalore,bda apartments thippasandra bangalore,BDA Apartments Thippasandra Bangalore,,mixed
blr_aa967b036129e859,BDA Apartments Thippasandra Bangalore,in bda apartments thippasandra bangalore,BDA Apartments Thippasandra Bangalore,,mixed
blr_aa967b036129e859,BDA Apartments Thippasandra Bangalore,near bda apartments thippasandra bangalore,BDA Apartments Thippasandra Bangalore,,mixed
blr_aa967b036129e859,BDA Apartments Thippasandra Bangalore,around bda apartments thippasandra bangalore,BDA Apartments Thippasandra Bangalore,,mixed
blr_aa967b036129e859,BDA Apartments Thippasandra Bangalore,bda apartments thippasandra bangalore area,BDA Apartments Thippasandra Bangalore,,mixed
blr_6fde5856efefb2f3,"Gururaj Layout, 3B cross road",gururaj layout 3b cross road,"Gururaj Layout, 3B cross road",,mixed
blr_6fde5856efefb2f3,"Gururaj Layout, 3B cross road",in gururaj layout 3b cross road,"Gururaj Layout, 3B cross road",,mixed
blr_6fde5856efefb2f3,"Gururaj Layout, 3B cross road",near gururaj layout 3b cross road,"Gururaj Layout, 3B cross road",,mixed
blr_6fde5856efefb2f3,"Gururaj Layout, 3B cross road",around gururaj layout 3b cross road,"Gururaj Layout, 3B cross road",,mixed
blr_6fde5856efefb2f3,"Gururaj Layout, 3B cross road",gururaj layout 3b cross road area,"Gururaj Layout, 3B cross road",,mixed
blr_a688f4b1a8092c3b,SPL Habitat,spl habitat,SPL Habitat,,mixed
blr_a688f4b1a8092c3b,SPL Habitat,in spl habitat,SPL Habitat,,mixed
blr_a688f4b1a8092c3b,SPL Habitat,near spl habitat,SPL Habitat,,mixed
blr_a688f4b1a8092c3b,SPL Habitat,around spl habitat,SPL Habitat,,mixed
blr_a688f4b1a8092c3b,SPL Habitat,spl habitat area,SPL Habitat,,mixed
blr_0338c12787e4af14,GP Opal and Onyx,gp opal and onyx,GP Opal and Onyx,,mixed
blr_0338c12787e4af14,GP Opal and Onyx,in gp opal and onyx,GP Opal and Onyx,,mixed
blr_0338c12787e4af14,GP Opal and Onyx,near gp opal and onyx,GP Opal and Onyx,,mixed
blr_0338c12787e4af14,GP Opal and Onyx,around gp opal and onyx,GP Opal and Onyx,,mixed
blr_0338c12787e4af14,GP Opal and Onyx,gp opal and onyx area,GP Opal and Onyx,,mixed
blr_cf958a593cbdeef8,MN Orchid,mn orchid,MN Orchid,,mixed
blr_cf958a593cbdeef8,MN Orchid,in mn orchid,MN Orchid,,mixed
blr_cf958a593cbdeef8,MN Orchid,near mn orchid,MN Orchid,,mixed
blr_cf958a593cbdeef8,MN Orchid,around mn orchid,MN Orchid,,mixed
blr_cf958a593cbdeef8,MN Orchid,mn orchid area,MN Orchid,,mixed
blr_24ca3f100d2c1fde,Keya Life by the Lake,keya life by the lake,Keya Life by the Lake,,mixed
blr_24ca3f100d2c1fde,Keya Life by the Lake,in keya life by the lake,Keya Life by the Lake,,mixed
blr_24ca3f100d2c1fde,Keya Life by the Lake,near keya life by the lake,Keya Life by the Lake,,mixed
blr_24ca3f100d2c1fde,Keya Life by the Lake,around keya life by the lake,Keya Life by the Lake,,mixed
blr_24ca3f100d2c1fde,Keya Life by the Lake,keya life by the lake area,Keya Life by the Lake,,mixed
blr_7b402afddb56b841,Muthyalamma Nagar 1st Main Road,muthyalamma nagar 1st main road,Muthyalamma Nagar 1st Main Road,,mixed
blr_7b402afddb56b841,Muthyalamma Nagar 1st Main Road,in muthyalamma nagar 1st main road,Muthyalamma Nagar 1st Main Road,,mixed
blr_7b402afddb56b841,Muthyalamma Nagar 1st Main Road,near muthyalamma nagar 1st main road,Muthyalamma Nagar 1st Main Road,,mixed
blr_7b402afddb56b841,Muthyalamma Nagar 1st Main Road,around muthyalamma nagar 1st main road,Muthyalamma Nagar 1st Main Road,,mixed
blr_7b402afddb56b841,Muthyalamma Nagar 1st Main Road,muthyalamma nagar 1st main road area,Muthyalamma Nagar 1st Main Road,,mixed
blr_c25ff707b2de2bea,RMZ Eco World Underpass,rmz eco world underpass,RMZ Eco World Underpass,,mixed
blr_c25ff707b2de2bea,RMZ Eco World Underpass,in rmz eco world underpass,RMZ Eco World Underpass,,mixed
blr_c25ff707b2de2bea,RMZ Eco World Underpass,near rmz eco world underpass,RMZ Eco World Underpass,,mixed
blr_c25ff707b2de2bea,RMZ Eco World Underpass,around rmz eco world underpass,RMZ Eco World Underpass,,mixed
blr_c25ff707b2de2bea,RMZ Eco World Underpass,rmz eco world underpass area,RMZ Eco World Underpass,,mixed
blr_ff6f8113dd9ce24a,S V Layout Road,s v layout road,S V Layout Road,,mixed
blr_ff6f8113dd9ce24a,S V Layout Road,in s v layout road,S V Layout Road,,mixed
blr_ff6f8113dd9ce24a,S V Layout Road,near s v layout road,S V Layout Road,,mixed
blr_ff6f8113dd9ce24a,S V Layout Road,around s v layout road,S V Layout Road,,mixed
blr_ff6f8113dd9ce24a,S V Layout Road,s v layout road area,S V Layout Road,,mixed
blr_71cbb89dc455b6e7,EV Marvel Lane,ev marvel lane,EV Marvel Lane,,mixed
blr_71cbb89dc455b6e7,EV Marvel Lane,in ev marvel lane,EV Marvel Lane,,mixed
blr_71cbb89dc455b6e7,EV Marvel Lane,near ev marvel lane,EV Marvel Lane,,mixed
blr_71cbb89dc455b6e7,EV Marvel Lane,around ev marvel lane,EV Marvel Lane,,mixed
blr_71cbb89dc455b6e7,EV Marvel Lane,ev marvel lane area,EV Marvel Lane,,mixed
blr_e80ed8bdfc69c51d,Queenhills PG Road,queenhills pg road,Queenhills PG Road,,mixed
blr_e80ed8bdfc69c51d,Queenhills PG Road,in queenhills pg road,Queenhills PG Road,,mixed
blr_e80ed8bdfc69c51d,Queenhills PG Road,near queenhills pg road,Queenhills PG Road,,mixed
blr_e80ed8bdfc69c51d,Queenhills PG Road,around queenhills pg road,Queenhills PG Road,,mixed
blr_e80ed8bdfc69c51d,Queenhills PG Road,queenhills pg road area,Queenhills PG Road,,mixed
blr_656d41c666b64fb3,21st B Main Road,21st b main road,21st B Main Road,,mixed
blr_656d41c666b64fb3,21st B Main Road,in 21st b main road,21st B Main Road,,mixed
blr_656d41c666b64fb3,21st B Main Road,near 21st b main road,21st B Main Road,,mixed
blr_656d41c666b64fb3,21st B Main Road,around 21st b main road,21st B Main Road,,mixed
blr_656d41c666b64fb3,21st B Main Road,21st b main road area,21st B Main Road,,mixed
blr_8dc3d5ac2a394363,RMZ Ecospace Road,rmz ecospace road,RMZ Ecospace Road,,mixed
blr_8dc3d5ac2a394363,RMZ Ecospace Road,in rmz ecospace road,RMZ Ecospace Road,,mixed
blr_8dc3d5ac2a394363,RMZ Ecospace Road,near rmz ecospace road,RMZ Ecospace Road,,mixed
blr_8dc3d5ac2a394363,RMZ Ecospace Road,around rmz ecospace road,RMZ Ecospace Road,,mixed
blr_8dc3d5ac2a394363,RMZ Ecospace Road,rmz ecospace road area,RMZ Ecospace Road,,mixed
blr_d5dad202f18a5af6,Alaya By Eseem18,alaya by eseem18,Alaya By Eseem18,,mixed
blr_d5dad202f18a5af6,Alaya By Eseem18,in alaya by eseem18,Alaya By Eseem18,,mixed
blr_d5dad202f18a5af6,Alaya By Eseem18,near alaya by eseem18,Alaya By Eseem18,,mixed
blr_d5dad202f18a5af6,Alaya By Eseem18,around alaya by eseem18,Alaya By Eseem18,,mixed
blr_d5dad202f18a5af6,Alaya By Eseem18,alaya by eseem18 area,Alaya By Eseem18,,mixed
blr_2d557cda476c4544,Pranava's BSR Gitaar,pranavas bsr gitaar,Pranava's BSR Gitaar,,mixed
blr_2d557cda476c4544,Pranava's BSR Gitaar,in pranavas bsr gitaar,Pranava's BSR Gitaar,,mixed
blr_2d557cda476c4544,Pranava's BSR Gitaar,near pranavas bsr gitaar,Pranava's BSR Gitaar,,mixed
blr_2d557cda476c4544,Pranava's BSR Gitaar,around pranavas bsr gitaar,Pranava's BSR Gitaar,,mixed
blr_2d557cda476c4544,Pranava's BSR Gitaar,pranavas bsr gitaar area,Pranava's BSR Gitaar,,mixed
blr_aece20f6d3abf93b,Assetz 38 & Banyan,assetz 38  banyan,Assetz 38 & Banyan,,mixed
blr_aece20f6d3abf93b,Assetz 38 & Banyan,in assetz 38  banyan,Assetz 38 & Banyan,,mixed
blr_aece20f6d3abf93b,Assetz 38 & Banyan,near assetz 38  banyan,Assetz 38 & Banyan,,mixed
blr_aece20f6d3abf93b,Assetz 38 & Banyan,around assetz 38  banyan,Assetz 38 & Banyan,,mixed
blr_aece20f6d3abf93b,Assetz 38 & Banyan,assetz 38  banyan area,Assetz 38 & Banyan,,mixed
blr_8ddf90dee5d158f5,ANAA Infra's Signature,anaa infras signature,ANAA Infra's Signature,,mixed
blr_8ddf90dee5d158f5,ANAA Infra's Signature,in anaa infras signature,ANAA Infra's Signature,,mixed
blr_8ddf90dee5d158f5,ANAA Infra's Signature,near anaa infras signature,ANAA Infra's Signature,,mixed
blr_8ddf90dee5d158f5,ANAA Infra's Signature,around anaa infras signature,ANAA Infra's Signature,,mixed
blr_8ddf90dee5d158f5,ANAA Infra's Signature,anaa infras signature area,ANAA Infra's Signature,,mixed
blr_57d5ab3b2441b108,Embassy TechVillage service road,embassy techvillage service road,Embassy TechVillage service road,,mixed
blr_57d5ab3b2441b108,Embassy TechVillage service road,in embassy techvillage service road,Embassy TechVillage service road,,mixed
blr_57d5ab3b2441b108,Embassy TechVillage service road,near embassy techvillage service road,Embassy TechVillage service road,,mixed
blr_57d5ab3b2441b108,Embassy TechVillage service road,around embassy techvillage service road,Embassy TechVillage service road,,mixed
blr_57d5ab3b2441b108,Embassy TechVillage service road,embassy techvillage service road area,Embassy TechVillage service road,,mixed
blr_59eb6d5d254c96a5,SSC Driveway,ssc driveway,SSC Driveway,,mixed
blr_59eb6d5d254c96a5,SSC Driveway,in ssc driveway,SSC Driveway,,mixed
blr_59eb6d5d254c96a5,SSC Driveway,near ssc driveway,SSC Driveway,,mixed
blr_59eb6d5d254c96a5,SSC Driveway,around ssc driveway,SSC Driveway,,mixed
blr_59eb6d5d254c96a5,SSC Driveway,ssc driveway area,SSC Driveway,,mixed
blr_fb515c90fa9a503e,GR Regent Park,gr regent park,GR Regent Park,,mixed
blr_fb515c90fa9a503e,GR Regent Park,in gr regent park,GR Regent Park,,mixed
blr_fb515c90fa9a503e,GR Regent Park,near gr regent park,GR Regent Park,,mixed
blr_fb515c90fa9a503e,GR Regent Park,around gr regent park,GR Regent Park,,mixed
blr_fb515c90fa9a503e,GR Regent Park,gr regent park area,GR Regent Park,,mixed
blr_4feb71b3068b0bab,Puravankara The Sound of Water,puravankara the sound of water,Puravankara The Sound of Water,,mixed
blr_4feb71b3068b0bab,Puravankara The Sound of Water,in puravankara the sound of water,Puravankara The Sound of Water,,mixed
blr_4feb71b3068b0bab,Puravankara The Sound of Water,near puravankara the sound of water,Puravankara The Sound of Water,,mixed
blr_4feb71b3068b0bab,Puravankara The Sound of Water,around puravankara the sound of water,Puravankara The Sound of Water,,mixed
blr_4feb71b3068b0bab,Puravankara The Sound of Water,puravankara the sound of water area,Puravankara The Sound of Water,,mixed
blr_7d113a745940363f,Prof. U R Rao Road,prof u r rao road,Prof. U R Rao Road,,mixed
blr_7d113a745940363f,Prof. U R Rao Road,in prof u r rao road,Prof. U R Rao Road,,mixed
blr_7d113a745940363f,Prof. U R Rao Road,near prof u r rao road,Prof. U R Rao Road,,mixed
blr_7d113a745940363f,Prof. U R Rao Road,around prof u r rao road,Prof. U R Rao Road,,mixed
blr_7d113a745940363f,Prof. U R Rao Road,prof u r rao road area,Prof. U R Rao Road,,mixed
blr_fcb60920606d8d54,PWD Quarters,pwd quarters,PWD Quarters,,mixed
blr_fcb60920606d8d54,PWD Quarters,in pwd quarters,PWD Quarters,,mixed
blr_fcb60920606d8d54,PWD Quarters,near pwd quarters,PWD Quarters,,mixed
blr_fcb60920606d8d54,PWD Quarters,around pwd quarters,PWD Quarters,,mixed
blr_fcb60920606d8d54,PWD Quarters,pwd quarters area,PWD Quarters,,mixed
blr_d94ea37edaa1318b,R Street,r street,R Street,,mixed
blr_d94ea37edaa1318b,R Street,in r street,R Street,,mixed
blr_d94ea37edaa1318b,R Street,near r street,R Street,,mixed
blr_d94ea37edaa1318b,R Street,around r street,R Street,,mixed
blr_d94ea37edaa1318b,R Street,r street area,R Street,,mixed
blr_b627943691bc9316,Q Street,q street,Q Street,,mixed
blr_b627943691bc9316,Q Street,in q street,Q Street,,mixed
blr_b627943691bc9316,Q Street,near q street,Q Street,,mixed
blr_b627943691bc9316,Q Street,around q street,Q Street,,mixed
blr_b627943691bc9316,Q Street,q street area,Q Street,,mixed
blr_662ad751b440b605,Brahmagiri BDA Flats,brahmagiri bda flats,Brahmagiri BDA Flats,,mixed
blr_662ad751b440b605,Brahmagiri BDA Flats,in brahmagiri bda flats,Brahmagiri BDA Flats,,mixed
blr_662ad751b440b605,Brahmagiri BDA Flats,near brahmagiri bda flats,Brahmagiri BDA Flats,,mixed
blr_662ad751b440b605,Brahmagiri BDA Flats,around brahmagiri bda flats,Brahmagiri BDA Flats,,mixed
blr_662ad751b440b605,Brahmagiri BDA Flats,brahmagiri bda flats area,Brahmagiri BDA Flats,,mixed
blr_8284d9839e37ad45,BDA Apartment Nagarbhavi,bda apartment nagarbhavi,BDA Apartment Nagarbhavi,,mixed
blr_8284d9839e37ad45,BDA Apartment Nagarbhavi,in bda apartment nagarbhavi,BDA Apartment Nagarbhavi,,mixed
blr_8284d9839e37ad45,BDA Apartment Nagarbhavi,near bda apartment nagarbhavi,BDA Apartment Nagarbhavi,,mixed
blr_8284d9839e37ad45,BDA Apartment Nagarbhavi,around bda apartment nagarbhavi,BDA Apartment Nagarbhavi,,mixed
blr_8284d9839e37ad45,BDA Apartment Nagarbhavi,bda apartment nagarbhavi area,BDA Apartment Nagarbhavi,,mixed
blr_b965780e321bd49c,HVS Homes,hvs homes,HVS Homes,,mixed
blr_b965780e321bd49c,HVS Homes,in hvs homes,HVS Homes,,mixed
blr_b965780e321bd49c,HVS Homes,near hvs homes,HVS Homes,,mixed
blr_b965780e321bd49c,HVS Homes,around hvs homes,HVS Homes,,mixed
blr_b965780e321bd49c,HVS Homes,hvs homes area,HVS Homes,,mixed
blr_cdb6fedc25642e80,Metro Pickup/Drop off Lane,metro pickupdrop off lane,Metro Pickup/Drop off Lane,,mixed
blr_cdb6fedc25642e80,Metro Pickup/Drop off Lane,in metro pickupdrop off lane,Metro Pickup/Drop off Lane,,mixed
blr_cdb6fedc25642e80,Metro Pickup/Drop off Lane,near metro pickupdrop off lane,Metro Pickup/Drop off Lane,,mixed
blr_cdb6fedc25642e80,Metro Pickup/Drop off Lane,around metro pickupdrop off lane,Metro Pickup/Drop off Lane,,mixed
blr_cdb6fedc25642e80,Metro Pickup/Drop off Lane,metro pickupdrop off lane area,Metro Pickup/Drop off Lane,,mixed
blr_1954a957e6d612b0,Lane B3,lane b3,Lane B3,,mixed
blr_1954a957e6d612b0,Lane B3,in lane b3,Lane B3,,mixed
blr_1954a957e6d612b0,Lane B3,near lane b3,Lane B3,,mixed
blr_1954a957e6d612b0,Lane B3,around lane b3,Lane B3,,mixed
blr_1954a957e6d612b0,Lane B3,lane b3 area,Lane B3,,mixed
blr_d873e5bd61508cea,DSR Emerald,dsr emerald,DSR Emerald,,mixed
blr_d873e5bd61508cea,DSR Emerald,in dsr emerald,DSR Emerald,,mixed
blr_d873e5bd61508cea,DSR Emerald,near dsr emerald,DSR Emerald,,mixed
blr_d873e5bd61508cea,DSR Emerald,around dsr emerald,DSR Emerald,,mixed
blr_d873e5bd61508cea,DSR Emerald,dsr emerald area,DSR Emerald,,mixed
blr_bfda63499cbea8c1,Arakere MICO Layout Main Road,arakere mico layout main road,Arakere MICO Layout Main Road,,mixed
blr_bfda63499cbea8c1,Arakere MICO Layout Main Road,in arakere mico layout main road,Arakere MICO Layout Main Road,,mixed
blr_bfda63499cbea8c1,Arakere MICO Layout Main Road,near arakere mico layout main road,Arakere MICO Layout Main Road,,mixed
blr_bfda63499cbea8c1,Arakere MICO Layout Main Road,around arakere mico layout main road,Arakere MICO Layout Main Road,,mixed
blr_bfda63499cbea8c1,Arakere MICO Layout Main Road,arakere mico layout main road area,Arakere MICO Layout Main Road,,mixed
blr_7bd3b29985345ea2,ACS Meghana and Shalini Apartments,acs meghana and shalini apartments,ACS Meghana and Shalini Apartments,,mixed
blr_7bd3b29985345ea2,ACS Meghana and Shalini Apartments,in acs meghana and shalini apartments,ACS Meghana and Shalini Apartments,,mixed
blr_7bd3b29985345ea2,ACS Meghana and Shalini Apartments,near acs meghana and shalini apartments,ACS Meghana and Shalini Apartments,,mixed
blr_7bd3b29985345ea2,ACS Meghana and Shalini Apartments,around acs meghana and shalini apartments,ACS Meghana and Shalini Apartments,,mixed
blr_7bd3b29985345ea2,ACS Meghana and Shalini Apartments,acs meghana and shalini apartments area,ACS Meghana and Shalini Apartments,,mixed
blr_a55de79d5c448ea2,SNN Raj Lake View,snn raj lake view,SNN Raj Lake View,,mixed
blr_a55de79d5c448ea2,SNN Raj Lake View,in snn raj lake view,SNN Raj Lake View,,mixed
blr_a55de79d5c448ea2,SNN Raj Lake View,near snn raj lake view,SNN Raj Lake View,,mixed
blr_a55de79d5c448ea2,SNN Raj Lake View,around snn raj lake view,SNN Raj Lake View,,mixed
blr_a55de79d5c448ea2,SNN Raj Lake View,snn raj lake view area,SNN Raj Lake View,,mixed
blr_48c8c897d01161ef,R.H.B. Colony 1st Cross Road,rhb colony 1st cross road,R.H.B. Colony 1st Cross Road,,mixed
blr_48c8c897d01161ef,R.H.B. Colony 1st Cross Road,in rhb colony 1st cross road,R.H.B. Colony 1st Cross Road,,mixed
blr_48c8c897d01161ef,R.H.B. Colony 1st Cross Road,near rhb colony 1st cross road,R.H.B. Colony 1st Cross Road,,mixed
blr_48c8c897d01161ef,R.H.B. Colony 1st Cross Road,around rhb colony 1st cross road,R.H.B. Colony 1st Cross Road,,mixed
blr_48c8c897d01161ef,R.H.B. Colony 1st Cross Road,rhb colony 1st cross road area,R.H.B. Colony 1st Cross Road,,mixed
blr_1c84acbdaa9f315b,R.H.B. Colony 3rd Cross Road,rhb colony 3rd cross road,R.H.B. Colony 3rd Cross Road,,mixed
blr_1c84acbdaa9f315b,R.H.B. Colony 3rd Cross Road,rhb colony three cross road,R.H.B. Colony 3rd Cross Road,,mixed
blr_1c84acbdaa9f315b,R.H.B. Colony 3rd Cross Road,rhb colony third cross road,R.H.B. Colony 3rd Cross Road,,mixed
blr_1c84acbdaa9f315b,R.H.B. Colony 3rd Cross Road,in rhb colony 3rd cross road,R.H.B. Colony 3rd Cross Road,,mixed
blr_1c84acbdaa9f315b,R.H.B. Colony 3rd Cross Road,near rhb colony three cross road,R.H.B. Colony 3rd Cross Road,,mixed
blr_a70474c4a9287fcc,R.H.B. Colony 4th Cross Road,rhb colony four cross road,R.H.B. Colony 4th Cross Road,,mixed
blr_a70474c4a9287fcc,R.H.B. Colony 4th Cross Road,rhb colony fourth cross road,R.H.B. Colony 4th Cross Road,,mixed
blr_a70474c4a9287fcc,R.H.B. Colony 4th Cross Road,rhb colony 4th cross road,R.H.B. Colony 4th Cross Road,,mixed
blr_a70474c4a9287fcc,R.H.B. Colony 4th Cross Road,in rhb colony four cross road,R.H.B. Colony 4th Cross Road,,mixed
blr_a70474c4a9287fcc,R.H.B. Colony 4th Cross Road,near rhb colony fourth cross road,R.H.B. Colony 4th Cross Road,,mixed
blr_2bf6ba311b1b4f77,NCC Nagarjuna Enclave,ncc nagarjuna enclave,NCC Nagarjuna Enclave,,mixed
blr_2bf6ba311b1b4f77,NCC Nagarjuna Enclave,in ncc nagarjuna enclave,NCC Nagarjuna Enclave,,mixed
blr_2bf6ba311b1b4f77,NCC Nagarjuna Enclave,near ncc nagarjuna enclave,NCC Nagarjuna Enclave,,mixed
blr_2bf6ba311b1b4f77,NCC Nagarjuna Enclave,around ncc nagarjuna enclave,NCC Nagarjuna Enclave,,mixed
blr_2bf6ba311b1b4f77,NCC Nagarjuna Enclave,ncc nagarjuna enclave area,NCC Nagarjuna Enclave,,mixed
blr_d67983b7e53618e0,Jeevan Surabhi LIC Flats,jeevan surabhi lic flats,Jeevan Surabhi LIC Flats,,mixed
blr_d67983b7e53618e0,Jeevan Surabhi LIC Flats,in jeevan surabhi lic flats,Jeevan Surabhi LIC Flats,,mixed
blr_d67983b7e53618e0,Jeevan Surabhi LIC Flats,near jeevan surabhi lic flats,Jeevan Surabhi LIC Flats,,mixed
blr_d67983b7e53618e0,Jeevan Surabhi LIC Flats,around jeevan surabhi lic flats,Jeevan Surabhi LIC Flats,,mixed
blr_d67983b7e53618e0,Jeevan Surabhi LIC Flats,jeevan surabhi lic flats area,Jeevan Surabhi LIC Flats,,mixed
blr_a219900536110af6,Jeevan Saathi LIC Flats,jeevan saathi lic flats,Jeevan Saathi LIC Flats,,mixed
blr_a219900536110af6,Jeevan Saathi LIC Flats,in jeevan saathi lic flats,Jeevan Saathi LIC Flats,,mixed
blr_a219900536110af6,Jeevan Saathi LIC Flats,near jeevan saathi lic flats,Jeevan Saathi LIC Flats,,mixed
blr_a219900536110af6,Jeevan Saathi LIC Flats,around jeevan saathi lic flats,Jeevan Saathi LIC Flats,,mixed
blr_a219900536110af6,Jeevan Saathi LIC Flats,jeevan saathi lic flats area,Jeevan Saathi LIC Flats,,mixed
blr_1c83c32714653a3b,Saroj BlueBells,saroj bluebells,Saroj BlueBells,,mixed
blr_1c83c32714653a3b,Saroj BlueBells,in saroj bluebells,Saroj BlueBells,,mixed
blr_1c83c32714653a3b,Saroj BlueBells,near saroj bluebells,Saroj BlueBells,,mixed
blr_1c83c32714653a3b,Saroj BlueBells,around saroj bluebells,Saroj BlueBells,,mixed
blr_1c83c32714653a3b,Saroj BlueBells,saroj bluebells area,Saroj BlueBells,,mixed
blr_20c8825b54169197,Engineers street,engineers street,Engineers street,,mixed
blr_20c8825b54169197,Engineers street,in engineers street,Engineers street,,mixed
blr_20c8825b54169197,Engineers street,near engineers street,Engineers street,,mixed
blr_20c8825b54169197,Engineers street,around engineers street,Engineers street,,mixed
blr_20c8825b54169197,Engineers street,engineers street area,Engineers street,,mixed
blr_f83d7fc4e80291b6,16 Cross Road,16 cross road,16 Cross Road,,mixed
blr_f83d7fc4e80291b6,16 Cross Road,in 16 cross road,16 Cross Road,,mixed
blr_f83d7fc4e80291b6,16 Cross Road,near 16 cross road,16 Cross Road,,mixed
blr_f83d7fc4e80291b6,16 Cross Road,around 16 cross road,16 Cross Road,,mixed
blr_f83d7fc4e80291b6,16 Cross Road,16 cross road area,16 Cross Road,,mixed
blr_c8813a68f55f860f,DCross Road,dcross road,DCross Road,,mixed
blr_c8813a68f55f860f,DCross Road,in dcross road,DCross Road,,mixed
blr_c8813a68f55f860f,DCross Road,near dcross road,DCross Road,,mixed
blr_c8813a68f55f860f,DCross Road,around dcross road,DCross Road,,mixed
blr_c8813a68f55f860f,DCross Road,dcross road area,DCross Road,,mixed
blr_00e4c190b31314b2,N Cross Road,n cross road,N Cross Road,,mixed
blr_00e4c190b31314b2,N Cross Road,in n cross road,N Cross Road,,mixed
blr_00e4c190b31314b2,N Cross Road,near n cross road,N Cross Road,,mixed
blr_00e4c190b31314b2,N Cross Road,around n cross road,N Cross Road,,mixed
blr_00e4c190b31314b2,N Cross Road,n cross road area,N Cross Road,,mixed
blr_f5f50f8644caf4b3,60 Feet Main Road,60 feet main road,60 Feet Main Road,,mixed
blr_f5f50f8644caf4b3,60 Feet Main Road,in 60 feet main road,60 Feet Main Road,,mixed
blr_f5f50f8644caf4b3,60 Feet Main Road,near 60 feet main road,60 Feet Main Road,,mixed
blr_f5f50f8644caf4b3,60 Feet Main Road,around 60 feet main road,60 Feet Main Road,,mixed
blr_f5f50f8644caf4b3,60 Feet Main Road,60 feet main road area,60 Feet Main Road,,mixed
blr_f9faa183adfd9b0f,WASA Layout 5th Cross road,wasa layout 5th cross road,WASA Layout 5th Cross road,,mixed
blr_f9faa183adfd9b0f,WASA Layout 5th Cross road,wasa layout five cross road,WASA Layout 5th Cross road,,mixed
blr_f9faa183adfd9b0f,WASA Layout 5th Cross road,wasa layout fifth cross road,WASA Layout 5th Cross road,,mixed
blr_f9faa183adfd9b0f,WASA Layout 5th Cross road,in wasa layout 5th cross road,WASA Layout 5th Cross road,,mixed
blr_f9faa183adfd9b0f,WASA Layout 5th Cross road,near wasa layout five cross road,WASA Layout 5th Cross road,,mixed
blr_e1d15773b627d909,AET College Road,aet college road,AET College Road,,mixed
blr_e1d15773b627d909,AET College Road,in aet college road,AET College Road,,mixed
blr_e1d15773b627d909,AET College Road,near aet college road,AET College Road,,mixed
blr_e1d15773b627d909,AET College Road,around aet college road,AET College Road,,mixed
blr_e1d15773b627d909,AET College Road,aet college road area,AET College Road,,mixed
blr_381e172fdef4cdc6,PM Enclave,pm enclave,PM Enclave,,mixed
blr_381e172fdef4cdc6,PM Enclave,in pm enclave,PM Enclave,,mixed
blr_381e172fdef4cdc6,PM Enclave,near pm enclave,PM Enclave,,mixed
blr_381e172fdef4cdc6,PM Enclave,around pm enclave,PM Enclave,,mixed
blr_381e172fdef4cdc6,PM Enclave,pm enclave area,PM Enclave,,mixed
blr_992a45ee5b111112,RMV Cluster Phase 2nd,rmv cluster phase 2nd,RMV Cluster Phase 2,,mixed
blr_992a45ee5b111112,RMV Cluster Phase 2nd,rmv cluster phase two,RMV Cluster Phase 2,,mixed
blr_992a45ee5b111112,RMV Cluster Phase 2nd,rmv cluster phase second,RMV Cluster Phase 2,,mixed
blr_992a45ee5b111112,RMV Cluster Phase 2nd,in rmv cluster phase 2nd,RMV Cluster Phase 2,,mixed
blr_992a45ee5b111112,RMV Cluster Phase 2nd,near rmv cluster phase two,RMV Cluster Phase 2,,mixed
blr_03c61919e00e7f4e,RMV Cluster Phase 1st,rmv cluster phase 1st,RMV Cluster Phase 1,,mixed
blr_03c61919e00e7f4e,RMV Cluster Phase 1st,in rmv cluster phase 1st,RMV Cluster Phase 1,,mixed
blr_03c61919e00e7f4e,RMV Cluster Phase 1st,near rmv cluster phase 1st,RMV Cluster Phase 1,,mixed
blr_03c61919e00e7f4e,RMV Cluster Phase 1st,around rmv cluster phase 1st,RMV Cluster Phase 1,,mixed
blr_03c61919e00e7f4e,RMV Cluster Phase 1st,rmv cluster phase 1st area,RMV Cluster Phase 1,,mixed
blr_ea79103f6a3c6ea4,BEL White Square APartments,bel white square apartments,BEL White Square APartments,,mixed
blr_ea79103f6a3c6ea4,BEL White Square APartments,in bel white square apartments,BEL White Square APartments,,mixed
blr_ea79103f6a3c6ea4,BEL White Square APartments,near bel white square apartments,BEL White Square APartments,,mixed
blr_ea79103f6a3c6ea4,BEL White Square APartments,around bel white square apartments,BEL White Square APartments,,mixed
blr_ea79103f6a3c6ea4,BEL White Square APartments,bel white square apartments area,BEL White Square APartments,,mixed
blr_a67088fecd454509,EWS Quarters,ews quarters,EWS Quarters,,mixed
blr_a67088fecd454509,EWS Quarters,in ews quarters,EWS Quarters,,mixed
blr_a67088fecd454509,EWS Quarters,near ews quarters,EWS Quarters,,mixed
blr_a67088fecd454509,EWS Quarters,around ews quarters,EWS Quarters,,mixed
blr_a67088fecd454509,EWS Quarters,ews quarters area,EWS Quarters,,mixed
blr_4aaab89875383cc1,"1st Main, Akash Vihar Layout",1st main akash vihar layout,"1st Main, Akash Vihar Layout",,mixed
blr_4aaab89875383cc1,"1st Main, Akash Vihar Layout",in 1st main akash vihar layout,"1st Main, Akash Vihar Layout",,mixed
blr_4aaab89875383cc1,"1st Main, Akash Vihar Layout",near 1st main akash vihar layout,"1st Main, Akash Vihar Layout",,mixed
blr_4aaab89875383cc1,"1st Main, Akash Vihar Layout",around 1st main akash vihar layout,"1st Main, Akash Vihar Layout",,mixed
blr_4aaab89875383cc1,"1st Main, Akash Vihar Layout",1st main akash vihar layout area,"1st Main, Akash Vihar Layout",,mixed
blr_0aa16d21e76121e6,15th A Cross,1fifth a cross,15th A Cross,,mixed
blr_0aa16d21e76121e6,15th A Cross,15th a cross,15th A Cross,,mixed
blr_0aa16d21e76121e6,15th A Cross,1five a cross,15th A Cross,,mixed
blr_0aa16d21e76121e6,15th A Cross,in 1fifth a cross,15th A Cross,,mixed
blr_0aa16d21e76121e6,15th A Cross,near 15th a cross,15th A Cross,,mixed
blr_381ccccd7f228cce,KHB Staff Quarters,khb staff quarters,KHB Staff Quarters,,mixed
blr_381ccccd7f228cce,KHB Staff Quarters,in khb staff quarters,KHB Staff Quarters,,mixed
blr_381ccccd7f228cce,KHB Staff Quarters,near khb staff quarters,KHB Staff Quarters,,mixed
blr_381ccccd7f228cce,KHB Staff Quarters,around khb staff quarters,KHB Staff Quarters,,mixed
blr_381ccccd7f228cce,KHB Staff Quarters,khb staff quarters area,KHB Staff Quarters,,mixed
blr_70ca29e88b33f437,DOS Colony,dos colony,DOS Colony,,mixed
blr_70ca29e88b33f437,DOS Colony,in dos colony,DOS Colony,,mixed
blr_70ca29e88b33f437,DOS Colony,near dos colony,DOS Colony,,mixed
blr_70ca29e88b33f437,DOS Colony,around dos colony,DOS Colony,,mixed
blr_70ca29e88b33f437,DOS Colony,dos colony area,DOS Colony,,mixed
blr_460ba1977e8c0d64,VDB Azure,vdb azure,VDB Azure,,mixed
blr_460ba1977e8c0d64,VDB Azure,in vdb azure,VDB Azure,,mixed
blr_460ba1977e8c0d64,VDB Azure,near vdb azure,VDB Azure,,mixed
blr_460ba1977e8c0d64,VDB Azure,around vdb azure,VDB Azure,,mixed
blr_460ba1977e8c0d64,VDB Azure,vdb azure area,VDB Azure,,mixed
blr_7a30887817fe09dd,Ohana 857,ohana 857,Ohana 857,,mixed
blr_7a30887817fe09dd,Ohana 857,in ohana 857,Ohana 857,,mixed
blr_7a30887817fe09dd,Ohana 857,near ohana 857,Ohana 857,,mixed
blr_7a30887817fe09dd,Ohana 857,around ohana 857,Ohana 857,,mixed
blr_7a30887817fe09dd,Ohana 857,ohana 857 area,Ohana 857,,mixed
blr_43befcc71308912c,DSR Elegance,dsr elegance,DSR Elegance,,mixed
blr_43befcc71308912c,DSR Elegance,in dsr elegance,DSR Elegance,,mixed
blr_43befcc71308912c,DSR Elegance,near dsr elegance,DSR Elegance,,mixed
blr_43befcc71308912c,DSR Elegance,around dsr elegance,DSR Elegance,,mixed
blr_43befcc71308912c,DSR Elegance,dsr elegance area,DSR Elegance,,mixed
blr_81260a53c816fe25,Lane 2nd South,lane two south,Lane 2 South,,mixed
blr_81260a53c816fe25,Lane 2nd South,lane second south,Lane 2 South,,mixed
blr_81260a53c816fe25,Lane 2nd South,lane 2nd south,Lane 2 South,,mixed
blr_81260a53c816fe25,Lane 2nd South,in lane two south,Lane 2 South,,mixed
blr_81260a53c816fe25,Lane 2nd South,near lane second south,Lane 2 South,,mixed
blr_aba73dcdc8b833a8,Jakkur SWD Road,jakkur swd road,Jakkur SWD Road,,mixed
blr_aba73dcdc8b833a8,Jakkur SWD Road,in jakkur swd road,Jakkur SWD Road,,mixed
blr_aba73dcdc8b833a8,Jakkur SWD Road,near jakkur swd road,Jakkur SWD Road,,mixed
blr_aba73dcdc8b833a8,Jakkur SWD Road,around jakkur swd road,Jakkur SWD Road,,mixed
blr_aba73dcdc8b833a8,Jakkur SWD Road,jakkur swd road area,Jakkur SWD Road,,mixed
blr_0ed65e850252b4e3,LG Lakedew,lg lakedew,LG Lakedew,,mixed
blr_0ed65e850252b4e3,LG Lakedew,in lg lakedew,LG Lakedew,,mixed
blr_0ed65e850252b4e3,LG Lakedew,near lg lakedew,LG Lakedew,,mixed
blr_0ed65e850252b4e3,LG Lakedew,around lg lakedew,LG Lakedew,,mixed
blr_0ed65e850252b4e3,LG Lakedew,lg lakedew area,LG Lakedew,,mixed
blr_013b1662441ea900,Century infinite,century infinite,Century infinite,,mixed
blr_013b1662441ea900,Century infinite,in century infinite,Century infinite,,mixed
blr_013b1662441ea900,Century infinite,near century infinite,Century infinite,,mixed
blr_013b1662441ea900,Century infinite,around century infinite,Century infinite,,mixed
blr_013b1662441ea900,Century infinite,century infinite area,Century infinite,,mixed
blr_cfe64587a951515c,Yelahanka Old Town BMTC Bus Station,yelahanka old town bmtc bus station,Yelahanka Old Town BMTC Bus Station,,mixed
blr_cfe64587a951515c,Yelahanka Old Town BMTC Bus Station,in yelahanka old town bmtc bus station,Yelahanka Old Town BMTC Bus Station,,mixed
blr_cfe64587a951515c,Yelahanka Old Town BMTC Bus Station,near yelahanka old town bmtc bus station,Yelahanka Old Town BMTC Bus Station,,mixed
blr_cfe64587a951515c,Yelahanka Old Town BMTC Bus Station,around yelahanka old town bmtc bus station,Yelahanka Old Town BMTC Bus Station,,mixed
blr_cfe64587a951515c,Yelahanka Old Town BMTC Bus Station,yelahanka old town bmtc bus station area,Yelahanka Old Town BMTC Bus Station,,mixed
blr_ad7b56462ef0cae5,YMR Lichen,ymr lichen,YMR Lichen,,mixed
blr_ad7b56462ef0cae5,YMR Lichen,in ymr lichen,YMR Lichen,,mixed
blr_ad7b56462ef0cae5,YMR Lichen,near ymr lichen,YMR Lichen,,mixed
blr_ad7b56462ef0cae5,YMR Lichen,around ymr lichen,YMR Lichen,,mixed
blr_ad7b56462ef0cae5,YMR Lichen,ymr lichen area,YMR Lichen,,mixed
blr_f9558eb1453baab4,HSR Trinity Apartments,h s r trinity apartments,HSR Trinity Apartments,,mixed
blr_f9558eb1453baab4,HSR Trinity Apartments,hsr trinity apartments,HSR Trinity Apartments,,mixed
blr_f9558eb1453baab4,HSR Trinity Apartments,in h s r trinity apartments,HSR Trinity Apartments,,mixed
blr_f9558eb1453baab4,HSR Trinity Apartments,near hsr trinity apartments,HSR Trinity Apartments,,mixed
blr_f9558eb1453baab4,HSR Trinity Apartments,around h s r trinity apartments,HSR Trinity Apartments,,mixed
blr_cbdb2c23be631055,BMTC Quarters,bmtc quarters,BMTC Quarters,,mixed
blr_cbdb2c23be631055,BMTC Quarters,in bmtc quarters,BMTC Quarters,,mixed
blr_cbdb2c23be631055,BMTC Quarters,near bmtc quarters,BMTC Quarters,,mixed
blr_cbdb2c23be631055,BMTC Quarters,around bmtc quarters,BMTC Quarters,,mixed
blr_cbdb2c23be631055,BMTC Quarters,bmtc quarters area,BMTC Quarters,,mixed
blr_0080e3646561954d,MJR Platina,mjr platina,MJR Platina,,mixed
blr_0080e3646561954d,MJR Platina,in mjr platina,MJR Platina,,mixed
blr_0080e3646561954d,MJR Platina,near mjr platina,MJR Platina,,mixed
blr_0080e3646561954d,MJR Platina,around mjr platina,MJR Platina,,mixed
blr_0080e3646561954d,MJR Platina,mjr platina area,MJR Platina,,mixed
blr_0b0f22addfb8d30d,JNNURM,jnnurm,JNNURM,,mixed
blr_0b0f22addfb8d30d,JNNURM,in jnnurm,JNNURM,,mixed
blr_0b0f22addfb8d30d,JNNURM,near jnnurm,JNNURM,,mixed
blr_0b0f22addfb8d30d,JNNURM,around jnnurm,JNNURM,,mixed
blr_0b0f22addfb8d30d,JNNURM,jnnurm area,JNNURM,,mixed
blr_2009b2075acb0416,TG Lake Vista,tg lake vista,TG Lake Vista,,mixed
blr_2009b2075acb0416,TG Lake Vista,in tg lake vista,TG Lake Vista,,mixed
blr_2009b2075acb0416,TG Lake Vista,near tg lake vista,TG Lake Vista,,mixed
blr_2009b2075acb0416,TG Lake Vista,around tg lake vista,TG Lake Vista,,mixed
blr_2009b2075acb0416,TG Lake Vista,tg lake vista area,TG Lake Vista,,mixed
blr_b2e71852968ee6bf,DS Max Saanjh,ds max saanjh,DS Max Saanjh,,mixed
blr_b2e71852968ee6bf,DS Max Saanjh,in ds max saanjh,DS Max Saanjh,,mixed
blr_b2e71852968ee6bf,DS Max Saanjh,near ds max saanjh,DS Max Saanjh,,mixed
blr_b2e71852968ee6bf,DS Max Saanjh,around ds max saanjh,DS Max Saanjh,,mixed
blr_b2e71852968ee6bf,DS Max Saanjh,ds max saanjh area,DS Max Saanjh,,mixed
blr_d88b52b67cd1e51c,SLV Spandana,slv spandana,SLV Spandana,,mixed
blr_d88b52b67cd1e51c,SLV Spandana,in slv spandana,SLV Spandana,,mixed
blr_d88b52b67cd1e51c,SLV Spandana,near slv spandana,SLV Spandana,,mixed
blr_d88b52b67cd1e51c,SLV Spandana,around slv spandana,SLV Spandana,,mixed
blr_d88b52b67cd1e51c,SLV Spandana,slv spandana area,SLV Spandana,,mixed
blr_1e4ab1f8c7657e08,KHB Diamond Township,khb diamond township,KHB Diamond Township,,mixed
blr_1e4ab1f8c7657e08,KHB Diamond Township,in khb diamond township,KHB Diamond Township,,mixed
blr_1e4ab1f8c7657e08,KHB Diamond Township,near khb diamond township,KHB Diamond Township,,mixed
blr_1e4ab1f8c7657e08,KHB Diamond Township,around khb diamond township,KHB Diamond Township,,mixed
blr_1e4ab1f8c7657e08,KHB Diamond Township,khb diamond township area,KHB Diamond Township,,mixed
blr_54cf8f89a84d2616,KR Circle,kr circle,KR Circle,,mixed
blr_54cf8f89a84d2616,KR Circle,in kr circle,KR Circle,,mixed
blr_54cf8f89a84d2616,KR Circle,near kr circle,KR Circle,,mixed
blr_54cf8f89a84d2616,KR Circle,around kr circle,KR Circle,,mixed
blr_54cf8f89a84d2616,KR Circle,kr circle area,KR Circle,,mixed
blr_14c044894fac336c,Bengaluru-Mysuru Service lane,bengalurumysuru service lane,Bengaluru-Mysuru Service lane,,mixed
blr_14c044894fac336c,Bengaluru-Mysuru Service lane,bangaloremysuru service lane,Bengaluru-Mysuru Service lane,,mixed
blr_14c044894fac336c,Bengaluru-Mysuru Service lane,in bengalurumysuru service lane,Bengaluru-Mysuru Service lane,,mixed
blr_14c044894fac336c,Bengaluru-Mysuru Service lane,near bangaloremysuru service lane,Bengaluru-Mysuru Service lane,,mixed
blr_14c044894fac336c,Bengaluru-Mysuru Service lane,around bengalurumysuru service lane,Bengaluru-Mysuru Service lane,,mixed
blr_3fa8a3b2f72d27c2,SGS Divine Aspire,sgs divine aspire,SGS Divine Aspire,,mixed
blr_3fa8a3b2f72d27c2,SGS Divine Aspire,in sgs divine aspire,SGS Divine Aspire,,mixed
blr_3fa8a3b2f72d27c2,SGS Divine Aspire,near sgs divine aspire,SGS Divine Aspire,,mixed
blr_3fa8a3b2f72d27c2,SGS Divine Aspire,around sgs divine aspire,SGS Divine Aspire,,mixed
blr_3fa8a3b2f72d27c2,SGS Divine Aspire,sgs divine aspire area,SGS Divine Aspire,,mixed
blr_b319545c91a0a9be,DS Max Skygrand,ds max skygrand,DS Max Skygrand,,mixed
blr_b319545c91a0a9be,DS Max Skygrand,in ds max skygrand,DS Max Skygrand,,mixed
blr_b319545c91a0a9be,DS Max Skygrand,near ds max skygrand,DS Max Skygrand,,mixed
blr_b319545c91a0a9be,DS Max Skygrand,around ds max skygrand,DS Max Skygrand,,mixed
blr_b319545c91a0a9be,DS Max Skygrand,ds max skygrand area,DS Max Skygrand,,mixed
blr_7129c62c57270b6c,DS Max Solitaire,ds max solitaire,DS Max Solitaire,,mixed
blr_7129c62c57270b6c,DS Max Solitaire,in ds max solitaire,DS Max Solitaire,,mixed
blr_7129c62c57270b6c,DS Max Solitaire,near ds max solitaire,DS Max Solitaire,,mixed
blr_7129c62c57270b6c,DS Max Solitaire,around ds max solitaire,DS Max Solitaire,,mixed
blr_7129c62c57270b6c,DS Max Solitaire,ds max solitaire area,DS Max Solitaire,,mixed
blr_5f458c80f66bed11,MIT Square,mit square,MIT Square,,mixed
blr_5f458c80f66bed11,MIT Square,in mit square,MIT Square,,mixed
blr_5f458c80f66bed11,MIT Square,near mit square,MIT Square,,mixed
blr_5f458c80f66bed11,MIT Square,around mit square,MIT Square,,mixed
blr_5f458c80f66bed11,MIT Square,mit square area,MIT Square,,mixed
blr_df19c7c6a8560195,PVR Lakeview,pvr lakeview,PVR Lakeview,,mixed
blr_df19c7c6a8560195,PVR Lakeview,in pvr lakeview,PVR Lakeview,,mixed
blr_df19c7c6a8560195,PVR Lakeview,near pvr lakeview,PVR Lakeview,,mixed
blr_df19c7c6a8560195,PVR Lakeview,around pvr lakeview,PVR Lakeview,,mixed
blr_df19c7c6a8560195,PVR Lakeview,pvr lakeview area,PVR Lakeview,,mixed
blr_ddb7603624d8da47,BREN Trillium Apartments,bren trillium apartments,BREN Trillium Apartments,,mixed
blr_ddb7603624d8da47,BREN Trillium Apartments,in bren trillium apartments,BREN Trillium Apartments,,mixed
blr_ddb7603624d8da47,BREN Trillium Apartments,near bren trillium apartments,BREN Trillium Apartments,,mixed
blr_ddb7603624d8da47,BREN Trillium Apartments,around bren trillium apartments,BREN Trillium Apartments,,mixed
blr_ddb7603624d8da47,BREN Trillium Apartments,bren trillium apartments area,BREN Trillium Apartments,,mixed
blr_888735c88ba600a3,95th Cross Road,95th cross road,95th Cross Road,,mixed
blr_888735c88ba600a3,95th Cross Road,9fifth cross road,95th Cross Road,,mixed
blr_888735c88ba600a3,95th Cross Road,9five cross road,95th Cross Road,,mixed
blr_888735c88ba600a3,95th Cross Road,in 95th cross road,95th Cross Road,,mixed
blr_888735c88ba600a3,95th Cross Road,near 9fifth cross road,95th Cross Road,,mixed
blr_67c141a8b1a0d83b,SNN RAJ Spiritua,snn raj spiritua,SNN RAJ Spiritua,,mixed
blr_67c141a8b1a0d83b,SNN RAJ Spiritua,in snn raj spiritua,SNN RAJ Spiritua,,mixed
blr_67c141a8b1a0d83b,SNN RAJ Spiritua,near snn raj spiritua,SNN RAJ Spiritua,,mixed
blr_67c141a8b1a0d83b,SNN RAJ Spiritua,around snn raj spiritua,SNN RAJ Spiritua,,mixed
blr_67c141a8b1a0d83b,SNN RAJ Spiritua,snn raj spiritua area,SNN RAJ Spiritua,,mixed
blr_f276bdca2c130f3a,SNN Raj Grandeur,snn raj grandeur,SNN Raj Grandeur,,mixed
blr_f276bdca2c130f3a,SNN Raj Grandeur,in snn raj grandeur,SNN Raj Grandeur,,mixed
blr_f276bdca2c130f3a,SNN Raj Grandeur,near snn raj grandeur,SNN Raj Grandeur,,mixed
blr_f276bdca2c130f3a,SNN Raj Grandeur,around snn raj grandeur,SNN Raj Grandeur,,mixed
blr_f276bdca2c130f3a,SNN Raj Grandeur,snn raj grandeur area,SNN Raj Grandeur,,mixed
blr_f50d1815e79fc873,HRC Ananya,hrc ananya,HRC Ananya,,mixed
blr_f50d1815e79fc873,HRC Ananya,in hrc ananya,HRC Ananya,,mixed
blr_f50d1815e79fc873,HRC Ananya,near hrc ananya,HRC Ananya,,mixed
blr_f50d1815e79fc873,HRC Ananya,around hrc ananya,HRC Ananya,,mixed
blr_f50d1815e79fc873,HRC Ananya,hrc ananya area,HRC Ananya,,mixed
blr_cd62088d5bbf9a6a,NDRF,ndrf,NDRF,,mixed
blr_cd62088d5bbf9a6a,NDRF,in ndrf,NDRF,,mixed
blr_cd62088d5bbf9a6a,NDRF,near ndrf,NDRF,,mixed
blr_cd62088d5bbf9a6a,NDRF,around ndrf,NDRF,,mixed
blr_cd62088d5bbf9a6a,NDRF,ndrf area,NDRF,,mixed
blr_4a0ac172702dda13,Lane A,lane a,Lane A,,mixed
blr_4a0ac172702dda13,Lane A,in lane a,Lane A,,mixed
blr_4a0ac172702dda13,Lane A,near lane a,Lane A,,mixed
blr_4a0ac172702dda13,Lane A,around lane a,Lane A,,mixed
blr_4a0ac172702dda13,Lane A,lane a area,Lane A,,mixed
blr_d8506b05b6c78a35,Lane B1,lane b1,Lane B1,,mixed
blr_d8506b05b6c78a35,Lane B1,in lane b1,Lane B1,,mixed
blr_d8506b05b6c78a35,Lane B1,near lane b1,Lane B1,,mixed
blr_d8506b05b6c78a35,Lane B1,around lane b1,Lane B1,,mixed
blr_d8506b05b6c78a35,Lane B1,lane b1 area,Lane B1,,mixed
blr_be6131dca2e89547,Halcyon at Brigade Cornerstone Utopia,halcyon at brigade cornerstone utopia,Halcyon at Brigade Cornerstone Utopia,,mixed
blr_be6131dca2e89547,Halcyon at Brigade Cornerstone Utopia,in halcyon at brigade cornerstone utopia,Halcyon at Brigade Cornerstone Utopia,,mixed
blr_be6131dca2e89547,Halcyon at Brigade Cornerstone Utopia,near halcyon at brigade cornerstone utopia,Halcyon at Brigade Cornerstone Utopia,,mixed
blr_be6131dca2e89547,Halcyon at Brigade Cornerstone Utopia,around halcyon at brigade cornerstone utopia,Halcyon at Brigade Cornerstone Utopia,,mixed
blr_be6131dca2e89547,Halcyon at Brigade Cornerstone Utopia,halcyon at brigade cornerstone utopia area,Halcyon at Brigade Cornerstone Utopia,,mixed
blr_8c3852cb70c0f8e7,Green Garden Phase 2nd,green garden phase second,Green Garden Phase 2,,mixed
blr_8c3852cb70c0f8e7,Green Garden Phase 2nd,green garden phase 2nd,Green Garden Phase 2,,mixed
blr_8c3852cb70c0f8e7,Green Garden Phase 2nd,green garden phase two,Green Garden Phase 2,,mixed
blr_8c3852cb70c0f8e7,Green Garden Phase 2nd,in green garden phase second,Green Garden Phase 2,,mixed
blr_8c3852cb70c0f8e7,Green Garden Phase 2nd,near green garden phase 2nd,Green Garden Phase 2,,mixed
blr_943cb7b270b6f990,MNR Street,mnr street,MNR Street,,mixed
blr_943cb7b270b6f990,MNR Street,in mnr street,MNR Street,,mixed
blr_943cb7b270b6f990,MNR Street,near mnr street,MNR Street,,mixed
blr_943cb7b270b6f990,MNR Street,around mnr street,MNR Street,,mixed
blr_943cb7b270b6f990,MNR Street,mnr street area,MNR Street,,mixed
blr_9a285bf0847f22a9,BGS Layout,bgs layout,BGS Layout,,mixed
blr_9a285bf0847f22a9,BGS Layout,in bgs layout,BGS Layout,,mixed
blr_9a285bf0847f22a9,BGS Layout,near bgs layout,BGS Layout,,mixed
blr_9a285bf0847f22a9,BGS Layout,around bgs layout,BGS Layout,,mixed
blr_9a285bf0847f22a9,BGS Layout,bgs layout area,BGS Layout,,mixed
blr_b28d66161872c7a9,DS Max Synergy,ds max synergy,DS Max Synergy,,mixed
blr_b28d66161872c7a9,DS Max Synergy,in ds max synergy,DS Max Synergy,,mixed
blr_b28d66161872c7a9,DS Max Synergy,near ds max synergy,DS Max Synergy,,mixed
blr_b28d66161872c7a9,DS Max Synergy,around ds max synergy,DS Max Synergy,,mixed
blr_b28d66161872c7a9,DS Max Synergy,ds max synergy area,DS Max Synergy,,mixed
blr_b4f6cc2165775304,SS Snowdrop,ss snowdrop,SS Snowdrop,,mixed
blr_b4f6cc2165775304,SS Snowdrop,in ss snowdrop,SS Snowdrop,,mixed
blr_b4f6cc2165775304,SS Snowdrop,near ss snowdrop,SS Snowdrop,,mixed
blr_b4f6cc2165775304,SS Snowdrop,around ss snowdrop,SS Snowdrop,,mixed
blr_b4f6cc2165775304,SS Snowdrop,ss snowdrop area,SS Snowdrop,,mixed
blr_ff6dbbe71a9cecb2,Vaishnavi North 24,vaishnavi north 24,Vaishnavi North 24,,mixed
blr_ff6dbbe71a9cecb2,Vaishnavi North 24,in vaishnavi north 24,Vaishnavi North 24,,mixed
blr_ff6dbbe71a9cecb2,Vaishnavi North 24,near vaishnavi north 24,Vaishnavi North 24,,mixed
blr_ff6dbbe71a9cecb2,Vaishnavi North 24,around vaishnavi north 24,Vaishnavi North 24,,mixed
blr_ff6dbbe71a9cecb2,Vaishnavi North 24,vaishnavi north 24 area,Vaishnavi North 24,,mixed
blr_3750b6aa1bcb5032,RMP2015 Road,rmp2015 road,RMP2015 Road,,mixed
blr_3750b6aa1bcb5032,RMP2015 Road,in rmp2015 road,RMP2015 Road,,mixed
blr_3750b6aa1bcb5032,RMP2015 Road,near rmp2015 road,RMP2015 Road,,mixed
blr_3750b6aa1bcb5032,RMP2015 Road,around rmp2015 road,RMP2015 Road,,mixed
blr_3750b6aa1bcb5032,RMP2015 Road,rmp2015 road area,RMP2015 Road,,mixed
blr_0a60b3233dd7ca66,18m RMP2015 Road,18m rmp2015 road,18m RMP2015 Road,,mixed
blr_0a60b3233dd7ca66,18m RMP2015 Road,in 18m rmp2015 road,18m RMP2015 Road,,mixed
blr_0a60b3233dd7ca66,18m RMP2015 Road,near 18m rmp2015 road,18m RMP2015 Road,,mixed
blr_0a60b3233dd7ca66,18m RMP2015 Road,around 18m rmp2015 road,18m RMP2015 Road,,mixed
blr_0a60b3233dd7ca66,18m RMP2015 Road,18m rmp2015 road area,18m RMP2015 Road,,mixed
blr_3122564e407f9564,SM Zinnia,sm zinnia,SM Zinnia,,mixed
blr_3122564e407f9564,SM Zinnia,in sm zinnia,SM Zinnia,,mixed
blr_3122564e407f9564,SM Zinnia,near sm zinnia,SM Zinnia,,mixed
blr_3122564e407f9564,SM Zinnia,around sm zinnia,SM Zinnia,,mixed
blr_3122564e407f9564,SM Zinnia,sm zinnia area,SM Zinnia,,mixed
blr_e47ac12ef28c5c26,Pyramid Banksia and Mahika,pyramid banksia and mahika,Pyramid Banksia and Mahika,,mixed
blr_e47ac12ef28c5c26,Pyramid Banksia and Mahika,in pyramid banksia and mahika,Pyramid Banksia and Mahika,,mixed
blr_e47ac12ef28c5c26,Pyramid Banksia and Mahika,near pyramid banksia and mahika,Pyramid Banksia and Mahika,,mixed
blr_e47ac12ef28c5c26,Pyramid Banksia and Mahika,around pyramid banksia and mahika,Pyramid Banksia and Mahika,,mixed
blr_e47ac12ef28c5c26,Pyramid Banksia and Mahika,pyramid banksia and mahika area,Pyramid Banksia and Mahika,,mixed
blr_b20271ca81ce60c3,IIA Apartment,iia apartment,IIA Apartment,,mixed
blr_b20271ca81ce60c3,IIA Apartment,in iia apartment,IIA Apartment,,mixed
blr_b20271ca81ce60c3,IIA Apartment,near iia apartment,IIA Apartment,,mixed
blr_b20271ca81ce60c3,IIA Apartment,around iia apartment,IIA Apartment,,mixed
blr_b20271ca81ce60c3,IIA Apartment,iia apartment area,IIA Apartment,,mixed
blr_6cf789318f536c51,EGPI Arcadia,egpi arcadia,EGPI Arcadia,,mixed
blr_6cf789318f536c51,EGPI Arcadia,in egpi arcadia,EGPI Arcadia,,mixed
blr_6cf789318f536c51,EGPI Arcadia,near egpi arcadia,EGPI Arcadia,,mixed
blr_6cf789318f536c51,EGPI Arcadia,around egpi arcadia,EGPI Arcadia,,mixed
blr_6cf789318f536c51,EGPI Arcadia,egpi arcadia area,EGPI Arcadia,,mixed
blr_866788fa2bc80f2e,R K Road,r k road,R K Road,,mixed
blr_866788fa2bc80f2e,R K Road,in r k road,R K Road,,mixed
blr_866788fa2bc80f2e,R K Road,near r k road,R K Road,,mixed
blr_866788fa2bc80f2e,R K Road,around r k road,R K Road,,mixed
blr_866788fa2bc80f2e,R K Road,r k road area,R K Road,,mixed
blr_bb74964bc6983218,Airport Authority of India Quarters,airport authority of india quarters,Airport Authority of India Quarters,,mixed
blr_bb74964bc6983218,Airport Authority of India Quarters,in airport authority of india quarters,Airport Authority of India Quarters,,mixed
blr_bb74964bc6983218,Airport Authority of India Quarters,near airport authority of india quarters,Airport Authority of India Quarters,,mixed
blr_bb74964bc6983218,Airport Authority of India Quarters,around airport authority of india quarters,Airport Authority of India Quarters,,mixed
blr_bb74964bc6983218,Airport Authority of India Quarters,airport authority of india quarters area,Airport Authority of India Quarters,,mixed
blr_4ae81be7f62c935f,MES Quarters,mes quarters,MES Quarters,,mixed
blr_4ae81be7f62c935f,MES Quarters,in mes quarters,MES Quarters,,mixed
blr_4ae81be7f62c935f,MES Quarters,near mes quarters,MES Quarters,,mixed
blr_4ae81be7f62c935f,MES Quarters,around mes quarters,MES Quarters,,mixed
blr_4ae81be7f62c935f,MES Quarters,mes quarters area,MES Quarters,,mixed
blr_482d0be496b5fcf2,KHB Apartments,khb apartments,KHB Apartments,,mixed
blr_482d0be496b5fcf2,KHB Apartments,in khb apartments,KHB Apartments,,mixed
blr_482d0be496b5fcf2,KHB Apartments,near khb apartments,KHB Apartments,,mixed
blr_482d0be496b5fcf2,KHB Apartments,around khb apartments,KHB Apartments,,mixed
blr_482d0be496b5fcf2,KHB Apartments,khb apartments area,KHB Apartments,,mixed
blr_c5322063a01cf3db,Ramp A,ramp a,Ramp A,,mixed
blr_c5322063a01cf3db,Ramp A,in ramp a,Ramp A,,mixed
blr_c5322063a01cf3db,Ramp A,near ramp a,Ramp A,,mixed
blr_c5322063a01cf3db,Ramp A,around ramp a,Ramp A,,mixed
blr_c5322063a01cf3db,Ramp A,ramp a area,Ramp A,,mixed
blr_77b78357b3861297,Ramp to Hosur road joining Ragigudda Silkboard Double Decker Flyover,ramp to hosur road joining ragigudda silkboard double decker flyover,Ramp to Hosur road joining Ragigudda Silkboard Double Decker Flyover,,mixed
blr_77b78357b3861297,Ramp to Hosur road joining Ragigudda Silkboard Double Decker Flyover,in ramp to hosur road joining ragigudda silkboard double decker flyover,Ramp to Hosur road joining Ragigudda Silkboard Double Decker Flyover,,mixed
blr_77b78357b3861297,Ramp to Hosur road joining Ragigudda Silkboard Double Decker Flyover,near ramp to hosur road joining ragigudda silkboard double decker flyover,Ramp to Hosur road joining Ragigudda Silkboard Double Decker Flyover,,mixed
blr_77b78357b3861297,Ramp to Hosur road joining Ragigudda Silkboard Double Decker Flyover,around ramp to hosur road joining ragigudda silkboard double decker flyover,Ramp to Hosur road joining Ragigudda Silkboard Double Decker Flyover,,mixed
blr_77b78357b3861297,Ramp to Hosur road joining Ragigudda Silkboard Double Decker Flyover,ramp to hosur road joining ragigudda silkboard double decker flyover area,Ramp to Hosur road joining Ragigudda Silkboard Double Decker Flyover,,mixed
blr_e6bc27e5f86c0ab4,SS Maple,ss maple,SS Maple,,mixed
blr_e6bc27e5f86c0ab4,SS Maple,in ss maple,SS Maple,,mixed
blr_e6bc27e5f86c0ab4,SS Maple,near ss maple,SS Maple,,mixed
blr_e6bc27e5f86c0ab4,SS Maple,around ss maple,SS Maple,,mixed
blr_e6bc27e5f86c0ab4,SS Maple,ss maple area,SS Maple,,mixed
blr_6659a334bc56ae1d,Railway Quarters KR Puram,railway quarters kr puram,Railway Quarters KR Puram,,mixed
blr_6659a334bc56ae1d,Railway Quarters KR Puram,in railway quarters kr puram,Railway Quarters KR Puram,,mixed
blr_6659a334bc56ae1d,Railway Quarters KR Puram,near railway quarters kr puram,Railway Quarters KR Puram,,mixed
blr_6659a334bc56ae1d,Railway Quarters KR Puram,around railway quarters kr puram,Railway Quarters KR Puram,,mixed
blr_6659a334bc56ae1d,Railway Quarters KR Puram,railway quarters kr puram area,Railway Quarters KR Puram,,mixed
blr_06422c2f3a80d78e,MV Periwinkle,mv periwinkle,MV Periwinkle,,mixed
blr_06422c2f3a80d78e,MV Periwinkle,in mv periwinkle,MV Periwinkle,,mixed
blr_06422c2f3a80d78e,MV Periwinkle,near mv periwinkle,MV Periwinkle,,mixed
blr_06422c2f3a80d78e,MV Periwinkle,around mv periwinkle,MV Periwinkle,,mixed
blr_06422c2f3a80d78e,MV Periwinkle,mv periwinkle area,MV Periwinkle,,mixed
blr_67e9d8988b64ab13,ASN Lakeview,asn lakeview,ASN Lakeview,,mixed
blr_67e9d8988b64ab13,ASN Lakeview,in asn lakeview,ASN Lakeview,,mixed
blr_67e9d8988b64ab13,ASN Lakeview,near asn lakeview,ASN Lakeview,,mixed
blr_67e9d8988b64ab13,ASN Lakeview,around asn lakeview,ASN Lakeview,,mixed
blr_67e9d8988b64ab13,ASN Lakeview,asn lakeview area,ASN Lakeview,,mixed
blr_3c3c338bb92afcef,NR Royal Park,nr royal park,NR Royal Park,,mixed
blr_3c3c338bb92afcef,NR Royal Park,in nr royal park,NR Royal Park,,mixed
blr_3c3c338bb92afcef,NR Royal Park,near nr royal park,NR Royal Park,,mixed
blr_3c3c338bb92afcef,NR Royal Park,around nr royal park,NR Royal Park,,mixed
blr_3c3c338bb92afcef,NR Royal Park,nr royal park area,NR Royal Park,,mixed
blr_1eef83b1775e75fb,Narya 5th Elements,narya five elements,Narya 5 Elements,,mixed
blr_1eef83b1775e75fb,Narya 5th Elements,narya 5th elements,Narya 5 Elements,,mixed
blr_1eef83b1775e75fb,Narya 5th Elements,narya fifth elements,Narya 5 Elements,,mixed
blr_1eef83b1775e75fb,Narya 5th Elements,in narya five elements,Narya 5 Elements,,mixed
blr_1eef83b1775e75fb,Narya 5th Elements,near narya 5th elements,Narya 5 Elements,,mixed
blr_aee130f9e9f3e769,M3 Benson,m3 benson,M3 Benson,,mixed
blr_aee130f9e9f3e769,M3 Benson,in m3 benson,M3 Benson,,mixed
blr_aee130f9e9f3e769,M3 Benson,near m3 benson,M3 Benson,,mixed
blr_aee130f9e9f3e769,M3 Benson,around m3 benson,M3 Benson,,mixed
blr_aee130f9e9f3e769,M3 Benson,m3 benson area,M3 Benson,,mixed
blr_079d16661564f0bf,GK Tropical Springs,gk tropical springs,GK Tropical Springs,,mixed
blr_079d16661564f0bf,GK Tropical Springs,in gk tropical springs,GK Tropical Springs,,mixed
blr_079d16661564f0bf,GK Tropical Springs,near gk tropical springs,GK Tropical Springs,,mixed
blr_079d16661564f0bf,GK Tropical Springs,around gk tropical springs,GK Tropical Springs,,mixed
blr_079d16661564f0bf,GK Tropical Springs,gk tropical springs area,GK Tropical Springs,,mixed
blr_f4fdc66d0e79d99c,CPMG Karnataka Residence,cpmg karnataka residence,CPMG Karnataka Residence,,mixed
blr_f4fdc66d0e79d99c,CPMG Karnataka Residence,in cpmg karnataka residence,CPMG Karnataka Residence,,mixed
blr_f4fdc66d0e79d99c,CPMG Karnataka Residence,near cpmg karnataka residence,CPMG Karnataka Residence,,mixed
blr_f4fdc66d0e79d99c,CPMG Karnataka Residence,around cpmg karnataka residence,CPMG Karnataka Residence,,mixed
blr_f4fdc66d0e79d99c,CPMG Karnataka Residence,cpmg karnataka residence area,CPMG Karnataka Residence,,mixed
blr_954b556b11ad599b,SSVR Lotus Pond,ssvr lotus pond,SSVR Lotus Pond,,mixed
blr_954b556b11ad599b,SSVR Lotus Pond,in ssvr lotus pond,SSVR Lotus Pond,,mixed
blr_954b556b11ad599b,SSVR Lotus Pond,near ssvr lotus pond,SSVR Lotus Pond,,mixed
blr_954b556b11ad599b,SSVR Lotus Pond,around ssvr lotus pond,SSVR Lotus Pond,,mixed
blr_954b556b11ad599b,SSVR Lotus Pond,ssvr lotus pond area,SSVR Lotus Pond,,mixed
blr_1d6beadcb50654fa,MG Road Boulevard,mg road boulevard,MG Road Boulevard,,mixed
blr_1d6beadcb50654fa,MG Road Boulevard,in mg road boulevard,MG Road Boulevard,,mixed
blr_1d6beadcb50654fa,MG Road Boulevard,near mg road boulevard,MG Road Boulevard,,mixed
blr_1d6beadcb50654fa,MG Road Boulevard,around mg road boulevard,MG Road Boulevard,,mixed
blr_1d6beadcb50654fa,MG Road Boulevard,mg road boulevard area,MG Road Boulevard,,mixed
blr_5ffa6e41072a511b,SMR Vinay Meenakshi,smr vinay meenakshi,SMR Vinay Meenakshi,,mixed
blr_5ffa6e41072a511b,SMR Vinay Meenakshi,in smr vinay meenakshi,SMR Vinay Meenakshi,,mixed
blr_5ffa6e41072a511b,SMR Vinay Meenakshi,near smr vinay meenakshi,SMR Vinay Meenakshi,,mixed
blr_5ffa6e41072a511b,SMR Vinay Meenakshi,around smr vinay meenakshi,SMR Vinay Meenakshi,,mixed
blr_5ffa6e41072a511b,SMR Vinay Meenakshi,smr vinay meenakshi area,SMR Vinay Meenakshi,,mixed
blr_897afcbaeb55470b,24m RMP2015 Road,24m rmp2015 road,24m RMP2015 Road,,mixed
blr_897afcbaeb55470b,24m RMP2015 Road,in 24m rmp2015 road,24m RMP2015 Road,,mixed
blr_897afcbaeb55470b,24m RMP2015 Road,near 24m rmp2015 road,24m RMP2015 Road,,mixed
blr_897afcbaeb55470b,24m RMP2015 Road,around 24m rmp2015 road,24m RMP2015 Road,,mixed
blr_897afcbaeb55470b,24m RMP2015 Road,24m rmp2015 road area,24m RMP2015 Road,,mixed
blr_7a38623716341719,TNR Street,tnr street,TNR Street,,mixed
blr_7a38623716341719,TNR Street,in tnr street,TNR Street,,mixed
blr_7a38623716341719,TNR Street,near tnr street,TNR Street,,mixed
blr_7a38623716341719,TNR Street,around tnr street,TNR Street,,mixed
blr_7a38623716341719,TNR Street,tnr street area,TNR Street,,mixed
blr_e6b8581b95a99f17,SKAV Mekhri Ritz,skav mekhri ritz,SKAV Mekhri Ritz,,mixed
blr_e6b8581b95a99f17,SKAV Mekhri Ritz,in skav mekhri ritz,SKAV Mekhri Ritz,,mixed
blr_e6b8581b95a99f17,SKAV Mekhri Ritz,near skav mekhri ritz,SKAV Mekhri Ritz,,mixed
blr_e6b8581b95a99f17,SKAV Mekhri Ritz,around skav mekhri ritz,SKAV Mekhri Ritz,,mixed
blr_e6b8581b95a99f17,SKAV Mekhri Ritz,skav mekhri ritz area,SKAV Mekhri Ritz,,mixed
blr_cebf0899a8ff0ced,HM Glenville,hm glenville,HM Glenville,,mixed
blr_cebf0899a8ff0ced,HM Glenville,in hm glenville,HM Glenville,,mixed
blr_cebf0899a8ff0ced,HM Glenville,near hm glenville,HM Glenville,,mixed
blr_cebf0899a8ff0ced,HM Glenville,around hm glenville,HM Glenville,,mixed
blr_cebf0899a8ff0ced,HM Glenville,hm glenville area,HM Glenville,,mixed
blr_8b59869734a10d1d,United Lodge of Theosophists,united lodge of theosophists,United Lodge of Theosophists,,mixed
blr_8b59869734a10d1d,United Lodge of Theosophists,in united lodge of theosophists,United Lodge of Theosophists,,mixed
blr_8b59869734a10d1d,United Lodge of Theosophists,near united lodge of theosophists,United Lodge of Theosophists,,mixed
blr_8b59869734a10d1d,United Lodge of Theosophists,around united lodge of theosophists,United Lodge of Theosophists,,mixed
blr_8b59869734a10d1d,United Lodge of Theosophists,united lodge of theosophists area,United Lodge of Theosophists,,mixed
blr_11c362e8e5e4331e,MSR College Road,msr college road,MSR College Road,,mixed
blr_11c362e8e5e4331e,MSR College Road,in msr college road,MSR College Road,,mixed
blr_11c362e8e5e4331e,MSR College Road,near msr college road,MSR College Road,,mixed
blr_11c362e8e5e4331e,MSR College Road,around msr college road,MSR College Road,,mixed
blr_11c362e8e5e4331e,MSR College Road,msr college road area,MSR College Road,,mixed
blr_d3f4ef139eee46ca,Sohan RNR Icon,sohan rnr icon,Sohan RNR Icon,,mixed
blr_d3f4ef139eee46ca,Sohan RNR Icon,in sohan rnr icon,Sohan RNR Icon,,mixed
blr_d3f4ef139eee46ca,Sohan RNR Icon,near sohan rnr icon,Sohan RNR Icon,,mixed
blr_d3f4ef139eee46ca,Sohan RNR Icon,around sohan rnr icon,Sohan RNR Icon,,mixed
blr_d3f4ef139eee46ca,Sohan RNR Icon,sohan rnr icon area,Sohan RNR Icon,,mixed
blr_c6e7ed5c3ab39c81,VRR Lakeview,vrr lakeview,VRR Lakeview,,mixed
blr_c6e7ed5c3ab39c81,VRR Lakeview,in vrr lakeview,VRR Lakeview,,mixed
blr_c6e7ed5c3ab39c81,VRR Lakeview,near vrr lakeview,VRR Lakeview,,mixed
blr_c6e7ed5c3ab39c81,VRR Lakeview,around vrr lakeview,VRR Lakeview,,mixed
blr_c6e7ed5c3ab39c81,VRR Lakeview,vrr lakeview area,VRR Lakeview,,mixed
blr_27ca702793bcd187,Casa de Paz,casa de paz,Casa de Paz,,mixed
blr_27ca702793bcd187,Casa de Paz,in casa de paz,Casa de Paz,,mixed
blr_27ca702793bcd187,Casa de Paz,near casa de paz,Casa de Paz,,mixed
blr_27ca702793bcd187,Casa de Paz,around casa de paz,Casa de Paz,,mixed
blr_27ca702793bcd187,Casa de Paz,casa de paz area,Casa de Paz,,mixed
blr_7b4bba1881abd50d,Connects CST New Building,connects cst new building,Connects CST New Building,,mixed
blr_7b4bba1881abd50d,Connects CST New Building,in connects cst new building,Connects CST New Building,,mixed
blr_7b4bba1881abd50d,Connects CST New Building,near connects cst new building,Connects CST New Building,,mixed
blr_7b4bba1881abd50d,Connects CST New Building,around connects cst new building,Connects CST New Building,,mixed
blr_7b4bba1881abd50d,Connects CST New Building,connects cst new building area,Connects CST New Building,,mixed
blr_19540515ecfd62ac,way to DTL huddle,way to dtl huddle,way to DTL huddle,,mixed
blr_19540515ecfd62ac,way to DTL huddle,in way to dtl huddle,way to DTL huddle,,mixed
blr_19540515ecfd62ac,way to DTL huddle,near way to dtl huddle,way to DTL huddle,,mixed
blr_19540515ecfd62ac,way to DTL huddle,around way to dtl huddle,way to DTL huddle,,mixed
blr_19540515ecfd62ac,way to DTL huddle,way to dtl huddle area,way to DTL huddle,,mixed
blr_0fef33d9920184ba,RRI Quarters,rri quarters,RRI Quarters,,mixed
blr_0fef33d9920184ba,RRI Quarters,in rri quarters,RRI Quarters,,mixed
blr_0fef33d9920184ba,RRI Quarters,near rri quarters,RRI Quarters,,mixed
blr_0fef33d9920184ba,RRI Quarters,around rri quarters,RRI Quarters,,mixed
blr_0fef33d9920184ba,RRI Quarters,rri quarters area,RRI Quarters,,mixed
blr_799898ca77854d9a,Total Environment Lost in the Greens,total environment lost in the greens,Total Environment Lost in the Greens,,mixed
blr_799898ca77854d9a,Total Environment Lost in the Greens,in total environment lost in the greens,Total Environment Lost in the Greens,,mixed
blr_799898ca77854d9a,Total Environment Lost in the Greens,near total environment lost in the greens,Total Environment Lost in the Greens,,mixed
blr_799898ca77854d9a,Total Environment Lost in the Greens,around total environment lost in the greens,Total Environment Lost in the Greens,,mixed
blr_799898ca77854d9a,Total Environment Lost in the Greens,total environment lost in the greens area,Total Environment Lost in the Greens,,mixed
blr_ea826130a51ee005,Fern's Residency - II,ferns residency  ii,Fern's Residency - II,,mixed
blr_ea826130a51ee005,Fern's Residency - II,in ferns residency  ii,Fern's Residency - II,,mixed
blr_ea826130a51ee005,Fern's Residency - II,near ferns residency  ii,Fern's Residency - II,,mixed
blr_ea826130a51ee005,Fern's Residency - II,around ferns residency  ii,Fern's Residency - II,,mixed
blr_ea826130a51ee005,Fern's Residency - II,ferns residency  ii area,Fern's Residency - II,,mixed
blr_ed13297c1734c320,YD Lotus Apartments,yd lotus apartments,YD Lotus Apartments,,mixed
blr_ed13297c1734c320,YD Lotus Apartments,in yd lotus apartments,YD Lotus Apartments,,mixed
blr_ed13297c1734c320,YD Lotus Apartments,near yd lotus apartments,YD Lotus Apartments,,mixed
blr_ed13297c1734c320,YD Lotus Apartments,around yd lotus apartments,YD Lotus Apartments,,mixed
blr_ed13297c1734c320,YD Lotus Apartments,yd lotus apartments area,YD Lotus Apartments,,mixed
blr_6604457d3c392e03,ASN Gardenia,asn gardenia,ASN Gardenia,,mixed
blr_6604457d3c392e03,ASN Gardenia,in asn gardenia,ASN Gardenia,,mixed
blr_6604457d3c392e03,ASN Gardenia,near asn gardenia,ASN Gardenia,,mixed
blr_6604457d3c392e03,ASN Gardenia,around asn gardenia,ASN Gardenia,,mixed
blr_6604457d3c392e03,ASN Gardenia,asn gardenia area,ASN Gardenia,,mixed
blr_fc2c5923949ddc67,SK Iris Apartments,sk iris apartments,SK Iris Apartments,,mixed
blr_fc2c5923949ddc67,SK Iris Apartments,in sk iris apartments,SK Iris Apartments,,mixed
blr_fc2c5923949ddc67,SK Iris Apartments,near sk iris apartments,SK Iris Apartments,,mixed
blr_fc2c5923949ddc67,SK Iris Apartments,around sk iris apartments,SK Iris Apartments,,mixed
blr_fc2c5923949ddc67,SK Iris Apartments,sk iris apartments area,SK Iris Apartments,,mixed
blr_0d39afab0345d454,Lane 1st North,lane 1st north,Lane 1 North,,mixed
blr_0d39afab0345d454,Lane 1st North,in lane 1st north,Lane 1 North,,mixed
blr_0d39afab0345d454,Lane 1st North,near lane 1st north,Lane 1 North,,mixed
blr_0d39afab0345d454,Lane 1st North,around lane 1st north,Lane 1 North,,mixed
blr_0d39afab0345d454,Lane 1st North,lane 1st north area,Lane 1 North,,mixed
blr_e1f307233c910e9b,UTC Quarters,utc quarters,UTC Quarters,,mixed
blr_e1f307233c910e9b,UTC Quarters,in utc quarters,UTC Quarters,,mixed
blr_e1f307233c910e9b,UTC Quarters,near utc quarters,UTC Quarters,,mixed
blr_e1f307233c910e9b,UTC Quarters,around utc quarters,UTC Quarters,,mixed
blr_e1f307233c910e9b,UTC Quarters,utc quarters area,UTC Quarters,,mixed
blr_8137d12e6b66fe5e,Hennur SWD Road,hennur swd road,Hennur SWD Road,,mixed
blr_8137d12e6b66fe5e,Hennur SWD Road,in hennur swd road,Hennur SWD Road,,mixed
blr_8137d12e6b66fe5e,Hennur SWD Road,near hennur swd road,Hennur SWD Road,,mixed
blr_8137d12e6b66fe5e,Hennur SWD Road,around hennur swd road,Hennur SWD Road,,mixed
blr_8137d12e6b66fe5e,Hennur SWD Road,hennur swd road area,Hennur SWD Road,,mixed
blr_f7681a2c8574052f,Bay 1st,bay 1st,Bay 1,,mixed
blr_f7681a2c8574052f,Bay 1st,in bay 1st,Bay 1,,mixed
blr_f7681a2c8574052f,Bay 1st,near bay 1st,Bay 1,,mixed
blr_f7681a2c8574052f,Bay 1st,around bay 1st,Bay 1,,mixed
blr_f7681a2c8574052f,Bay 1st,bay 1st area,Bay 1,,mixed
blr_e002f2ea89d47303,Kalahalli BDA Quarters,kalahalli bda quarters,Kalahalli BDA Quarters,,mixed
blr_e002f2ea89d47303,Kalahalli BDA Quarters,in kalahalli bda quarters,Kalahalli BDA Quarters,,mixed
blr_e002f2ea89d47303,Kalahalli BDA Quarters,near kalahalli bda quarters,Kalahalli BDA Quarters,,mixed
blr_e002f2ea89d47303,Kalahalli BDA Quarters,around kalahalli bda quarters,Kalahalli BDA Quarters,,mixed
blr_e002f2ea89d47303,Kalahalli BDA Quarters,kalahalli bda quarters area,Kalahalli BDA Quarters,,mixed
blr_3a31896486a177e0,SKV Hanging Gardens,skv hanging gardens,SKV Hanging Gardens,,mixed
blr_3a31896486a177e0,SKV Hanging Gardens,in skv hanging gardens,SKV Hanging Gardens,,mixed
blr_3a31896486a177e0,SKV Hanging Gardens,near skv hanging gardens,SKV Hanging Gardens,,mixed
blr_3a31896486a177e0,SKV Hanging Gardens,around skv hanging gardens,SKV Hanging Gardens,,mixed
blr_3a31896486a177e0,SKV Hanging Gardens,skv hanging gardens area,SKV Hanging Gardens,,mixed
blr_c84275bf3cbfe3e8,DS Max Swastik,ds max swastik,DS Max Swastik,,mixed
blr_c84275bf3cbfe3e8,DS Max Swastik,in ds max swastik,DS Max Swastik,,mixed
blr_c84275bf3cbfe3e8,DS Max Swastik,near ds max swastik,DS Max Swastik,,mixed
blr_c84275bf3cbfe3e8,DS Max Swastik,around ds max swastik,DS Max Swastik,,mixed
blr_c84275bf3cbfe3e8,DS Max Swastik,ds max swastik area,DS Max Swastik,,mixed
blr_1c655fe629c35096,IDR Road,idr road,IDR Road,,mixed
blr_1c655fe629c35096,IDR Road,in idr road,IDR Road,,mixed
blr_1c655fe629c35096,IDR Road,near idr road,IDR Road,,mixed
blr_1c655fe629c35096,IDR Road,around idr road,IDR Road,,mixed
blr_1c655fe629c35096,IDR Road,idr road area,IDR Road,,mixed
blr_7a397430bacfd240,KIA Bus Stop,kia bus stop,KIA Bus Stop,,mixed
blr_7a397430bacfd240,KIA Bus Stop,in kia bus stop,KIA Bus Stop,,mixed
blr_7a397430bacfd240,KIA Bus Stop,near kia bus stop,KIA Bus Stop,,mixed
blr_7a397430bacfd240,KIA Bus Stop,around kia bus stop,KIA Bus Stop,,mixed
blr_7a397430bacfd240,KIA Bus Stop,kia bus stop area,KIA Bus Stop,,mixed
blr_9b3b8aa585f3e183,KEB Quaters,keb quaters,KEB Quaters,,mixed
blr_9b3b8aa585f3e183,KEB Quaters,in keb quaters,KEB Quaters,,mixed
blr_9b3b8aa585f3e183,KEB Quaters,near keb quaters,KEB Quaters,,mixed
blr_9b3b8aa585f3e183,KEB Quaters,around keb quaters,KEB Quaters,,mixed
blr_9b3b8aa585f3e183,KEB Quaters,keb quaters area,KEB Quaters,,mixed
blr_6bfe1e05aaf0a6b3,HMT Junction Underpass,hmt junction underpass,HMT Junction Underpass,,mixed
blr_6bfe1e05aaf0a6b3,HMT Junction Underpass,in hmt junction underpass,HMT Junction Underpass,,mixed
blr_6bfe1e05aaf0a6b3,HMT Junction Underpass,near hmt junction underpass,HMT Junction Underpass,,mixed
blr_6bfe1e05aaf0a6b3,HMT Junction Underpass,around hmt junction underpass,HMT Junction Underpass,,mixed
blr_6bfe1e05aaf0a6b3,HMT Junction Underpass,hmt junction underpass area,HMT Junction Underpass,,mixed
blr_8648f88f5cd20abe,SLV Soumyasree Park View,slv soumyasree park view,SLV Soumyasree Park View,,mixed
blr_8648f88f5cd20abe,SLV Soumyasree Park View,in slv soumyasree park view,SLV Soumyasree Park View,,mixed
blr_8648f88f5cd20abe,SLV Soumyasree Park View,near slv soumyasree park view,SLV Soumyasree Park View,,mixed
blr_8648f88f5cd20abe,SLV Soumyasree Park View,around slv soumyasree park view,SLV Soumyasree Park View,,mixed
blr_8648f88f5cd20abe,SLV Soumyasree Park View,slv soumyasree park view area,SLV Soumyasree Park View,,mixed
blr_dc621af831ce1524,Way to Parking,way to parking,Way to Parking,,mixed
blr_dc621af831ce1524,Way to Parking,in way to parking,Way to Parking,,mixed
blr_dc621af831ce1524,Way to Parking,near way to parking,Way to Parking,,mixed
blr_dc621af831ce1524,Way to Parking,around way to parking,Way to Parking,,mixed
blr_dc621af831ce1524,Way to Parking,way to parking area,Way to Parking,,mixed
blr_14be47d36319c474,PM Narayana Swamy Paradise,pm narayana swamy paradise,PM Narayana Swamy Paradise,,mixed
blr_14be47d36319c474,PM Narayana Swamy Paradise,in pm narayana swamy paradise,PM Narayana Swamy Paradise,,mixed
blr_14be47d36319c474,PM Narayana Swamy Paradise,near pm narayana swamy paradise,PM Narayana Swamy Paradise,,mixed
blr_14be47d36319c474,PM Narayana Swamy Paradise,around pm narayana swamy paradise,PM Narayana Swamy Paradise,,mixed
blr_14be47d36319c474,PM Narayana Swamy Paradise,pm narayana swamy paradise area,PM Narayana Swamy Paradise,,mixed
blr_5c19c44378158e3b,BTM Meadows,b t m meadows,BTM Meadows,,mixed
blr_5c19c44378158e3b,BTM Meadows,btm meadows,BTM Meadows,,mixed
blr_5c19c44378158e3b,BTM Meadows,in b t m meadows,BTM Meadows,,mixed
blr_5c19c44378158e3b,BTM Meadows,near btm meadows,BTM Meadows,,mixed
blr_5c19c44378158e3b,BTM Meadows,around b t m meadows,BTM Meadows,,mixed
blr_527f1164b19f0025,KM Lane,km lane,KM Lane,,mixed
blr_527f1164b19f0025,KM Lane,in km lane,KM Lane,,mixed
blr_527f1164b19f0025,KM Lane,near km lane,KM Lane,,mixed
blr_527f1164b19f0025,KM Lane,around km lane,KM Lane,,mixed
blr_527f1164b19f0025,KM Lane,km lane area,KM Lane,,mixed
blr_989a9e929d8ecbec,walk path,walk path,walk path,,mixed
blr_989a9e929d8ecbec,walk path,in walk path,walk path,,mixed
blr_989a9e929d8ecbec,walk path,near walk path,walk path,,mixed
blr_989a9e929d8ecbec,walk path,around walk path,walk path,,mixed
blr_989a9e929d8ecbec,walk path,walk path area,walk path,,mixed
blr_9018ddc750f6bf59,GK Lakeview Apartments,gk lakeview apartments,GK Lakeview Apartments,,mixed
blr_9018ddc750f6bf59,GK Lakeview Apartments,in gk lakeview apartments,GK Lakeview Apartments,,mixed
blr_9018ddc750f6bf59,GK Lakeview Apartments,near gk lakeview apartments,GK Lakeview Apartments,,mixed
blr_9018ddc750f6bf59,GK Lakeview Apartments,around gk lakeview apartments,GK Lakeview Apartments,,mixed
blr_9018ddc750f6bf59,GK Lakeview Apartments,gk lakeview apartments area,GK Lakeview Apartments,,mixed
blr_3998dc7980e700d7,ATZ Estrella,atz estrella,ATZ Estrella,,mixed
blr_3998dc7980e700d7,ATZ Estrella,in atz estrella,ATZ Estrella,,mixed
blr_3998dc7980e700d7,ATZ Estrella,near atz estrella,ATZ Estrella,,mixed
blr_3998dc7980e700d7,ATZ Estrella,around atz estrella,ATZ Estrella,,mixed
blr_3998dc7980e700d7,ATZ Estrella,atz estrella area,ATZ Estrella,,mixed
blr_ad3130d78dc8fa98,BDA 50ft Road,bda 50ft road,BDA 50ft Road,,mixed
blr_ad3130d78dc8fa98,BDA 50ft Road,in bda 50ft road,BDA 50ft Road,,mixed
blr_ad3130d78dc8fa98,BDA 50ft Road,near bda 50ft road,BDA 50ft Road,,mixed
blr_ad3130d78dc8fa98,BDA 50ft Road,around bda 50ft road,BDA 50ft Road,,mixed
blr_ad3130d78dc8fa98,BDA 50ft Road,bda 50ft road area,BDA 50ft Road,,mixed
blr_087128e04b1f90c5,RK Gardens,rk gardens,RK Gardens,,mixed
blr_087128e04b1f90c5,RK Gardens,in rk gardens,RK Gardens,,mixed
blr_087128e04b1f90c5,RK Gardens,near rk gardens,RK Gardens,,mixed
blr_087128e04b1f90c5,RK Gardens,around rk gardens,RK Gardens,,mixed
blr_087128e04b1f90c5,RK Gardens,rk gardens area,RK Gardens,,mixed
blr_d8390b79464d1923,MLN Signature,mln signature,MLN Signature,,mixed
blr_d8390b79464d1923,MLN Signature,in mln signature,MLN Signature,,mixed
blr_d8390b79464d1923,MLN Signature,near mln signature,MLN Signature,,mixed
blr_d8390b79464d1923,MLN Signature,around mln signature,MLN Signature,,mixed
blr_d8390b79464d1923,MLN Signature,mln signature area,MLN Signature,,mixed
blr_af8157eba755a70b,9th Road,nine road,9th Road,,mixed
blr_af8157eba755a70b,9th Road,ninth road,9th Road,,mixed
blr_af8157eba755a70b,9th Road,9th road,9th Road,,mixed
blr_af8157eba755a70b,9th Road,in nine road,9th Road,,mixed
blr_af8157eba755a70b,9th Road,near ninth road,9th Road,,mixed
blr_6ec6383835f27332,BWSSB Quarters,bwssb quarters,BWSSB Quarters,,mixed
blr_6ec6383835f27332,BWSSB Quarters,in bwssb quarters,BWSSB Quarters,,mixed
blr_6ec6383835f27332,BWSSB Quarters,near bwssb quarters,BWSSB Quarters,,mixed
blr_6ec6383835f27332,BWSSB Quarters,around bwssb quarters,BWSSB Quarters,,mixed
blr_6ec6383835f27332,BWSSB Quarters,bwssb quarters area,BWSSB Quarters,,mixed
blr_12f9a7568797ff9c,BHEL SBD Township A,bhel sbd township a,BHEL SBD Township A,,mixed
blr_12f9a7568797ff9c,BHEL SBD Township A,in bhel sbd township a,BHEL SBD Township A,,mixed
blr_12f9a7568797ff9c,BHEL SBD Township A,near bhel sbd township a,BHEL SBD Township A,,mixed
blr_12f9a7568797ff9c,BHEL SBD Township A,around bhel sbd township a,BHEL SBD Township A,,mixed
blr_12f9a7568797ff9c,BHEL SBD Township A,bhel sbd township a area,BHEL SBD Township A,,mixed
blr_ac36d4327e2bdab5,DS Max Sankalp Manor,ds max sankalp manor,DS Max Sankalp Manor,,mixed
blr_ac36d4327e2bdab5,DS Max Sankalp Manor,in ds max sankalp manor,DS Max Sankalp Manor,,mixed
blr_ac36d4327e2bdab5,DS Max Sankalp Manor,near ds max sankalp manor,DS Max Sankalp Manor,,mixed
blr_ac36d4327e2bdab5,DS Max Sankalp Manor,around ds max sankalp manor,DS Max Sankalp Manor,,mixed
blr_ac36d4327e2bdab5,DS Max Sankalp Manor,ds max sankalp manor area,DS Max Sankalp Manor,,mixed
blr_4425354366660a64,ND Sepal,nd sepal,ND Sepal,,mixed
blr_4425354366660a64,ND Sepal,in nd sepal,ND Sepal,,mixed
blr_4425354366660a64,ND Sepal,near nd sepal,ND Sepal,,mixed
blr_4425354366660a64,ND Sepal,around nd sepal,ND Sepal,,mixed
blr_4425354366660a64,ND Sepal,nd sepal area,ND Sepal,,mixed
blr_dceeb1da1518eb89,TZED Homes,tzed homes,TZED Homes,,mixed
blr_dceeb1da1518eb89,TZED Homes,in tzed homes,TZED Homes,,mixed
blr_dceeb1da1518eb89,TZED Homes,near tzed homes,TZED Homes,,mixed
blr_dceeb1da1518eb89,TZED Homes,around tzed homes,TZED Homes,,mixed
blr_dceeb1da1518eb89,TZED Homes,tzed homes area,TZED Homes,,mixed
blr_bded3609af2e2f44,K.C.A layout,kca layout,K.C.A layout,,mixed
blr_bded3609af2e2f44,K.C.A layout,in kca layout,K.C.A layout,,mixed
blr_bded3609af2e2f44,K.C.A layout,near kca layout,K.C.A layout,,mixed
blr_bded3609af2e2f44,K.C.A layout,around kca layout,K.C.A layout,,mixed
blr_bded3609af2e2f44,K.C.A layout,kca layout area,K.C.A layout,,mixed
blr_703238e404df98d0,BDA Apartment,bda apartment,BDA Apartment,,mixed
blr_703238e404df98d0,BDA Apartment,in bda apartment,BDA Apartment,,mixed
blr_703238e404df98d0,BDA Apartment,near bda apartment,BDA Apartment,,mixed
blr_703238e404df98d0,BDA Apartment,around bda apartment,BDA Apartment,,mixed
blr_703238e404df98d0,BDA Apartment,bda apartment area,BDA Apartment,,mixed
blr_8003213145583d10,PF Quarters,pf quarters,PF Quarters,,mixed
blr_8003213145583d10,PF Quarters,in pf quarters,PF Quarters,,mixed
blr_8003213145583d10,PF Quarters,near pf quarters,PF Quarters,,mixed
blr_8003213145583d10,PF Quarters,around pf quarters,PF Quarters,,mixed
blr_8003213145583d10,PF Quarters,pf quarters area,PF Quarters,,mixed
blr_34d295493bda9217,BSR Mantralaya Phase 2nd,bsr mantralaya phase 2nd,BSR Mantralaya Phase 2,,mixed
blr_34d295493bda9217,BSR Mantralaya Phase 2nd,bsr mantralaya phase two,BSR Mantralaya Phase 2,,mixed
blr_34d295493bda9217,BSR Mantralaya Phase 2nd,bsr mantralaya phase second,BSR Mantralaya Phase 2,,mixed
blr_34d295493bda9217,BSR Mantralaya Phase 2nd,in bsr mantralaya phase 2nd,BSR Mantralaya Phase 2,,mixed
blr_34d295493bda9217,BSR Mantralaya Phase 2nd,near bsr mantralaya phase two,BSR Mantralaya Phase 2,,mixed
blr_b20dfc3c7a6e4a9b,EGPI Saathvi,egpi saathvi,EGPI Saathvi,,mixed
blr_b20dfc3c7a6e4a9b,EGPI Saathvi,in egpi saathvi,EGPI Saathvi,,mixed
blr_b20dfc3c7a6e4a9b,EGPI Saathvi,near egpi saathvi,EGPI Saathvi,,mixed
blr_b20dfc3c7a6e4a9b,EGPI Saathvi,around egpi saathvi,EGPI Saathvi,,mixed
blr_b20dfc3c7a6e4a9b,EGPI Saathvi,egpi saathvi area,EGPI Saathvi,,mixed
blr_8ff19d719d051074,waytobuild1,waytobuild1,waytobuild1,,mixed
blr_8ff19d719d051074,waytobuild1,in waytobuild1,waytobuild1,,mixed
blr_8ff19d719d051074,waytobuild1,near waytobuild1,waytobuild1,,mixed
blr_8ff19d719d051074,waytobuild1,around waytobuild1,waytobuild1,,mixed
blr_8ff19d719d051074,waytobuild1,waytobuild1 area,waytobuild1,,mixed
blr_1475c1cdafd141d4,pathtobuild3,pathtobuild3,pathtobuild3,,mixed
blr_1475c1cdafd141d4,pathtobuild3,in pathtobuild3,pathtobuild3,,mixed
blr_1475c1cdafd141d4,pathtobuild3,near pathtobuild3,pathtobuild3,,mixed
blr_1475c1cdafd141d4,pathtobuild3,around pathtobuild3,pathtobuild3,,mixed
blr_1475c1cdafd141d4,pathtobuild3,pathtobuild3 area,pathtobuild3,,mixed
blr_451521ce7c36af0c,waytobuild2,waytobuild2,waytobuild2,,mixed
blr_451521ce7c36af0c,waytobuild2,in waytobuild2,waytobuild2,,mixed
blr_451521ce7c36af0c,waytobuild2,near waytobuild2,waytobuild2,,mixed
blr_451521ce7c36af0c,waytobuild2,around waytobuild2,waytobuild2,,mixed
blr_451521ce7c36af0c,waytobuild2,waytobuild2 area,waytobuild2,,mixed
blr_e6f429a8837a3834,Madku D Comforts,madku d comforts,Madku D Comforts,,mixed
blr_e6f429a8837a3834,Madku D Comforts,in madku d comforts,Madku D Comforts,,mixed
blr_e6f429a8837a3834,Madku D Comforts,near madku d comforts,Madku D Comforts,,mixed
blr_e6f429a8837a3834,Madku D Comforts,around madku d comforts,Madku D Comforts,,mixed
blr_e6f429a8837a3834,Madku D Comforts,madku d comforts area,Madku D Comforts,,mixed
blr_6c210ee1212b9da8,SLS Silicon Valley,sls silicon valley,SLS Silicon Valley,,mixed
blr_6c210ee1212b9da8,SLS Silicon Valley,in sls silicon valley,SLS Silicon Valley,,mixed
blr_6c210ee1212b9da8,SLS Silicon Valley,near sls silicon valley,SLS Silicon Valley,,mixed
blr_6c210ee1212b9da8,SLS Silicon Valley,around sls silicon valley,SLS Silicon Valley,,mixed
blr_6c210ee1212b9da8,SLS Silicon Valley,sls silicon valley area,SLS Silicon Valley,,mixed
blr_10a363dbceb3646b,LVS Elegance,lvs elegance,LVS Elegance,,mixed
blr_10a363dbceb3646b,LVS Elegance,in lvs elegance,LVS Elegance,,mixed
blr_10a363dbceb3646b,LVS Elegance,near lvs elegance,LVS Elegance,,mixed
blr_10a363dbceb3646b,LVS Elegance,around lvs elegance,LVS Elegance,,mixed
blr_10a363dbceb3646b,LVS Elegance,lvs elegance area,LVS Elegance,,mixed
blr_d6e8866718181d99,LVS Excellency,lvs excellency,LVS Excellency,,mixed
blr_d6e8866718181d99,LVS Excellency,in lvs excellency,LVS Excellency,,mixed
blr_d6e8866718181d99,LVS Excellency,near lvs excellency,LVS Excellency,,mixed
blr_d6e8866718181d99,LVS Excellency,around lvs excellency,LVS Excellency,,mixed
blr_d6e8866718181d99,LVS Excellency,lvs excellency area,LVS Excellency,,mixed
blr_6cca6c0cfccda02e,Ushodaya S Square,ushodaya s square,Ushodaya S Square,,mixed
blr_6cca6c0cfccda02e,Ushodaya S Square,in ushodaya s square,Ushodaya S Square,,mixed
blr_6cca6c0cfccda02e,Ushodaya S Square,near ushodaya s square,Ushodaya S Square,,mixed
blr_6cca6c0cfccda02e,Ushodaya S Square,around ushodaya s square,Ushodaya S Square,,mixed
blr_6cca6c0cfccda02e,Ushodaya S Square,ushodaya s square area,Ushodaya S Square,,mixed
blr_bbdc04ec49d4823f,Sandeep Vihar AWHO Apartments,sandeep vihar awho apartments,Sandeep Vihar AWHO Apartments,,mixed
blr_bbdc04ec49d4823f,Sandeep Vihar AWHO Apartments,in sandeep vihar awho apartments,Sandeep Vihar AWHO Apartments,,mixed
blr_bbdc04ec49d4823f,Sandeep Vihar AWHO Apartments,near sandeep vihar awho apartments,Sandeep Vihar AWHO Apartments,,mixed
blr_bbdc04ec49d4823f,Sandeep Vihar AWHO Apartments,around sandeep vihar awho apartments,Sandeep Vihar AWHO Apartments,,mixed
blr_bbdc04ec49d4823f,Sandeep Vihar AWHO Apartments,sandeep vihar awho apartments area,Sandeep Vihar AWHO Apartments,,mixed
blr_37b23f7d255dbca9,Ecolife Elements of Nature,ecolife elements of nature,Ecolife Elements of Nature,,mixed
blr_37b23f7d255dbca9,Ecolife Elements of Nature,in ecolife elements of nature,Ecolife Elements of Nature,,mixed
blr_37b23f7d255dbca9,Ecolife Elements of Nature,near ecolife elements of nature,Ecolife Elements of Nature,,mixed
blr_37b23f7d255dbca9,Ecolife Elements of Nature,around ecolife elements of nature,Ecolife Elements of Nature,,mixed
blr_37b23f7d255dbca9,Ecolife Elements of Nature,ecolife elements of nature area,Ecolife Elements of Nature,,mixed
blr_6a521db6dbe643c3,JNNURM Quarters,jnnurm quarters,JNNURM Quarters,,mixed
blr_6a521db6dbe643c3,JNNURM Quarters,in jnnurm quarters,JNNURM Quarters,,mixed
blr_6a521db6dbe643c3,JNNURM Quarters,near jnnurm quarters,JNNURM Quarters,,mixed
blr_6a521db6dbe643c3,JNNURM Quarters,around jnnurm quarters,JNNURM Quarters,,mixed
blr_6a521db6dbe643c3,JNNURM Quarters,jnnurm quarters area,JNNURM Quarters,,mixed
blr_96aecbd709105130,26th C Cross Road,2six c cross road,26th C Cross Road,,mixed
blr_96aecbd709105130,26th C Cross Road,26th c cross road,26th C Cross Road,,mixed
blr_96aecbd709105130,26th C Cross Road,2sixth c cross road,26th C Cross Road,,mixed
blr_96aecbd709105130,26th C Cross Road,in 2six c cross road,26th C Cross Road,,mixed
blr_96aecbd709105130,26th C Cross Road,near 26th c cross road,26th C Cross Road,,mixed
blr_e4bc607e2f4503e0,SS Vrudhi,ss vrudhi,SS Vrudhi,,mixed
blr_e4bc607e2f4503e0,SS Vrudhi,in ss vrudhi,SS Vrudhi,,mixed
blr_e4bc607e2f4503e0,SS Vrudhi,near ss vrudhi,SS Vrudhi,,mixed
blr_e4bc607e2f4503e0,SS Vrudhi,around ss vrudhi,SS Vrudhi,,mixed
blr_e4bc607e2f4503e0,SS Vrudhi,ss vrudhi area,SS Vrudhi,,mixed
blr_c147179c0c0e7797,J Cross Road,j cross road,J Cross Road,,mixed
blr_c147179c0c0e7797,J Cross Road,in j cross road,J Cross Road,,mixed
blr_c147179c0c0e7797,J Cross Road,near j cross road,J Cross Road,,mixed
blr_c147179c0c0e7797,J Cross Road,around j cross road,J Cross Road,,mixed
blr_c147179c0c0e7797,J Cross Road,j cross road area,J Cross Road,,mixed
blr_8ce71b1376dd38de,Venugopal Swamy Temple Street RCC Road,venugopal swamy temple street rcc road,Venugopal Swamy Temple Street RCC Road,,mixed
blr_8ce71b1376dd38de,Venugopal Swamy Temple Street RCC Road,in venugopal swamy temple street rcc road,Venugopal Swamy Temple Street RCC Road,,mixed
blr_8ce71b1376dd38de,Venugopal Swamy Temple Street RCC Road,near venugopal swamy temple street rcc road,Venugopal Swamy Temple Street RCC Road,,mixed
blr_8ce71b1376dd38de,Venugopal Swamy Temple Street RCC Road,around venugopal swamy temple street rcc road,Venugopal Swamy Temple Street RCC Road,,mixed
blr_8ce71b1376dd38de,Venugopal Swamy Temple Street RCC Road,venugopal swamy temple street rcc road area,Venugopal Swamy Temple Street RCC Road,,mixed
blr_9fe69e09a16aaf16,Visveswaraya GH Lane,visveswaraya gh lane,Visveswaraya GH Lane,,mixed
blr_9fe69e09a16aaf16,Visveswaraya GH Lane,in visveswaraya gh lane,Visveswaraya GH Lane,,mixed
blr_9fe69e09a16aaf16,Visveswaraya GH Lane,near visveswaraya gh lane,Visveswaraya GH Lane,,mixed
blr_9fe69e09a16aaf16,Visveswaraya GH Lane,around visveswaraya gh lane,Visveswaraya GH Lane,,mixed
blr_9fe69e09a16aaf16,Visveswaraya GH Lane,visveswaraya gh lane area,Visveswaraya GH Lane,,mixed
blr_1e0f223ad75c2750,42nd Main Road,42nd main road,42nd Main Road,,mixed
blr_1e0f223ad75c2750,42nd Main Road,4second main road,42nd Main Road,,mixed
blr_1e0f223ad75c2750,42nd Main Road,4two main road,42nd Main Road,,mixed
blr_1e0f223ad75c2750,42nd Main Road,in 42nd main road,42nd Main Road,,mixed
blr_1e0f223ad75c2750,42nd Main Road,near 4second main road,42nd Main Road,,mixed
blr_79c71c6587999369,Vrishabhavathi SWD Road,vrishabhavathi swd road,Vrishabhavathi SWD Road,,mixed
blr_79c71c6587999369,Vrishabhavathi SWD Road,in vrishabhavathi swd road,Vrishabhavathi SWD Road,,mixed
blr_79c71c6587999369,Vrishabhavathi SWD Road,near vrishabhavathi swd road,Vrishabhavathi SWD Road,,mixed
blr_79c71c6587999369,Vrishabhavathi SWD Road,around vrishabhavathi swd road,Vrishabhavathi SWD Road,,mixed
blr_79c71c6587999369,Vrishabhavathi SWD Road,vrishabhavathi swd road area,Vrishabhavathi SWD Road,,mixed
blr_5610264c981d84fc,Bellandur SWD Road,bellandur swd road,Bellandur SWD Road,,mixed
blr_5610264c981d84fc,Bellandur SWD Road,in bellandur swd road,Bellandur SWD Road,,mixed
blr_5610264c981d84fc,Bellandur SWD Road,near bellandur swd road,Bellandur SWD Road,,mixed
blr_5610264c981d84fc,Bellandur SWD Road,around bellandur swd road,Bellandur SWD Road,,mixed
blr_5610264c981d84fc,Bellandur SWD Road,bellandur swd road area,Bellandur SWD Road,,mixed
blr_f809d45e49cec9de,CS Road,cs road,CS Road,,mixed
blr_f809d45e49cec9de,CS Road,in cs road,CS Road,,mixed
blr_f809d45e49cec9de,CS Road,near cs road,CS Road,,mixed
blr_f809d45e49cec9de,CS Road,around cs road,CS Road,,mixed
blr_f809d45e49cec9de,CS Road,cs road area,CS Road,,mixed
blr_8fb0a6f6f74f279e,Jain Temple second entrance,jain temple second entrance,Jain Temple second entrance,,mixed
blr_8fb0a6f6f74f279e,Jain Temple second entrance,in jain temple second entrance,Jain Temple second entrance,,mixed
blr_8fb0a6f6f74f279e,Jain Temple second entrance,near jain temple second entrance,Jain Temple second entrance,,mixed
blr_8fb0a6f6f74f279e,Jain Temple second entrance,around jain temple second entrance,Jain Temple second entrance,,mixed
blr_8fb0a6f6f74f279e,Jain Temple second entrance,jain temple second entrance area,Jain Temple second entrance,,mixed
blr_1ae960f60c4c11ef,Jain Temple Main entrance,jain temple main entrance,Jain Temple Main entrance,,mixed
blr_1ae960f60c4c11ef,Jain Temple Main entrance,in jain temple main entrance,Jain Temple Main entrance,,mixed
blr_1ae960f60c4c11ef,Jain Temple Main entrance,near jain temple main entrance,Jain Temple Main entrance,,mixed
blr_1ae960f60c4c11ef,Jain Temple Main entrance,around jain temple main entrance,Jain Temple Main entrance,,mixed
blr_1ae960f60c4c11ef,Jain Temple Main entrance,jain temple main entrance area,Jain Temple Main entrance,,mixed
blr_d7243e2e45e918d0,Li-12,li12,Li-12,,mixed
blr_d7243e2e45e918d0,Li-12,in li12,Li-12,,mixed
blr_d7243e2e45e918d0,Li-12,near li12,Li-12,,mixed
blr_d7243e2e45e918d0,Li-12,around li12,Li-12,,mixed
blr_d7243e2e45e918d0,Li-12,li12 area,Li-12,,mixed
blr_0767fb248df7ea22,Doctors Layout 2nd Main Road,doctors layout two main road,Doctors Layout 2nd Main Road,,mixed
blr_0767fb248df7ea22,Doctors Layout 2nd Main Road,doctors layout 2nd main road,Doctors Layout 2nd Main Road,,mixed
blr_0767fb248df7ea22,Doctors Layout 2nd Main Road,doctors layout second main road,Doctors Layout 2nd Main Road,,mixed
blr_0767fb248df7ea22,Doctors Layout 2nd Main Road,in doctors layout two main road,Doctors Layout 2nd Main Road,,mixed
blr_0767fb248df7ea22,Doctors Layout 2nd Main Road,near doctors layout 2nd main road,Doctors Layout 2nd Main Road,,mixed
blr_6284af974d005d32,9th Cross Street,9th cross street,9th Cross Street,,mixed
blr_6284af974d005d32,9th Cross Street,nine cross street,9th Cross Street,,mixed
blr_6284af974d005d32,9th Cross Street,ninth cross street,9th Cross Street,,mixed
blr_6284af974d005d32,9th Cross Street,in 9th cross street,9th Cross Street,,mixed
blr_6284af974d005d32,9th Cross Street,near nine cross street,9th Cross Street,,mixed
blr_4f86bcf1e7018407,7th Cross Street,7th cross street,7th Cross Street,,mixed
blr_4f86bcf1e7018407,7th Cross Street,seven cross street,7th Cross Street,,mixed
blr_4f86bcf1e7018407,7th Cross Street,seventh cross street,7th Cross Street,,mixed
blr_4f86bcf1e7018407,7th Cross Street,in 7th cross street,7th Cross Street,,mixed
blr_4f86bcf1e7018407,7th Cross Street,near seven cross street,7th Cross Street,,mixed
blr_2c23da86339453e3,6th Navya Nagar,sixth navya nagar,6th Navya Nagar,,mixed
blr_2c23da86339453e3,6th Navya Nagar,6th navya nagar,6th Navya Nagar,,mixed
blr_2c23da86339453e3,6th Navya Nagar,six navya nagar,6th Navya Nagar,,mixed
blr_2c23da86339453e3,6th Navya Nagar,in sixth navya nagar,6th Navya Nagar,,mixed
blr_2c23da86339453e3,6th Navya Nagar,near 6th navya nagar,6th Navya Nagar,,mixed
blr_e2d9e84dab458b1b,2nd Main Muniraju Layout Road,2nd main muniraju layout road,2nd Main Muniraju Layout Road,,mixed
blr_e2d9e84dab458b1b,2nd Main Muniraju Layout Road,second main muniraju layout road,2nd Main Muniraju Layout Road,,mixed
blr_e2d9e84dab458b1b,2nd Main Muniraju Layout Road,two main muniraju layout road,2nd Main Muniraju Layout Road,,mixed
blr_e2d9e84dab458b1b,2nd Main Muniraju Layout Road,in 2nd main muniraju layout road,2nd Main Muniraju Layout Road,,mixed
blr_e2d9e84dab458b1b,2nd Main Muniraju Layout Road,near second main muniraju layout road,2nd Main Muniraju Layout Road,,mixed
blr_70c14ae2953050e1,SLV Elanza,slv elanza,SLV Elanza,,mixed
blr_70c14ae2953050e1,SLV Elanza,in slv elanza,SLV Elanza,,mixed
blr_70c14ae2953050e1,SLV Elanza,near slv elanza,SLV Elanza,,mixed
blr_70c14ae2953050e1,SLV Elanza,around slv elanza,SLV Elanza,,mixed
blr_70c14ae2953050e1,SLV Elanza,slv elanza area,SLV Elanza,,mixed
blr_d51ccdb9eb15cca9,Poojar Estate 1st Cross Road,poojar estate 1st cross road,Poojar Estate 1st Cross Road,,mixed
blr_d51ccdb9eb15cca9,Poojar Estate 1st Cross Road,in poojar estate 1st cross road,Poojar Estate 1st Cross Road,,mixed
blr_d51ccdb9eb15cca9,Poojar Estate 1st Cross Road,near poojar estate 1st cross road,Poojar Estate 1st Cross Road,,mixed
blr_d51ccdb9eb15cca9,Poojar Estate 1st Cross Road,around poojar estate 1st cross road,Poojar Estate 1st Cross Road,,mixed
blr_d51ccdb9eb15cca9,Poojar Estate 1st Cross Road,poojar estate 1st cross road area,Poojar Estate 1st Cross Road,,mixed
blr_79857549090e42bf,6th Kabeer Road,6th kabeer road,6th Kabeer Road,,mixed
blr_79857549090e42bf,6th Kabeer Road,six kabeer road,6th Kabeer Road,,mixed
blr_79857549090e42bf,6th Kabeer Road,sixth kabeer road,6th Kabeer Road,,mixed
blr_79857549090e42bf,6th Kabeer Road,in 6th kabeer road,6th Kabeer Road,,mixed
blr_79857549090e42bf,6th Kabeer Road,near six kabeer road,6th Kabeer Road,,mixed
blr_6048e3e22f2af696,NIAS Road,nias road,NIAS Road,,mixed
blr_6048e3e22f2af696,NIAS Road,in nias road,NIAS Road,,mixed
blr_6048e3e22f2af696,NIAS Road,near nias road,NIAS Road,,mixed
blr_6048e3e22f2af696,NIAS Road,around nias road,NIAS Road,,mixed
blr_6048e3e22f2af696,NIAS Road,nias road area,NIAS Road,,mixed
blr_ab7df3ead6f5b048,RMV Clusters Phase 1st Road,rmv clusters phase 1st road,RMV Clusters Phase 1 Road,,mixed
blr_ab7df3ead6f5b048,RMV Clusters Phase 1st Road,in rmv clusters phase 1st road,RMV Clusters Phase 1 Road,,mixed
blr_ab7df3ead6f5b048,RMV Clusters Phase 1st Road,near rmv clusters phase 1st road,RMV Clusters Phase 1 Road,,mixed
blr_ab7df3ead6f5b048,RMV Clusters Phase 1st Road,around rmv clusters phase 1st road,RMV Clusters Phase 1 Road,,mixed
blr_ab7df3ead6f5b048,RMV Clusters Phase 1st Road,rmv clusters phase 1st road area,RMV Clusters Phase 1 Road,,mixed
blr_0f7bbf9e6ca48866,Rohan Jharoka 2nd,rohan jharoka 2nd,Rohan Jharoka 2,,mixed
blr_0f7bbf9e6ca48866,Rohan Jharoka 2nd,rohan jharoka two,Rohan Jharoka 2,,mixed
blr_0f7bbf9e6ca48866,Rohan Jharoka 2nd,rohan jharoka second,Rohan Jharoka 2,,mixed
blr_0f7bbf9e6ca48866,Rohan Jharoka 2nd,in rohan jharoka 2nd,Rohan Jharoka 2,,mixed
blr_0f7bbf9e6ca48866,Rohan Jharoka 2nd,near rohan jharoka two,Rohan Jharoka 2,,mixed
blr_bb78f6ded79d2709,SMR Vinay Endevour,smr vinay endevour,SMR Vinay Endevour,,mixed
blr_bb78f6ded79d2709,SMR Vinay Endevour,in smr vinay endevour,SMR Vinay Endevour,,mixed
blr_bb78f6ded79d2709,SMR Vinay Endevour,near smr vinay endevour,SMR Vinay Endevour,,mixed
blr_bb78f6ded79d2709,SMR Vinay Endevour,around smr vinay endevour,SMR Vinay Endevour,,mixed
blr_bb78f6ded79d2709,SMR Vinay Endevour,smr vinay endevour area,SMR Vinay Endevour,,mixed
blr_184e80de3394f24a,1st Cross Nehru Road,1st cross nehru road,1st Cross Nehru Road,,mixed
blr_184e80de3394f24a,1st Cross Nehru Road,in 1st cross nehru road,1st Cross Nehru Road,,mixed
blr_184e80de3394f24a,1st Cross Nehru Road,near 1st cross nehru road,1st Cross Nehru Road,,mixed
blr_184e80de3394f24a,1st Cross Nehru Road,around 1st cross nehru road,1st Cross Nehru Road,,mixed
blr_184e80de3394f24a,1st Cross Nehru Road,1st cross nehru road area,1st Cross Nehru Road,,mixed
blr_f369d5f07d35559d,main campus road,main campus road,main campus road,,mixed
blr_f369d5f07d35559d,main campus road,in main campus road,main campus road,,mixed
blr_f369d5f07d35559d,main campus road,near main campus road,main campus road,,mixed
blr_f369d5f07d35559d,main campus road,around main campus road,main campus road,,mixed
blr_f369d5f07d35559d,main campus road,main campus road area,main campus road,,mixed
blr_f197d597a8bf9cd6,VIP Layout,vip layout,VIP Layout,,mixed
blr_f197d597a8bf9cd6,VIP Layout,in vip layout,VIP Layout,,mixed
blr_f197d597a8bf9cd6,VIP Layout,near vip layout,VIP Layout,,mixed
blr_f197d597a8bf9cd6,VIP Layout,around vip layout,VIP Layout,,mixed
blr_f197d597a8bf9cd6,VIP Layout,vip layout area,VIP Layout,,mixed
blr_4adfa5797f249934,road,road,road,,mixed
blr_4adfa5797f249934,road,in road,road,,mixed
blr_4adfa5797f249934,road,near road,road,,mixed
blr_4adfa5797f249934,road,around road,road,,mixed
blr_4adfa5797f249934,road,road area,road,,mixed
blr_09879afa290a8594,SV Heights,sv heights,SV Heights,,mixed
blr_09879afa290a8594,SV Heights,in sv heights,SV Heights,,mixed
blr_09879afa290a8594,SV Heights,near sv heights,SV Heights,,mixed
blr_09879afa290a8594,SV Heights,around sv heights,SV Heights,,mixed
blr_09879afa290a8594,SV Heights,sv heights area,SV Heights,,mixed
blr_515cf070ed13c89d,APC Layout East Side,apc layout east side,APC Layout East Side,,mixed
blr_515cf070ed13c89d,APC Layout East Side,in apc layout east side,APC Layout East Side,,mixed
blr_515cf070ed13c89d,APC Layout East Side,near apc layout east side,APC Layout East Side,,mixed
blr_515cf070ed13c89d,APC Layout East Side,around apc layout east side,APC Layout East Side,,mixed
blr_515cf070ed13c89d,APC Layout East Side,apc layout east side area,APC Layout East Side,,mixed
blr_2d7587dc01c667c6,APC Layout West Side,apc layout west side,APC Layout West Side,,mixed
blr_2d7587dc01c667c6,APC Layout West Side,in apc layout west side,APC Layout West Side,,mixed
blr_2d7587dc01c667c6,APC Layout West Side,near apc layout west side,APC Layout West Side,,mixed
blr_2d7587dc01c667c6,APC Layout West Side,around apc layout west side,APC Layout West Side,,mixed
blr_2d7587dc01c667c6,APC Layout West Side,apc layout west side area,APC Layout West Side,,mixed
blr_eed0821473b9b3a4,GTTC Boy's Hostel,gttc boys hostel,GTTC Boy's Hostel,,mixed
blr_eed0821473b9b3a4,GTTC Boy's Hostel,in gttc boys hostel,GTTC Boy's Hostel,,mixed
blr_eed0821473b9b3a4,GTTC Boy's Hostel,near gttc boys hostel,GTTC Boy's Hostel,,mixed
blr_eed0821473b9b3a4,GTTC Boy's Hostel,around gttc boys hostel,GTTC Boy's Hostel,,mixed
blr_eed0821473b9b3a4,GTTC Boy's Hostel,gttc boys hostel area,GTTC Boy's Hostel,,mixed
