name,tag_type,source
Vidyaranyapura,place:suburb,osm
Bangalore Urban,place:county,osm
Domlur,place:quarter,osm
Kodihalli,place:quarter,osm
Whitefield,place:suburb,osm
Brookefield,place:quarter,osm
Srirampura,place:neighbourhood,osm
R K Hegde Nagara,place:quarter,osm
Shabarinagara,place:neighbourhood,osm
Kothanur,place:quarter,osm
Geddalahalli,place:quarter,osm
Bileshivale,place:village,osm
Kyalasanahalli,place:village,osm
Chikkabyrathi,place:neighbourhood,osm
Byrathi,place:neighbourhood,osm
Seshadripuram,place:quarter,osm
Malleswaram,place:suburb,osm
Sampangirama Nagar,place:neighbourhood,osm
Shanti Nagar,place:suburb,osm
Shivajinagar,place:suburb,osm
Gandhinagar,place:suburb,osm
VV Puram,place:quarter,osm
Jayanagar,place:suburb,osm
JP Nagar,place:suburb,osm
Banashankari 2nd Stage,place:quarter,osm
Chamarajapete,place:suburb,osm
Sriramapuram,place:quarter,osm
Rajajinagar,place:suburb,osm
Vijaya Nagar,place:suburb,osm
Hampi Nagar,place:quarter,osm
Mavalli,place:neighbourhood,osm
Madiwala,place:quarter,osm
Koramangala,place:suburb,osm
Adugodi,place:quarter,osm
Wilson Garden,place:quarter,osm
Austin Town,place:suburb,osm
Ashok Nagar,place:quarter,osm
Viveknagar,place:neighbourhood,osm
Ejipura,place:quarter,osm
Cubbonpet,place:neighbourhood,osm
Old Tharagupete,place:neighbourhood,osm
Sowrashtrapet,place:locality,osm
Sultanpete,place:neighbourhood,osm
Ranasingpete,place:neighbourhood,osm
Chikkapete,place:suburb,osm
Balepet,place:neighbourhood,osm
Kalasipalyam,place:quarter,osm
Marenahalli,place:quarter,osm
Basavanagudi,place:suburb,osm
Benson Town,place:quarter,osm
RT Nagar,place:suburb,osm
Ganga Nagar,place:quarter,osm
Frazer Town,place:suburb,osm
Cox Town,place:quarter,osm
Richards Town,place:quarter,osm
Yelahanka,place:suburb,osm
Mathikere,place:suburb,osm
BEL Colony,place:neighbourhood,osm
Jalahalli,place:suburb,osm
Kalkere,place:neighbourhood,osm
Jayantinagara,place:neighbourhood,osm
Marathahalli,place:suburb,osm
Ashwath Nagar,place:neighbourhood,osm
Hemanth Nagar,place:locality,osm
Ananda Nagara,place:neighbourhood,osm
Doddanekundi,place:quarter,osm
KR Puram,place:suburb,osm
ITI Colony,place:quarter,osm
Ramamurthy Nagar,place:suburb,osm
Kasturi Nagar,place:quarter,osm
Poojappa Layout,place:neighbourhood,osm
Babusabpalya,place:neighbourhood,osm
GNR Gardens,place:neighbourhood,osm
Baiyyappanahalli,place:suburb,osm
Banaswadi,place:suburb,osm
Yeswanthpur,place:suburb,osm
Nandini Layout,place:quarter,osm
Bommanahalli,place:quarter,osm
BTM Layout,place:suburb,osm
Puttenahalli,place:quarter,osm
Padmanabha Nagar,place:quarter,osm
ISRO Layout,place:quarter,osm
Kumaraswamy Layout,place:quarter,osm
Rajarajeshwari Nagar,place:suburb,osm
Jnana Bharathi,place:suburb,osm
Goragunte Palya,place:quarter,osm
Indiranagar,place:suburb,osm
Iblur,place:quarter,osm
Bellanduru,place:suburb,osm
HSR Layout,place:suburb,osm
Anjanapura,place:suburb,osm
Okalipuram,place:quarter,osm
Ramachandra Pura,place:neighbourhood,osm
Kengeri,place:suburb,osm
Jayamahal Extension,place:neighbourhood,osm
Neelasandra,place:quarter,osm
Rajendranagar,place:neighbourhood,osm
Austin Town BDA Layout,place:neighbourhood,osm
Shanthala Nagar,place:quarter,osm
Sadashivanagar,place:suburb,osm
Subrahmanya Nagar,place:quarter,osm
Guttahalli,place:quarter,osm
Vasanth Nagar,place:suburb,osm
Siddartha Nagar,place:locality,osm
Bismillah Nagar,place:neighbourhood,osm
NAL Layout,place:neighbourhood,osm
RBI Colony,place:locality,osm
Rajanna Layout,place:locality,osm
Canara Bank Colony,place:neighbourhood,osm
LIC Colony,place:locality,osm
Tilak Nagar,place:neighbourhood,osm
Jayanagar 8th Block,place:quarter,osm
Jayanagar 4th Block,place:quarter,osm
Jayanagar 5th Block,place:quarter,osm
Jayanagar 7th Block,place:quarter,osm
IAS Officers Colony,place:neighbourhood,osm
Jayanagar 4T Block,place:quarter,osm
MICO Layout,place:locality,osm
Jayanagar 9th Block,place:quarter,osm
JP Nagar 1st Phase,place:quarter,osm
JP Nagar 2nd Phase,place:quarter,osm
JP Nagar 3rd Phase,place:quarter,osm
Koramangala 2nd Block,place:neighbourhood,osm
MS Palaya,place:quarter,osm
Kammagondanahalli,place:quarter,osm
Doddabomasandra,place:quarter,osm
Kattigenahalli,place:village,osm
Indiranagar 1st Stage,place:neighbourhood,osm
Indiranagar 2nd Stage,place:neighbourhood,osm
Motappanapalya,place:neighbourhood,osm
Jeevan Bhima Nagar,place:quarter,osm
Domlur 1st Stage,place:neighbourhood,osm
New Thippasandra,place:neighbourhood,osm
Vimanapura,place:quarter,osm
Murugeshpalaya,place:quarter,osm
NR Colony,place:neighbourhood,osm
Konena Agrahara,place:neighbourhood,osm
Cooke Town,place:quarter,osm
RMV 2nd Stage,place:suburb,osm
Hebbal,place:suburb,osm
Sanjay Nagara,place:quarter,osm
RMV 2nd Stage 2nd Block,place:neighbourhood,osm
Sundar Nagar,place:neighbourhood,osm
Sahakaranagara,place:suburb,osm
Arkavathy Layout,place:suburb,osm
Arkavathy Layout 7th Block,place:neighbourhood,osm
Arkavathy Layout 1st Block,place:neighbourhood,osm
Jakkur,place:suburb,osm
Arkavathy Layout 3rd Block,place:neighbourhood,osm
MCECHS Layout,place:neighbourhood,osm
Telecom Layout,place:neighbourhood,osm
Hanumanthanagar,place:neighbourhood,osm
Agara,place:neighbourhood,osm
Chelekere,place:neighbourhood,osm
Kalyan Nagar,place:suburb,osm
Shree Vinayaka Layout,place:neighbourhood,osm
Dooravaninagar,place:quarter,osm
Lower Palace Orchard,place:neighbourhood,osm
Uttarahalli,place:suburb,osm
Ullalu,place:quarter,osm
Mahadevapura,place:suburb,osm
Channasandra,place:village,osm
Kanaka Nagar,place:neighbourhood,osm
HMT Watch Factory Colony,place:neighbourhood,osm
Bahubali Nagar,place:locality,osm
Vinayaka Nagar B Block,place:neighbourhood,osm
CNR Layout,place:neighbourhood,osm
Malappa Layout,place:neighbourhood,osm
Bank Avenue Colony,place:neighbourhood,osm
Hennur Gardens,place:neighbourhood,osm
Sri Krishna Nagar,place:neighbourhood,osm
Post & Telegraph Layout,place:neighbourhood,osm
Mohan Kumar Nagar,place:neighbourhood,osm
Muthyalamma Nagar,place:locality,osm
Gokula,place:quarter,osm
MSR Nagar,place:neighbourhood,osm
Peenya 2nd Stage,place:neighbourhood,osm
C V Raman Nagar,place:suburb,osm
Raghavendra Colony,place:neighbourhood,osm
Cottonpete,place:neighbourhood,osm
Prakruthi Township,place:neighbourhood,osm
High Grounds,place:quarter,osm
L.R. Nagar 1st Stage,place:neighbourhood,osm
L.R. Nagar 2nd Stage,place:neighbourhood,osm
Ambedkar Nagar,place:neighbourhood,osm
Goripalya,place:neighbourhood,osm
Hosahalli,place:neighbourhood,osm
AECS Layout,place:quarter,osm
Hosakerehalli,place:quarter,osm
Kasturibai Nagar,place:neighbourhood,osm
Domlur 2nd Stage,place:neighbourhood,osm
Vannarapete,place:neighbourhood,osm
Deepanjali Nagar,place:locality,osm
Bapuji Nagar,place:quarter,osm
Ganapathy Nagar,place:neighbourhood,osm
Girinagar,place:quarter,osm
Byataranyapura,place:quarter,osm
KHR Colony,place:locality,osm
Defence Colony,place:neighbourhood,osm
Someshwaranagar,place:neighbourhood,osm
Nanjappa Garden,place:neighbourhood,osm
Gunjur,place:suburb,osm
Balagere,place:suburb,osm
Varthur,place:suburb,osm
Bhuvaneshwari Nagar,place:neighbourhood,osm
Ittamadu,place:neighbourhood,osm
AGS Layout,place:neighbourhood,osm
Hanumantha Nagar,place:quarter,osm
Katriguppe,place:neighbourhood,osm
HMT Layout,place:neighbourhood,osm
VV Nagar,place:neighbourhood,osm
St. Thomas Town,place:neighbourhood,osm
Avalahalli,place:quarter,osm
Sector A,place:neighbourhood,osm
Yelahanka New Town,place:quarter,osm
Sector B,place:neighbourhood,osm
4th Phase,place:neighbourhood,osm
5th Phase,place:neighbourhood,osm
Gandhinagar,place:neighbourhood,osm
Judicial Layout,place:quarter,osm
Jagadish Nagar,place:neighbourhood,osm
Immadihalli,place:neighbourhood,osm
Valmiki Nagar,place:neighbourhood,osm
KHB Colony,place:locality,osm
Nethaji Circle,highway:mini_roundabout,osm
Vakil Marina Layout,place:neighbourhood,osm
Ramagondanahalli,place:quarter,osm
Eshwara Layout,place:neighbourhood,osm
LBS Nagar,place:neighbourhood,osm
Dollars Colony,place:neighbourhood,osm
Nagashettyhalli,place:quarter,osm
Bhoopasandra,place:quarter,osm
Venkatpura,place:neighbourhood,osm
ST Bed Layout,place:neighbourhood,osm
Nagarabhavi,place:suburb,osm
NGEF Layout,place:neighbourhood,osm
Nallurahalli,place:quarter,osm
Green Domain Layout,place:neighbourhood,osm
Akshaynagar Layout,place:neighbourhood,osm
Domlur Village,place:neighbourhood,osm
Doopanahalli,place:neighbourhood,osm
Dattatreya Nagara,place:neighbourhood,osm
Basaveshwaranagar 2nd Stage,place:neighbourhood,osm
Halasuru,place:suburb,osm
Rajpalya,place:locality,osm
Hoodi,place:suburb,osm
Garudacharpalya,place:neighbourhood,osm
B. Narayanapura,place:quarter,osm
Prashanth Extension,place:neighbourhood,osm
Carmelaram,place:suburb,osm
Sitaramapalya,place:quarter,osm
Thubarahalli,place:neighbourhood,osm
Siddapura,place:neighbourhood,osm
Kadugodi,place:suburb,osm
Pattanduru Agrahara,place:suburb,osm
Manjunath Nagar,place:neighbourhood,osm
R. Narayanapura,place:neighbourhood,osm
Yelenahalli,place:neighbourhood,osm
Cambridge Layout,place:neighbourhood,osm
Udaya Nagar,place:neighbourhood,osm
Sai Layout,place:neighbourhood,osm
Tigalarapalya,place:neighbourhood,osm
Kadugodi Colony,place:neighbourhood,osm
Maithri Layout,place:neighbourhood,osm
Attiguppe,place:quarter,osm
Vinayaka Layout,place:neighbourhood,osm
Gandhipura,place:village,osm
Pantarapalya,place:neighbourhood,osm
Laggere,place:suburb,osm
Sunkadakatte,place:quarter,osm
Chandra Layout,place:quarter,osm
Pushpagiri Nagar,place:neighbourhood,osm
Pattanagere,place:quarter,osm
Kamakshipalya,place:quarter,osm
Mailasandra,place:village,osm
Kottigepalya,place:locality,osm
Andrahalli,place:neighbourhood,osm
Kundalahalli,place:quarter,osm
Kumbena Agrahara,place:village,osm
Sadaramangala,place:village,osm
Kaadubeesanahalli,place:quarter,osm
Panathur,place:suburb,osm
Sorahunase,place:quarter,osm
Rajajinagar 1st Block,place:neighbourhood,osm
Rajajinagar 5th Block,place:neighbourhood,osm
Rajajinagar 3rd Block,place:neighbourhood,osm
Postal Colony,place:neighbourhood,osm
KEB Layout,place:neighbourhood,osm
RMV 2nd Stage 1st Block,place:neighbourhood,osm
Kaithota,place:neighbourhood,osm
Nagondanahalli,place:village,osm
Hagaduru,place:neighbourhood,osm
Kaveri Nagara,place:neighbourhood,osm
Benniganahalli,place:neighbourhood,osm
Prithvi Layout,place:neighbourhood,osm
Darga Mohalla,place:neighbourhood,osm
Maheshwari Nagar,place:locality,osm
B Chikkanna Layout,place:locality,osm
Saraswathi Nagar,place:locality,osm
Shivaganga Layout,place:neighbourhood,osm
BTM 2nd Stage,place:neighbourhood,osm
Annasandra Palya,place:neighbourhood,osm
Lal Bahadur Shastri Nagar,place:neighbourhood,osm
Marenahalli,place:neighbourhood,osm
Saraswathi Nagara,place:neighbourhood,osm
Prashanth Nagar,place:neighbourhood,osm
Malagala,place:neighbourhood,osm
BCC Layout,place:quarter,osm
Dasarahalli,place:neighbourhood,osm
Kaveri Layout,place:neighbourhood,osm
HRBR Layout 2nd Block,place:quarter,osm
HRBR Layout 3rd Block,place:quarter,osm
GKW Layout,place:neighbourhood,osm
M C Layout,place:neighbourhood,osm
Binny Layout,place:neighbourhood,osm
ITI Layout,place:neighbourhood,osm
NHCS Layout,place:neighbourhood,osm
Central Excise Layout,place:neighbourhood,osm
Kurubara Halli,place:quarter,osm
Rajajinagar 6th Block,place:neighbourhood,osm
Poojary Layout,place:neighbourhood,osm
Srinagar,place:quarter,osm
Jayamahal,place:quarter,osm
Sulthanpalya,place:suburb,osm
Kothandram Layout,place:neighbourhood,osm
Sampige Layout,place:neighbourhood,osm
Amarjyothi Nagar,place:neighbourhood,osm
Kaveri Pura,place:neighbourhood,osm
Govindaraj Nagara,place:quarter,osm
Lakshmipuram,place:neighbourhood,osm
HAL 2nd Stage,place:neighbourhood,osm
Belthur,place:village,osm
Gunjur Palya,place:quarter,osm
Doddakannalli,place:suburb,osm
Vajrahalli,place:quarter,osm
Thalaghattapura,place:neighbourhood,osm
Binnamangala,place:neighbourhood,osm
RBI Layout,place:neighbourhood,osm
Navodaya Nagar,place:neighbourhood,osm
Shreyas Colony,place:neighbourhood,osm
Sri Rama Layout,place:neighbourhood,osm
Jagruthi Colony,place:neighbourhood,osm
Maruthi Extension,place:neighbourhood,osm
Gayatri Nagar,place:quarter,osm
Sri Guru Raghavendra Nagar,place:neighbourhood,osm
Lakshmi Nagar,place:neighbourhood,osm
Yadava Layout,place:neighbourhood,osm
Bank of Baroda Colony,place:neighbourhood,osm
Sun City Layout,place:neighbourhood,osm
Yemaluru,place:quarter,osm
AECS Layout,place:neighbourhood,osm
Ramappa Layout,place:neighbourhood,osm
Malleshpalya,place:quarter,osm
Nataraja Layout,place:neighbourhood,osm
M S Ramaiah City,place:neighbourhood,osm
Nrupathunga Nagar,place:neighbourhood,osm
Jaladarshini Layout,place:neighbourhood,osm
Tatanagar,place:quarter,osm
Maruthi Nagar,place:neighbourhood,osm
Medahalli,place:village,osm
Madhuranagara,place:neighbourhood,osm
Bhattarahalli,place:neighbourhood,osm
Gunjur Hosahalli,place:neighbourhood,osm
K R Layout,place:neighbourhood,osm
Srinidhi Layout,place:neighbourhood,osm
Govinda Reddy Layout,place:neighbourhood,osm
Mico Arekere Layout 1st Stage,place:neighbourhood,osm
Gubbalala,place:village,osm
Rustum Bagh,place:neighbourhood,osm
Kamdhenu Nagar,place:neighbourhood,osm
Griha Laxmi Colony,place:locality,osm
Vivekananda Layout,place:locality,osm
Deewanarapalya,place:neighbourhood,osm
Agrahara Layout,place:village,osm
Nagenahalli,place:village,osm
Anantapura,place:neighbourhood,osm
Amarjyothi Nagara,place:neighbourhood,osm
Coffee Board Layout,place:neighbourhood,osm
Kodigehalli,place:quarter,osm
Thindlu,place:quarter,osm
Shampura,place:neighbourhood,osm
Nagavara,place:suburb,osm
Ayyappanagara,place:neighbourhood,osm
Horamavu,place:suburb,osm
K. Channasandra,place:quarter,osm
Varanasi,place:neighbourhood,osm
Kaggadasapura,place:quarter,osm
Devasandra,place:neighbourhood,osm
Ramesh Nagar,place:neighbourhood,osm
Vinayakanagar,place:neighbourhood,osm
Thanisandra,place:quarter,osm
Kowdenahalli,place:neighbourhood,osm
Sampigehalli,place:neighbourhood,osm
Vijaya Bank Colony,place:neighbourhood,osm
Kodigehalli,place:village,osm
Ferns Habitat,place:neighbourhood,osm
Somasundarapalya,place:neighbourhood,osm
Brookes Haven Layout,place:neighbourhood,osm
Islampur,place:neighbourhood,osm
Chinnappanahalli,place:neighbourhood,osm
Kareem Nagar,place:neighbourhood,osm
AECS Layout D Block,place:neighbourhood,osm
AECS Layout B Block,place:neighbourhood,osm
AECS Layout A Block,place:neighbourhood,osm
Nellurupuram,place:neighbourhood,osm
BTM Layout 2nd Stage,place:quarter,osm
BTM Layout 1st Stage,place:quarter,osm
MICO Layout,place:neighbourhood,osm
Mahadeshwara Nagara,place:neighbourhood,osm
DK Naik Nagar,place:neighbourhood,osm
Jayanagar 6th Block,place:quarter,osm
Jayanagar East,place:quarter,osm
Yediyuru,place:neighbourhood,osm
Ayappa Layout,place:locality,osm
Domlur BDA Layout,place:neighbourhood,osm
Sanjay Nagar,place:neighbourhood,osm
Jakkasandra,place:neighbourhood,osm
Teacher's Colony,place:neighbourhood,osm
P R Layout,place:neighbourhood,osm
Nagadevanahalli,place:neighbourhood,osm
Sector 6,place:quarter,osm
Doddabidarakallu,place:neighbourhood,osm
Thimmah Reddy Colony,place:neighbourhood,osm
BDA Layout,place:neighbourhood,osm
BEML Township,place:neighbourhood,osm
Bhoomi Reddy Colony,place:neighbourhood,osm
GM Palya,place:quarter,osm
HAL 3rd Stage,place:neighbourhood,osm
Thippasandra,place:quarter,osm
Vignananagar,place:quarter,osm
Sudgunte Palya,place:neighbourhood,osm
Sector 2,place:quarter,osm
KR Garden,place:neighbourhood,osm
Sri Ram Nagar,place:neighbourhood,osm
NR Layout,place:neighbourhood,osm
SR Layout,place:neighbourhood,osm
Mangamannapalya,place:neighbourhood,osm
Sector 1,place:quarter,osm
Sector 3,place:quarter,osm
Sector 4,place:quarter,osm
Sector 7,place:quarter,osm
Bellahalli,place:village,osm
Lakkasandra,place:quarter,osm
Varthur Kodi,place:neighbourhood,osm
Maruthi Nagara,place:neighbourhood,osm
Air View Colony,place:neighbourhood,osm
Kudlu,place:suburb,osm
Vaikuntam Layout,place:neighbourhood,osm
Peenya,place:suburb,osm
Banashankari 1st Stage,place:quarter,osm
Banashankari 3rd Stage,place:quarter,osm
Thyagaraja Nagar,place:quarter,osm
Annaniappa Layout,place:neighbourhood,osm
Vinayaka Nagar A Block,place:neighbourhood,osm
Muniyappa Layout,place:neighbourhood,osm
Jogupalya,place:neighbourhood,osm
Saraswathipuram,place:neighbourhood,osm
Gowthamapura,place:neighbourhood,osm
A Narayanapura,place:neighbourhood,osm
Beguru,place:suburb,osm
Lingarajapuram,place:suburb,osm
Appareddipalaya,place:neighbourhood,osm
Kadiranpalaya,place:neighbourhood,osm
LIC Colony,place:neighbourhood,osm
Old Thippasandra,place:neighbourhood,osm
BM Kaval,place:neighbourhood,osm
Michaelpalya,place:neighbourhood,osm
Hemmigepura,place:village,osm
Bengaluru,place:city,osm
Eramma Layout,place:neighbourhood,osm
Seven Hills Layout,place:neighbourhood,osm
Sadgunte Palya,place:neighbourhood,osm
MEI Colony,place:neighbourhood,osm
Jayanagar 3rd Block,place:quarter,osm
Rajotsava Nagar,place:neighbourhood,osm
Kalyani Nagara,place:neighbourhood,osm
Chikkalasandra,place:quarter,osm
Kadirenahalli,place:quarter,osm
Lake City,place:neighbourhood,osm
Vyalikaval,place:neighbourhood,osm
Chakravarty Layout,place:neighbourhood,osm
Vittal Nagar,place:neighbourhood,osm
Putanna Garden,place:neighbourhood,osm
Puttappa Layout,place:neighbourhood,osm
Palm Grove,place:neighbourhood,osm
Ashokanagara,place:neighbourhood,osm
Amarjyothi Layout,place:neighbourhood,osm
MV Garden,place:neighbourhood,osm
Gupta Layout,place:neighbourhood,osm
Old Binnamangala,place:neighbourhood,osm
Commercial Street Market,place:neighbourhood,osm
Narayanappa Gardens,place:neighbourhood,osm
Green Glen Layout,place:neighbourhood,osm
Tasker Town,place:neighbourhood,osm
Anandapuram,place:neighbourhood,osm
Belure Ambedkar Nagar,place:neighbourhood,osm
Kaverappa Layout,place:neighbourhood,osm
Belur Nagasandra,place:neighbourhood,osm
Challaghatta,place:neighbourhood,osm
Kariyammana Agrahara,place:neighbourhood,osm
ITC Colony,place:neighbourhood,osm
MSO Colony,place:neighbourhood,osm
Kirloskar Layout,place:neighbourhood,osm
Nagegowdanapalya,place:neighbourhood,osm
Gattigerepalya,place:neighbourhood,osm
Ganakkal,place:quarter,osm
Chikkegowdanpalya,place:neighbourhood,osm
Sompura,place:village,osm
Gajendra Nagara,place:neighbourhood,osm
Hulimavu,place:quarter,osm
MES Colony,place:neighbourhood,osm
Gandhi Nagar,place:neighbourhood,osm
Atturu,place:quarter,osm
Singapura,place:quarter,osm
Babasaheb Colony,place:neighbourhood,osm
Gitanjali Layout,place:neighbourhood,osm
Ganigarpet,place:neighbourhood,osm
Mamulpete,place:neighbourhood,osm
Kothnur,place:suburb,osm
Krishna Nagar,place:neighbourhood,osm
Maistripalaya,place:neighbourhood,osm
Jothinagar,place:neighbourhood,osm
"AECS Layout, A block",place:neighbourhood,osm
Abshot Layout,place:neighbourhood,osm
Gurappana Palya,place:neighbourhood,osm
Byadarahalli,place:neighbourhood,osm
Herohalli,place:suburb,osm
Hutting Colony,place:neighbourhood,osm
HBR Layout 5th Block,place:quarter,osm
HBR Layout,place:suburb,osm
Akshaya Nagar,place:neighbourhood,osm
Someshwarapura,place:neighbourhood,osm
Corporation Colony,place:neighbourhood,osm
Sivanchetti Gardens,place:neighbourhood,osm
Munekolala,place:quarter,osm
Chokkanahalli,place:neighbourhood,osm
Keshavaraj Layout,place:neighbourhood,osm
Officers Colony,place:neighbourhood,osm
Yellagondanpalya,place:neighbourhood,osm
Victoria Layout,place:quarter,osm
Xavier Layout,place:neighbourhood,osm
Yelachenahalli,place:neighbourhood,osm
Gottigere,place:suburb,osm
Justice Bheemiah Layout,place:neighbourhood,osm
Richmond Town,place:suburb,osm
Gavipuram,place:neighbourhood,osm
Concept City,place:neighbourhood,osm
Sudhama Nagar,place:neighbourhood,osm
Shivalingaiah Colony,place:neighbourhood,osm
HAL Township,place:neighbourhood,osm
Krishna Reddy Colony,place:neighbourhood,osm
Indiranagar 3rd Stage,place:neighbourhood,osm
New Baiyyappanahalli Extension,place:neighbourhood,osm
Sadananda Nagar,place:neighbourhood,osm
Ramaswamy Layout,place:neighbourhood,osm
Koramangala 7th Block,place:neighbourhood,osm
Ashwath Nagar,place:quarter,osm
Jayaraj Nagar,place:neighbourhood,osm
Dodakattappa,place:neighbourhood,osm
Hoysala Nagar,place:neighbourhood,osm
Someshwarpura,place:neighbourhood,osm
Hanumanthappa Layout,place:neighbourhood,osm
Yellappa Chetty Layout,place:neighbourhood,osm
Karishma Hills,place:neighbourhood,osm
Ambalipura,place:neighbourhood,osm
ITI Industrial Estate,place:neighbourhood,osm
Devasandra Industrial Estate,place:neighbourhood,osm
Kalahalli,place:neighbourhood,osm
Bhadrappa Layout,place:neighbourhood,osm
Papanna Layout,place:neighbourhood,osm
Vishweshwaraiah Enclave,place:neighbourhood,osm
Abbigere,place:quarter,osm
Kammanahalli,place:suburb,osm
EPIP Zone,place:suburb,osm
Anandapura,place:neighbourhood,osm
Govindapura,place:neighbourhood,osm
BCC Layout,place:locality,osm
Panduranga Nagar,place:neighbourhood,osm
Arekere,place:quarter,osm
Shivapura,place:neighbourhood,osm
Mallathahalli,place:quarter,osm
PF Layout,place:neighbourhood,osm
Meghanapalya,place:neighbourhood,osm
K Narayanapura,place:quarter,osm
Grace Town,place:neighbourhood,osm
West of Chord Road 2nd Stage,place:neighbourhood,osm
Mahalakshmipuram,place:quarter,osm
Attur Layout,place:neighbourhood,osm
Konanakunte,place:suburb,osm
Mahalakshmi Layout,place:suburb,osm
Basaveshwaranagar,place:suburb,osm
Shirdi Sai Nagara,place:neighbourhood,osm
NTY Layout,place:neighbourhood,osm
Kengeri Satelite Town,place:neighbourhood,osm
Sir MV Layout,place:suburb,osm
Sonnenahalli,place:quarter,osm
Bhuvaneshwari Nagara 2nd Stage,place:neighbourhood,osm
Bhuvaneshwari Nagara 1st Stage,place:neighbourhood,osm
Rajajinagara 1st R Block,place:neighbourhood,osm
Anepalya,place:neighbourhood,osm
Craig Park Layout,place:neighbourhood,osm
Jakkur Layout,place:neighbourhood,osm
Amrutahalli,place:quarter,osm
Rachenahalli,place:neighbourhood,osm
Buvaneswari Nagara,place:neighbourhood,osm
Amruthnagar,place:neighbourhood,osm
Kempapura,place:quarter,osm
Fair Field Layout,place:neighbourhood,osm
LR Bande,place:neighbourhood,osm
JC Nagar,place:quarter,osm
Deverajivanahalli,place:quarter,osm
Kaval Byrasandra,place:suburb,osm
Postal and Telecom Colony,place:neighbourhood,osm
Kushal Nagar,place:neighbourhood,osm
Kadugondanahalli,place:quarter,osm
Anand Nagar,place:neighbourhood,osm
MEI Layout,place:neighbourhood,osm
Bagalagunte,place:quarter,osm
Nagamma Nagar,place:neighbourhood,osm
Shamana Nagar,place:neighbourhood,osm
RPC Layout,place:neighbourhood,osm
Cholourpalya,place:neighbourhood,osm
Guddadahalli,place:quarter,osm
Kempapura Agrahara,place:suburb,osm
K H Ranganath Colony,place:neighbourhood,osm
Jagajeevanram Nagara,place:quarter,osm
Indiranagar,place:neighbourhood,osm
Lakshmi Devi Nagar,place:neighbourhood,osm
Pottery Town,place:neighbourhood,osm
Langford Town,place:neighbourhood,osm
Kodichikkanahalli,place:neighbourhood,osm
Madhav Nagar,place:neighbourhood,osm
Kacharakanahalli,place:neighbourhood,osm
Kamalanagara,place:quarter,osm
Sharadhanagar,place:neighbourhood,osm
Ketamaranahalli,place:neighbourhood,osm
Rajajinagar 4th Block,place:neighbourhood,osm
Rajajinagar 2nd Block,place:neighbourhood,osm
JC Nagar,place:neighbourhood,osm
Saneguruvanahalli,place:neighbourhood,osm
Shivanahalli,place:neighbourhood,osm
Puttenahalli,place:neighbourhood,osm
Sudhama Nagara,place:neighbourhood,osm
Kempegowda Layout,place:neighbourhood,osm
Dubasi Palya,place:neighbourhood,osm
Trifecta Esplanade,place:locality,osm
Jahnavi Enclave,place:locality,osm
Rajiv Gandhi Nagar,place:neighbourhood,osm
Roopena Agrahara,place:neighbourhood,osm
Canara Bank Layout,place:neighbourhood,osm
Jooganahalli,place:neighbourhood,osm
Nagayana Palya,place:neighbourhood,osm
Sathyanagara,place:neighbourhood,osm
Gattigere Extension,place:neighbourhood,osm
Giridhama Layout,place:neighbourhood,osm
Aditya Layout,place:neighbourhood,osm
Marappa Layout,place:neighbourhood,osm
Javaranadoddi,place:neighbourhood,osm
Ideal Homes Layout,place:neighbourhood,osm
BEML Layout 3rd Stage,place:neighbourhood,osm
BEML Layout 5th Stage,place:neighbourhood,osm
Krishna Garden Layout,place:neighbourhood,osm
Concorde Layout,place:neighbourhood,osm
BHEL Layout,place:neighbourhood,osm
BEML Layout 7th Phase,place:neighbourhood,osm
Kodipalya,place:neighbourhood,osm
Halagevaderahalli,place:neighbourhood,osm
Nobo Nagar,place:neighbourhood,osm
Reflex Layout,place:neighbourhood,osm
"Banashankari 6th Stage, 11th Block",place:neighbourhood,osm
Arab Lines,place:neighbourhood,osm
KHB Colony,place:neighbourhood,osm
Langford Gardens,place:neighbourhood,osm
Akkithimmanahalli,place:neighbourhood,osm
Sindhi Colony,place:neighbourhood,osm
Cleveland Town,place:quarter,osm
Nrupatunga Nagar,place:neighbourhood,osm
Nagapura,place:neighbourhood,osm
Koramangala 8th Block,place:neighbourhood,osm
Koramangala 5th Block,place:neighbourhood,osm
Koramangala 6th Block,place:neighbourhood,osm
Koramangala 4th Block,place:neighbourhood,osm
Koramangala 3rd Block,place:neighbourhood,osm
Koramangala 1st Block,place:neighbourhood,osm
Rudrappa Garden,place:neighbourhood,osm
Anglo-Indian Quarters,place:neighbourhood,osm
SBI Colony,place:neighbourhood,osm
JCR Layout,place:neighbourhood,osm
Williams Town,place:neighbourhood,osm
Bilekahalli,place:quarter,osm
Vijaya Bank Layout,place:neighbourhood,osm
Byatarayanapura,place:neighbourhood,osm
Meenakshi Layout,place:neighbourhood,osm
Raja Ram Mohan Roy Extension,place:neighbourhood,osm
Jakkur Plantation,place:neighbourhood,osm
Gastikempanahalli,place:village,osm
Srinivasapura,place:village,osm
Thirumenahalli,place:village,osm
Dr. Shivaram Karanth Nagar,place:quarter,osm
Sapthagiri Layout,place:neighbourhood,osm
Rukmini Nagara,place:neighbourhood,osm
ISRO Colony,place:neighbourhood,osm
Corporation Quarters,place:neighbourhood,osm
Bethel Layout,place:neighbourhood,osm
Milk Colony,place:neighbourhood,osm
Ramanjaneya Layout,place:locality,osm
Vishwanath Nagenahalli,place:quarter,osm
Geddalahalli,place:neighbourhood,osm
Singasandra,place:quarter,osm
Haralur,place:suburb,osm
Hongasandra,place:quarter,osm
Banashankari 6th Stage,place:suburb,osm
Subramanyapura,place:quarter,osm
Arkavathy Layout 20th Block,place:neighbourhood,osm
Arkavathy Layout 19th Block,place:neighbourhood,osm
Venkateshapura,place:neighbourhood,osm
Byrathikhane,place:neighbourhood,osm
Pillana Garden,place:neighbourhood,osm
New Bagalur Layout,place:neighbourhood,osm
Arkavathy Layout 9th Block,place:locality,osm
Arkavathy Layout 16th Block,place:neighbourhood,osm
Arkavathy Layout 18th Block,place:neighbourhood,osm
Arkavathy Layout 11th Block,place:locality,osm
Arkavathy Layout 8th Block,place:locality,osm
Arkavathy Layout 4th Block,place:neighbourhood,osm
Arkavathy Layout 22nd Block,place:locality,osm
Arkavathy Layout 8th Block,place:neighbourhood,osm
Srinivasapura,place:neighbourhood,osm
Channasandra,place:neighbourhood,osm
Kumara Park West,place:neighbourhood,osm
Kumara Park East,place:neighbourhood,osm
Vidyamanyanagar,place:quarter,osm
Lingadeeranahalli,place:quarter,osm
Chandana Layout,place:neighbourhood,osm
Syndicate Bank Layout,place:neighbourhood,osm
Vigneshwara Nagara,place:neighbourhood,osm
Madeshwara Nagara,place:neighbourhood,osm
Prasanna Layout,place:neighbourhood,osm
Hosahalli Golarapalya,place:neighbourhood,osm
Bharathnagar,place:quarter,osm
Hegganahalli,place:quarter,osm
Kareemsab Nagar,place:neighbourhood,osm
Jogappa Layout,place:neighbourhood,osm
Gandhi Bazaar,place:neighbourhood,osm
Maruthi Seva Nagar,place:neighbourhood,osm
Vivekananda Nagar,place:neighbourhood,osm
Doddigunta,place:neighbourhood,osm
Heerachand Layout,place:neighbourhood,osm
Income Tax Layout,place:neighbourhood,osm
Krishnaiahnapalya,place:neighbourhood,osm
Old Baiyappanahalli,place:neighbourhood,osm
Jeevanahalli,place:neighbourhood,osm
Kathalipalya,place:neighbourhood,osm
Jakkasandra Block,place:neighbourhood,osm
Sidhartha Colony,place:neighbourhood,osm
RV Layout,place:neighbourhood,osm
D'Souza Layout,place:neighbourhood,osm
ITI Colony,place:neighbourhood,osm
Kuvempu Nagar 1st Stage,place:neighbourhood,osm
Doddabettahalli,place:neighbourhood,osm
Kuvempu Nagar 2nd Stage,place:neighbourhood,osm
Kanshiram Nagar,place:neighbourhood,osm
Adithyanagara,place:neighbourhood,osm
Vinayaka Nagara,place:neighbourhood,osm
Prakash Nagar,place:neighbourhood,osm
Mount Joy,place:neighbourhood,osm
Lottegollahalli,place:neighbourhood,osm
Venkatala,place:neighbourhood,osm
Yellukunte,place:neighbourhood,osm
Siddhartha Nagar,place:neighbourhood,osm
Gowtham Colony,place:neighbourhood,osm
Royal Placid Layout,place:neighbourhood,osm
Gollarahatti,place:quarter,osm
Bhoganahalli,place:neighbourhood,osm
Munniswamy Garden,place:neighbourhood,osm
Virannapalya,place:neighbourhood,osm
Judicial Officer's Layout,place:neighbourhood,osm
Ramakrishna Layout,place:neighbourhood,osm
Indira Gandhi Colony,place:neighbourhood,osm
BDA Jnanabharathi Residential Enclave,place:neighbourhood,osm
Vijayashree Layout,place:neighbourhood,osm
Krishnappa Layout,place:neighbourhood,osm
Veerabhadra Nagara,place:neighbourhood,osm
Ashokapuram,place:neighbourhood,osm
Shankar Nagar,place:neighbourhood,osm
Ramaswamypalya,place:neighbourhood,osm
Swimming Pool Extension,place:neighbourhood,osm
Valluvarpuram,place:neighbourhood,osm
Shakambari Nagar,place:neighbourhood,osm
M Nanjappa Layout,place:neighbourhood,osm
Kuvempu Nagar,place:neighbourhood,osm
JP Nagar 9th Phase,place:neighbourhood,osm
BOOHBCS Layout,place:neighbourhood,osm
Narayana Nagara,place:neighbourhood,osm
PNB Layout,place:neighbourhood,osm
MKS Layout,place:neighbourhood,osm
Byrathi Bande,place:quarter,osm
Parangipalya,place:neighbourhood,osm
Mariappanapalya,place:neighbourhood,osm
Isaac Layout,place:neighbourhood,osm
Kenchenahalli,place:neighbourhood,osm
Surabhi Layout,place:neighbourhood,osm
GKVK Layout,place:neighbourhood,osm
Silver Springs Layout,place:neighbourhood,osm
Arkavathy Layout 6th Block,place:neighbourhood,osm
Ramiah Reddy Layout,place:neighbourhood,osm
Hoody Garden,place:neighbourhood,osm
Basappa Garden,place:neighbourhood,osm
Kempapura,place:neighbourhood,osm
Adarsh Nagar,place:neighbourhood,osm
Kaveri Nagar,place:neighbourhood,osm
Gruhalaxmi Layout,place:neighbourhood,osm
Rashad Nagar,place:neighbourhood,osm
Munirangappa Layout,place:neighbourhood,osm
Modi Garden,place:neighbourhood,osm
Periyar Nagar,place:neighbourhood,osm
Sagayapura,place:neighbourhood,osm
Shankarapuram,place:neighbourhood,osm
Srigandhakavalu,place:quarter,osm
Saraipalya,place:neighbourhood,osm
Rehamathnagara,place:neighbourhood,osm
Vinayaka Nagar,place:neighbourhood,osm
Sharada Colony,place:neighbourhood,osm
NGOs Colony,place:neighbourhood,osm
Kirloskar Colony,place:neighbourhood,osm
Vrishabha Nagar,place:neighbourhood,osm
Meenakshi Nagar,place:neighbourhood,osm
Syndicate Bank Colony,place:neighbourhood,osm
Prem Nagar,place:neighbourhood,osm
Shakthi Ganapathi Nagar,place:neighbourhood,osm
Annapoorneshwari Nagara,place:neighbourhood,osm
Devarabeesanahalli,place:quarter,osm
KSRTC Layout,place:neighbourhood,osm
BHBCS Layout,place:neighbourhood,osm
Sarakki,place:neighbourhood,osm
Mathru Layout,place:neighbourhood,osm
BEL Layout,place:quarter,osm
LIG 3rd Stage,place:neighbourhood,osm
Ashraya Layout,place:neighbourhood,osm
AKG Colony,place:neighbourhood,osm
VS Reddy Colony,place:neighbourhood,osm
Seegehalli,place:village,osm
Kaikondrahalli,place:quarter,osm
N Thyagaraju Layout,place:neighbourhood,osm
Sector 5,place:quarter,osm
Further Extension,place:neighbourhood,osm
6th Block,place:neighbourhood,osm
5th Block,place:neighbourhood,osm
4th Block,place:neighbourhood,osm
3rd Block,place:neighbourhood,osm
Anand Nagar Colony,place:neighbourhood,osm
JP Nagar 4th Phase,place:quarter,osm
HRBR Layout 1st Block,place:quarter,osm
HBR Layout 3rd Block,place:quarter,osm
HBR Layout 4th Block,place:quarter,osm
D'Costa Square,place:neighbourhood,osm
Balaji Layout,place:neighbourhood,osm
Lazar Layout,place:neighbourhood,osm
Chinnappa Garden,place:neighbourhood,osm
Munireddypalya,place:quarter,osm
SK Garden,place:neighbourhood,osm
Marappa Garden,place:neighbourhood,osm
Anjanappa Garden,place:neighbourhood,osm
Anchappa Garden,place:neighbourhood,osm
Upper Palace Orchard,place:neighbourhood,osm
Rajajinagar 4M Block,place:neighbourhood,osm
Dinnur,place:neighbourhood,osm
Jayanagar 3 East Block,place:quarter,osm
Jayanagar 1st Block,place:quarter,osm
Jayanagar 2nd Block,place:quarter,osm
Hosakerehalli Layout,place:neighbourhood,osm
Chikkabellanduru,place:quarter,osm
MCHS Colony,place:neighbourhood,osm
OMBR Layout,place:neighbourhood,osm
Madeena Nagar,place:neighbourhood,osm
Dwaraka Nagar,place:neighbourhood,osm
Bangarappa Nagar,place:neighbourhood,osm
RHB Colony,place:neighbourhood,osm
Fatima Layout,place:neighbourhood,osm
Ilyas Nagar,place:neighbourhood,osm
Pillaganahlli,place:neighbourhood,osm
JHBCS Layout,place:neighbourhood,osm
Kumaraswamy Layout 1st Stage,place:neighbourhood,osm
Kumaraswamy Layout 2nd Stage,place:neighbourhood,osm
Vikram Nagar,place:neighbourhood,osm
Chandra Nagar,place:neighbourhood,osm
Bendre Nagar,place:neighbourhood,osm
Minaz Nagara,place:neighbourhood,osm
Shamanna Reddy Layout,place:neighbourhood,osm
Yashoda Nagar,place:neighbourhood,osm
Kogilu,place:quarter,osm
MLA Layout,place:neighbourhood,osm
Hypons Hotel,place:Bengaluru,osm
Subramanya Nagar 2nd Stage,place:neighbourhood,osm
Prakruthi Nagar,place:neighbourhood,osm
Harohalli,place:hamlet,osm
Pramodha Layout,place:neighbourhood,osm
Chikkabommasandra,place:neighbourhood,osm
Doctors Layout,place:neighbourhood,osm
Sir M. Visvesvaraya Layout,place:neighbourhood,osm
TC Palya,place:suburb,osm
Karthik Nagar,place:quarter,osm
Royal Residency Layout,place:neighbourhood,osm
Tunga Nagar,place:neighbourhood,osm
SHBCS Layout,place:neighbourhood,osm
JK Pura,place:neighbourhood,osm
Achaiah Chetty Layout,place:neighbourhood,osm
Rajajinagara 1st N Block,place:neighbourhood,osm
Srikantan Layout,place:neighbourhood,osm
Gorkamantapalya,place:neighbourhood,osm
Nagavarapalaya,place:neighbourhood,osm
Byrasandra,place:neighbourhood,osm
Kankanpalya,place:neighbourhood,osm
Chinnayanapalya,place:neighbourhood,osm
Pudupadacheri,place:neighbourhood,osm
D'Souza Nagar,place:neighbourhood,osm
Abbaiah Reddy Layout,place:neighbourhood,osm
Krishnappa Garden,place:neighbourhood,osm
Geleyara Balaga Layout,place:neighbourhood,osm
Soundarya Layout,place:neighbourhood,osm
Muniswamappa Layout,place:neighbourhood,osm
Defence Layout,place:neighbourhood,osm
LRDE Layout,place:neighbourhood,osm
Alfa Gardens,place:neighbourhood,osm
MSR Layout,place:neighbourhood,osm
Nelagedaranahalli,place:neighbourhood,osm
Hanuman Nagar,place:neighbourhood,osm
Junnasandra,place:neighbourhood,osm
Thimanahalli,place:neighbourhood,osm
Arkavathy Layout 17th Block,place:neighbourhood,osm
Arkavathy Layout 5th Block,place:neighbourhood,osm
Arkavathy Layout 11th Block,place:neighbourhood,osm
Ferrar Nagar,place:neighbourhood,osm
GarvebhaviPalya,place:neighbourhood,osm
Papaiah Layout,place:neighbourhood,osm
Hennur,place:suburb,osm
Ganigarapalya,place:neighbourhood,osm
Jai Bheema Nagar,place:neighbourhood,osm
Vasanthapura,place:neighbourhood,osm
Geetha Colony,place:neighbourhood,osm
Telecom Layout 10th Block,place:neighbourhood,osm
Chikka Kammanahalli,place:neighbourhood,osm
IDBI Layout,place:neighbourhood,osm
Kalena Agrahara,place:neighbourhood,osm
Dodda Kammanahalli,place:neighbourhood,osm
BHCS Layout,place:neighbourhood,osm
KFSC Layout,place:neighbourhood,osm
CQAL Layout,place:neighbourhood,osm
B Channasandra,place:neighbourhood,osm
Chikka Banasawadi,place:neighbourhood,osm
Subbayanapalya,place:neighbourhood,osm
Saitpalya,place:neighbourhood,osm
Kariyannanapalya,place:neighbourhood,osm
Kasturi Nagar 2nd Stage,place:neighbourhood,osm
Jai Jawan Nagar,place:neighbourhood,osm
RMS Colony,place:neighbourhood,osm
Gurudarshan Layout,place:neighbourhood,osm
Chamundeshwari Layout,place:neighbourhood,osm
Vaishnavi Layout,place:neighbourhood,osm
AMS Layout,place:neighbourhood,osm
Narasipura Layout,place:neighbourhood,osm
HMT Colony,place:neighbourhood,osm
Nagasandra,place:suburb,osm
Banashankari,place:suburb,osm
Byraveshwara Nagara,place:neighbourhood,osm
Venugopala Nagara,place:neighbourhood,osm
Chinnanna Layout,place:neighbourhood,osm
Cholanayakanahalli,place:neighbourhood,osm
RBI Colony,place:neighbourhood,osm
Krishnappa Block,place:neighbourhood,osm
Dollar Scheme Colony,place:neighbourhood,osm
Sri Sai Layout,place:neighbourhood,osm
Chamundi Nagara,place:neighbourhood,osm
Rahat Bagh,place:neighbourhood,osm
Nehru Nagar,place:neighbourhood,osm
Jogi Colony,place:neighbourhood,osm
Channama Layout,place:neighbourhood,osm
Sarovara Layout,place:neighbourhood,osm
Bestcounty2,place:neighbourhood,osm
MCHS Layout,place:neighbourhood,osm
Ramaswami Layout,place:neighbourhood,osm
MSR Green Layout,place:housing_society,osm
Maruthi Layout,place:neighbourhood,osm
KPC Layout,place:neighbourhood,osm
Muneshwara Layout,place:neighbourhood,osm
Anjanapura 10th Block,place:neighbourhood,osm
Anjanapura 9th Block,place:neighbourhood,osm
Anjanapura 8th Block,place:neighbourhood,osm
Anjanapura 7th Block,place:neighbourhood,osm
Anjanapura 6th Block,place:neighbourhood,osm
Anjanapura 3rd Block,place:neighbourhood,osm
Anjanapura 5th Block,place:neighbourhood,osm
Anjanapura 4th Block,place:neighbourhood,osm
Anjanapura 2nd Block,place:neighbourhood,osm
Anjanapura 1st Block,place:neighbourhood,osm
Syed Block,place:neighbourhood,osm
Gandhi Circle,place:neighbourhood,osm
Palanahalli,place:neighbourhood,osm
Talacauvery Layout,place:neighbourhood,osm
Kasavanahalli,place:suburb,osm
Tirumala Nagar,place:neighbourhood,osm
Srinivas Nagar,place:neighbourhood,osm
Panathur Dinne,place:neighbourhood,osm
GJM Sai Garden Layout,place:neighbourhood,osm
Maruthi House Building Co-operative Society Layout,place:neighbourhood,osm
Bhimajyothi LIC HBCS Layout,place:neighbourhood,osm
Waseem Layout,place:neighbourhood,osm
Fakir Colony,place:neighbourhood,osm
Ambedkar Colony,place:neighbourhood,osm
Wasa Layout,place:neighbourhood,osm
Chettupalya,place:neighbourhood,osm
Brooke Bond,place:neighbourhood,osm
Pai Layout,place:neighbourhood,osm
Gangappa Layout,place:neighbourhood,osm
Vasanthappa Block,place:neighbourhood,osm
Green Leaf Layout,place:neighbourhood,osm
Chandra Reddy Layout,place:neighbourhood,osm
Kumara Krupa Road,highway:tertiary,osm
8th Main Road,highway:secondary,osm
3rd Main Road,highway:residential,osm
80 Feet Road,highway:secondary,osm
3rd Cross Road,highway:residential,osm
2nd Main Road,highway:residential,osm
Victoria Road,highway:primary,osm
Lalbagh Road,highway:primary,osm
Kengeri Main Road,highway:primary,osm
Mallathahalli Road,highway:secondary,osm
Domlur Flyover,highway:primary,osm
Kengal Hanumanthaiah Road,highway:primary,osm
Vanivilas Road,highway:secondary,osm
Dairy Circle Underpass,highway:secondary,osm
Yelahanka Road,highway:primary,osm
Kasturba Road,highway:primary,osm
Devarachikkanahalli Road,highway:secondary,osm
Berlie Street,highway:residential,osm
Hulimavu Lake Road,highway:secondary,osm
Olleff Road,highway:residential,osm
Setlur Street,highway:residential,osm
Hulimavu Main Road,highway:tertiary,osm
Bannerghatta Road,highway:primary,osm
Outer Ring Road,highway:trunk,osm
Wind Tunnel Road,highway:tertiary,osm
Hosur Road Cross,highway:residential,osm
Eagles Street,highway:residential,osm
Moyenville Road,highway:residential,osm
1st Main Road,highway:residential,osm
Langford Road,highway:tertiary,osm
O'Shaungnessy Road,highway:residential,osm
Rhenius Street,highway:tertiary,osm
Berlie Street Cross,highway:tertiary,osm
Convent Road,highway:tertiary,osm
Alexandra Street,highway:residential,osm
Kingston Road,highway:residential,osm
Brigade Road,highway:secondary,osm
Brigade Road,highway:secondary_link,osm
1st Cross Road,highway:residential,osm
Museum Road,highway:secondary,osm
Museum Cross Road,highway:unclassified,osm
Saint Mark's Road,highway:tertiary,osm
State Bank Road,highway:tertiary,osm
Vittal Mallya Road,highway:tertiary,osm
M L Subbaraju Road,highway:residential,osm
Cornwell Cross Road,highway:residential,osm
Serpentine Street,highway:residential,osm
Wellington Street,highway:residential,osm
Dairy Circle Flyover,highway:primary,osm
JC Road,highway:primary,osm
Walker Lane,highway:residential,osm
Laurel Lane,highway:residential,osm
Prime Street,highway:residential,osm
5th Main Road,highway:residential,osm
11th Cross Road,highway:residential,osm
Mysore Road,highway:trunk,osm
"30th Main road, Banashankari 2nd Stage",highway:secondary,osm
60 Feet Road,highway:residential,osm
Jawaharlal Nehru Road,highway:tertiary,osm
1st A Main Road,highway:residential,osm
Rashtriya Vidyalaya Road,highway:secondary,osm
18th Cross Road,highway:tertiary,osm
19th Main Road,highway:residential,osm
15th Cross Road,highway:residential,osm
9th Main Road,highway:residential,osm
H Road,highway:residential,osm
Pattanagere Main Road,highway:tertiary,osm
Omkara Road,highway:tertiary,osm
10th Cross Road,highway:residential,osm
4th Main Road,highway:residential,osm
Mount Joy Road,highway:secondary,osm
Kathriguppe Main Road,highway:secondary,osm
4th Cross Road,highway:residential,osm
6th Main Road,highway:residential,osm
5th Cross Road,highway:residential,osm
Vidya Peetha Main Road,highway:tertiary,osm
8th Main Road,highway:tertiary,osm
Hanumantha Nagar Main Road / 50 Feet Road,highway:secondary,osm
Vivekananda Park Road,highway:tertiary,osm
10th Main Road,highway:tertiary,osm
13th Main Road,highway:tertiary,osm
24th Cross Road,highway:tertiary,osm
9th Main Road,highway:secondary,osm
27th Cross Road,highway:secondary,osm
Gangamma Temple Street,highway:residential,osm
Vidya Peetha Road,highway:tertiary,osm
18th Main Road,highway:residential,osm
11th Cross Road,highway:tertiary,osm
9th Cross Road,highway:residential,osm
1st Main Road,highway:tertiary,osm
32nd Cross Road,highway:tertiary,osm
Aurobindo Marg,highway:tertiary,osm
27th Cross Road,highway:tertiary,osm
5th Main Road,highway:tertiary,osm
26th Main Road,highway:residential,osm
22nd Main Road,highway:residential,osm
16th Main Road,highway:tertiary,osm
7th Main Road,highway:residential,osm
4th Cross Road,highway:secondary,osm
3rd Cross Road,highway:secondary,osm
1st Cross Road,highway:tertiary,osm
Aluri Venkata Rao Road,highway:secondary,osm
5th Main Road,highway:primary,osm
Queen's Road,highway:primary,osm
Millers Road,highway:tertiary,osm
Venkataswamy Naidu Road,highway:tertiary,osm
Hazrat Kambal Posh Road,highway:tertiary,osm
Saunders Road,highway:tertiary,osm
Nandi Durga Road,highway:secondary,osm
Bala Gangadhara Swamy Flyover,highway:trunk,osm
Hosahalli Main Road,highway:tertiary,osm
8th Cross Road,highway:residential,osm
9th Cross Road,highway:primary,osm
6th Cross Road,highway:residential,osm
Devanathachar Street,highway:residential,osm
H N Nanjegowda Road,highway:tertiary,osm
Old Market Street,highway:residential,osm
Kavi Lakshmisha Road,highway:tertiary,osm
Diagonal Road,highway:tertiary,osm
Arumugam Mudaliar Road,highway:tertiary,osm
Mariswamy Mutt Road,highway:tertiary,osm
E Street,highway:tertiary,osm
Pehalwan Krishnappa Road,highway:secondary,osm
Kempegowda Road,highway:primary,osm
Dr. Vishnuvardhan Road,highway:secondary,osm
Siddaiah Road,highway:secondary,osm
7th Cross Road,highway:residential,osm
14th Cross Road,highway:residential,osm
1st Cross Street,highway:residential,osm
10th C Main Road,highway:residential,osm
National High School Road,highway:residential,osm
Old Sunkal Road,highway:residential,osm
Kumbaragundi Road,highway:tertiary,osm
Lalbagh Cross Road,highway:residential,osm
2nd Cross Road,highway:residential,osm
New Bamboo Bazaar Road,highway:tertiary,osm
Usman Khan Road,highway:residential,osm
NR Road,highway:primary,osm
Malvalli Tank Bund Road,highway:tertiary,osm
Rama Iyengar Road,highway:residential,osm
Middle School Road,highway:residential,osm
East Circle Road,highway:residential,osm
Shradananda Bhavan Cross Road,highway:residential,osm
Maharashtra Mahila Vidyalaya Road,highway:residential,osm
Jain Temple Road,highway:residential,osm
Dispensary Road,highway:residential,osm
Model House Street,highway:residential,osm
3rd Main Road,highway:tertiary,osm
4th Main Road,highway:tertiary,osm
9th Cross Road,highway:tertiary,osm
Sreram Mandir Road,highway:residential,osm
Govindappa Road,highway:residential,osm
Krishna Rao Road,highway:tertiary,osm
Sri Rama Mandir Road,highway:residential,osm
Ranoji Rao Cross Road,highway:residential,osm
Kenmore Road,highway:residential,osm
RV Cross Road,highway:residential,osm
Masjid Road,highway:secondary,osm
Old Veterinary Hospital Road,highway:tertiary,osm
Puttana Road,highway:residential,osm
Ratna Vilas Road,highway:residential,osm
Mallikarjuna Swamy Temple Road,highway:residential,osm
Anjaheya Temple Street,highway:residential,osm
Police Station Road,highway:residential,osm
Patalamma Road,highway:residential,osm
4th Street Model House Block,highway:residential,osm
Shop Street,highway:residential,osm
Ganesha Temple Road,highway:residential,osm
Sir M Vishveshwaraya Road,highway:tertiary,osm
Surveyors Street,highway:residential,osm
Vasavi Vidyaniketan Road,highway:residential,osm
Gandhi Bazaar Main Road,highway:tertiary,osm
Conservancy Lane,highway:residential,osm
North Anjaneya Temple Street,highway:tertiary,osm
19th Cross Road,highway:residential,osm
BMTC Bus Depot Road,highway:tertiary,osm
8B Main Road,highway:residential,osm
13th Main Road,highway:residential,osm
17th Cross Road,highway:residential,osm
22nd Cross Road,highway:residential,osm
24th Cross Road,highway:residential,osm
26th Cross Road,highway:residential,osm
18 A Cross Road,highway:residential,osm
28th Cross Road,highway:residential,osm
Whitefield Road,highway:primary,osm
Ecumenical Christian Center Road,highway:tertiary,osm
Inner Circle,highway:residential,osm
Pattandur Agrahara Road,highway:tertiary,osm
Chinmaya Mission Hospital Road,highway:secondary,osm
2nd Main Road,highway:tertiary,osm
Airport Departure Road,highway:residential,osm
Richmond Road,highway:primary,osm
Varthur Road,highway:primary,osm
6th Cross,highway:residential,osm
SP Road,highway:residential,osm
2nd Cross Road,highway:tertiary,osm
Ramachandra Road,highway:tertiary,osm
Lady Curzon Road,highway:tertiary,osm
1st A Cross Road,highway:tertiary,osm
5th Cross Road,highway:tertiary,osm
Thippasandra Main Road,highway:tertiary,osm
Sarjapura Road,highway:primary,osm
Inner Ring Road,highway:primary,osm
5th Cross Road,highway:unclassified,osm
Castle Street,highway:residential,osm
12th Main Road,highway:residential,osm
21st A Main,highway:residential,osm
14th B Cross Road,highway:residential,osm
13th Cross Road,highway:tertiary,osm
Kudlu Road,highway:tertiary,osm
Haralur Road,highway:tertiary,osm
Jan Jeeva Road,highway:residential,osm
SJR Eastwood,landuse:residential,osm
Whisper Woods,landuse:residential,osm
Ozone Evengreen Apartments,landuse:residential,osm
Ozone Residenza,landuse:residential,osm
Dinne Anjaneya Swamy Temple Road,highway:residential,osm
Royal Placid Phase 2,landuse:residential,osm
Reliable Lakedew Residency,landuse:residential,osm
Central Jail Road,highway:secondary,osm
Hosa Road,highway:secondary,osm
Jeevan Bhima Nagar Main Road,highway:secondary,osm
12th Main Road,highway:tertiary,osm
NICE Peripheral Ring Road,highway:motorway,osm
10th Main Road,highway:residential,osm
Silver Meadows,landuse:residential,osm
Green Meadows,landuse:residential,osm
22nd Cross Road,highway:tertiary,osm
14th Main Road,highway:secondary,osm
25B Cross,highway:residential,osm
25th C Cross Road,highway:residential,osm
17A Main Road,highway:residential,osm
17th Main Road,highway:tertiary,osm
16th Cross Road,highway:residential,osm
17th Main Road,highway:residential,osm
19A Cross,highway:residential,osm
19 B Cross,highway:residential,osm
20th Cross Road,highway:residential,osm
20th Main Road,highway:residential,osm
23rd Main Road,highway:residential,osm
25th Main Road,highway:residential,osm
25 A Main,highway:residential,osm
9th A Cross Road,highway:residential,osm
SJR Verity,landuse:residential,osm
Confident Phoenix,landuse:residential,osm
Owners Court West,landuse:residential,osm
Owners Court East,landuse:residential,osm
Jail Road,highway:service,osm
Bosch Material Gate,highway:service,osm
Bosch Main Gate,highway:secondary_link,osm
Rustum Bagh 5th Cross Road,highway:residential,osm
1st A Cross Road,highway:residential,osm
Indiranagar Double Road,highway:tertiary,osm
Embassy Golf Links Road,highway:tertiary,osm
Ashoka Pillar Circle,highway:secondary,osm
Amruth Nagar Main Road,highway:secondary,osm
Brookes Haven Main Road,highway:residential,osm
2nd Cross,highway:residential,osm
3rd Cross,highway:residential,osm
4th Cross,highway:residential,osm
1st Cross,highway:residential,osm
Kothnur Main Road,highway:secondary,osm
4th Cross Road,highway:tertiary,osm
"4th cross, Sai Enclave",highway:residential,osm
Bellanduru Main Road,highway:tertiary,osm
Bellandur Lake Road,highway:tertiary,osm
Hoskerehalli Road,highway:tertiary,osm
Rustum Bagh 4th Cross Road,highway:residential,osm
Domlur Flyover Ramp,highway:primary_link,osm
Hudson Circle,highway:primary,osm
8th Cross Road,highway:secondary,osm
Kasturba Road,highway:secondary,osm
Saint Mark's Road,highway:secondary,osm
Bowring Hospital Road,highway:tertiary,osm
Central Street,highway:tertiary,osm
Gangadhar Chetty Road,highway:secondary,osm
Shankarnag Road,highway:residential,osm
Sai Baba Mandira Road,highway:tertiary,osm
Cambridge Road,highway:tertiary,osm
Jogupalya Main G Street,highway:residential,osm
3rd Cross Road,highway:tertiary,osm
Prestige Langleigh,landuse:residential,osm
Rose Garden Road,highway:residential,osm
Gear School road,highway:secondary,osm
Prince of Wales Road,highway:secondary,osm
Thimmaiah Road,highway:tertiary,osm
Shivaji Road,highway:tertiary,osm
Chandni Chowk Road,highway:tertiary,osm
Musical Fountain Road,highway:primary,osm
Race Course Road,highway:secondary,osm
Subedar Chatram Road,highway:primary,osm
CV Raman Road,highway:secondary,osm
Margosa Road,highway:primary,osm
Mohan Kumar Road,highway:tertiary,osm
Hennuru - Bagaluru Road,highway:primary,osm
Lingarajapuram Flyover,highway:primary,osm
Magrath Road,highway:primary,osm
100 Feet Road,highway:primary,osm
Rustum Bagh Main Road,highway:residential,osm
KGA Road,highway:residential,osm
16th Main Road,highway:residential,osm
30th Cross Road,highway:tertiary,osm
27th Cross Road,highway:residential,osm
3rd Cross K Colony,highway:residential,osm
2nd Cross LIC Colony,highway:residential,osm
31st Cross Road,highway:residential,osm
33rd Cross Road,highway:residential,osm
30th Cross Road,highway:secondary,osm
14th Main Road,highway:residential,osm
33rd Cross Road,highway:tertiary,osm
10A Main,highway:residential,osm
10th B Main Road,highway:residential,osm
10th A Main Road,highway:residential,osm
7th B Main Road,highway:residential,osm
8th B Main Road,highway:residential,osm
8C Main Road,highway:residential,osm
8E Main Road,highway:residential,osm
8th F Main Road,highway:residential,osm
Patalamma Temple Road,highway:secondary,osm
11th Main Road,highway:secondary,osm
22nd Cross Road,highway:secondary,osm
Pavillion Road,highway:residential,osm
27 A Cross,highway:residential,osm
29A Cross,highway:residential,osm
29th Cross Road,highway:residential,osm
28A Cross,highway:residential,osm
9th A Main Road,highway:residential,osm
30 Cross Road,highway:secondary,osm
33rd Cross Road,highway:secondary,osm
33A Cross Road,highway:residential,osm
34th Cross Road,highway:residential,osm
34A Cross,highway:residential,osm
35th Cross Road,highway:residential,osm
35A Cross,highway:residential,osm
39 Cross Road,highway:tertiary,osm
40th Cross Road,highway:tertiary,osm
16th C Main Road,highway:residential,osm
33A Cross,highway:residential,osm
10B Main Road,highway:residential,osm
10A Main Road,highway:residential,osm
21st Main Road,highway:residential,osm
17th E Main Road,highway:residential,osm
4th A Cross Road,highway:residential,osm
17th C Main Road,highway:residential,osm
Mahayogi Vemana Road,highway:primary,osm
15th Main Road,highway:residential,osm
6th A Cross Road,highway:residential,osm
6th B Cross Road,highway:residential,osm
2nd A Cross Road,highway:residential,osm
8th A Main Road,highway:residential,osm
7th A Main Road,highway:residential,osm
2nd Cross GH layout,highway:residential,osm
3rd Cross LIC Colony,highway:residential,osm
41 Cross Road,highway:residential,osm
47th Cross Road,highway:tertiary,osm
9th Cross Road,highway:secondary,osm
30th Main Road,highway:residential,osm
31st Main Road,highway:residential,osm
34th Main Road,highway:residential,osm
33rd Main Road,highway:residential,osm
32nd Main Road,highway:residential,osm
5 A Cross Road,highway:residential,osm
13th Cross Road,highway:residential,osm
8A Main Road,highway:residential,osm
Koramangala National Games Village,place:locality,osm
Someshwara Temple Road,highway:tertiary,osm
17th B Main Road,highway:residential,osm
1st B Cross Road,highway:residential,osm
1st B Main Road,highway:residential,osm
1st C Main Road,highway:residential,osm
Jyoti Nivas College Road,highway:tertiary,osm
4th B Cross Road,highway:tertiary,osm
Tavarekere Main Road,highway:secondary,osm
Christ School Road,highway:tertiary,osm
Jogi Colony Main Road,highway:residential,osm
Bannerghatta Road,highway:secondary,osm
11th Main Road,highway:residential,osm
15th Cross Road,highway:tertiary,osm
1st D Main Road,highway:residential,osm
14th A Cross Road,highway:residential,osm
2 A Main Road,highway:residential,osm
3rd B Main Road,highway:residential,osm
3 A Main Road,highway:residential,osm
16A Cross Road,highway:residential,osm
18th Cross Road,highway:residential,osm
17 Main Road,highway:residential,osm
15A Cross Road,highway:residential,osm
15B Cross Road,highway:residential,osm
14A Cross Road,highway:residential,osm
14B Cross Road,highway:residential,osm
11A Cross Road,highway:residential,osm
11B Cross,highway:residential,osm
23rd B Main Road,highway:residential,osm
22nd A Main Road,highway:residential,osm
21st Cross Road,highway:residential,osm
21st A Main Road,highway:residential,osm
15C Main,highway:residential,osm
15B Cross,highway:residential,osm
15A Main,highway:residential,osm
15B Main,highway:residential,osm
8th Main Road,highway:residential,osm
12th A Main Road,highway:residential,osm
25th Cross Road,highway:residential,osm
23rd Cross Road,highway:residential,osm
23rd A Cross Road,highway:residential,osm
2nd B Main Road,highway:residential,osm
22C Main Road,highway:residential,osm
22nd B Main Road,highway:residential,osm
15C Cross,highway:residential,osm
22 Main,highway:residential,osm
12 Cross Road,highway:residential,osm
21A Main,highway:residential,osm
21B Main,highway:residential,osm
21C Main,highway:residential,osm
24th Main Road,highway:tertiary,osm
29th Main Road,highway:residential,osm
11th A Cross Road,highway:residential,osm
10th A Cross Road,highway:residential,osm
29th A Main,highway:residential,osm
29th B Main Road,highway:residential,osm
25th A Cross Road,highway:residential,osm
27th Main Road,highway:secondary,osm
25th B Cross Road,highway:residential,osm
25th A Main Road,highway:residential,osm
25th D Cross Road,highway:residential,osm
25th E Cross Road,highway:residential,osm
24th A Cross Road,highway:residential,osm
25 A Cross Road,highway:residential,osm
24th B Main Road,highway:residential,osm
Primrose Road,highway:unclassified,osm
Brunton Cross Road,highway:residential,osm
Brunton Road,highway:unclassified,osm
Lower Agaram Road,highway:secondary,osm
National Games Village Road,highway:residential,osm
Chocolate Factory Road,highway:tertiary,osm
Thavarekere Main Road,highway:secondary,osm
36th Main Road,highway:residential,osm
Shanti Park Apartments,landuse:residential,osm
4th Cross LIC Colony,highway:residential,osm
28th B Cross Road,highway:residential,osm
27th C Cross Road,highway:residential,osm
Whitefield Main Road,highway:primary,osm
14th Main Road,highway:tertiary,osm
Ullal Main Road,highway:secondary,osm
University Road,highway:secondary,osm
Mariyappana Palya Main Road,highway:tertiary,osm
Kanteerava Studio Flyover,highway:trunk,osm
Outer Ring Road,highway:trunk_link,osm
Peenya Inner Ring Road,highway:secondary,osm
Veerasagara Main Road,highway:tertiary,osm
Dwarakavasa Road,highway:tertiary,osm
Pipeline Road,highway:secondary,osm
3rd B Cross Road,highway:tertiary,osm
2nd B Cross,highway:residential,osm
1st B Cross,highway:residential,osm
13th A Main,highway:residential,osm
16th A Main Road,highway:tertiary,osm
8th A Cross Road,highway:residential,osm
6th B Main Road,highway:tertiary,osm
1st A Main,highway:residential,osm
Vidyaranyapura Road,highway:secondary,osm
Ramachandrapura Road,highway:tertiary,osm
Chord Road,highway:primary,osm
Atturu Road,highway:tertiary,osm
Ananthapura - Atturu Road,highway:tertiary,osm
Raghavendra Temple Road,highway:residential,osm
Shiva Mandira Road,highway:tertiary,osm
Bagalur Road,highway:secondary,osm
1st A Main Road,highway:tertiary,osm
8th Main,highway:secondary,osm
South End B Cross,highway:residential,osm
South End C Cross,highway:residential,osm
South End D Cross,highway:residential,osm
10th Cross Road,highway:tertiary,osm
35th Main Road,highway:residential,osm
Tank Bund Road,highway:residential,osm
27th Main Road,highway:residential,osm
Marenahalli Road - Outer Ring Road,highway:tertiary,osm
32nd G Cross Street,highway:residential,osm
35 D Cross Road,highway:residential,osm
3 Main Road,highway:residential,osm
37th Cross Road,highway:residential,osm
37 A Cross Road,highway:residential,osm
38A Cross Road,highway:residential,osm
41st Cross Road,highway:residential,osm
42nd Cross Road,highway:residential,osm
43rd Cross Road,highway:residential,osm
44th Cross Road,highway:residential,osm
39th Cross Road,highway:residential,osm
9 A Main Road,highway:residential,osm
39C Cross Road,highway:residential,osm
39B Cross Road,highway:residential,osm
39A Cross Road,highway:residential,osm
36th A Cross Road,highway:residential,osm
Vinayaka Devalaya Road,highway:tertiary,osm
31st A Cross Road,highway:residential,osm
24th B Cross Road,highway:residential,osm
Pavillion Street,highway:residential,osm
10th Main Road,highway:secondary,osm
1st Cross KV Colony,highway:residential,osm
2nd Cross KV Colony,highway:residential,osm
5th A Main Road,highway:residential,osm
12th Cross Road,highway:residential,osm
6th Cross Road,highway:secondary,osm
20th Main Road,highway:secondary,osm
8th Cross Road,highway:tertiary,osm
GKRB Road - 5th Main Road,highway:residential,osm
"16th B Road, 4th Block",highway:residential,osm
6th B Main Road,highway:residential,osm
16th B Main Road,highway:residential,osm
7th C Cross Road,highway:residential,osm
17th A Main Road,highway:residential,osm
17th D Main Road,highway:residential,osm
Bazaar Street,highway:tertiary,osm
Anepalaya Main Road,highway:tertiary,osm
Neelasandra Bazaar Street,highway:tertiary,osm
East Road,highway:tertiary,osm
Markham Road,highway:residential,osm
Palm Grove Road,highway:tertiary,osm
Lower Agaram Road,highway:primary,osm
16th A Main Road,highway:residential,osm
6th Cross Road,highway:tertiary,osm
18th Main Road,highway:tertiary,osm
17 D Main Road,highway:residential,osm
17th H Main Road,highway:residential,osm
17th F Main Road,highway:residential,osm
6th C Cross Road,highway:residential,osm
18 B Main Road,highway:residential,osm
18 A Main Road,highway:residential,osm
18D Main Road,highway:residential,osm
18A Main Road,highway:residential,osm
6th D Cross Road,highway:residential,osm
17th G Main Road,highway:residential,osm
17th F3 Main Road,highway:residential,osm
17th F2 Main Road,highway:residential,osm
17th F1 Main Road,highway:residential,osm
18G Main Road,highway:residential,osm
18th F Main Road,highway:residential,osm
18th E Main Road,highway:residential,osm
5th Cross Rd,highway:residential,osm
7th A Cross Road,highway:residential,osm
7th B Cross Road,highway:residential,osm
20th Main Road,highway:trunk_link,osm
12th Cross Road,highway:tertiary,osm
11B Cross Road,highway:residential,osm
11th B Cross Road,highway:residential,osm
12th A Cross Road,highway:residential,osm
12th B Cross Road,highway:residential,osm
13th A Cross Road,highway:residential,osm
12 A Cross Road,highway:residential,osm
32nd A Cross Road,highway:residential,osm
29th A Cross Road,highway:residential,osm
34 C Cross Road,highway:residential,osm
37 B Cross Road,highway:residential,osm
36 A Cross Road,highway:residential,osm
36A Cross Road,highway:residential,osm
26th A Main road,highway:residential,osm
28th A Main Road,highway:residential,osm
38 A Cross Road,highway:residential,osm
28th Main Road,highway:residential,osm
38 B Cross Road,highway:residential,osm
40th A Cross Road,highway:residential,osm
East End A Main Road,highway:residential,osm
East End C Main Road,highway:residential,osm
East End D Main Road,highway:residential,osm
9th A Main Road,highway:tertiary,osm
Maruthi Layout Main Road,highway:residential,osm
24th Main Road,highway:secondary,osm
1st D Main,highway:residential,osm
Diamond District,landuse:residential,osm
Mother Teresa Road,highway:tertiary,osm
Rajaram Mohan Roy Road,highway:primary,osm
HAL Old Airport Road,highway:primary,osm
ISRO Quarters,landuse:residential,osm
Natasha Golfview Apartment,landuse:residential,osm
Inner Ring Road,highway:primary_link,osm
Service Road,highway:service,osm
Dhanvanthari Road,highway:primary,osm
KGA  Road,highway:residential,osm
Arvind Avenue,highway:tertiary,osm
Kaggadasapura Main Road,highway:secondary,osm
Link Road,highway:primary,osm
Patel Ram Reddy Road,highway:tertiary,osm
Intermediate Ring Road,highway:tertiary,osm
Laggere Underpass,highway:tertiary,osm
Hagadur Road,highway:tertiary,osm
Namjoshi Road,highway:secondary,osm
Doddanekkundi Main Road,highway:tertiary,osm
Vaikuntam Layout,highway:residential,osm
Amrutahalli Main Road,highway:tertiary,osm
60 Feet Road,highway:tertiary,osm
1 B Cross,highway:residential,osm
4th B Main Road,highway:residential,osm
3 B Main,highway:residential,osm
2 B Main,highway:residential,osm
Graphite India Road,highway:primary,osm
BDA Main Road,highway:tertiary,osm
Aralu Mallige Parthasarathy Road,highway:residential,osm
22nd Main Road,highway:secondary,osm
Raghavendraswamy Mutt Road,highway:residential,osm
Venkatesh Murthy Road,highway:residential,osm
1st E Cross Road,highway:residential,osm
Naga Lingeshwara Temple Road,highway:unclassified,osm
Shivalayam Street,highway:residential,osm
3rd A Cross Road,highway:residential,osm
Lakshmi Narayana Temple Road,highway:residential,osm
17th Cross Road,highway:tertiary,osm
5,highway:residential,osm
4,highway:residential,osm
3,highway:residential,osm
2A,highway:residential,osm
M2,highway:residential,osm
19,highway:residential,osm
20,highway:residential,osm
21,highway:residential,osm
22,highway:residential,osm
Ramagondanahalli Borewell Road,highway:tertiary,osm
Borewell Road,highway:tertiary,osm
23,highway:residential,osm
25,highway:residential,osm
28,highway:residential,osm
27,highway:residential,osm
18,highway:residential,osm
17,highway:residential,osm
16,highway:residential,osm
15,highway:residential,osm
Immadihalli Road,highway:tertiary,osm
Mahadevapura Main Road,highway:tertiary,osm
Sakalavara Road,highway:tertiary,osm
Mantri Splendor,landuse:residential,osm
CMR Road,highway:tertiary,osm
Flyover,highway:trunk_link,osm
Kammanahalli Main Road,highway:tertiary,osm
Banaswadi Road,highway:primary,osm
Richmond Circle Flyover,highway:primary,osm
Ganapathi Temple Road,highway:tertiary,osm
Thanisandra Main Road,highway:primary,osm
Horamavu Agara Road,highway:tertiary,osm
Kempapura Road,highway:tertiary,osm
Golden Enclave,landuse:residential,osm
Hennur Main Road,highway:secondary,osm
Hennur Main Road,highway:primary,osm
Pottery Road,highway:tertiary,osm
MM Road,highway:primary,osm
Coles Road,highway:tertiary,osm
Promenade Road,highway:tertiary,osm
Promenade Road,highway:secondary,osm
Cleveland Road,highway:residential,osm
Lazar Road,highway:primary,osm
Lazar Road Underpass,highway:primary,osm
Wheeler Road,highway:secondary,osm
Buddha Vihar Road,highway:secondary,osm
Homaravu Agara Road,highway:tertiary,osm
Swamy Vivekananda Road,highway:primary,osm
Tin Factory Flyover,highway:trunk,osm
Philomena Hospital Road,highway:tertiary,osm
Kanaka Nagar 2nd Main Road,highway:secondary,osm
Hennur Road,highway:tertiary,osm
Kempegowda Road,highway:tertiary,osm
Bens Satya Drive,highway:residential,osm
Masjid-e-Tooba Road,highway:residential,osm
Indian Oil Flyover,highway:primary,osm
Indian Oil Flyover Ramp,highway:primary_link,osm
Flyover,highway:tertiary,osm
Doctor APJ Abdul Kalam Road,highway:tertiary,osm
Shree Ganga Garden Road,highway:residential,osm
30th Cross Road,highway:residential,osm
2nd A Main Road,highway:residential,osm
5th B Cross Road,highway:residential,osm
4th B Cross Road,highway:residential,osm
3rd B Cross Road,highway:residential,osm
3rd C Cross Road,highway:residential,osm
3rd D Cross Road,highway:residential,osm
1st Cross Road,highway:living_street,osm
6th Main Road,highway:living_street,osm
5th Main Road,highway:living_street,osm
4th Main Road,highway:living_street,osm
Domlur Service Road,highway:tertiary,osm
Gangarams Road,highway:residential,osm
Chokkanatha Swamy Temple Road,highway:residential,osm
Ananda Rao Flyover,highway:primary,osm
Bay 2,highway:service,osm
Bay 3,highway:service,osm
Bay 4,highway:service,osm
Venkatapura Main Road,highway:residential,osm
2nd E Cross Road,highway:residential,osm
Service Road,highway:tertiary,osm
7th Main Road,highway:tertiary,osm
44 Cross Road,highway:residential,osm
80 Feet Main Road,highway:primary,osm
4th A Main Road,highway:residential,osm
Nagawara Main Road,highway:secondary,osm
Arabic College Main Road,highway:secondary,osm
Netaji Road,highway:primary,osm
Inasappa Layout,highway:residential,osm
2nd Cross Road,highway:secondary,osm
IOC Main Road,highway:residential,osm
1st AA cross,highway:residential,osm
Varthuru Road,highway:tertiary,osm
Sri Krishna Temple Road,highway:tertiary,osm
Baiyappanahalli Road,highway:tertiary,osm
Avalahalli Main Road,highway:secondary,osm
Meenakshi Kovil Street,highway:tertiary,osm
MF Norrona Street,highway:tertiary,osm
Kanakadasa Road,highway:residential,osm
Chelikere Main Road,highway:tertiary,osm
38th Cross Road,highway:residential,osm
36th Cross Road,highway:residential,osm
Blessing Garden Main Road,highway:secondary,osm
11th B Cross Road,highway:tertiary,osm
25th Main Road,highway:tertiary,osm
10A Cross Road,highway:residential,osm
10B Cross Road,highway:residential,osm
14th Cross Road,highway:tertiary,osm
LIC Colony,landuse:residential,osm
Jeevan Surabhi Apartments,landuse:residential,osm
6th C Main Road,highway:residential,osm
6th A Main Road,highway:residential,osm
11 A Main Road,highway:residential,osm
5th A Cross,highway:residential,osm
18th A Main Road,highway:residential,osm
1B Cross Road,highway:residential,osm
18th B Main Road,highway:residential,osm
16th Main Road,highway:secondary,osm
3rd E Cross,highway:residential,osm
24th Main Road,highway:residential,osm
7th Cross Road,highway:secondary,osm
2nd B Cross Road,highway:residential,osm
6th E Cross Road,highway:residential,osm
6th G Cross Road,highway:residential,osm
17th A1 Main Road,highway:residential,osm
17th A2 Main Road,highway:residential,osm
17th A3 Main Road,highway:residential,osm
20th A Main Road,highway:residential,osm
Basavalla Temple Road,highway:residential,osm
1st F Cross Road,highway:residential,osm
1C Cross Road,highway:residential,osm
1 C Cross Road,highway:residential,osm
2nd C Main Road,highway:residential,osm
1st E Main Road,highway:residential,osm
Main Road,highway:residential,osm
2nd D Main Road,highway:residential,osm
2nd E Main Road,highway:residential,osm
2nd F Main Road,highway:residential,osm
2nd G Main Road,highway:residential,osm
2nd H Main Road,highway:residential,osm
Lakshmi Devi Temple Road,highway:residential,osm
Raheja Residency Apartments,landuse:residential,osm
39 A Cross Road,highway:residential,osm
45th Cross Road,highway:residential,osm
32 Cross Road,highway:residential,osm
32nd Cross Road,highway:residential,osm
16 A Main Road,highway:residential,osm
34B Cross Road,highway:residential,osm
37A Cross,highway:residential,osm
37B Cross,highway:residential,osm
37C Cross,highway:residential,osm
16A Main,highway:residential,osm
11th A Main Road,highway:residential,osm
40th Cross Road,highway:residential,osm
39th F Cross Road,highway:residential,osm
41st Cross Road- District Fund Road,highway:residential,osm
18th C Main Road,highway:residential,osm
25 A Main Road,highway:residential,osm
Tank Bund Road,highway:tertiary,osm
ISRO Road,highway:unclassified,osm
6th A Cross,highway:residential,osm
5B Road,highway:unclassified,osm
8th Road,highway:secondary,osm
Chunchagatta Main Road,highway:tertiary,osm
Kenchappa Road,highway:secondary,osm
Clarke Road,highway:primary,osm
Davis Road,highway:tertiary,osm
Stephens Road,highway:residential,osm
Residency Road,highway:tertiary,osm
Bhagyashree Royale Main Road,highway:residential,osm
5th A Cross Road,highway:residential,osm
1st A & 3rd A Link Road,highway:residential,osm
Abdul Kalam Road,highway:residential,osm
Rachenahalli Main Road,highway:tertiary,osm
TMR Road,highway:residential,osm
Sawmill Road,highway:residential,osm
Sarai Palya Main Road,highway:residential,osm
SLV Spring Fields,landuse:residential,osm
28th Cross Rd,highway:residential,osm
Subbarama Chetty Street,highway:secondary,osm
K. Narayanapura Main Road,highway:tertiary,osm
Kothanuru Main Road,highway:secondary,osm
RKH 1st Main Road,highway:residential,osm
Kogilu Main Road,highway:secondary,osm
Bhagyada Bagilu Road,highway:secondary,osm
Railway Station Road,highway:tertiary,osm
Channapa Garden Link Road,highway:tertiary,osm
Sanchar Nagar,place:locality,osm
Cookson Road,highway:residential,osm
Thanisandra Railway Station Road,highway:tertiary,osm
Bhagyashree Royale,landuse:residential,osm
Veeranna Garden,landuse:residential,osm
Millers Tank Bund Road,highway:tertiary,osm
Airport Arrival Road,highway:tertiary,osm
4th Avenue,highway:residential,osm
Shanimahatma Temple Road,highway:residential,osm
HMT Main Road,highway:tertiary,osm
Platinum City,landuse:residential,osm
Ashalaya Layout,place:locality,osm
Woods Enclave,landuse:residential,osm
BDS Gardens,landuse:residential,osm
3rd A Main,highway:residential,osm
2nd A Main,highway:residential,osm
2nd A Cross,highway:residential,osm
3rd A Cross,highway:residential,osm
3rd B Cross,highway:residential,osm
1st B Main,highway:residential,osm
Dodda Gubbi Road,highway:secondary,osm
Premier Park,landuse:residential,osm
Aiyappa Temple Street,highway:residential,osm
Byrathi Main Road,highway:secondary,osm
Hennur Bagalur Road,highway:primary,osm
Subin Apartments,landuse:residential,osm
Ferns Meadows,landuse:residential,osm
Chikkabyrathi Cross,highway:residential,osm
Old Syndicate Bank Road,highway:residential,osm
Shivashankar Road,highway:tertiary,osm
12th A Main,highway:residential,osm
12th B Main Road,highway:residential,osm
14th A Main Road,highway:residential,osm
17th Main,highway:residential,osm
Brigade Road Cross,highway:residential,osm
Rest House Crescent Road,highway:residential,osm
Rest House Crescent Road,highway:unclassified,osm
Someshwarpura 1st Main Road,highway:tertiary,osm
Nelamangala - Majestic Service Road,highway:secondary,osm
Station Service Road,highway:service,osm
Dr. CV Raman Road,highway:primary,osm
Vatal Nagaraj Road,highway:secondary,osm
17th Cross Road,highway:secondary_link,osm
7th Cross Road,highway:tertiary,osm
17th Cross Road,highway:secondary,osm
B. Narayana Swamappa Road,highway:tertiary,osm
LCR School Road,highway:tertiary,osm
Triveni Road,highway:tertiary,osm
Rahman Khan Road,highway:tertiary,osm
Malleshwaram Underpass,highway:primary,osm
Platform Road,highway:primary,osm
Sampige Road,highway:primary,osm
Coconut Avenue Road,highway:tertiary,osm
Sheshadripuram Main Road,highway:tertiary,osm
Palace Guttahalli Main Road,highway:tertiary,osm
Nagappa Street,highway:residential,osm
16th Cross Road,highway:tertiary,osm
17th A Cross Road,highway:residential,osm
Conservancy Lane 3,highway:living_street,osm
Conservancy Lane 4,highway:living_street,osm
East Park Road,highway:residential,osm
West Park Road,highway:residential,osm
2nd Temple Street,highway:residential,osm
5th Temple Street,highway:residential,osm
14th A Cross Road,highway:service,osm
11th C Cross Road,highway:residential,osm
4th Temple Street,highway:residential,osm
3rd Temple Street,highway:residential,osm
East Park Road,highway:living_street,osm
11th Main Road,highway:tertiary,osm
Mahalakshmi Temple Road,highway:tertiary,osm
D B Street,highway:residential,osm
Tumkur Road,highway:secondary,osm
5th Cross Road,highway:secondary,osm
Conservancy Lane 1,highway:living_street,osm
Sankey Road,highway:primary,osm
Vittal Mallya Road,highway:primary,osm
Kengal Hanumanthaiah Circle,highway:primary,osm
Richmond Road,highway:secondary,osm
Papanna Street,highway:residential,osm
Chick Bazaar Road,highway:residential,osm
Ananda Rao Flyover Ramp,highway:secondary_link,osm
6th Race Course Cross Road,highway:residential,osm
Kalidasa Road,highway:tertiary,osm
BGS Flyover,highway:trunk,osm
Anjaneya Temple Street,highway:residential,osm
Balepet Road,highway:tertiary,osm
Cottonpete Main Road,highway:secondary,osm
Old Tharugupete Road,highway:tertiary,osm
Gundopanth Street,highway:residential,osm
Old Tharagupete Cross,highway:residential,osm
Rangaswamy Temple Street,highway:residential,osm
Perimasi Periyanna Lane,highway:residential,osm
SJP Road,highway:primary,osm
BGS Flyover,highway:secondary,osm
Cheluvadipalya Road,highway:tertiary,osm
Doctor TCM Royan Road,highway:secondary,osm
W H Hanumanthappa Road,highway:secondary,osm
Acharya Tulsi Road,highway:residential,osm
5th Main Cross Road,highway:residential,osm
Basavanna Temple Street,highway:residential,osm
Mission Road,highway:primary,osm
Sunklapet Main Road,highway:residential,osm
Chowlu Galli,highway:residential,osm
C.A.T Street,highway:residential,osm
Cunningham Road,highway:tertiary,osm
Crescent Road,highway:residential,osm
North Park Road,highway:residential,osm
Serpentine Road,highway:residential,osm
Venkataswamy Raju Road,highway:primary_link,osm
Shri J Lingaiah Road,highway:secondary,osm
Hare Krishna Road,highway:secondary,osm
50th Cross Road,highway:tertiary,osm
Philomena's Hospital Road,highway:tertiary,osm
Plain Street,highway:residential,osm
Park Road,highway:residential,osm
Cockburn Road,highway:tertiary,osm
Slater House A Street,highway:residential,osm
Dhanakoti Road,highway:primary,osm
Seppings Road,highway:tertiary,osm
Jewellers Street,highway:residential,osm
LM Street,highway:residential,osm
Mackan Road,highway:tertiary,osm
Armstrong Road,highway:tertiary,osm
AM Road,highway:tertiary,osm
Mir Obaidulla Road,highway:residential,osm
1st Street,highway:residential,osm
Sangam Road,highway:residential,osm
Ajantha Road,highway:tertiary,osm
Memorial Street,highway:residential,osm
Pettigrove Street,highway:residential,osm
Colonel Hill Road,highway:residential,osm
B.B. Naidu Road,highway:residential,osm
4th Cross Road,highway:living_street,osm
Sheshadri Road,highway:primary_link,osm
Risaldar Street,highway:tertiary,osm
Subedar Chatram Road,highway:tertiary,osm
Gubbi Thotadappa Road,highway:primary,osm
Belli Mutt Road,highway:tertiary,osm
Sajjan Rao Circle,highway:secondary,osm
Palm Avenue,highway:tertiary,osm
Cherry Lane,highway:residential,osm
Parijatha Avenue,highway:residential,osm
Kariammana Agrahara Road,highway:tertiary,osm
Lalbagh Fort Road,highway:primary,osm
Dickenson Road,highway:primary,osm
Dispensary Road,highway:tertiary,osm
Pipeline Road,highway:residential,osm
Murphy Road,highway:secondary,osm
Kamaraj Road,highway:tertiary,osm
Maya Bazaar,highway:residential,osm
Ware Road,highway:residential,osm
Cleveland Road,highway:tertiary,osm
Kemp Road,highway:residential,osm
Spencer Road,highway:residential,osm
Benson Cross Road,highway:tertiary,osm
Modi Garden Road,highway:residential,osm
CQAL Road,highway:secondary,osm
JC Nagar Main Road,highway:secondary,osm
RT Nagar Main Road,highway:tertiary,osm
Taralabalu Road,highway:secondary,osm
Dinnur Main Road,highway:secondary,osm
M V Jayaram Road,highway:tertiary,osm
Tumkur Road Exit,highway:trunk,osm
Hebbal Flyover Ramp,highway:trunk_link,osm
Bellary Road,highway:tertiary,osm
Sadashiva MDR Road,highway:residential,osm
Palani Mudaliar Street,highway:residential,osm
B Srinivas Murthy Road,highway:tertiary,osm
80 Feet Road,highway:tertiary,osm
Jalahalli 1st Main Road,highway:tertiary,osm
Pipeline Road,highway:tertiary,osm
Ali Asker Road,highway:primary,osm
Artillery Road,highway:residential,osm
Yellamma Koil Street,highway:tertiary,osm
Ramakrishna Road,highway:tertiary,osm
PSK Naidu Road,highway:tertiary,osm
MM Road,highway:tertiary,osm
Robertson Road,highway:tertiary,osm
Bore Bank Road,highway:tertiary,osm
4th Main road ISRO Layout,highway:tertiary,osm
SM Patil Road,highway:tertiary,osm
Chikka Banavar Railway Station Road - Mallasandra Main Road,highway:tertiary,osm
Kondaji Basappa Road,highway:primary,osm
H. Siddaiah Road,highway:primary,osm
Konanakunte-Uttarahalli Road,highway:secondary,osm
14th Cross Road,highway:secondary,osm
Kalkere Channasandra Main Road,highway:secondary,osm
Kalkere Main Road,highway:tertiary,osm
Horamavu Main Road,highway:secondary,osm
Kalkere Main road,highway:tertiary,osm
Horamavu Agara Main Road,highway:tertiary,osm
Kalkere-Agara Main Road,highway:tertiary,osm
F C I Main Road,highway:tertiary,osm
Kasturi Nagar Main Road,highway:secondary,osm
2nd C Cross Road,highway:residential,osm
1st D Cross,highway:residential,osm
1st AB cross,highway:residential,osm
1st BC Cross,highway:residential,osm
1st C Cross Road,highway:residential,osm
1st AC cross,highway:residential,osm
Outer ring road,highway:trunk_link,osm
Vasavi Mahal Road,highway:tertiary,osm
B Channasandra Main Road,highway:secondary,osm
B Channasandra Main Road,highway:tertiary,osm
3rd C Cross,highway:residential,osm
1st H Main Road,highway:residential,osm
4th B Main,highway:residential,osm
4th A Main,highway:residential,osm
4th Main,highway:residential,osm
4 C Main Road,highway:residential,osm
2 B Main Road,highway:residential,osm
4th D Cross Road,highway:residential,osm
4th J Cross Road,highway:residential,osm
4th H Cross,highway:residential,osm
4th G Cross,highway:residential,osm
4th F Cross Road,highway:residential,osm
4th E Cross Road,highway:residential,osm
3rd F Cross Road,highway:residential,osm
4th C Cross,highway:residential,osm
4th A Cross,highway:residential,osm
4th C Cross Road,highway:residential,osm
12 B Cross,highway:residential,osm
Netharavathi Road,highway:residential,osm
Castel Green Compound,highway:residential,osm
Pushpanjali Tent Road,highway:residential,osm
Transport Street,highway:residential,osm
Thambuchettypalya Main Road,highway:secondary,osm
Basavanapura Main Road,highway:tertiary,osm
Hormavu Main Road,highway:tertiary,osm
Bovie Lane,highway:residential,osm
Tate Lane,highway:residential,osm
Nehru Road,highway:secondary,osm
Oil Mill Road,highway:tertiary,osm
Balakrishnaappa Main Road,highway:tertiary,osm
Vinayaka Temple Road,highway:tertiary,osm
JSS Public School Road,highway:residential,osm
Sri Ganapathi Temple Road,highway:tertiary,osm
8th Main Road(east),highway:residential,osm
8th Main Road (east),highway:residential,osm
9th A Main,highway:residential,osm
Adugodi Police Quarters,landuse:residential,osm
9th D Main Road,highway:residential,osm
2nd K Cross Road,highway:residential,osm
Srinidhi Upachar Road,highway:tertiary,osm
Gottigere Tank Bund Road,highway:tertiary,osm
Hennur Gardens,landuse:residential,osm
Krishnananda Road,highway:residential,osm
Nagashree Main Road,highway:residential,osm
Krishnananda Road,highway:tertiary,osm
6th B Main,highway:residential,osm
Service Road,highway:residential,osm
2 Cross Road,highway:residential,osm
Trinity Orchard,place:locality,osm
Bens Sathya Enclave,landuse:residential,osm
Millers Road,highway:secondary,osm
Mandhara Marg,highway:service,osm
Madhura Marg,highway:service,osm
Madhuka Marg,highway:service,osm
Nilagiri Marg,highway:service,osm
Mirinji Marg,highway:service,osm
Mahogany Marg,highway:service,osm
Casuarina Marg,highway:service,osm
Badam Marg,highway:service,osm
Amra Marg,highway:service,osm
MEI Road,highway:tertiary,osm
Nandhini Layout Main Road,highway:secondary,osm
Channakrishnayya Road,highway:tertiary,osm
Nagapura Main Road,highway:tertiary,osm
JC Nagar Main Road,highway:tertiary,osm
Gayathri Nagar Main Road,highway:tertiary,osm
1st Main Road,highway:secondary,osm
South End Road,highway:secondary,osm
7th Main Road,highway:secondary,osm
Subbanna Garden Main road,highway:tertiary,osm
14th Cross Chandra Layout,highway:secondary,osm
Sanjaynagar Main Road,highway:tertiary,osm
Nagavarapalaya Main Road,highway:secondary,osm
Swagath Road,highway:secondary,osm
Byrasandra Main Road,highway:tertiary,osm
58th Cross Road,highway:residential,osm
Subhash Chandra Bose Road,highway:tertiary,osm
2nd Main Road,highway:secondary,osm
Nagasandra Main Road,highway:residential,osm
Sajjan Rao Road,highway:secondary,osm
Hoskerehalli Main Road,highway:tertiary,osm
Bull Temple Road,highway:residential,osm
Bugle Rock Road,highway:tertiary,osm
Padarayanapura Road,highway:tertiary,osm
Modi Hospital Main Road,highway:tertiary,osm
Mill Corner Road,highway:secondary,osm
20th Main Road,highway:tertiary,osm
B P Wadia Road,highway:tertiary,osm
Netta Kalappa Circle,highway:primary,osm
Subramanyapura Main Road,highway:tertiary,osm
17th Main (S. Nijalingappa Road),highway:tertiary,osm
41st Cross Road,highway:tertiary,osm
Pottery Road,highway:secondary,osm
Arekere Mico Layout Main Road,highway:tertiary,osm
Begur - Hulimavu Road,highway:secondary,osm
4th Cross Street,highway:residential,osm
Indira Street,highway:residential,osm
Yash Classic Enclave,landuse:residential,osm
3rd B Main,highway:residential,osm
2nd H Cross Road,highway:residential,osm
5th C Main Road,highway:residential,osm
5th D Main Road,highway:residential,osm
Jal Vayu Vihar,landuse:residential,osm
Bethel Street,highway:residential,osm
3rd D Cross,highway:residential,osm
2nd I Cross,highway:residential,osm
2nd H Cross,highway:residential,osm
2nd G Cross,highway:residential,osm
2nd F Cross Road,highway:residential,osm
3rd E Main,highway:residential,osm
Anugraha Lotus,landuse:residential,osm
Diagonal Road,highway:residential,osm
Sri R. Nanjundappa Road,highway:residential,osm
Mahatma Gandhi Road,highway:primary,osm
Bhaskaran Road,highway:secondary,osm
Pottery Road,highway:primary,osm
Tannery Road,highway:secondary,osm
Viviani Road,highway:residential,osm
Begur Main Road,highway:tertiary,osm
MLA Office Road,highway:residential,osm
Sirur Park Road,highway:residential,osm
"14Th Cross, Swimming Pool Extension",highway:residential,osm
Girls School Street,highway:residential,osm
Sri Subrahmanyeshwara Swamy Temple Street,highway:residential,osm
NS Iyengar Street,highway:residential,osm
Mantri Greens,landuse:residential,osm
Devaiah Park Overbridge,highway:secondary,osm
Avenue Road,highway:tertiary,osm
MSA Lane,highway:residential,osm
AM Lane,highway:residential,osm
DK Lane,highway:residential,osm
MT Street,highway:residential,osm
Kashi Vishveshwara Temple Street,highway:residential,osm
BT Street,highway:residential,osm
Dasopanth Lane,highway:residential,osm
Devaraj Urs Road,highway:tertiary,osm
1 Main Road,highway:tertiary,osm
Palace Road,highway:secondary,osm
Millers Road,highway:primary,osm
North Public Square Road,highway:residential,osm
Vittasandra Main Road,highway:tertiary,osm
11th Cross,highway:residential,osm
B T Muniyappa Road,highway:residential,osm
Cross Road,highway:residential,osm
Andree Road,highway:residential,osm
Shanti Road,highway:residential,osm
Nanjappa Road,highway:residential,osm
Basappa Road,highway:residential,osm
Lakshmi Road,highway:residential,osm
Andree Street,highway:residential,osm
Swati Road,highway:residential,osm
1st Cross Lakshmi Road,highway:residential,osm
3rd Cross Lakshmi Road,highway:residential,osm
5th Cross Lakshmi Road,highway:residential,osm
9th Cross Lakshmi Road,highway:residential,osm
T Street,highway:residential,osm
Berlie Street Cross,highway:residential,osm
P Street,highway:residential,osm
Bethel Lane 2nd Cross,highway:residential,osm
Bethel Lane,highway:residential,osm
7th Cross Lakshmi Road,highway:residential,osm
Alfred Street,highway:residential,osm
Arab Lane B street,highway:living_street,osm
Vannarapet Road,highway:tertiary,osm
North Road,highway:residential,osm
4th Square Ln,highway:residential,osm
Walton Road,highway:residential,osm
Kasturba Cross Road,highway:residential,osm
Jeevaraj Alva Road,highway:tertiary,osm
6th A Cross Rd.,highway:residential,osm
16th Cross Street,highway:residential,osm
A Cross Road,highway:residential,osm
Dattatreya Temple Road,highway:tertiary,osm
Sankey Cross Road,highway:residential,osm
Embassy Habitat,landuse:residential,osm
RBI Quarters,landuse:residential,osm
South End Street,highway:residential,osm
S End Street,highway:residential,osm
Yamuna Bai Road,highway:residential,osm
Poorna Prasad Road,highway:residential,osm
American Colony,highway:residential,osm
Kumara Krupa Road,highway:residential,osm
Fair Field Layout Road,highway:residential,osm
Cunningham Cross Road,highway:residential,osm
Cunningham Road Cross,highway:residential,osm
Ali Asker Road Cross,highway:residential,osm
2nd Main Road,highway:living_street,osm
Poojamma Temple Road,highway:residential,osm
Ashok Puram Main Road,highway:tertiary,osm
80 Feet Road,highway:unclassified,osm
3rd Cross Road,highway:service,osm
30th Feet Road,highway:residential,osm
8th Main Road,highway:living_street,osm
Railway Quarters,landuse:residential,osm
15th B Main Road,highway:residential,osm
Anjaheya Temple zcross,highway:residential,osm
Nandidurga Crescent,highway:residential,osm
Munimarappa Road,highway:residential,osm
Wheeler Road Extension,highway:tertiary,osm
High Street,highway:residential,osm
Carleston Road,highway:residential,osm
McPherson Road,highway:residential,osm
Lewis Road,highway:residential,osm
Milton Street,highway:residential,osm
DaCosta Layout 1st Cross,highway:residential,osm
Kodigehalli Main Road,highway:tertiary,osm
Hutchins Main Road,highway:tertiary,osm
Ashoka Road,highway:residential,osm
Wheeler Road Flyover,highway:secondary,osm
"3rd Cross, Dacosta Square",highway:residential,osm
"2nd Cross, Dacosta Square",highway:residential,osm
Wheeler Road Extension Cross,highway:residential,osm
Hutchins 5th Cross,highway:residential,osm
Shampura Main Road,highway:tertiary,osm
Abhinava Vidyateerta Road,highway:residential,osm
Kannada Katte Road,highway:tertiary,osm
Rangarao road,highway:residential,osm
Satya Pramoda Teerta Road,highway:residential,osm
Ranga Rao Parallel Road,highway:residential,osm
S V Narayan Rao Road,highway:secondary,osm
Vanivilas Flyover,highway:secondary,osm
Kankanapalya Road,highway:tertiary,osm
Old Kanakapura Road,highway:tertiary,osm
Mountain Road,highway:residential,osm
Mountain Street,highway:residential,osm
Old Post Office Road,highway:residential,osm
17th Cross Krishna Rajendra Road,highway:residential,osm
34th A Cross,highway:residential,osm
Sobha Magnolia,landuse:residential,osm
3rd Main,highway:residential,osm
B Main Road,highway:residential,osm
E Main Road,highway:residential,osm
Sobha Opal,landuse:residential,osm
Marenahalli Road,highway:primary,osm
Ayodhyarama Road,highway:tertiary,osm
46th Cross Road,highway:residential,osm
BSNL Quarters,landuse:residential,osm
Adarsh Gardens,landuse:residential,osm
South End A Cross,highway:residential,osm
BG Cross Road,highway:residential,osm
36 Cross Road,highway:tertiary,osm
Jayadeva Hospital Underpass,highway:primary,osm
Outer Ring Road,highway:primary_link,osm
13th B Cross Road,highway:residential,osm
13 A Cross Road,highway:residential,osm
4A Cross Road,highway:residential,osm
25th B Main,highway:residential,osm
5th C Cross Road,highway:residential,osm
Maruthi Nagar Main Road,highway:secondary,osm
VP Road,highway:tertiary,osm
Hosur Road,highway:trunk,osm
Silk Board Flyover,highway:trunk,osm
Karnataka State Reserve Police Quarters,landuse:residential,osm
Subramaniapura Road,highway:secondary,osm
NICE Expressway,highway:motorway,osm
35th Cross Road,highway:tertiary,osm
22nd A Cross Road,highway:residential,osm
24th B Cross,highway:residential,osm
2nd Cross Gururaja layout,highway:residential,osm
"12th Main, Contour Road",highway:residential,osm
CSV Road,highway:residential,osm
50 Feet Road,highway:residential,osm
1st I Cross road,highway:residential,osm
3rd A Main Road,highway:residential,osm
1st D Cross Road,highway:residential,osm
1 G Cross Road,highway:residential,osm
7th B Main Road,highway:tertiary,osm
Oil Mill Road,highway:secondary,osm
15th B Cross Road,highway:residential,osm
11th B Main Road,highway:residential,osm
10th B Cross Road,highway:residential,osm
9th B Main,highway:residential,osm
8th B Main,highway:residential,osm
9th B Cross Road,highway:residential,osm
5th B Main Road,highway:residential,osm
12th A Cross,highway:residential,osm
Yelahanka Road,highway:secondary,osm
Jamia Masjid Road,highway:tertiary,osm
1st Road,highway:residential,osm
Bellahalli Main Road,highway:primary,osm
Varthur - Sarjapur Road,highway:primary,osm
Mahaveer Tuscan,landuse:residential,osm
Spring Beauty,landuse:residential,osm
Kumbena Agrahara Main Road,highway:tertiary,osm
Kristal Citrine Apartment,landuse:residential,osm
Ittina Akkala,landuse:residential,osm
Mosque Road,highway:residential,osm
Kamdhenu Nagar Main Road,highway:residential,osm
B Narayanapura Road,highway:residential,osm
15th Main Road,highway:tertiary,osm
8th B Cross Road,highway:tertiary,osm
Bhagyada Baglu Road,highway:residential,osm
1D Cross Road,highway:residential,osm
1A Cross Road,highway:residential,osm
HMR Industrial Area,highway:residential,osm
Jalahalli Main Road,highway:tertiary,osm
HMT Quarters,landuse:residential,osm
Prime Blue Forest Apartment,landuse:residential,osm
MSRIT Road,highway:tertiary,osm
New BEL Road,highway:secondary,osm
6th Main Road,highway:tertiary,osm
MS Ramaiah Road,highway:secondary,osm
Ramaiah Bridge,highway:secondary,osm
BEL Bridge,highway:secondary,osm
Mariamma Temple Road,highway:residential,osm
8th Cross road,highway:residential,osm
Poojari Layout 2nd cross,highway:residential,osm
Anjaneya Temple Road,highway:residential,osm
Tank Bund Road(4th Cross Road),highway:tertiary,osm
BEL Road,highway:residential,osm
Vivekananda Road,highway:residential,osm
4th Cross Kariappa Layout,highway:residential,osm
Poojari layout 3rd cross,highway:residential,osm
Poojari Layout 4th cross,highway:residential,osm
Poojari Layout 1st Cross,highway:residential,osm
Poojari Layout 2nd Cross,highway:residential,osm
Daffodils school road,highway:residential,osm
"2nd Cross, Sanjaynagar Main Road",highway:residential,osm
"5th Cross,Ashwathnagar 1st Main Road",highway:residential,osm
"3rd Cross,Ashwathnagar 1st Main Road",highway:residential,osm
2nd Main (Flour mill road),highway:residential,osm
"2nd Cross,Ashwathnagar 1st Main Road",highway:residential,osm
"5th Cross, Sanjaynagar Main Road",highway:residential,osm
KEB Layout 2nd Cross road,highway:residential,osm
IISc Quarters,landuse:residential,osm
Bhoopasandra Main Road,highway:tertiary,osm
5th D Cross Road,highway:residential,osm
Bhadrappa Layout Service Road,highway:tertiary,osm
Sri M Thimmaiah Road,highway:tertiary,osm
Jayamahal Road,highway:primary,osm
Varanasi Main Road,highway:tertiary,osm
Banjara Layout Main Road,highway:tertiary,osm
Chokkanahalli Road,highway:tertiary,osm
Kogilu Layout,landuse:residential,osm
Wood Street,highway:residential,osm
Linden Street,highway:residential,osm
Jayantinagara,landuse:residential,osm
Agrahara Layout,landuse:residential,osm
Agrahara Layout Main Road,highway:tertiary,osm
Kogilu-Sampigehalli Road,highway:tertiary,osm
Sri Vijayaraja Estate,highway:residential,osm
BSF STS Road,highway:residential,osm
Hebron Enclave Road,highway:tertiary,osm
Kittaganuru Road,highway:tertiary,osm
Medahalli-Kadugodi Road,highway:tertiary,osm
Ayyappa Nagar - Battarahalli Road,highway:secondary,osm
Kodigehalli Road,highway:tertiary,osm
Belathur Main Road,highway:tertiary,osm
Kodipalya Road,highway:secondary,osm
T Thimmiah Road,highway:tertiary,osm
C J Venkatesa Das Road,highway:tertiary,osm
Nallurahalli Road,highway:tertiary,osm
Jakkur Main Road,highway:secondary,osm
Shivanahalli Main Road,highway:tertiary,osm
Air Force Range Pipeline Road,highway:tertiary,osm
Abbigere Main Road,highway:secondary,osm
Abbigere Pipeline Road,highway:tertiary,osm
Lakshmipura Road,highway:tertiary,osm
Andrahalli Main Road,highway:secondary,osm
Andrahalli Main road,highway:secondary,osm
3rd Main Road,highway:secondary,osm
High Tension Road,highway:secondary,osm
Rajagopala Nagara Road,highway:tertiary,osm
Laggere Main Road,highway:tertiary,osm
Gandhi Marg,highway:secondary,osm
Loco Shed Quarters,landuse:residential,osm
Ranganatha Pura Main Road,highway:residential,osm
Lavelle Road,highway:tertiary,osm
6th Cross,highway:tertiary,osm
Sivanchetti Garden Road,highway:tertiary,osm
Dharamaraja Koil Street,highway:tertiary,osm
Union street,highway:residential,osm
Cunningham Road,highway:primary,osm
Infantry Road Cross,highway:residential,osm
15th A Cross Road,highway:residential,osm
Kupempu Layout,landuse:residential,osm
Conservancy Lane,highway:service,osm
Nehru Circle,highway:secondary,osm
Manorayana Palya Main Road,highway:tertiary,osm
1 Cross Road,highway:residential,osm
Bellary Road,highway:trunk,osm
Ganganagara 5th Main Road,highway:tertiary,osm
CBI Road,highway:secondary,osm
6th D Main Road,highway:residential,osm
80 Feet Road,highway:residential,osm
7th B Cross,highway:residential,osm
Kanaka Nagar 1st Main Road,highway:tertiary,osm
1st Main Road,highway:service,osm
KHB Main Road,highway:secondary,osm
14th A Cross Road,highway:tertiary,osm
Taralabalu Marg,highway:tertiary,osm
LR Bande Road,highway:tertiary,osm
Shamanna Gowda Road,highway:residential,osm
4th Cross road,highway:residential,osm
10th Cross Krishnappa Block,highway:residential,osm
9th Main Krishnappa Block,highway:residential,osm
8th Main Krishnappa Block,highway:residential,osm
6th Main Krishnappa Block,highway:residential,osm
7th Main Krishnappa Block,highway:residential,osm
"1st Cross, Nrupatunga layout",highway:residential,osm
"2nd Cross, Nrupatunga layout",highway:residential,osm
"3rd Cross, Nrupatunga layout",highway:residential,osm
"4th Cross, Nrupatunga layout",highway:residential,osm
CMM,highway:residential,osm
Judges Colony,highway:residential,osm
Yellamma Temple road,highway:residential,osm
Whitehouse Apartments,landuse:residential,osm
Cemetry Road,highway:residential,osm
TATA Aquila Heights Apartments,landuse:residential,osm
AFTC Quarters,landuse:residential,osm
Shriram Sadhana Apartments,landuse:residential,osm
Sharadambal Temple Road,highway:residential,osm
Prestige Kensington Gardens,landuse:residential,osm
Prestige Wellington Park,landuse:residential,osm
MTRDC Enclave,landuse:residential,osm
Margosa Avenue,highway:residential,osm
3 A Cross Road,highway:residential,osm
Jalahalli Road,highway:secondary,osm
Bank Avenue Main Road,highway:residential,osm
Canopy Apartments,landuse:residential,osm
Narayan Pillai Street,highway:tertiary,osm
Maharani College Underpass,highway:secondary,osm
Cunningham Crescent,highway:residential,osm
Dr. G. Raghava Road,highway:residential,osm
Ashirwad Colony Main Road,highway:residential,osm
Golden Grand,landuse:residential,osm
Conservancy Lane 2,highway:living_street,osm
Andrahalli Main Road,highway:tertiary,osm
Rajagopalnagar Main road,highway:tertiary,osm
14th Cross Road,highway:unclassified,osm
Andhrahalli Main Road - Peenya 2nd Stage,highway:tertiary,osm
Peenya Second Stage Bus Stop Road,highway:residential,osm
Nagasandra Main Road,highway:tertiary,osm
2nd G Cross Road,highway:residential,osm
8th Main Road (west),highway:residential,osm
9th E Main Road,highway:residential,osm
Lakhamma Road,highway:residential,osm
5th Cross Street,highway:residential,osm
7th C Main Road,highway:residential,osm
8th E Main Road,highway:residential,osm
8th D Main Road,highway:residential,osm
8th C Main Road,highway:residential,osm
2nd E Cross,highway:residential,osm
9th H Main road,highway:residential,osm
9th 'C' Main road,highway:residential,osm
3 C Cross,highway:residential,osm
9th C Main Road,highway:residential,osm
9th B Main Road,highway:residential,osm
4th B Cross,highway:residential,osm
9th G Main Road,highway:residential,osm
Ibrahim Saheb Road,highway:residential,osm
Ramaiah Layout Road,highway:residential,osm
Kanakapura Road,highway:primary,osm
Kanakapura Road,highway:trunk,osm
Swamy Vivekanandha Road,highway:secondary,osm
Anjanapura 60 Feet Road,highway:tertiary,osm
C Maddayya Road,highway:residential,osm
11 A Cross Road,highway:residential,osm
3rd Main Road,highway:living_street,osm
Keerthi Flora Pathway,highway:residential,osm
Church Street,highway:unclassified,osm
Mahaveer Kings Place Apartments,landuse:residential,osm
Madhura Nagara Sorahunase Main Road,highway:tertiary,osm
50 Feet Road,highway:secondary,osm
Begur Road,highway:secondary,osm
N S Rao Road,highway:residential,osm
9th K Main Road,highway:residential,osm
"9th F Main Road, Srigandha raste",highway:residential,osm
Channel Road,highway:tertiary,osm
Sangolli Rayanna Road,highway:residential,osm
Road to Someshwarnagar,highway:residential,osm
Javanica Marg,highway:service,osm
3 cross a,highway:residential,osm
Car Street,highway:residential,osm
Ananta Nair Road,highway:residential,osm
Thamarai Kannan Road,highway:secondary,osm
Railway Parallel Road,highway:service,osm
Entrepreneurship Centre Raod,highway:service,osm
NITTE Meenakshi College Road,highway:tertiary,osm
CPRI Staff Colony,landuse:residential,osm
Bull Temple Road,highway:secondary,osm
Sethna Power Tower,landuse:residential,osm
13th Street,highway:residential,osm
8th Street,highway:residential,osm
Sumanahalli Flyover,highway:trunk,osm
Poojari Layout Road,highway:residential,osm
Reflexology Path,highway:footway,osm
Nrupatunga Road,highway:primary,osm
KR Circle Underpass,highway:primary_link,osm
Devanga Hostel Road,highway:secondary,osm
Cubbon Road,highway:primary,osm
Venkataswamy Naidu Road,highway:tertiary_link,osm
5th B Cross,highway:residential,osm
Devanga Hostel Road,highway:primary_link,osm
Infantry Road,highway:tertiary,osm
Doddakammanahalli Main Road,highway:tertiary,osm
Santara Magan Place 1 Road,highway:residential,osm
Mahaveer Road,highway:residential,osm
MLA Layout Main Road,highway:residential,osm
Nobel Residency Road,highway:residential,osm
Hulimavu Lake Road,highway:residential,osm
Achutharaya Mudaliar Road,highway:residential,osm
Akshaya,landuse:residential,osm
Sri Rama Temple Road,highway:residential,osm
Ejipura Main Road,highway:tertiary,osm
Manipal County Road,highway:secondary,osm
Begur - Hulimavu Road,highway:tertiary,osm
Lake Point Tower Avenue,highway:tertiary,osm
Begur-Koppa Road,highway:secondary,osm
Police Quarters,landuse:residential,osm
Mysore Road 2nd Cross Road,highway:residential,osm
Tank Bund Road,highway:primary,osm
Majestic Foot Over Bridge,highway:footway,osm
Sha Shi Marulayya Road,highway:tertiary,osm
"2 Cross, Ram Mandir Road",highway:residential,osm
Railway Parallel Road,highway:tertiary,osm
7th A Cross,highway:residential,osm
9th J Main Road,highway:residential,osm
Sheshadripuram Main Road,highway:primary,osm
Devarabeesanahalli Road,highway:tertiary,osm
20F Cross Road,highway:residential,osm
Bairasandra Main Road,highway:residential,osm
Vinayaka Temple Street,highway:residential,osm
Aurobindo Marg,highway:secondary,osm
50 Feet Road,highway:tertiary,osm
Chord Road Flyover,highway:primary,osm
Kenchenahalli Road,highway:unclassified,osm
13th H Main,highway:residential,osm
1st A Cross,highway:residential,osm
Sirsi Road,highway:residential,osm
Dodda Gubbi Road,highway:tertiary,osm
2nd D Cross Road,highway:residential,osm
St. Patrick's Square,highway:pedestrian,osm
76th A Cross Road,highway:residential,osm
MK Street,highway:unclassified,osm
Appareddy Palya Road,highway:residential,osm
17th B Cross Road,highway:residential,osm
Muthyalamma Temple Street,highway:residential,osm
Muneshwara Temple Service Road,highway:residential,osm
19th A Cross Road,highway:residential,osm
13th B Main,highway:residential,osm
Sri Rama Temple Street,highway:residential,osm
17th C Cross,highway:residential,osm
Main Channel Street,highway:residential,osm
17th Cross Road,highway:living_street,osm
6th C Main,highway:residential,osm
17th D Cross,highway:residential,osm
3rd Cross Road,highway:pedestrian,osm
13th Cross Road,highway:living_street,osm
Vysya Bank Colony Main Road,highway:residential,osm
Kodichikkanahalli Main Road,highway:tertiary,osm
Vijaya Bank Colony,landuse:residential,osm
Bhagat Singh Main Road,highway:residential,osm
Viratnagar Main Road,highway:residential,osm
Kaveri Road,highway:residential,osm
7th Cross,highway:residential,osm
Veerabhadra Nagar Main Road,highway:residential,osm
Kempanna Main Road,highway:residential,osm
Kuvempu Road,highway:residential,osm
L Narayana Reddy Main Road,highway:residential,osm
Siddapura Main Road,highway:residential,osm
Kuttys corner,highway:residential,osm
Rohan Vasantha,landuse:residential,osm
Amba Bhavani Road,highway:tertiary,osm
60th Main Road,highway:residential,osm
Kempamma Devi Road,highway:residential,osm
Park Drive West,highway:residential,osm
Primerose Avenue,highway:residential,osm
Sai Balaji Road,highway:residential,osm
Ivy Lane,highway:residential,osm
Balagere Road,highway:tertiary,osm
DSR Green Vista,landuse:residential,osm
RMZ Ecoworld Internal Road,highway:tertiary,osm
Netharavati 3rd Cross,highway:residential,osm
"Gangappa Layout, 5th Cross",highway:residential,osm
Netravathi Second Cross,highway:residential,osm
Sakra Hospital Road,highway:tertiary,osm
Purva Rivera,landuse:residential,osm
16th D Main Road,highway:residential,osm
16th E Main,highway:residential,osm
Kodihalli Main Road,highway:residential,osm
Marathalli Bridge Service Road,highway:tertiary,osm
Gandhi Nagar Main Road,highway:tertiary,osm
Tumkur Road,highway:trunk,osm
Mekhri Circle Underpass,highway:trunk,osm
Bellary Road,highway:primary,osm
5th Cross Chico Square,highway:residential,osm
Hutchins 6th Cross,highway:tertiary,osm
"Hutchins 5th Cross ""A"" Street",highway:residential,osm
Hutchins 3rd Cross,highway:residential,osm
Dickenson Road,highway:secondary,osm
Annaswamy Mudaliar Road,highway:tertiary,osm
Mosque Road,highway:tertiary,osm
Cape Road,highway:residential,osm
Shalom Lane,highway:residential,osm
Pemme Gowda Road,highway:residential,osm
Bourdillon Road,highway:residential,osm
Rathan Singh Road,highway:residential,osm
Hutchins 4th Cross,highway:residential,osm
DaCosta Square,highway:residential,osm
"1st Cross, Dacosta Square",highway:residential,osm
Hutchins 2nd Cross,highway:residential,osm
"Hutchins 5th Cross ""C"" Street",highway:residential,osm
"Hutchins 5th Cross ""B"" Street",highway:residential,osm
Slip Road,highway:residential,osm
Jeevanahalli Main Road,highway:tertiary,osm
Cline Road,highway:residential,osm
Lloyd Road,highway:residential,osm
ORR Service Road,highway:tertiary,osm
Banaswadi Railway Station Road,highway:residential,osm
Bangalore - Nelamangala Expressway,highway:motorway,osm
SR Layout Main Road,highway:residential,osm
Bellandur Gate Road & Service Road,highway:tertiary,osm
6th Street,highway:residential,osm
7th Street,highway:residential,osm
Ferns City Road,highway:residential,osm
4th Street,highway:residential,osm
2nd Street,highway:residential,osm
9th Street,highway:residential,osm
5th Street,highway:residential,osm
Maheshwari Temple Road,highway:tertiary,osm
14th A Cross,highway:residential,osm
Hoodi Main Road,highway:primary,osm
5th Road,highway:tertiary,osm
1st F Main Road,highway:residential,osm
8th B Cross Road,highway:residential,osm
Vajarahalli Main Road,highway:secondary,osm
Temple Street,highway:tertiary,osm
1st G Main Road,highway:residential,osm
Manjunatha Kalyana Mantapa Road,highway:tertiary,osm
Rama Temple Road,highway:residential,osm
6,highway:residential,osm
Yelahanka New Town Main Road,highway:secondary,osm
Rail Wheel Factory West Colony,landuse:residential,osm
Yelahanka New Town,highway:platform,osm
15th A Cross Road,highway:secondary,osm
Doddaballapur Road,highway:primary,osm
13th A Main Road,highway:secondary,osm
3rd A Cross Road,highway:tertiary,osm
8th B Cross,highway:tertiary,osm
14th A Main,highway:residential,osm
9th A Cross,highway:residential,osm
15th A Main Road,highway:residential,osm
Mahaveer Regal Apartments,landuse:residential,osm
YNK Railway Station Road,highway:unclassified,osm
16th A Cross Road,highway:residential,osm
Railway Station Road,highway:unclassified,osm
Allalasandra Main Road,highway:tertiary,osm
"Judicial Layout, 27th Cross",highway:residential,osm
19th B Cross Road,highway:residential,osm
18th B Cross Road,highway:residential,osm
18th Main,highway:residential,osm
2nd Main,highway:residential,osm
17th B Cross,highway:residential,osm
Temple Road,highway:residential,osm
Kaggadasapura To outer Ring Road,highway:tertiary,osm
SMR Vinay Galaxy,landuse:residential,osm
3rd Street,highway:residential,osm
DNA Oaksville,landuse:residential,osm
DNA Apartment Road,highway:service,osm
Casa Gopalan,landuse:residential,osm
Victorian Meadows,highway:residential,osm
Total Environment Windmills Of Your Mind,landuse:residential,osm
Gopalan Grandeur,landuse:residential,osm
Golden Star,landuse:residential,osm
Sathya Sai Layout Road,highway:residential,osm
6th B Cross,highway:residential,osm
Sunnyvale Apartment,landuse:residential,osm
Studio Road,highway:residential,osm
Sterling Brookside,landuse:residential,osm
Green Avenue,highway:residential,osm
M3,highway:residential,osm
M1,highway:residential,osm
Orchid Woods,landuse:residential,osm
Hesaraghatta Main Road,highway:primary,osm
Kundalahalli Main Road,highway:primary,osm
Vasvani Bella Vista Villas,landuse:residential,osm
Chinnapanahalli Main Road,highway:tertiary,osm
Vishwanatha Nagenhalli Main Road,highway:tertiary,osm
2nd Road,highway:primary,osm
Adarsh Palm Meadows Road,highway:residential,osm
34 A Cross Road,highway:residential,osm
Champa Lane,highway:residential,osm
Frangipani Avenue,highway:residential,osm
35 A Cross Road,highway:residential,osm
1 E Cross Road,highway:residential,osm
1 D Cross Road,highway:residential,osm
Bhagyada Baglur Road,highway:residential,osm
1st G Cross Road,highway:residential,osm
9 A Cross Road,highway:residential,osm
Vagdevi School drive way,highway:service,osm
Sai Baba Temple Road,highway:tertiary,osm
Golden Blossom,landuse:residential,osm
Vaswani Pinnacle,landuse:residential,osm
Sobha Rose,landuse:residential,osm
Brigade Harmony,landuse:residential,osm
Spectra Cypress,landuse:residential,osm
Sumadhura Sandoval,landuse:residential,osm
Gayatri Ocean Blues,landuse:residential,osm
Vibgyor High School Road,highway:tertiary,osm
Vishnu Residency,landuse:residential,osm
NCC Maple Heights,landuse:residential,osm
DSR Elite,landuse:residential,osm
UKN Esperanza,landuse:residential,osm
Maangalya Suryodaya,landuse:residential,osm
Oasis Breeze Apartments,landuse:residential,osm
Purva Parkridge Villas,landuse:residential,osm
Sobha Dahlia,landuse:residential,osm
Sobha Carnation,landuse:residential,osm
Sobha Mayflower,landuse:residential,osm
Sobha Jasmine,landuse:residential,osm
HMT Link Road,highway:tertiary,osm
Nagarabhavi Underpass,highway:trunk,osm
Nayandahalli Underpass,highway:trunk,osm
Salarpuria Sanctity,landuse:residential,osm
SJR Brooklyn,landuse:residential,osm
AKME Encore,landuse:residential,osm
6th Main Ext Road,highway:residential,osm
D' Souza Road,highway:residential,osm
Langford Gardens Road,highway:residential,osm
7th Main Road I T I Layout,highway:residential,osm
Outer Ring Road Underpass,highway:trunk,osm
Karantha Road,highway:secondary,osm
21st Main Road,highway:tertiary,osm
Hosur Road,highway:primary,osm
Madiwala Sarjapura Road,highway:primary,osm
Kariyammana Agrahara Road,highway:residential,osm
Kaverinagar Main Road,highway:tertiary,osm
Adarsh Palm Meadows,landuse:residential,osm
MS Ramaiah Road,highway:residential,osm
BK Nagar Main Road,highway:tertiary,osm
Arya Lotus Apartments,landuse:residential,osm
Ittina Anu,landuse:residential,osm
Garuda Residency Apartments,landuse:residential,osm
Siddapura Road,highway:tertiary,osm
Renaissance Jagriti,landuse:residential,osm
Kadamba Path,highway:path,osm
TATA Sherwood Apartments,landuse:residential,osm
Vijetha Elysium,landuse:residential,osm
Chaitanya Oakville Villas,landuse:residential,osm
Hyde Park Villas,landuse:residential,osm
Jatti Dwarakamai Villas,landuse:residential,osm
Ittina Arni Apartments,landuse:residential,osm
Keerthi Signature,landuse:residential,osm
Citilights Rustique Apartments,landuse:residential,osm
Prestige Bougainvillea,landuse:residential,osm
Dr. Rajkumar Road,highway:secondary,osm
Nandini Layout Road,highway:secondary,osm
K B Venkatesh Road,highway:tertiary,osm
2nd Road,highway:secondary,osm
7th Road,highway:tertiary,osm
Nitesh Hyde Park Apartments,landuse:residential,osm
Mantri Residency,landuse:residential,osm
Prestige Notting Hill,landuse:residential,osm
Klassik Benchmark,landuse:residential,osm
Purva Skywood Apartments,landuse:residential,osm
Mahaveer Ridge Apartments,landuse:residential,osm
Sobha Suncrest Apartments,landuse:residential,osm
Sobha Sunscape Apartments,landuse:residential,osm
Sobha Forest View Apartments,landuse:residential,osm
Whispering Winds Main Road,highway:residential,osm
Victorian View Layout,highway:residential,osm
WhiteField  - Hoskote Road,highway:primary,osm
Kadugodi Railway Bridge,highway:primary,osm
Kadugodi Main Road,highway:primary,osm
Sumadhura Anandam,landuse:residential,osm
Sobha Sunbeam-I Apartments,landuse:residential,osm
Sobha Sunbeam-II Apartments,landuse:residential,osm
Sobha Chrysanthemum Apartments,landuse:residential,osm
Sobha Ruby Apartments,landuse:residential,osm
Sobha Althea Apartments,landuse:residential,osm
Sobha Azalea Row Houses,landuse:residential,osm
Pebble Bay Apartments,landuse:residential,osm
Whispering Meadows Apartments,landuse:residential,osm
Goshala Road,highway:tertiary,osm
Star Circle Underpass,highway:primary,osm
Magadi Road Tollgate Underpass,highway:primary,osm
WOC,highway:tertiary,osm
Kengeri Flyover,highway:primary,osm
Kengeri Main Road Flyover,highway:primary,osm
Bangalore-Mysore Road,highway:trunk,osm
Ranka Heights Apartments,landuse:residential,osm
Ranka Nest Apartments,landuse:residential,osm
Rajajinagar Entrance Underpass,highway:secondary,osm
Vatal Nagaraj Road,highway:secondary_link,osm
Puttaswamy Road,highway:secondary,osm
60th Cross Road,highway:residential,osm
48th Cross Road,highway:residential,osm
49th Cross Road,highway:residential,osm
Vaswani Bel Air Villas,landuse:residential,osm
Holiday Village Road,highway:tertiary,osm
Mahaveer Marvel Apartments,landuse:residential,osm
Radiant Enclave Apartments,landuse:residential,osm
Godrej Woodsman Estate Apartments,landuse:residential,osm
Amruth Nagar Main Road,highway:tertiary,osm
Kendriya Vihar Apartments,landuse:residential,osm
Nitesh Central Park Apartments,landuse:residential,osm
Mantri Tranquil Apartments,landuse:residential,osm
Suraj Ganga Socrates Apartments,landuse:residential,osm
Mantri Paradise,landuse:residential,osm
Mantri Terrace Apartments,landuse:residential,osm
Epitome Crowne Apartments,landuse:residential,osm
Kristal Dolomite Apartments,landuse:residential,osm
Gopalan Jewels Apartments,landuse:residential,osm
Gopalan Temple Trees Apartments,landuse:residential,osm
Purva Belmont Apartments,landuse:residential,osm
NCC Nagarjuna Premier Apartments,landuse:residential,osm
Maya Indraprastha Apartments,landuse:residential,osm
Ranka Corner Apartments,landuse:residential,osm
Sterling Sharda Nivas,landuse:residential,osm
Gopalan Admiralty Square Apartments,landuse:residential,osm
Gopalan Manor Apartments,landuse:residential,osm
Gopalan Admiralty Avenue Apartments,landuse:residential,osm
SJR Luxuria Apartments,landuse:residential,osm
Gopalan Urban Woods Row Houses,landuse:residential,osm
Sobha Cinnamon & Sobha Saffron,landuse:residential,osm
Oxford Manor Flats,landuse:residential,osm
36th Cross Road,highway:secondary,osm
Rohan Mihira,landuse:residential,osm
1st Cross Road,highway:unclassified,osm
Yellamma Temple Road,highway:residential,osm
Sun City Euphoria,landuse:residential,osm
Mahantha Layout Road,highway:residential,osm
Nagaraja Layout Road,highway:residential,osm
Sameerapura Main Road,highway:residential,osm
Church Street,highway:residential,osm
BWSSB Pipeline Track,highway:tertiary,osm
BWSSB Pipeline track,highway:tertiary,osm
Krumbiegal Road,highway:secondary,osm
Bhoruka Drive Way,highway:service,osm
Sangolli Rayanna Road,highway:tertiary,osm
Divyashree Technopark Road,highway:tertiary,osm
Sobha Petunia Access Road,highway:residential,osm
Govindapura Road,highway:tertiary,osm
John Armstrong Road,highway:tertiary,osm
S G R Dental College Road,highway:tertiary,osm
Inner Peripheral Ring Road,highway:primary,osm
Prestige Ozone,landuse:residential,osm
Nusa Dua,landuse:residential,osm
Nisarga Layout 1st Main Road,highway:residential,osm
Rainbow Drive Layout,landuse:residential,osm
Sumadhura Sawan,landuse:residential,osm
S. K. Temple Road,highway:tertiary,osm
Main Road,highway:tertiary,osm
Diesel Loco Shed Road,highway:tertiary,osm
SGT Goods Shed Road,highway:service,osm
Seegehalli Main Road,highway:tertiary,osm
West End Road,highway:service,osm
7th Cross Road,highway:service,osm
1st Cross Road,highway:service,osm
4th Cross Road,highway:service,osm
2nd Cross Road,highway:service,osm
6th Cross Road,highway:service,osm
8th Cross Road,highway:service,osm
5th Cross Road,highway:service,osm
HLRC Road,highway:residential,osm
Skylark Arcadia Villas,landuse:residential,osm
Electronic City Flyover,highway:motorway,osm
Magadi Road Exit,highway:motorway_link,osm
Container Corporation Road,highway:service,osm
Dinnur Main Road,highway:tertiary,osm
A K Gopalan Main Road,highway:tertiary,osm
Pattandur Agrahara - 2nd Cross Road,highway:residential,osm
8,highway:residential,osm
Gottigere Main Road,highway:tertiary,osm
Kembathalli Main Road,highway:tertiary,osm
Vithola Apartments,landuse:residential,osm
Rohan Ashima Apartments,landuse:residential,osm
Indus Signature Apartments,landuse:residential,osm
17th F Cross,highway:residential,osm
Kadirayyanapalya Main Road,highway:residential,osm
17th E Cross,highway:residential,osm
DCA Quarters,landuse:residential,osm
BDA MIG Flats,landuse:residential,osm
ISRO Newland Housing Colony,place:locality,osm
DAD Quarters,landuse:residential,osm
Columbia International School Road,highway:residential,osm
Orchard Green,landuse:residential,osm
Victorian Haven Apartments,landuse:residential,osm
Domlur Double Road,highway:residential,osm
Domlur Water Tank Road,highway:residential,osm
Queen's Road,highway:secondary,osm
Pattandur Agrahara 1st Main Road,highway:residential,osm
Surakshaa Fair View Ville,landuse:residential,osm
ND Passion Apartments,landuse:residential,osm
Sobha Daffodil Apartments,landuse:residential,osm
Krishna Singh Lane,highway:residential,osm
Dharmaraya Temple Road,highway:secondary,osm
Sultanpete Main Road,highway:tertiary,osm
Dickenson Road,highway:residential,osm
Mamulpet Road,highway:tertiary,osm
Old Taluk Cutchery Road,highway:tertiary,osm
Green Garden Layout Road,highway:residential,osm
Police Station Road,highway:tertiary,osm
Green Leaf Layout,highway:residential,osm
Martin's Road,highway:residential,osm
Gurappa Avenue,highway:residential,osm
King Street,highway:residential,osm
Albert Street,highway:residential,osm
Midford Garden Road,highway:unclassified,osm
Tulsi Theatre Road,highway:tertiary,osm
Vanshee Richfields,landuse:residential,osm
Krishna Rao Sindhya Road,highway:residential,osm
"Police Quarters, Jakkasandra",landuse:residential,osm
8th C Cross Road,highway:residential,osm
KempFort Apartments,landuse:residential,osm
CPWD Quarters,landuse:residential,osm
Ajja Ajji Walking Track,highway:pedestrian,osm
Pappiya Reddy Lane,highway:residential,osm
G 8th street,highway:residential,osm
16E Cross,highway:residential,osm
Sadarmangala Road,highway:path,osm
Sadarmangala Road,highway:unclassified,osm
Pride Apartments,landuse:residential,osm
Annapoorneshwarinagar Main Road,highway:tertiary,osm
Malagala Main Road,highway:tertiary,osm
Amma Ashrama Main Road,highway:tertiary,osm
Manganahalli Road,highway:secondary,osm
100 Feet Road,highway:secondary,osm
Nagarabhavi Circle Flyover,highway:trunk,osm
Ullal Main Road,highway:residential,osm
NGEF Layout Road,highway:tertiary,osm
4th Block Main Road,highway:tertiary,osm
6th Temple Street,highway:residential,osm
Benson Road,highway:residential,osm
12th C Cross Road,highway:residential,osm
Panchavati,landuse:residential,osm
New Horizon College Road,highway:primary,osm
Prestige Shantiniketan Outer Road,highway:residential,osm
Rajarajeshwari Nivasa,landuse:residential,osm
Meenakshi Residency,landuse:residential,osm
Mantri Premero,landuse:residential,osm
Rainbow Residency Main Road,highway:residential,osm
6th Avenue,highway:residential,osm
9th Avenue,highway:residential,osm
5th Avenue,highway:residential,osm
7th Avenue,highway:residential,osm
8th Avenue,highway:residential,osm
11th Avenue,highway:residential,osm
10th Avenue,highway:residential,osm
14th Avenue,highway:residential,osm
13th Avenue,highway:residential,osm
12th Avenue,highway:residential,osm
19th Avenue,highway:residential,osm
Manar Silver Shadow Apartments,landuse:residential,osm
Nobert Church Road,highway:residential,osm
Sri Ganesh PG Road,highway:residential,osm
Golden Woods Row Houses,landuse:residential,osm
Oceanus Monarda,landuse:residential,osm
Coronet Green Apartments,landuse:residential,osm
Silver Oak Marg,highway:service,osm
Gokulam Apartments,landuse:residential,osm
4th Main Road BSK 5 Stage,highway:residential,osm
9B Cross Devarakere,highway:residential,osm
3rd Cross Road Bsk 5th Stage,highway:residential,osm
Sriram Spurthi,landuse:residential,osm
Sai Poorna High End,landuse:residential,osm
SLS Serenity Apartments,landuse:residential,osm
Sterling Shalom,landuse:residential,osm
Gopalan Aristocrat Apartments,landuse:residential,osm
Jal Vayu Towers,landuse:residential,osm
BVL Serene Apartments,landuse:residential,osm
Satko Palm Tree,landuse:residential,osm
Skylark Esta,landuse:residential,osm
Pavani Prestige,landuse:residential,osm
Boganahalli Road,highway:tertiary,osm
SJR Watermark,landuse:residential,osm
NR Colony Main Road,highway:tertiary,osm
Shivalingaiah Road,highway:tertiary,osm
Lake View Road,highway:residential,osm
49th Main Road,highway:residential,osm
69th Main Road,highway:residential,osm
Brigade Millenium Road,highway:tertiary,osm
Paduka Mandira Road,highway:tertiary,osm
Kuvempu Nagara Main Road,highway:tertiary,osm
Sri Raghavendra Swani Road,highway:tertiary,osm
HM World City,landuse:residential,osm
33rd Main Road,highway:tertiary,osm
Golden Palms Apartments,landuse:residential,osm
L&T South City,landuse:residential,osm
Tippasandra Road,highway:tertiary,osm
kothanur Main Road,highway:tertiary,osm
Krishvi Orange Tree,landuse:residential,osm
Plama Heights Apartments,landuse:residential,osm
50th Main Road,highway:residential,osm
47th Cross Road,highway:residential,osm
4th C Main Road,highway:residential,osm
52nd Main Road,highway:residential,osm
2nd Cross Road BSK 5th Stage,highway:residential,osm
51st Main Road,highway:residential,osm
53rd Main Road,highway:residential,osm
BTS Main Road,highway:tertiary,osm
1st Main Mico Layout,highway:tertiary,osm
Arekere Main Road,highway:residential,osm
M Viswesvaraya Road,highway:tertiary,osm
8th Main,highway:residential,osm
Arekere Main Road,highway:tertiary,osm
Sraddha Silver Spring,landuse:residential,osm
Nandi Gardens Apartments (Phase-1),landuse:residential,osm
Nandi Garden Apartments (Phase-2),landuse:residential,osm
IMG Elite Apartments,landuse:residential,osm
White Acres Residential Villas,landuse:residential,osm
Pashmina Waterfront Apartments,landuse:residential,osm
Jeevith Gardens Road,highway:residential,osm
Deccan Fields,landuse:residential,osm
SJR Spencer,landuse:residential,osm
Ramaiah Reddy Lane,highway:residential,osm
Bhadra Brookefields,landuse:residential,osm
Sobha Lotus,landuse:residential,osm
Sobha Daisy,landuse:residential,osm
Citylights Liberty,landuse:residential,osm
Kundalahalli Underpass,highway:primary,osm
Channasandra Main Road,highway:tertiary,osm
Cashew Drive,highway:residential,osm
Chaithanya Armadale,landuse:residential,osm
Channasandra Main Road,highway:secondary,osm
Honge Avenue,highway:residential,osm
Jacaranda Avenue,highway:residential,osm
Krishna Brookefields,landuse:residential,osm
Citilights Knights Bridge Apartments,landuse:residential,osm
Renaissance Rainbow Apartments,landuse:residential,osm
Gopalan Apartments,landuse:residential,osm
Prestige Shantiniketan Residential Complex,landuse:residential,osm
Brigade Metropolis,landuse:residential,osm
10 B Cross,highway:tertiary,osm
Bhairaveshwara Temple Road,highway:residential,osm
Balaji Sapthagiri,landuse:residential,osm
Prism Sovereign,landuse:residential,osm
Shraddha Vrindavan Apartments,landuse:residential,osm
5th Cross,highway:residential,osm
Ramesh Nagar 1st Main Road,highway:residential,osm
Vibuthipura Main Road,highway:tertiary,osm
Boothiah Lane 3rd Cross,highway:residential,osm
Church Road,highway:residential,osm
7th A Main,highway:residential,osm
Sri Devi Karumariamman Temple Street,highway:residential,osm
G. R. Tech Park Road,highway:residential,osm
Karnataka State Reserve Police 9th Battalion,landuse:residential,osm
10th Cross,highway:residential,osm
Agara Lake Trail,highway:footway,osm
Acacia Avenue,highway:residential,osm
Varthur Lake Road,highway:primary,osm
Shriram Spandana Apartments,landuse:residential,osm
Vayu Vihar,landuse:residential,osm
E Cross Road,highway:residential,osm
1st Main 3rd Cross,highway:residential,osm
D Cross Road,highway:residential,osm
4th Road,highway:residential,osm
MCECHS Layout Main Road,highway:secondary,osm
1 A Cross BEL 6th Block Road,highway:residential,osm
3rd Road,highway:residential,osm
5th Road,highway:residential,osm
8th Road,highway:residential,osm
2nd Road,highway:residential,osm
Residency Road,highway:primary,osm
Mutsandra Main Road,highway:tertiary,osm
Madhuranagara Colony,place:locality,osm
HAL Employees Quarters,landuse:residential,osm
Shivanapalya Road,highway:tertiary,osm
Purva Highlands Apartments,landuse:residential,osm
Vakil Garden City,landuse:residential,osm
Suvidha Retirement Village,landuse:residential,osm
19th C Cross,highway:residential,osm
19th D Cross Road,highway:residential,osm
2nd Cross Street,highway:residential,osm
Bright Way School Main Road,highway:residential,osm
Chikkalasandra Main Road,highway:tertiary,osm
Garden School Road,highway:residential,osm
"4th Cross, Balaji Nagar",highway:residential,osm
Freesia Boulevard,highway:residential,osm
Trinity Meadows Apartments,landuse:residential,osm
Lane 11,highway:residential,osm
Lane 1,highway:residential,osm
Lane 6,highway:residential,osm
Lane 5,highway:residential,osm
Lane 9,highway:residential,osm
Lane 2,highway:residential,osm
Lane 8,highway:residential,osm
Lane 7,highway:residential,osm
Lane 10,highway:residential,osm
Lane 3,highway:residential,osm
Lane 4,highway:residential,osm
Rose Garden Road,highway:tertiary,osm
Old Mangammanapalya Road,highway:tertiary,osm
Hosapalya Main Road,highway:tertiary,osm
SLV Temple Road,highway:unclassified,osm
Alpine Park Apartments,landuse:residential,osm
8th A Cross,highway:residential,osm
9th Main Road,highway:tertiary,osm
Bhanu Nursing Home Road,highway:residential,osm
Classic Orchards Main Road,highway:tertiary,osm
16th C Main,highway:residential,osm
13th D Main,highway:residential,osm
Swamy Vivekananda Road,highway:residential,osm
BDA Flats,landuse:residential,osm
13th E Main,highway:residential,osm
13th F Main,highway:residential,osm
Vasantapa Garden,highway:residential,osm
3 B Cross Road,highway:residential,osm
13th G Main,highway:residential,osm
Artillery Road,highway:tertiary,osm
CPWD Complex,landuse:residential,osm
Nagarjuna Greenridge Apartments,landuse:residential,osm
Pioneer Fortune Squares,landuse:residential,osm
Greenwood Regency,landuse:residential,osm
Trinity Church Road,highway:secondary,osm
Presige LakeVista,landuse:residential,osm
Sankey Road,highway:secondary,osm
Sankey Road Flyover,highway:primary,osm
Palace Road,highway:primary,osm
Pampa Mahakavi Road,highway:residential,osm
Pampa Mahakavi Road,highway:secondary,osm
Swamy Vivekananda Road,highway:tertiary,osm
Abhayadhama Road,highway:residential,osm
Eidgah Road,highway:residential,osm
Sai Baba Temple Road,highway:residential,osm
Chariot Street,highway:tertiary,osm
Kempe Gowda Underpass Road,highway:tertiary,osm
4th Road,highway:unclassified,osm
"7th main, 2nd stage, Basaveshwaranagar, Bangalore",highway:residential,osm
"6th Cross, 2nd Stage, Basaveshwaranagar",highway:residential,osm
17th C Cross Road,highway:residential,osm
7th D Main Road,highway:residential,osm
Kutty's corner,highway:residential,osm
Kutty's Corner,highway:residential,osm
Rani Sarla Devi Circle,highway:secondary,osm
Siddapura Road,highway:secondary,osm
Trinity School Road,highway:residential,osm
Kariyammana Agrahara Road,highway:tertiary,osm
C T Street,highway:residential,osm
2nd Cross Rd,highway:residential,osm
Kaverappa Layout - Main Road,highway:residential,osm
JCR Layout,highway:residential,osm
Sadananda Nagar,landuse:residential,osm
Aga Abbas Ali Road,highway:residential,osm
5th Main,highway:residential,osm
Kaggadasspura Main Road,highway:secondary,osm
D Rajgopal Road,highway:tertiary,osm
10th E Main Road,highway:residential,osm
Concorde Midway City Apartments,landuse:residential,osm
Prestige St. Johns Woods,landuse:residential,osm
Prestige - The Elgin,landuse:residential,osm
Arab Lane,highway:residential,osm
Hospital Cross Road,highway:living_street,osm
Lane D,highway:residential,osm
Thirumalaraaya Swamy Temple Road,highway:tertiary,osm
HAL Central Road,highway:residential,osm
Commissariat Road,highway:secondary,osm
Devarachikkana Halli Main Road,highway:tertiary,osm
Chartered Jardin,landuse:residential,osm
17th A Main,highway:residential,osm
Kristal Jasper Road,highway:residential,osm
Hanumaiah Reddy Road,highway:residential,osm
Purushottam Road,highway:residential,osm
Sunndara Mudaliar Street,highway:residential,osm
Bowee Street,highway:residential,osm
Subbaiah Reddy Road,highway:residential,osm
Sathyanarayana Temple Street,highway:residential,osm
18th A Main,highway:residential,osm
Best Apartments,landuse:residential,osm
Sunkanahalli Main Road,highway:secondary,osm
Brigade Gateway,landuse:residential,osm
Acharya Dr Sarvepalli Radhakrishnan Road,highway:tertiary,osm
Sri Kumarans College Road,highway:residential,osm
Gowdana Palya Inner Road,highway:residential,osm
Government School Road,highway:residential,osm
Balaji Krupa Layout Cross Road,highway:residential,osm
Golden Corner,landuse:residential,osm
Mahakavi Kuvempu Road,highway:secondary,osm
Nijaguna Road,highway:tertiary,osm
Valmiki Road,highway:residential,osm
"4th Main, LIC Colony",highway:residential,osm
Purva Atria Apartments,landuse:residential,osm
4cross 10 Thmain,highway:residential,osm
19th D Main Road,highway:residential,osm
20th B Main Road,highway:residential,osm
C T Bed Road,highway:residential,osm
Lake Point Tower Apt Road,highway:residential,osm
Poojari layout 1st Cross,highway:residential,osm
6h Main Road Dattatreyanagar,highway:residential,osm
Narayan Pillai Street,highway:residential,osm
Bhadrappa Layout 3rd Cross,highway:residential,osm
Bhadrappa Layout 4th Cross,highway:residential,osm
Bhadrappa Layout 5th Cross,highway:residential,osm
"3rd Cross, Sanjaynagar Main Road",highway:residential,osm
"6th Cross,Ashwathnagar 1st Main Road",highway:residential,osm
"4th Cross,Ashwathnagar 1st Main Road",highway:residential,osm
Lake View County Road,highway:service,osm
Balaji Layout 6th Cross,highway:residential,osm
Maruthingar Road,highway:residential,osm
AECS Naidu Layout 4th Cross Road,highway:residential,osm
12th Cross road,highway:residential,osm
Venkatappa Road,highway:residential,osm
Govinda Chetty Street,highway:residential,osm
Old Cemetery Road,highway:residential,osm
Munniswamy Road,highway:residential,osm
Noah Street,highway:residential,osm
Sundaramurthi Road,highway:tertiary,osm
Charles Campbell Road,highway:tertiary,osm
Doddigunta Road,highway:residential,osm
Kadirappa Road,highway:residential,osm
Websters Road,highway:residential,osm
Purva Fairmont,landuse:residential,osm
Purva Vantage,landuse:residential,osm
Vensa Residensy,landuse:residential,osm
Sarjapura Road,highway:tertiary,osm
15th D Cross Road,highway:residential,osm
6th E Main Road,highway:residential,osm
Prestige Waterford,landuse:residential,osm
Prestige Whistling Palms,landuse:residential,osm
Shanthi Avenue,highway:residential,osm
Whitefield - Hoskote Road,highway:primary,osm
2nd Avenue,highway:residential,osm
3rd Avenue,highway:residential,osm
AECS Layout Main Road,highway:tertiary,osm
1A Main Road,highway:residential,osm
19F Main Road,highway:residential,osm
19C Main Road,highway:residential,osm
19E Main Road,highway:residential,osm
19th G Main Road,highway:residential,osm
19th H Main Road,highway:residential,osm
Amruth Nagar Main Road,highway:residential,osm
BTM Residency Phase 2,landuse:residential,osm
Banashankari Balaji Paradise,landuse:residential,osm
53rd B Cross Road,highway:residential,osm
3rd E Cross Road,highway:residential,osm
59th A Cross Road,highway:residential,osm
53rd D Cross Road,highway:residential,osm
Chord Road,highway:tertiary,osm
4th E Main Road,highway:residential,osm
59th B Cross Road,highway:residential,osm
53rd C Cross Road,highway:residential,osm
Madiwala Underpass,highway:primary,osm
Dr. M H Marigowda Road,highway:primary,osm
19th B Main Road,highway:residential,osm
Professor UR Rao Road,highway:tertiary,osm
Anandnagar Main Road,highway:tertiary,osm
3rd D Main Road,highway:residential,osm
3rd C Main Road,highway:residential,osm
40th Main Road,highway:residential,osm
9th C Cross Road,highway:residential,osm
13th Cross,highway:residential,osm
Jayamma Lakshminarayan Road,highway:residential,osm
17 A Main Road,highway:residential,osm
16 D Cross Road,highway:residential,osm
16th B Cross Road,highway:residential,osm
16 C Cross Road,highway:residential,osm
ITI Layout Road,highway:residential,osm
Kolte Patil Surabhi Apartments,landuse:residential,osm
Majesitc Residency,landuse:residential,osm
13th C Cross Road,highway:residential,osm
Jains Prakriti Apartments,landuse:residential,osm
21st A Cross Road,highway:residential,osm
32nd B Main Road,highway:residential,osm
Ahmed Sait Road,highway:residential,osm
Standage Road,highway:residential,osm
Lazer Road - Netaji Road,highway:residential,osm
Kasturinagar Road Under Bridge,highway:secondary,osm
Private School Road,highway:residential,osm
Maddurama Temple Road,highway:residential,osm
CST Road,highway:service,osm
DaCosta Layout 2nd Cross,highway:residential,osm
Venkataramanappa Road,highway:residential,osm
Muddappa Road,highway:residential,osm
B Street,highway:residential,osm
Kullappa Street,highway:residential,osm
Mariamma Koil Street,highway:residential,osm
Unitech Deja View,landuse:residential,osm
Underpass,highway:secondary,osm
Hemmigepura Main Road,highway:secondary,osm
"2nd Cross, Amruth Nagar",highway:residential,osm
Thimmiah Gardens Streets,highway:residential,osm
Sai Poorna Heights,landuse:residential,osm
Salarpuria Magnifica Apartments,landuse:residential,osm
Skyline Atlantis Apartments,landuse:residential,osm
Devasandra Main Road,highway:secondary,osm
TC Palaya Road,highway:residential,osm
Acharya Govind Vittal Bhave Road,highway:secondary,osm
Prestige Park View,landuse:residential,osm
16th Main Road,highway:living_street,osm
15th A Main,highway:living_street,osm
16th A Main,highway:residential,osm
Krishna Nagar Apartments Road,highway:tertiary,osm
Duo Harmony,landuse:residential,osm
Prestige White Meadows,landuse:residential,osm
PWD Road,highway:tertiary,osm
2nd 'E' crossroad,highway:residential,osm
Bangalore City Exit,highway:primary_link,osm
Freedom Street,highway:tertiary,osm
Sai KSD Serenity Apartments,landuse:residential,osm
Jai Gardenia,landuse:residential,osm
Shakthi Highlands Apartment,landuse:residential,osm
Junior College Road,highway:tertiary,osm
6th Cross Jeevan Bhima Nagar,highway:residential,osm
Errapp Lane,highway:residential,osm
Hanumanth Nagar Main Road,highway:residential,osm
1st Diagonal Road,highway:residential,osm
6th A-B Road,highway:residential,osm
2nd Main road,highway:residential,osm
Laughing Waters,landuse:residential,osm
Regent Place,landuse:residential,osm
Panathur Main Road,highway:tertiary,osm
7th Main Anandapura,highway:residential,osm
8th Cross Anandapura,highway:residential,osm
1st Cross Jeevan Bhima Nagar,highway:residential,osm
Srinivasapura Main Road,highway:tertiary,osm
Sai Poorna Paradise Apartments,landuse:residential,osm
Sraddha Fairmount Apartments,landuse:residential,osm
SVR Flora Apartments,landuse:residential,osm
Balaji Elegance,landuse:residential,osm
MIMS Gulmohar Villas,landuse:residential,osm
MIMS Gulmohar Road,highway:residential,osm
Prestige Palms,landuse:residential,osm
Spectrum Ambara,landuse:residential,osm
Swarna Heavens,landuse:residential,osm
Saranya Sarovar Apartments (u/c),landuse:residential,osm
"6th Cross Road, Govindaraja Nagar",highway:residential,osm
"2nd Cross, Amarjyothi Nagar",highway:residential,osm
5th Cross Saraswathi Nagar,highway:residential,osm
"1st Cross, Amarjyothi Nagar",highway:residential,osm
4th Main Road Saraswathi Nagar,highway:residential,osm
5th Main Road,highway:secondary,osm
1st Cross Church Street,highway:residential,osm
14th Main - 8th F Cross Road,highway:residential,osm
14th B Main Road,highway:residential,osm
14th D Main,highway:residential,osm
14th C Main,highway:residential,osm
Gangagondanahalli Road,highway:secondary,osm
8 D Cross Road,highway:residential,osm
ETA Star The Gardens,landuse:residential,osm
10th C Cross Road,highway:residential,osm
Brigade Paramount,landuse:residential,osm
Celestial Greens Apartments,landuse:residential,osm
Ranka Park Apartments,landuse:residential,osm
Esteem Heritage Apartments,landuse:residential,osm
Esteem Park Apartments,landuse:residential,osm
Sobha Tulip Apartments,landuse:residential,osm
Osbourne Road,highway:residential,osm
Osbourne Lane,highway:residential,osm
Saint John's Church Cross Road,highway:residential,osm
"14th Cross, 1st Stage Chandra Layout",highway:residential,osm
2nd Main Saraswathi nagar,highway:residential,osm
Skyline City Apartments,landuse:residential,osm
Tent Road,highway:tertiary,osm
75th B Cross Road,highway:residential,osm
69th Cross Road,highway:residential,osm
10th C Main Road,highway:tertiary,osm
75th C Cross Road,highway:residential,osm
12th C Main Road,highway:residential,osm
59th C Cross Road,highway:residential,osm
65th Cross Road,highway:residential,osm
63rd Cross Road,highway:residential,osm
67th A Cross Road,highway:residential,osm
10th F Main Road,highway:residential,osm
75th D Cross Road,highway:residential,osm
64th Cross Road,highway:residential,osm
62nd Cross Road,highway:residential,osm
67th Cross Road,highway:residential,osm
68th Cross Road,highway:residential,osm
14th C Cross Road,highway:residential,osm
61st Cross Road,highway:residential,osm
53rd E Cross Road,highway:residential,osm
75th F Cross Road,highway:residential,osm
12th E Main Road,highway:residential,osm
71st Cross Road,highway:residential,osm
75th A Cross Road,highway:residential,osm
10th G Main Road,highway:residential,osm
76th C Cross Road,highway:residential,osm
52nd Cross Road,highway:residential,osm
72nd Cross Road,highway:residential,osm
12th D Main Road,highway:residential,osm
70th Cross Road,highway:residential,osm
75th E Cross Road,highway:residential,osm
74th C Cross Road,highway:residential,osm
34th B Cross Road,highway:residential,osm
8th Cross Road,highway:living_street,osm
Nijalingappa Road,highway:residential,osm
Dattaprasad Cooperative Apartments,landuse:residential,osm
Sai Mandira Road,highway:residential,osm
Nagamaramma Devi Temple Road,highway:residential,osm
19th A Main Road,highway:residential,osm
Nitesh Caesar's Palace Apartments,landuse:residential,osm
Mantri Serenity,landuse:residential,osm
Cunningham Road,highway:primary_link,osm
Hospital Road,highway:tertiary,osm
Industrial Town Road,highway:residential,osm
Sri Muneshwara Swamy Temple Road,highway:residential,osm
Patalamma Temple Street,highway:residential,osm
1st J Cross,highway:residential,osm
1st I Cross,highway:residential,osm
1st H Cross Road,highway:residential,osm
Mallegowda Road,highway:residential,osm
Siddhaiah Puranik Road,highway:secondary,osm
BMTC Service Road,highway:service,osm
Shanders Springdale,landuse:residential,osm
Bhuvaneshwari Road,highway:residential,osm
Swathantra Nagar Main Road,highway:residential,osm
Lourdu Nagar Road,highway:residential,osm
Vinayaka Layout Road,highway:residential,osm
Aisshwarya Excellency Apartments,landuse:residential,osm
Embassy Pristine Apartments,landuse:residential,osm
Chaithanya Swojas,landuse:residential,osm
Samhita Rainbow MTB,landuse:residential,osm
Pavani Oakridge Apartments,landuse:residential,osm
BWSSB Service Road,highway:residential,osm
Janpath Road,highway:residential,osm
12th Cross Street,highway:residential,osm
10th I Cross Street,highway:residential,osm
5 Cross,highway:residential,osm
2 A Cross,highway:residential,osm
2nd Cross Shiva Mandir Road,highway:residential,osm
Nehru Street,highway:residential,osm
Second Main Road,highway:residential,osm
Maharaja Street,highway:residential,osm
10th K Cross St,highway:residential,osm
10th J Cross Street,highway:residential,osm
14th Cross Street,highway:residential,osm
"13th Cross, Kaggadasapura",highway:residential,osm
Godrej United,landuse:residential,osm
5th North Cross Road,highway:residential,osm
10th E Cross Road,highway:residential,osm
"2nd Cross, Kalidasa Road",highway:residential,osm
Muneshwaram Temple Road,highway:residential,osm
"Income Tax Layout, Sadananda Nagar, NGEF Layout",landuse:residential,osm
SRK Gardens Apartments,landuse:residential,osm
August Park Apartments,landuse:residential,osm
Saimitra Meadows Apartments,landuse:residential,osm
"2nd Main, Manivilas garden",highway:residential,osm
Salarpuria Sattva Gold Summit Apartments,landuse:residential,osm
3d Cross Road - Kurubarೋhalli,highway:residential,osm
Moore Road,highway:residential,osm
Kumar Prince Town Apartments,landuse:residential,osm
Kirloskar Layout Main Road,highway:residential,osm
CNR Rao Underpass,highway:trunk,osm
Oasis Regency Apartments,landuse:residential,osm
Manish Classic Apartments,landuse:residential,osm
Manpho Pavilion Apartments,landuse:residential,osm
Raj Paradise Apartments,landuse:residential,osm
Esteem Enclave,landuse:residential,osm
BWSSB Pipeline track,highway:residential,osm
Salarpuria Silverwoods,landuse:residential,osm
Salarpuria Cambridge Residency,landuse:residential,osm
Ranka Court Apartments,landuse:residential,osm
10th D Cross Road,highway:residential,osm
10th Cross Road,highway:secondary,osm
"19th Main, Nandini Layout",highway:residential,osm
Arumugam Circle,highway:secondary,osm
Kanakapura Main Road,highway:secondary,osm
Patalamma Road,highway:secondary,osm
Tagore Circle,highway:tertiary,osm
Church Cross Road,highway:residential,osm
Market Street,highway:residential,osm
"Krishna Rajendra Road, KR Road",highway:secondary,osm
Karanic Road,highway:residential,osm
Subedar Chatram Road,highway:secondary,osm
Main Guard Cross Road,highway:tertiary,osm
Lakshmi Devi Nagar Slum Board Quarters,landuse:residential,osm
2nd Ayyappa Swamy Temple Road,highway:residential,osm
3rd Ramamandira Road,highway:residential,osm
15th Cross Street,highway:residential,osm
14th K Cross,highway:residential,osm
B.A Basith Road,highway:residential,osm
18th Cross Road,highway:secondary,osm
Jumma Masjid Road,highway:tertiary,osm
Commercial Street,highway:unclassified,osm
Veerapillai Street,highway:tertiary,osm
Labay Masjid Street,highway:residential,osm
Ibrahim Sahib Street,highway:residential,osm
R.H.B. Colony 1st Main Road,highway:residential,osm
Millers Road Underpass,highway:primary,osm
"3rd Cross, B.Chikkanna Layout, Maheshwari Nagar",highway:residential,osm
"4th Cross, B.Chikkanna Layout, Maheshwari Nagar",highway:residential,osm
"1st Cross, B.Chikkanna Layout, Maheshwari Nagar",highway:residential,osm
"2nd Cross, B.Chikkanna Layout, Maheshwari Nagar",highway:residential,osm
Shiva Ganga Layout,highway:residential,osm
3rd Cross Versova Layout,highway:residential,osm
2nd Cross Versova Layout,highway:residential,osm
29th B Cross Road,highway:residential,osm
17th Cross,highway:residential,osm
22nd Cross,highway:residential,osm
"13th - C Cross / 19th - G Cross, Kaggadasapura",highway:residential,osm
"19th - F Cross, Kaggadasapura",highway:residential,osm
Adarsh Vista,highway:residential,osm
Brigade Millennium Road,highway:tertiary,osm
Batrahalli Road,highway:residential,osm
Garden Ave Road,highway:residential,osm
Garden City 30 Feet Road,highway:residential,osm
Ajith Layout Road,highway:residential,osm
Sacred Heart Road,highway:residential,osm
Manjunatha Layout,highway:residential,osm
Ramachandra Layout Road,highway:residential,osm
Christ the King School Road,highway:residential,osm
Shanthi Layout Main road,highway:tertiary,osm
St Anthony's School Road,highway:residential,osm
17th Cross St,highway:residential,osm
3rd Main road,highway:residential,osm
Goodwill Appartments,landuse:residential,osm
2nd Cross Jeevan Bhima Nagar,highway:residential,osm
3rd Cross Jeevan Bhima Nagar,highway:residential,osm
Pattandur Agrahara 1st Main Road,highway:unclassified,osm
Kadugodi BMTC Bus Station Road,highway:service,osm
Muninagappa Layout,highway:residential,osm
Elita Promenade Phase 2,landuse:residential,osm
Mantri Lakeview,landuse:residential,osm
DJ Halli Main Road,highway:tertiary,osm
Kachohalli Main Road,highway:tertiary,osm
NICE Road,highway:motorway_link,osm
1st Main,highway:residential,osm
1st Rayara Raste,highway:residential,osm
Salapuria Splendor,landuse:residential,osm
Konena Agrahara Main Road,highway:residential,osm
KSRTC Main Road,highway:residential,osm
Hosahalli Road,highway:tertiary,osm
Chikkabidarakallu Main Road,highway:residential,osm
Jodhibava Road,highway:residential,osm
Muddinapalya Main Road,highway:tertiary,osm
E W College Main Road,highway:tertiary,osm
Magadi Road,highway:primary,osm
Puttenahalli Main Road,highway:secondary,osm
MIMS Rose Dale,landuse:residential,osm
Sunny Bliss,landuse:residential,osm
Ushas Apartments,landuse:residential,osm
"1st Cross, Giddappa Block",highway:residential,osm
"3rd Cross, Giddappa Block",highway:residential,osm
Railway Line Road,highway:secondary,osm
Loyola Layout,highway:living_street,osm
11th Cross Road,highway:living_street,osm
2nd Cross road,highway:residential,osm
5th Cross Main Road,highway:residential,osm
4th Main Link Road,highway:residential,osm
Aswath Katte Road,highway:residential,osm
M Cross Road,highway:residential,osm
L Cross Road,highway:residential,osm
Masjid Road,highway:residential,osm
Tavarekere Main Road,highway:residential,osm
Habitat Aster Apartments,landuse:residential,osm
28th Cross Road,highway:tertiary,osm
19th Main Road,highway:tertiary,osm
Sheshadri Road,highway:primary,osm
Mahatma Gandhi Road,highway:secondary,osm
Sterling Park,landuse:residential,osm
Beary's Lakeside Habitat,landuse:residential,osm
Mangammanapalaya Main Road,highway:tertiary,osm
Kabbaddi Babu Layout Roads,highway:residential,osm
Windsor Manor Bridge,highway:tertiary,osm
Kenchanapura Road,highway:tertiary,osm
Dodda Basti Main Road,highway:tertiary,osm
Kenchanapura Road,highway:secondary,osm
23rd Cross Road,highway:tertiary,osm
Badaganadu Sangha Road,highway:residential,osm
"1st Cross, Sanjaynagar Main Road",highway:residential,osm
Durga Parameswara Road,highway:residential,osm
MM Industries Road,highway:residential,osm
Kommagatta Main Road,highway:secondary,osm
Renaissance Park 2,landuse:residential,osm
Reniassance Park 3,landuse:residential,osm
Renaissance Park 1,landuse:residential,osm
GnanaBharthi I Block Main Road,highway:residential,osm
Sangam Subway,highway:footway,osm
Doddagollarahatti Government School Road,highway:residential,osm
Kalasipalya Main Road,highway:primary,osm
Nagondanahalli Main Road,highway:residential,osm
Chinnappanahalli Road,highway:tertiary,osm
Kundalahalli Lake Path,highway:path,osm
Raja Ram Mohan Roy Road,highway:residential,osm
SS Felicity Homes,landuse:residential,osm
Banana Drive,highway:residential,osm
Khodays Circle,highway:primary,osm
SJR Vogue Residences,landuse:residential,osm
Hebbal Flyover,highway:trunk,osm
Sarjapur Road,highway:primary,osm
Outer Ring Road,highway:primary,osm
Raj Bhavan Road,highway:primary,osm
1St Main Road,highway:residential,osm
Embassy Heritage Apartments,landuse:residential,osm
Salarpuria Luxuria Apartments,landuse:residential,osm
Lalbagh Road,highway:secondary,osm
1st I Main Road,highway:residential,osm
Shriram Suhaana Apartments,landuse:residential,osm
Adarsh Residency,landuse:residential,osm
Nawab Hyder Ali Khan Road,highway:primary,osm
Abshot Layout,landuse:residential,osm
Shoba Habitech Apartments,landuse:residential,osm
Cambridge Layout,landuse:residential,osm
Purva Seasons,landuse:residential,osm
SV Milan,landuse:residential,osm
DSR Sunrise Apartments,landuse:residential,osm
3G Crimson Villas,landuse:residential,osm
Varthur Main Road,highway:primary,osm
60 feet road,highway:tertiary,osm
Hanumanthe Gowder Main Road,highway:residential,osm
Kuduregere Main Road,highway:tertiary,osm
Bagalgunte Main Road,highway:tertiary,osm
Dodsworth Enclave,place:neighbourhood,osm
Krishnappa Layout,highway:residential,osm
Thubarahalli Extended Road,highway:tertiary,osm
Top Bakery Road,highway:residential,osm
Meenakshi Classic Apartments,landuse:residential,osm
Old Madras Road,highway:trunk,osm
KSR Cordelia Apartments,landuse:residential,osm
Whitefield Ville,landuse:residential,osm
Balaji Pristine,landuse:residential,osm
Saint John's Church Road,highway:secondary,osm
McKinley's Pembrook,landuse:residential,osm
Veerappa Reddy Lane,highway:residential,osm
CMR Road,highway:residential,osm
Gundappa Road,highway:residential,osm
Ittina Sarva 1 Aparments,landuse:residential,osm
M Ramaiah Road,highway:residential,osm
"1 A Main, Bethelnagar",highway:residential,osm
"2nd Main Road, Bethelnagar",highway:residential,osm
"1st Main, Sri Gayatri Layout",highway:service,osm
Vinayaka Temple Road,highway:residential,osm
Millers Road Underpass,highway:tertiary,osm
Sulthanpalya Main Road,highway:tertiary,osm
Rahat Gardenia,landuse:residential,osm
Way to Gate 3,highway:service,osm
Kebbehalla Road,highway:tertiary,osm
Goshala Pathway,highway:service,osm
Nisarga 3rd Cross Road,highway:residential,osm
Nisarga 2nd Cross Road,highway:residential,osm
Nisarga 1st Cross Road,highway:residential,osm
Nisarga 1A Cross Road,highway:residential,osm
Nisarga 6th Cross Road,highway:residential,osm
Chitramala Appartments,landuse:residential,osm
Sri Devi Anugraha,landuse:residential,osm
Hommadevanahalli Road,highway:tertiary,osm
10th Street,highway:residential,osm
9th street,highway:residential,osm
10th A Street,highway:residential,osm
7th street,highway:residential,osm
Royal Legend Apartments,landuse:residential,osm
Deverachikkanahalli Main Road,highway:tertiary,osm
Canopy Dwellings,landuse:residential,osm
Ranka Colony Road,highway:tertiary,osm
Kodichikkanahalli Road,highway:tertiary,osm
BEL Road,highway:secondary,osm
Mysore Road,highway:secondary,osm
Puttanna Chetty Road,highway:primary,osm
Jakkur Main Road,highway:tertiary,osm
Genesis Parking Road,highway:residential,osm
Underpass,highway:residential,osm
Sankey Road,highway:construction,osm
Sankey Underpass,highway:secondary,osm
The Residences,landuse:residential,osm
Berlie Street,highway:tertiary,osm
4th Cross Lakshmi Road,highway:residential,osm
17th B Main,highway:residential,osm
"1st Cross, Green Leaf Extension",highway:residential,osm
Munireddy Layout,highway:residential,osm
Block 1,landuse:residential,osm
Block 2,landuse:residential,osm
Block 3,landuse:residential,osm
Block 4,landuse:residential,osm
Block 5,landuse:residential,osm
Rajbhavi Road,highway:residential,osm
"Whispering Meadows, Vaswani Layout",highway:residential,osm
"Temole Trees Road,Cauvery Colony",highway:residential,osm
"19th Cross, Kaggadasapura",highway:tertiary,osm
Seethapathy Agrahara,highway:residential,osm
Dr. B. R. Ambedkar Road,highway:tertiary,osm
Malleshpalya Main Road,highway:secondary,osm
Old M S Ramaiah Hospital Road,highway:residential,osm
Pride Picassa,landuse:residential,osm
Malathhalli Main Road,highway:secondary,osm
Shapoorji Pallonji Parkwest,landuse:residential,osm
SBI Quarters,landuse:residential,osm
Kanaka Nagar 1st Main Road,highway:residential,osm
Dr. Rajkumar Road,highway:residential,osm
2nd Cross Jai Jawan Nagar,highway:residential,osm
Krishna Rajendra Road,highway:primary,osm
Hegganahalli Main Road,highway:secondary,osm
2C Cross Road,highway:residential,osm
Aralu Mallige Parthasarathy Road,highway:tertiary,osm
1st Cross Itc Road,highway:residential,osm
Nehru Road,highway:residential,osm
Saint Rayappa Road,highway:residential,osm
James Street,highway:residential,osm
Patel G Kulappa Road,highway:residential,osm
Saint Anthony Road,highway:residential,osm
Kalamma Road,highway:residential,osm
Ullasappa Road,highway:residential,osm
Oakyard Apartment,landuse:residential,osm
5 D Main Road,highway:residential,osm
6 A Main Road,highway:residential,osm
Shyamaraja Iyengar Road,highway:residential,osm
BKS Iyengar Road,highway:residential,osm
Ranga Rao Road,highway:tertiary,osm
Shankar Matt Road,highway:tertiary,osm
Koli Street,highway:residential,osm
E 1st Street,highway:living_street,osm
Apparao Lane,highway:residential,osm
Someshwara Temple Road,highway:residential,osm
E 4th Street,highway:living_street,osm
E 3rd Street,highway:living_street,osm
KK Street,highway:residential,osm
Jamia Masjid Street,highway:living_street,osm
Karuna Amman Koil,highway:residential,osm
Gurumurthy Street,highway:living_street,osm
Banaswadi Main Road,highway:primary,osm
Chikka Banaswadi Main Road,highway:primary,osm
A P J Abdul Kalam Road,highway:tertiary,osm
Clarke Road,highway:residential,osm
Hall Road,highway:tertiary,osm
Kalpalli Road,highway:tertiary,osm
Raheja Arcade,landuse:residential,osm
Dr Vishnuvardhan Road,highway:tertiary,osm
Food Street,highway:tertiary,osm
Koncept Nest,landuse:residential,osm
Nagarabhavi Road,highway:secondary,osm
Bindu Anmol Apartments,landuse:residential,osm
1st Main ( Prashanth Nagar Main Road ),highway:residential,osm
Vaishnavi Paradise,landuse:residential,osm
Vaishnavi Paradise Driveway,highway:residential,osm
Gopalan Residency,landuse:residential,osm
Bysani Skyway,landuse:residential,osm
Mantri Gardens,landuse:residential,osm
Trinity Enclave,landuse:residential,osm
3rd Main Road Saraswathi nagara,highway:residential,osm
Kengel Hanumanthiah Road,highway:residential,osm
Reliance Nest,landuse:residential,osm
Navarathna,landuse:residential,osm
KHB Flats,landuse:residential,osm
Sathamurti Road,highway:residential,osm
J V Shetty Road,highway:residential,osm
Gurumurti Road,highway:residential,osm
Chikabellanduru Road,highway:residential,osm
Vatal Nagaraj Road Underpass,highway:secondary,osm
Old Mysuru Road,highway:primary_link,osm
Old Mysuru Road,highway:primary,osm
Dr. CV Raman Road,highway:trunk,osm
Palace Cross Road,highway:tertiary,osm
Purva Fountainsquare,landuse:residential,osm
Kenchenahalli Main Road,highway:secondary,osm
Srinivasiah Road,highway:tertiary,osm
Gokhale Road,highway:residential,osm
Kempegowda Road,highway:residential,osm
43rd Main Road,highway:residential,osm
Chandrashekhar Road,highway:tertiary,osm
"Bull Temple Road, 5th Main Road",highway:residential,osm
Reservoir Street,highway:residential,osm
Kaveri Nadi Road,highway:tertiary,osm
Pandit Pattabhiramayya Road,highway:residential,osm
BGS Flyover Ramp,highway:trunk_link,osm
Middle School Cross Road,highway:residential,osm
Dattatreya Road,highway:residential,osm
H.B. Samaja Road,highway:residential,osm
NICE Expressway,highway:trunk,osm
Arehalli Main Road,highway:tertiary,osm
M Srinivas Road,highway:tertiary,osm
Avalahalli Main Road,highway:tertiary,osm
Hosur Road,highway:primary_link,osm
Nehru Road,highway:tertiary,osm
Sir Mirza Ismail Chowk Flyover,highway:primary,osm
Flyover,highway:primary,osm
Magadi Underpass road,highway:primary,osm
Ramanjaneya Road,highway:residential,osm
1st Main road,highway:residential,osm
12th Cross Road,highway:secondary,osm
26th Main Road,highway:tertiary,osm
Rest House Road,highway:residential,osm
St. John's Road,highway:secondary,osm
Field Marshal Cariapa Colony,landuse:residential,osm
Ali Asker Road,highway:tertiary,osm
Infantry Road,highway:primary,osm
BBMP Park Road,highway:tertiary,osm
Pottery Lane,highway:tertiary,osm
10 B Cross,highway:residential,osm
Bore Bank Road,highway:residential,osm
Connaught Road,highway:residential,osm
Ganapathipura Road,highway:residential,osm
Jain temple street,highway:residential,osm
West Circle Road,highway:residential,osm
Jain Temple Cross Road,highway:residential,osm
New High School Road,highway:residential,osm
Devudu Narasimha Shastry Road,highway:tertiary,osm
B R Ambedkar Road,highway:residential,osm
Madhava Rao Circle,highway:secondary,osm
23rd Cross Road,highway:secondary,osm
Haines Road,highway:primary,osm
Hall Road,highway:primary,osm
Mosque Road,highway:primary,osm
Robertson Road,highway:primary_link,osm
Hennur Main Road Service Road,highway:tertiary,osm
John Armstrong Road,highway:residential,osm
Magrath Road,highway:tertiary,osm
TMS Road,highway:residential,osm
Oakwood Whitefield Street,highway:service,osm
Suranjandas Road,highway:primary,osm
Neelakantan Circle,highway:secondary,osm
Thiru Valluvar Circle,highway:tertiary,osm
Assayee Road,highway:secondary,osm
Wheeler Road,highway:tertiary,osm
Appajappa Agrahara,highway:residential,osm
"5th Cross, Amarjyothi Nagar",highway:residential,osm
"4th Cross, Amarjyothi Nagar",highway:residential,osm
Gangadhara Layout Road,highway:residential,osm
"3rd Cross, Amarjyothi Nagar",highway:residential,osm
Gopalan Brindavan Apartments,landuse:residential,osm
"6th Cross, Amarjyothi Nagar",highway:residential,osm
Vijayanagar Water Tank Road,highway:tertiary,osm
Prestige Ferns Residency,landuse:residential,osm
B Road,highway:residential,osm
C Road,highway:residential,osm
F Road,highway:residential,osm
Shankarappa Line,highway:residential,osm
Nursery Road,highway:residential,osm
Myrtle Lane,highway:residential,osm
Outer Circle,highway:residential,osm
13th C Main,highway:residential,osm
Muni Nadupaiah Lane,highway:footway,osm
5th Cross Road,highway:living_street,osm
7th Cross Road,highway:living_street,osm
Ramakrishnappa Road,highway:residential,osm
Sadashiva Temple Road,highway:residential,osm
Saint Palya Road,highway:residential,osm
3rd Cross Nehru Road,highway:residential,osm
Lokesh Tent Main Road,highway:tertiary,osm
Basapura Road,highway:tertiary,osm
Vyasraya Ballala Road,highway:tertiary,osm
Subramanyapura Main Road,highway:secondary,osm
ITC Nitesh Garden Enclave,landuse:residential,osm
Janapriya Heavens,landuse:residential,osm
Anria Appartments,landuse:residential,osm
Candeur Carlisle,landuse:residential,osm
3rd A Main Devarakere,highway:residential,osm
Kogilu Main Road Underpass,highway:secondary,osm
Kannuru Main Road,highway:secondary_link,osm
Market Road,highway:residential,osm
Devarachikkanahalli Main Road,highway:residential,osm
MIMS Springdale Villas,landuse:residential,osm
Ittina Sarva 2 Apartments,landuse:residential,osm
8th Cross,highway:residential,osm
5th C Cross,highway:residential,osm
Sankar Nag Road,highway:residential,osm
Brahma Kumaris Road,highway:tertiary,osm
Bellanduru-Doddakannelli Road,highway:tertiary,osm
Doddakammanahalli Road,highway:tertiary,osm
Cave Temple Road,highway:secondary,osm
Pattandur Agrahara Gutta Road - Vijayanagar Main Road,highway:tertiary,osm
Eden Au Lac Apartments,landuse:residential,osm
New Mission Road,highway:secondary,osm
Hosahalli Main Road,highway:construction,osm
Krishna Rajendra Road,highway:primary_link,osm
4th G Main Road,highway:residential,osm
Maramma Circle,highway:primary,osm
Jeevaraj Alva Road,highway:secondary_link,osm
Brigade Gardenia Park,landuse:residential,osm
6 C Cross Road,highway:residential,osm
BEL Circle,highway:secondary,osm
4 A Main Road,highway:residential,osm
Kalpana Chawla Road,highway:tertiary,osm
MSR Northcity,landuse:residential,osm
Adithya Elan Apartments,landuse:residential,osm
Mahaveer Tranquil,landuse:residential,osm
Trifecta Sollievo,landuse:residential,osm
New Temple Road,highway:tertiary,osm
Raaga Apartments,landuse:residential,osm
MJR Pearl Apartments,landuse:residential,osm
Gopalan Atlantis,landuse:residential,osm
Bren Avalon,landuse:residential,osm
Adithya Elixir,landuse:residential,osm
Sobha City,landuse:residential,osm
Adarsh Vista Villas,landuse:residential,osm
Bhartiya City Road,highway:residential,osm
Nikoo Homes Road,highway:residential,osm
Prisha Orchids,landuse:residential,osm
Devin Paradise Enclave,landuse:residential,osm
Nikoo Homes Apartments,landuse:residential,osm
Ramamurthinagar Main Road,highway:secondary,osm
Vivekananda Road,highway:tertiary,osm
ITC Windsor Bridge,highway:tertiary,osm
Judicial Layout Phase II,landuse:residential,osm
4th Main Minhaj Nagar Road,highway:residential,osm
Kadarenahalli - Kumarswamy Main Road,highway:tertiary,osm
DRDO Phase 1,landuse:residential,osm
Chaitanya La Grove,landuse:residential,osm
SLS Square,landuse:residential,osm
Big Banyan Roots Apartments,landuse:residential,osm
6 C Main Road,highway:residential,osm
6D Main Road,highway:residential,osm
Sumadhura Vasantham,landuse:residential,osm
Prestige Misty Waters,landuse:residential,osm
Mahaveer Mapple,landuse:residential,osm
Baiyappanahalli Road,highway:service,osm
Bannerghatta Road,highway:secondary_link,osm
Bannerghatta Road,highway:primary_link,osm
Doctor M H Marigowda Road,highway:primary,osm
Garden Layout Road,highway:residential,osm
6 E Main Road,highway:residential,osm
6F Main,highway:residential,osm
Chunchagatta Main Raod,highway:tertiary,osm
6 E Main Road,highway:tertiary,osm
Rohan Jharokha,landuse:residential,osm
Rohan Avriti,landuse:residential,osm
Pattandur Agrahara Hatti Road,highway:residential,osm
Muneshwara Swamy Temple Road,highway:track,osm
SNN Clermont,landuse:residential,osm
SNN Raj Serenity Apartments,landuse:residential,osm
Mangam Pride Apartments,landuse:residential,osm
Sumadhura Madhuram,landuse:residential,osm
Kothanur Cross Road,highway:tertiary,osm
G R Lavender,landuse:residential,osm
Kothanur Cross,highway:tertiary,osm
37th Main,highway:residential,osm
38th Main,highway:residential,osm
50th Cross Road,highway:residential,osm
51st Cross Road,highway:residential,osm
K Ramachandrappa Road,highway:residential,osm
4th Main Road,highway:secondary,osm
Keerthi Surya Shakti Towers,landuse:residential,osm
Adarsh Palace,landuse:residential,osm
MSR Nagar 1st Main Road,highway:tertiary,osm
Tropical Paradise Layout,place:neighbourhood,osm
Millers Road,highway:primary_link,osm
APR Villa Road,highway:residential,osm
5th Main Tatanagar,highway:residential,osm
Vidya Vikas School Road,highway:residential,osm
Krishna Kuteer Villas,landuse:residential,osm
Shivananda Circle Flyover,highway:secondary,osm
BMRCL Relocated Colony,landuse:residential,osm
Somasundarapalya Main Rd,highway:tertiary,osm
Shampura Railway Road,highway:residential,osm
1st Main 3rd Cross Road,highway:residential,osm
"1st Main, Ramanashree Nagar",highway:residential,osm
"2nd Main, Ramanashree Nagar",highway:residential,osm
Swami Vivekananda Road,highway:residential,osm
CV Raman Rasthe,highway:residential,osm
Rama Road,highway:tertiary,osm
Silver County Road,highway:tertiary,osm
Kothnoor Main Road,highway:tertiary,osm
Lake Road,highway:residential,osm
W H Hanumanthappa Road,highway:tertiary,osm
Jasma Devi Baham Road,highway:residential,osm
Deauville Apartments,landuse:residential,osm
Purple Garden Apartment,landuse:residential,osm
20th A Cross Road,highway:residential,osm
Veda Siri Arcade Road,highway:residential,osm
Vishnu Enclave Road,highway:residential,osm
V K Gokak Road,highway:residential,osm
Pandit Bhimsen Joshi Road,highway:residential,osm
16th Main,highway:residential,osm
13th A Main Road,highway:residential,osm
2nd C Cross,highway:residential,osm
Vishvewaraya Road,highway:residential,osm
8 A Cross Road,highway:residential,osm
3rd C Main,highway:residential,osm
21th Main Rd,highway:residential,osm
4th D Cross,highway:residential,osm
Kalidasa Block Main Road,highway:residential,osm
G Cross Road,highway:residential,osm
C Cross Road,highway:residential,osm
Ashwathakatte Road,highway:residential,osm
1st A Cross Road,highway:living_street,osm
Swimming Pool Road,highway:residential,osm
Sindunadi Road,highway:residential,osm
9th main Road,highway:residential,osm
TE Main Road,highway:residential,osm
7th E Main Road,highway:residential,osm
Kalappa Block Road,highway:residential,osm
Krishna Road,highway:residential,osm
Mount Joy Cross,highway:residential,osm
Paschimanjaneya Temple Road,highway:residential,osm
D V Gundappa Road,highway:tertiary,osm
Sri Ranganatha Swamy Road,highway:residential,osm
Asakta Posha Sabha Road,highway:residential,osm
10th D Main Road,highway:residential,osm
Venkata Reddy Road,highway:residential,osm
Srirama Devalaya Road,highway:residential,osm
"Temple Road,16th Cross Street",highway:residential,osm
Girls High School Road,highway:residential,osm
3rd Cross Street,highway:residential,osm
"1st Main Road, Lakkasandra",highway:residential,osm
Muneshvara Swamy Road,highway:residential,osm
2nd Cross Shamanna Garden,highway:residential,osm
1st Cross Shamannna Garden,highway:residential,osm
O Street,highway:residential,osm
6th Cross Lakshmi Road,highway:residential,osm
C Street,highway:residential,osm
S Street,highway:residential,osm
Rose Lane,highway:residential,osm
F Street,highway:living_street,osm
G Street,highway:living_street,osm
E Street,highway:living_street,osm
B Street,highway:living_street,osm
D Street,highway:living_street,osm
A Street,highway:living_street,osm
C Street,highway:living_street,osm
Jeremiah Toad,highway:residential,osm
Grover Street,highway:residential,osm
F Street Road,highway:residential,osm
Thulasi Ramdas Mutt Road,highway:residential,osm
Banaswadi Main Road,highway:secondary,osm
IVRI Road,highway:secondary,osm
Shettihalli Main Road,highway:tertiary,osm
Indira Canteen Road,highway:residential,osm
BNR School Road,highway:residential,osm
HT Line road,highway:residential,osm
NTC Main Road,highway:residential,osm
Singapura Gardens,highway:residential,osm
Singapura Main Road,highway:tertiary,osm
Sai Garden Road,highway:residential,osm
Ananthapura Main Road Ferrar Nagar,highway:tertiary,osm
1St Cross Road,highway:residential,osm
Kanshiram Nagar Main Road,highway:tertiary,osm
Nanjappa - Thindlu Road,highway:secondary,osm
Temple Road,highway:tertiary,osm
"1st Cross,  Bestcounty2",highway:residential,osm
RC Pura Road,highway:residential,osm
Global College Road,highway:service,osm
B Road,highway:tertiary,osm
Sardhar Vallabhai Patel road,highway:residential,osm
Manjunath Nagar Road,highway:residential,osm
SLV,highway:residential,osm
Poojar Estate 2nd Cross,highway:residential,osm
Kannada Kasturi Road,highway:residential,osm
Minchu Technologies Road,highway:residential,osm
KEB Road,highway:residential,osm
Mantapa Road,highway:residential,osm
"3 Rd Cross, Sector A, BCCHS Layout",highway:residential,osm
Vaibhava Sumukha Enclave Phase 1,highway:residential,osm
8 - A Cross,highway:residential,osm
Link to Anjanapura Layout,highway:residential,osm
19th Cross Road,highway:tertiary,osm
15th C Cross Road,highway:residential,osm
Muneshwara Temple Road,highway:residential,osm
Velankanni Lane,highway:residential,osm
14th Cross,highway:residential,osm
Aditya Vintage,landuse:residential,osm
Chowdeshwari Temple Street,highway:residential,osm
Vishwanath Rao Road,highway:residential,osm
G 7th street,highway:residential,osm
Road No. 12,highway:living_street,osm
4th Cross Road,highway:footway,osm
1 Cross Road,highway:living_street,osm
3rd Cross Road,highway:living_street,osm
2nd Cross Road,highway:living_street,osm
Muniswamappa Layout,highway:residential,osm
2nd Cross Cambridge road,highway:residential,osm
Il Pay Thope A street,highway:residential,osm
Zen Gardens Apartments,landuse:residential,osm
Golf Avenue,highway:path,osm
BWSSB Road,highway:residential,osm
Shamannah Lane,highway:residential,osm
5th E Cross,highway:residential,osm
Avalappa Lane,highway:living_street,osm
Shamannah Garden,highway:residential,osm
Boothiah Lane,highway:residential,osm
5th D Cross,highway:residential,osm
18th D Cross Road,highway:residential,osm
18th A Cross Road,highway:residential,osm
18th C Cross Road,highway:residential,osm
Dr. B. R. Ambedkar Road,highway:residential,osm
29th C Cross,highway:residential,osm
Nekkundi Chinnappareddy Road,highway:residential,osm
VRR Heritage,landuse:residential,osm
VRR Heritage Road,highway:residential,osm
Vidya Heritage Plaza Appartment,landuse:residential,osm
Innovative Petal,landuse:residential,osm
Ferns Habitat,landuse:residential,osm
Akme Ballet,landuse:residential,osm
Aakhruthi Homes,landuse:residential,osm
Alpine Eco,landuse:residential,osm
Ferns City,landuse:residential,osm
Ferns Paradise,landuse:residential,osm
Sankrupa Elite,landuse:residential,osm
Flushing Meadows,landuse:residential,osm
NCC Urban Ivory Heights,landuse:residential,osm
Police Quarters Singayyanapalya,landuse:residential,osm
R.H.B. Colony 5th Cross Road,highway:residential,osm
Vibgyor School Road,highway:residential,osm
"3rd Main, Manivilas garden",highway:residential,osm
Skyline Magnolia,landuse:residential,osm
IBC Innner Road,highway:service,osm
Omkar Nagar Main Road,highway:residential,osm
RMV 2nd Stage 1st Main Road,highway:residential,osm
Seenappa Layout,highway:residential,osm
Railway Station Road,highway:residential,osm
Sanjay Nagar,landuse:residential,osm
1st Main Ashwini Layout,highway:residential,osm
20D Cross Road,highway:residential,osm
20I Cross Road,highway:residential,osm
20th B Cross Road,highway:residential,osm
20th C Cross Road,highway:residential,osm
21st A Cross,highway:residential,osm
Aa Na Krishnaraya Road,highway:residential,osm
Bradshaw Street,highway:living_street,osm
Mutyalamma Kovil Street,highway:living_street,osm
Scott Road,highway:living_street,osm
Ashur Khanna Street,highway:residential,osm
Broadway Road,highway:service,osm
Nala Road,highway:tertiary,osm
Balappa Garden,highway:living_street,osm
M M Road,highway:residential,osm
NCC Urban Aster Park,landuse:residential,osm
KR Puram Market road,highway:tertiary,osm
Gangothro Road,highway:residential,osm
Purvi Prestine Apartments,landuse:residential,osm
Foyer Infinity,landuse:residential,osm
Krishna Gardens Incity Layout,place:neighbourhood,osm
ACAS Cresent Square Apt,landuse:residential,osm
Sampige Road,highway:residential,osm
Sri Krishna Sai Enclave Apartments,landuse:residential,osm
Sai Yahvi Apartments (u/c),landuse:residential,osm
Brigade Lakefront,landuse:residential,osm
Ramana Road,highway:residential,osm
Tank Bund Road,highway:secondary,osm
19th Main Road,highway:secondary,osm
Doctor B R Ambedkar Veedhi,highway:primary,osm
AMR Tech Park Road,highway:service,osm
Begur Main Road,highway:residential,osm
Sri Sai Royale,landuse:residential,osm
Purva Venezia,landuse:residential,osm
Jamia Masjid Road,highway:residential,osm
Golden Park Apartments,landuse:residential,osm
Pavani Pleasant,landuse:residential,osm
Kadamba Avenue,highway:residential,osm
Tamarind Drive,highway:residential,osm
Palm Lane,highway:residential,osm
Fernhill Apartments,landuse:residential,osm
Oman Topaz,landuse:residential,osm
Sobha Oryx,landuse:residential,osm
Mantri Sarovar,landuse:residential,osm
Sobha Garnet,landuse:residential,osm
Sobha Hibiscus,landuse:residential,osm
Sobha Quartz,landuse:residential,osm
Sobha Aquamarine,landuse:residential,osm
Victorian Meadows Road,highway:residential,osm
Akme Harmony,landuse:residential,osm
Divyashree Elan Apartments,landuse:residential,osm
First Cross Street,highway:residential,osm
Madehalli Service Road,highway:primary,osm
Nayandhalli Flyover,highway:trunk,osm
V.R.R Residency,landuse:residential,osm
1st Cross Road,highway:secondary,osm
Platform Road,highway:tertiary,osm
RMZ Eco World Rd,highway:service,osm
I-Life Road,highway:service,osm
Purva Sunshine,landuse:residential,osm
Mantri Flora Apartments,landuse:residential,osm
SJR Park Vista,landuse:residential,osm
SJR Redwoods,landuse:residential,osm
Vaswani Villa Del Mar,landuse:residential,osm
Trinity Acres & Woods,landuse:residential,osm
Utopia Apartments,landuse:residential,osm
NCC Greenwoods Apartments,landuse:residential,osm
Banyan Tree Apartments,landuse:residential,osm
Sobha Iris,landuse:residential,osm
Ecospace Internal Road,highway:unclassified,osm
"6b,""Adarsh Palm Retreat """,highway:service,osm
Pritech Internal Road,highway:service,osm
17th A Cross,highway:residential,osm
Oceanus Freesia Enclave,place:neighbourhood,osm
NR Layout Road,highway:residential,osm
Adarsh Palm Retreat - Gear School Connecting Road,highway:residential,osm
Purva Skydale Apartments,landuse:residential,osm
SJR Blue Waters,landuse:residential,osm
CV Raman Road,highway:tertiary,osm
1st Main road BSK 5th stage,highway:tertiary,osm
Astro Silverwood Residency,landuse:residential,osm
Devarakere jogging track,highway:footway,osm
Yamalur Main Road,highway:tertiary,osm
Satyanarayana Temple Road,highway:residential,osm
Sri Rama Road,highway:residential,osm
9th Cross,highway:residential,osm
5th Link Road,highway:residential,osm
Daivagna Guru Road,highway:residential,osm
Manjunatha Road,highway:residential,osm
Gangondanahalli Main Road,highway:tertiary,osm
"Airforce station Road, Chimney Hills",highway:service,osm
Pavithra Layout,highway:residential,osm
Krishna Lilac Apartments,landuse:residential,osm
Oceanus Triton Apartments,landuse:residential,osm
Oceanus Ebony Apartments,landuse:residential,osm
c,landuse:residential,osm
Lake City,landuse:residential,osm
Thigalarapalya Main Rd,highway:tertiary,osm
Salarpuria Greenage,landuse:residential,osm
Hesarghatta Road,highway:secondary,osm
MS Palya Circle,highway:secondary,osm
Salarpuria Serenity,landuse:residential,osm
8th Main Yelahanka Road,highway:residential,osm
Ramachandrapura Main Road,highway:tertiary,osm
Salarpuria Symphony,landuse:residential,osm
Wise Residency Apartment,landuse:residential,osm
GKVK Road,highway:secondary,osm
Yelahanka Road Flyover,highway:primary,osm
Kannuru Main Road,highway:secondary,osm
"3rd Main, Akash Vihar Layout",highway:residential,osm
"6th Main, Akash Vihar Layout",highway:residential,osm
"5th Cross, Akash Vihar Layout",highway:residential,osm
"6th Cross, Akash Vihar Layout",highway:residential,osm
"2nd Main, Akash Vihar Layout",highway:residential,osm
"4th Main, Akash Vihar Layout",highway:residential,osm
"8th Main, Akash Vihar Layout",highway:residential,osm
"5th Main, Akash Vihar Layout",highway:residential,osm
11th A Main,highway:residential,osm
Nyayagrama,landuse:residential,osm
Jakkur Road,highway:tertiary,osm
NR Windgates Road,highway:residential,osm
Arkavathy Layout Main Road,highway:secondary,osm
"Amarjyothy Layout, 2nd Main",highway:residential,osm
"Gundappa Reddy Layout, 1st Main Road",highway:residential,osm
Saint Anthony Church Road,highway:tertiary,osm
Kodigehalli Road,highway:secondary,osm
Shriram Shreyas Apartment,landuse:residential,osm
Shri Prakriti Apartment,landuse:residential,osm
Sahakaranagar Road,highway:tertiary,osm
Palanahalli Road,highway:residential,osm
Bagalur Road,highway:primary,osm
7A Main,highway:residential,osm
17th C Cross Road,highway:service,osm
The Ledge,landuse:residential,osm
VDB Celadon,landuse:residential,osm
Vivek Marvel Apartment,landuse:residential,osm
Classic Pleasant Ville Layout,landuse:residential,osm
60 Feet Main Road 1,highway:residential,osm
Zion Street,highway:residential,osm
Koramangala Road,highway:tertiary,osm
ISRO Layout,landuse:residential,osm
Vittal Nagar,landuse:residential,osm
Samrudhi Layout,landuse:residential,osm
Kalyani Nagara,landuse:residential,osm
NIMHANS Underpass,highway:service,osm
3rd Road,highway:unclassified,osm
Dr AMC Road,highway:tertiary,osm
Chord Road,highway:trunk_link,osm
Hyper Dr Lane,highway:residential,osm
Hoodi Main Road Flyover,highway:secondary,osm
Gutahalli Palace Main Road,highway:tertiary,osm
20th Cross Road,highway:tertiary,osm
20th D Cross Road,highway:residential,osm
Ark Serene County Apartments,landuse:residential,osm
Hoskote Road,highway:residential,osm
Prestige Acropolis,landuse:residential,osm
Bharat Street,highway:residential,osm
Bannerghatta Road,highway:trunk,osm
Mantri Elite,landuse:residential,osm
Prestige Shantiniketan Inner Road,highway:residential,osm
Kaderanahali Underpass,highway:trunk,osm
14th Cross Chandra Layout,highway:tertiary,osm
Urs colony,landuse:residential,osm
South End F Cross,highway:residential,osm
Y D Homes,landuse:residential,osm
N Damodaran Road,highway:tertiary,osm
16th E Cross Road,highway:residential,osm
Indraprastha Ruhe,landuse:residential,osm
Railway Parallel Road,highway:residential,osm
Yadhava College Road,highway:residential,osm
Tumkur Road Flyover,highway:secondary,osm
Outer Ring Road,highway:tertiary,osm
Mysore Road,highway:tertiary,osm
DRDO Phase 2 Main Road,highway:residential,osm
6th Main Talakaveri Road,highway:residential,osm
11th Main Matru Sri Road,highway:residential,osm
Chidananda Maharashi Ashram Road,highway:tertiary,osm
Sri Ram Mandir Road,highway:residential,osm
3 B Cross,highway:residential,osm
Carton Box Road,highway:residential,osm
Coconut Garden Street,highway:residential,osm
Self Financed Society 208,landuse:residential,osm
Pushkarini Road,highway:residential,osm
Service Road,highway:secondary,osm
Ammayamma Layout Road,highway:residential,osm
SR Layout 1st A Cross,highway:residential,osm
Temple Street,highway:residential,osm
2nd Main Road Venkate Gowda Layout Ayyappa Swamy Temple Street,highway:residential,osm
Palace Loop Road,highway:unclassified,osm
Palace Road,highway:tertiary,osm
Palace Road,highway:primary_link,osm
Christella Villas,landuse:residential,osm
Koedenahalli Road,highway:residential,osm
Horamavu Road,highway:tertiary,osm
Radiant Redwood Apartments,landuse:residential,osm
BTM Residency Phase 1,landuse:residential,osm
NOBO Nagar Main Road,highway:residential,osm
"3rd cross, Sai Enclave",highway:residential,osm
"1st Cross, Sai Enclave",highway:residential,osm
T. Mariyappa Road,highway:secondary,osm
Gopalan Apartments Access Road,highway:residential,osm
Rajashree Layout,landuse:residential,osm
Venkataswamy Raju Road,highway:tertiary,osm
Chord Road Flyover,highway:trunk,osm
Old Mysuru Road Underpass,highway:primary,osm
Old Mysuru Road Flyover Ramp,highway:primary_link,osm
Sarjapura Road Flyover,highway:primary,osm
Four Seasons Apartments,landuse:residential,osm
1st Cross Promenade Road,highway:residential,osm
Vaswani Brentwood Apartments,landuse:residential,osm
Muniswamy Shetty Layout Road,highway:residential,osm
Shriram Samskruti Apartments,landuse:residential,osm
Sumadhura's Srinivasam,landuse:residential,osm
Sena Vihar,landuse:residential,osm
Private Lane,highway:footway,osm
Tala Marg,highway:service,osm
CV Raman Road,highway:primary,osm
Proposed Tumkur Road-Alisda Orr Road,highway:proposed,osm
NIMHANS Quarters,highway:service,osm
Sanjay Gandhi Hospital Road,highway:service,osm
Mahaveer Reveria,landuse:residential,osm
Prestige Lakeside Habitat,landuse:residential,osm
Janapriya Apartments,landuse:residential,osm
Obamma Lane,highway:residential,osm
N R Layout,landuse:residential,osm
7th B Main,highway:residential,osm
7th C Main,highway:residential,osm
Upper Pipeline Road,highway:residential,osm
Mini Villa,landuse:residential,osm
A Street,highway:residential,osm
Sneha Nagar 1st Cross,highway:residential,osm
Sneha Nagar 2nd Cross,highway:residential,osm
Rajiv Gandhi Nagar Railway Parallel Road,highway:tertiary,osm
Sahakaranagar Railway Parallel Road,highway:tertiary,osm
Prestige Silver Oak,landuse:residential,osm
CV Raman Road,highway:trunk_link,osm
Leonard Lane,highway:residential,osm
Hoodi Main Road,highway:secondary,osm
Devarachikkanahalli Road,highway:tertiary,osm
Adarsh Rhythm,landuse:residential,osm
Purva Heights Apartments,landuse:residential,osm
Pioneer Paradise,landuse:residential,osm
Brigade Palmsprings,landuse:residential,osm
Embassy One,landuse:residential,osm
Telecom Colony,landuse:residential,osm
13th Cross Sadashivanagar,highway:tertiary,osm
Munekolala Main Road,highway:tertiary,osm
29th Main Road,highway:secondary,osm
Thavarekere Main Road,highway:tertiary,osm
28th Main Road,highway:tertiary,osm
38th Cross Road,highway:tertiary,osm
39th Cross Road,highway:tertiary,osm
Krishnarajendra Road,highway:secondary,osm
6th Main road,highway:residential,osm
1 Main Road,highway:residential,osm
92nd Cross Road,highway:residential,osm
91st Main Road,highway:tertiary,osm
82nd Cross Road,highway:residential,osm
I Road,highway:residential,osm
G Road,highway:residential,osm
19th A Main,highway:residential,osm
16th F Main,highway:residential,osm
East End Main Road,highway:tertiary,osm
E Road,highway:residential,osm
Brigade Jasmine,landuse:residential,osm
Chinmaya Vidyalaya Road,highway:tertiary,osm
Sri Lakshmi Narasimha Temple Road,highway:residential,osm
Gangadhara Road,highway:residential,osm
Srinivasa Kalyana Mantapa Road,highway:residential,osm
12th Cross,highway:residential,osm
15th Cross,highway:residential,osm
Royal Lake Front 2nd Cross Road,highway:residential,osm
77th Cross Road,highway:residential,osm
78th Cross Road,highway:residential,osm
73rd Cross Road,highway:residential,osm
75th Cross Road,highway:residential,osm
74th Cross Road,highway:residential,osm
76th Cross Road,highway:residential,osm
Chowdeshwari Road,highway:residential,osm
Doctors Layout,highway:residential,osm
"6th cross, new bank colony",highway:residential,osm
"7th Cross, New Bank Colony",highway:residential,osm
CBR Aakruti Apartments,landuse:residential,osm
Surakshaa Fair View Apartments,landuse:residential,osm
BGL17 Exit,highway:service,osm
BGL17 Parking Entry,highway:service,osm
BGL17 Parking,highway:service,osm
Purva Panorama,landuse:residential,osm
Gayatri Pearl Apartment,landuse:residential,osm
Alpine Fiesta Apartments,landuse:residential,osm
E Street,highway:residential,osm
Kote-Mylarappa Layout,landuse:residential,osm
13th E Main Road,highway:residential,osm
Ashoka Lane,highway:residential,osm
Sree Shore Icon,landuse:residential,osm
Kempapura Main Road,highway:tertiary,osm
Nagamma Temple Road,highway:residential,osm
Rashtrakavi Kuvempu Road,highway:residential,osm
Ittina Anai Apartments,landuse:residential,osm
Kariyamma Agrahara Road,highway:tertiary,osm
Vision Nest Road,highway:residential,osm
Koteshwara Road,highway:residential,osm
17th I Cross Road,highway:residential,osm
17th H Cross Road,highway:residential,osm
17th F Cross Road,highway:residential,osm
17th G Cross Road,highway:residential,osm
MSR Road,highway:residential,osm
Hamsa Club Road,highway:residential,osm
Springfield Apartments,landuse:residential,osm
Spring Valley,landuse:residential,osm
Gundappa Gowda Road,highway:residential,osm
20 I Cross Road,highway:residential,osm
20J Cross Road,highway:residential,osm
20H Cross Road,highway:residential,osm
20G Cross Road,highway:residential,osm
Yelammadevi Temple Road,highway:residential,osm
Vinayaka Temple Street,highway:living_street,osm
GKRB Road,highway:residential,osm
14th Main,highway:tertiary,osm
SLS Spencer Villas,landuse:residential,osm
Sri Doddamma Devi Temple Road,highway:tertiary,osm
Hosur Road,highway:tertiary,osm
Vaswani Exquisite Apartments,landuse:residential,osm
Vandana Apartments,landuse:residential,osm
Malleswaram 18th Cross,highway:platform,osm
Sun City Gloria,landuse:residential,osm
Munshi Akbar Hussain Road,highway:residential,osm
Chinnaswamy Mudaliar Road,highway:residential,osm
Pragathipura Main Road,highway:residential,osm
Gulmohar Residency Road,highway:residential,osm
Seetharampalya Road,highway:tertiary,osm
4th E Cross,highway:residential,osm
Parimala Trinity Apartments,landuse:residential,osm
Maruti Apartments,landuse:residential,osm
Golf Manor Apartments,landuse:residential,osm
Arrcons Ayna Indraprastha,landuse:residential,osm
Muniyathappa Lane,highway:living_street,osm
Ashoka Avenue,highway:residential,osm
HAL Old Township,landuse:residential,osm
1st Main Road,highway:unclassified,osm
HAL Market Side road,highway:residential,osm
DRDO Township,landuse:residential,osm
Purva Fairmont Road,highway:residential,osm
KR Garden Main Road,highway:residential,osm
Casa Royale,landuse:residential,osm
Pinewood Apartment,landuse:residential,osm
Rifco Santosh Apartments,landuse:residential,osm
Saideep Horizon Apartments,landuse:residential,osm
Ind-Wins Glory,landuse:residential,osm
5th B Cross Road,highway:service,osm
Royale Habitat,landuse:residential,osm
DSR Rainbow Heights,landuse:residential,osm
Marathahalli Skywalk,highway:footway,osm
SNS Arcade Road,highway:residential,osm
Central Street,highway:secondary,osm
Mantri Blossom,landuse:residential,osm
Dharmaraja Koil Street,highway:tertiary,osm
Hains Road,highway:primary,osm
1st Cross HAL 3rd Stage,highway:residential,osm
2nd Cross HAL 3rd Stage,highway:residential,osm
21 B Cross,highway:residential,osm
Commissariat Road,highway:primary,osm
Curley Street,highway:residential,osm
Enchanted Woods,landuse:residential,osm
SS Ashram Road,highway:tertiary,osm
Vanivilas Road,highway:secondary_link,osm
Medarahalli Main Road,highway:tertiary,osm
Netaji Raste,highway:residential,osm
Roberston Cross Road,highway:residential,osm
Trinity Church Road,highway:primary_link,osm
Nayandahalli Flyover,highway:trunk,osm
Chord Road Flyover Ramp,highway:trunk_link,osm
East Road,highway:residential,osm
Kamaraj Road,highway:secondary,osm
Tagore Circle Underpass,highway:primary,osm
Kanteerava Studio Main Road,highway:tertiary,osm
Rathna Avenue,highway:residential,osm
Ashley Park,highway:residential,osm
Craig Park Road,highway:residential,osm
Pulliyar Kovil Street,highway:residential,osm
1 B Main Road,highway:residential,osm
GM Palya Main Road,highway:secondary,osm
Karnataka State Reserve Police 1st Battalion Police Quarters,landuse:residential,osm
Kempanna Road,highway:residential,osm
CK Garden,highway:residential,osm
School Road 3rd Cross,highway:residential,osm
Link Road,highway:residential,osm
8th Cross Road - Zain Burj,highway:residential,osm
17th F4 Main Rd,highway:residential,osm
Prestige Kingfisher Towers,landuse:residential,osm
Hutment Colony,landuse:residential,osm
Park West,landuse:residential,osm
BMTC Officers Quarters,landuse:residential,osm
Link Road,highway:unclassified,osm
Central Silk Board Staff Quarters,landuse:residential,osm
16 Main Road,highway:residential,osm
Uttaradi Mutt Road,highway:residential,osm
Benne Govindappa Road,highway:residential,osm
Shankar Mutt Road,highway:tertiary,osm
Chunchagatta Main Raod,highway:residential,osm
Total Environment - Learning to Fly,landuse:residential,osm
90th Cross Road,highway:residential,osm
1st A Cross,highway:tertiary,osm
Brigade Komarla,landuse:residential,osm
MBR Steeple,landuse:residential,osm
DLF New Town,landuse:residential,osm
Balmuri Road,highway:residential,osm
Paramount Pilatus,landuse:residential,osm
Mahindra Windchimes,landuse:residential,osm
Om Shakthi Temple Road,highway:residential,osm
Thirumalapura Main Road,highway:residential,osm
Shankarnagar Main Road,highway:tertiary,osm
Way to Mangala Karumaariyamma temple,highway:residential,osm
South End Road,highway:tertiary,osm
Palkaaran Theruvu,highway:living_street,osm
DRDO Residential Colony,landuse:residential,osm
Deepicas Residency,landuse:residential,osm
Mayflower Gardens,landuse:residential,osm
10th Cross Road,highway:living_street,osm
10th A Cross Street,highway:residential,osm
10th B Cross Street,highway:residential,osm
Prestige Greenwoods,landuse:residential,osm
Yellama Temple Street,highway:residential,osm
10th H Cross Street,highway:residential,osm
10th G Cross Street,highway:residential,osm
10th C Cross Street,highway:residential,osm
10th D Cross Street,highway:residential,osm
10th E Cross Street,highway:residential,osm
10th F Cross Street,highway:residential,osm
Samhita Castle,landuse:residential,osm
NSL Luminaire Villas,landuse:residential,osm
High Street Cross,highway:residential,osm
Haudin Road,highway:residential,osm
Parkia Pathway,highway:footway,osm
Parkia Path,highway:footway,osm
Towards Parking / Exit,highway:service,osm
Adarsh Palm Retreat Plumeria,landuse:residential,osm
11th Street,highway:residential,osm
Bluejay Lane,highway:residential,osm
12th Street,highway:residential,osm
Jain Heights Altura,landuse:residential,osm
Lane 1 South,highway:residential,osm
Lane 1 to 10,highway:residential,osm
Lane 2 North,highway:residential,osm
Lane 3 North,highway:residential,osm
Lane 4 North,highway:residential,osm
Railway Platform Road,highway:primary,osm
Akruti Sunshine,landuse:residential,osm
Assetz East Point,landuse:residential,osm
PBR Road,highway:residential,osm
6th Cross Street,highway:residential,osm
Ascot Apartments,landuse:residential,osm
Golden Imroze,landuse:residential,osm
Tierra,landuse:residential,osm
Marvel Arista,landuse:residential,osm
Purva Park Apartments,landuse:residential,osm
Maryland Drive,highway:residential,osm
Gunjur Balagere Road,highway:tertiary,osm
SRS Main Road,highway:tertiary,osm
2nd Cross Lakshmi Road,highway:residential,osm
Hall Road,highway:residential,osm
Rogers Road,highway:residential,osm
The Magic Faraway Tree Total Environment,landuse:residential,osm
Sriya Paradise,landuse:residential,osm
Sahana Residency,landuse:residential,osm
Manyata Gate 4 Road,highway:residential,osm
Jaya Emerald,landuse:residential,osm
G Street,highway:residential,osm
E 2nd Street,highway:living_street,osm
Parimala Ivory Apartment,landuse:residential,osm
Ushodaya Aura,landuse:residential,osm
Athishri,landuse:residential,osm
MC Sarovar Appartment,landuse:residential,osm
Malnad Villa,landuse:residential,osm
Elegance Lalbagh View Apartment,landuse:residential,osm
Kethana Eternal Blossom,landuse:residential,osm
Sila Diamond Apartment,landuse:residential,osm
Soundarya Pranav Apartments,landuse:residential,osm
Sai Palace Apartments,landuse:residential,osm
Chartered Beverly Hills,landuse:residential,osm
Samrat Apartments,landuse:residential,osm
16th E Main Road,highway:residential,osm
Century Pragati,landuse:residential,osm
1st Ashwini Street,highway:residential,osm
Choodasandra Road,highway:tertiary,osm
Road No. 2,highway:residential,osm
Green House Path,highway:footway,osm
Sindhya Sunshine,landuse:residential,osm
Bhikshu Kunj,landuse:residential,osm
Vaswani Melrose,landuse:residential,osm
Sumadhura Pranavam,landuse:residential,osm
Habitat Eden Heights,landuse:residential,osm
Butterfly Way,highway:footway,osm
Ajmera Green Acres,landuse:residential,osm
King's Road,highway:unclassified,osm
Newark Springs,landuse:residential,osm
Adithya Serene,landuse:residential,osm
Cubbon Road,highway:secondary,osm
Basbusabpalaya Service Road,highway:tertiary,osm
BM Glorietta,landuse:residential,osm
Vittal Mallya Road,highway:primary_link,osm
Krishna Rao Park Walk Trail,highway:footway,osm
Coconut Garden Layout,landuse:residential,osm
Chalukya Nagar,landuse:residential,osm
Garden Vilas,landuse:residential,osm
Church Service Road,highway:residential,osm
Kodipalya Road,highway:tertiary,osm
H1 Street,highway:living_street,osm
Nirvana,landuse:residential,osm
Prestige Kew Gardens,landuse:residential,osm
Government Homeopathic Hospital Quarters,landuse:residential,osm
Charminar Masjid Road,highway:residential,osm
Old Post Office Road,highway:tertiary,osm
NES Office,highway:platform,osm
Chikka Banaswadi Road,highway:secondary,osm
Dr. APJ Abdul Kalam Road,highway:tertiary,osm
Dwarka Nagar Road,highway:residential,osm
Khazee Street,highway:residential,osm
Citi Nest,place:locality,osm
ESI Quarters,landuse:residential,osm
Raghavendra Swamy Mutt Road,highway:residential,osm
2nd Diagonal Road,highway:residential,osm
Mahaveer Dazzle,landuse:residential,osm
Cubbon Park Nature Trail,highway:footway,osm
EWS Layout,landuse:residential,osm
Sai Enclave,landuse:residential,osm
Keerthi Gardenia,landuse:residential,osm
Rajani Ashish Apartments,landuse:residential,osm
"Amarjyothy Layout, 4th Main",highway:residential,osm
"Gundappa Reddy Layout, 1st Cross Road",highway:residential,osm
Genesis Suncity Road,highway:residential,osm
Genesis Suncity,landuse:residential,osm
Reliaable Acacia,landuse:residential,osm
Sobha Ultima,landuse:residential,osm
5th F Cross,highway:residential,osm
Rema Skyview Apartments,landuse:residential,osm
Veracious Sonesta Apartments,landuse:residential,osm
BREN Palms,landuse:residential,osm
Mangalya Prosper Apartments,landuse:residential,osm
Time,landuse:residential,osm
MEI Colony 3rd cross,highway:residential,osm
BWSSB Pipeline Track,highway:residential,osm
Jamia Masjid Street,highway:pedestrian,osm
Brigade Mayfair,landuse:residential,osm
Krishna Rajendra Road,highway:secondary,osm
Lake View County,landuse:residential,osm
Royal County,landuse:residential,osm
Divya Jyothi Royal Heights,landuse:residential,osm
Habitat Crest,landuse:residential,osm
Axis Citrino Apartments,landuse:residential,osm
Mantri Glades,landuse:residential,osm
Gangadhar Chetty Cross Road,highway:residential,osm
Sriram Shristhi,landuse:residential,osm
Shriram Srishti,landuse:residential,osm
Siroya Environ,landuse:residential,osm
12th Cross Anandapura,highway:living_street,osm
10 Cross Anandapura,highway:living_street,osm
6th Main Anandapura,highway:residential,osm
Murugan Temple Street,highway:residential,osm
2nd Shop Lane,highway:residential,osm
1st Shop Lane,highway:residential,osm
3rd Shop Lane,highway:residential,osm
Jaishree Point Apartment,landuse:residential,osm
Railway Station Subway,highway:footway,osm
Mofussil Bus Road,highway:service,osm
Hare Krishna Road Underpass,highway:secondary,osm
25th B Cross,highway:residential,osm
Ramaiah Street,highway:residential,osm
Doddathogur and Chikkatoghuru Link Road,highway:residential,osm
Gunjurupalya Road,highway:tertiary,osm
Mathrushree Orchid Homes,landuse:residential,osm
Golden Village Layout,landuse:residential,osm
3rd Main Cross Road,highway:residential,osm
Embassy Grove,landuse:residential,osm
Rama Temple Street,highway:residential,osm
KG Nagar Main Rd,highway:tertiary,osm
Kempegowda Circle,highway:tertiary,osm
Veerannapalya Flyover,highway:trunk,osm
Srinagar - Kanyakumari Highway,highway:trunk,osm
Outer Ring Road,highway:construction,osm
Nagawara Flyover,highway:trunk,osm
Marathahalli Underpass,highway:trunk,osm
Srinagar - Kanyakumari Highway,highway:trunk_link,osm
Ganga Nagar Flyover,highway:trunk,osm
Flyover Ramp,highway:trunk_link,osm
Classic Hallmark,landuse:residential,osm
Chourasia Manor Phase 2,landuse:residential,osm
CV Raman Road,highway:trunk,osm
Yeshwantpura Circle Flyover,highway:trunk,osm
XC trail,highway:path,osm
Gulmohar Marg,highway:service,osm
Puravankara Purva Sunflower,landuse:residential,osm
Bhadrappa Layout Flyover,highway:trunk,osm
Eastwood Clubhouse Road,highway:residential,osm
Kuvempu Underpass,highway:trunk,osm
Goraguntepalya Flyover,highway:motorway,osm
Benniganahalli Flyover 1,highway:trunk,osm
Sanjeevappa Main Road,highway:residential,osm
Venugopalaswamy Temple Street,highway:living_street,osm
Chinnaveera Kanavi Road,highway:residential,osm
Hutchins Main Road,highway:residential,osm
Siddeshwara layout 3rd cross,highway:residential,osm
Ganapati Temple Road,highway:residential,osm
Kudlu Main Road,highway:residential,osm
4th Cross Muneshawara Layout,highway:residential,osm
Vishwapriyanagar Main Road,highway:residential,osm
Central Excise Road,highway:residential,osm
2nd Cross,highway:service,osm
3rd Main 2nd Cross,highway:residential,osm
Nanjundeshwara Street,highway:residential,osm
ITC Colony Road,highway:residential,osm
ITC Mud Fort,landuse:residential,osm
Kalahalli Main Road,highway:residential,osm
28th B Main Road,highway:residential,osm
BEL Road,highway:secondary_link,osm
A Cross,highway:residential,osm
B Cross Road,highway:residential,osm
Venkattapa Colony Main Road,highway:residential,osm
4th cross Venkattapa Colony,highway:residential,osm
3rd Cross Venkattapa Colony,highway:residential,osm
2nd cross Venkattapa Colony,highway:residential,osm
1st Cross Venkattapa Colony,highway:residential,osm
Buddha Street,highway:residential,osm
Opposite The Bull Ring,highway:residential,osm
Modi Hospital Main Road,highway:secondary,osm
St. Johns Residential Quarters,landuse:residential,osm
Inderjeet Layout,highway:residential,osm
Gangamma Temple road,highway:residential,osm
G R Shreenivas,landuse:residential,osm
"D Silva Layout , Happy Valley",place:neighbourhood,osm
26,highway:residential,osm
M4,highway:residential,osm
2,highway:residential,osm
Salarpuria Sattva Celesta,landuse:residential,osm
Rajendra Infotech Road,highway:residential,osm
Banashankari 6th Stage - 1st Block,landuse:residential,osm
Banashankari 6th Stage - 2nd Block,landuse:residential,osm
Banashankari 6th Stage - 3rd Block,landuse:residential,osm
Banashankari 6th Stage - 4th Block,landuse:residential,osm
Banashankari 6th Stage - 6th Block,landuse:residential,osm
Banashankari 6th Stage - 5th Block,landuse:residential,osm
Banashankari 6th Stage - 7th Block,landuse:residential,osm
Banashankari 6th Stage - 9th Block,landuse:residential,osm
Banashankari 6th Stage - 10th Block,landuse:residential,osm
Banashankari 6th Stage - 8th Block,landuse:residential,osm
Banashankari 6th Stage - 4th B Block,landuse:residential,osm
6th C Cross,highway:residential,osm
Water Tank Road,highway:residential,osm
5th E Cross Road,highway:service,osm
5th E Cross Road,highway:residential,osm
Rajajinagar 1st Block Flyover,highway:primary,osm
Sultan Gunta Road,highway:primary,osm
Sridevi Nagar 4th Cross Road,highway:residential,osm
"Temple Trees Rd, Cauvery Colony",highway:residential,osm
Kenchenahalli Main Road,highway:residential,osm
Krishnappa Road,highway:tertiary,osm
Old Race Course Road,highway:tertiary,osm
Lower Agram Road,highway:secondary,osm
St. John's Cross Road,highway:residential,osm
Sobha Ivory,landuse:residential,osm
Sankey Apartment,landuse:residential,osm
NAL Quarters,landuse:residential,osm
Mantri Lithos,landuse:residential,osm
Balabrooie Guest House,landuse:residential,osm
Chief Secretary House,landuse:residential,osm
Seven Ministers Quarters,landuse:residential,osm
19th Cross Road,highway:living_street,osm
Raghavappa Road,highway:residential,osm
Saraswati Amma Road,highway:residential,osm
Karnataka High Court Staff Quarters,landuse:residential,osm
2nd Cross Street,highway:living_street,osm
3rd Cross Street,highway:living_street,osm
Math Department Road,highway:service,osm
CAOS Road,highway:path,osm
Ramanna Road,highway:residential,osm
Subway,highway:footway,osm
Subway,highway:steps,osm
Millers Road Underpass,highway:secondary,osm
Zonasha Vista,landuse:residential,osm
Sobha Classic,landuse:residential,osm
Vaishnavi Nakshatra,landuse:residential,osm
Talacauvery Road,highway:residential,osm
10th Cross F/G Block Rd,highway:residential,osm
Chandra Mouleshwara Swamy Temple Road,highway:residential,osm
Old Kasai Road,highway:residential,osm
Rajanna Lane,highway:residential,osm
Neeladri Sadan Apartments,landuse:residential,osm
Old Quarters Road,highway:service,osm
King's Way Apartment,landuse:residential,osm
Makkala Basavanna Temple Street,highway:residential,osm
"6th Cross road, Wellington Paradise Layout",highway:residential,osm
"3rd Cross, Wellington Paradise Layout",highway:residential,osm
"2nd Main, Wellington Paradise Layout",highway:residential,osm
"4th Cross, Wellington Paradise Layout",highway:residential,osm
"2nd Cross, Wellington Paradise Layout",highway:residential,osm
"1st Cross, Wellington Paradise Layout",highway:residential,osm
Manar Elegance,landuse:residential,osm
Creative Residency,landuse:residential,osm
Isha Lake Front,landuse:residential,osm
SMR Vinay Estella,landuse:residential,osm
Zonasha Paradiso,landuse:residential,osm
Y @ Whitefield,landuse:residential,osm
Vijetha Lapis Lazuli,landuse:residential,osm
SVS Palms,landuse:residential,osm
The Greens Apartment,landuse:residential,osm
Bren Unity,landuse:residential,osm
HAL Housing Complex,landuse:residential,osm
KPTCL Quarters,landuse:residential,osm
Embassy TechVillage Road,highway:service,osm
9th Cross Road,highway:living_street,osm
CIMAP,highway:service,osm
Meanee Avenue Road Tank Road,highway:residential,osm
White Meadows,landuse:residential,osm
Narayan Nethralaya,landuse:residential,osm
Meanee Avenue Road,highway:residential,osm
Kensington Road,highway:secondary,osm
Pie R Cube,highway:pedestrian,osm
Kaikondrahalli lake trail,highway:footway,osm
Rangaswamy Road,highway:residential,osm
Old Santhe Road,highway:tertiary,osm
"21st C Cross, Narayananagara, 1st Stage",highway:residential,osm
Bandepalya Road,highway:tertiary,osm
DSR Ultima,landuse:residential,osm
6th Main,highway:residential,osm
1st Main 4th Cross Rd,highway:residential,osm
Bank Colony Main Road,highway:residential,osm
4th Cross Rd,highway:residential,osm
1st Cro,highway:residential,osm
2 B Cross Road,highway:residential,osm
4 B Main Road,highway:residential,osm
Zebra Crossing,highway:footway,osm
G 10th Street,highway:residential,osm
Golk Link Apartments,landuse:residential,osm
Official Residence of Chief Minister of Karnataka,landuse:residential,osm
Embassy Palace,landuse:residential,osm
Chief Minister's Guesthouse,landuse:residential,osm
Brigade Millennium,landuse:residential,osm
Elita Promenade Phase 1,landuse:residential,osm
Vaishnavi Terraces,landuse:residential,osm
NES Office,highway:bus_stop,osm
Hoodi-Kodigehalli Road,highway:tertiary,osm
Bethel Lane 3rd Cross,highway:residential,osm
Bethel Lane 1st Cross,highway:residential,osm
1st Main Road Versova Layout,highway:residential,osm
1st Cross Versova Layout,highway:residential,osm
East End B Main Road,highway:residential,osm
Jalabhavan Road,highway:residential,osm
13th B Main Road,highway:residential,osm
Purva Iris Apartments,landuse:residential,osm
Besthara Beedi,highway:residential,osm
YNK Railway Station Road,highway:residential,osm
SJR Primecorp The Pavilion,landuse:residential,osm
RMZ Eco World Road,highway:service,osm
Pritech Road,highway:service,osm
Yemalur Terytary Road,highway:residential,osm
Kempapura Road,highway:residential,osm
Perl Paradise Community,highway:service,osm
13th Cross Road,highway:service,osm
Swagger Road,highway:residential,osm
Kempapura Bangalore,highway:residential,osm
Royal Enclave Road,highway:residential,osm
Bren Paddington,landuse:residential,osm
Amrutha Value,landuse:residential,osm
Shriram Chirping Woods,landuse:residential,osm
Shubh Enclave,landuse:residential,osm
Astro Redwood Regency,landuse:residential,osm
Bren (SJR) Celestia,landuse:residential,osm
Srinivasa Classic,landuse:residential,osm
Saul Kere Path,highway:path,osm
Karnataka State Reserve Police,landuse:residential,osm
KSDB Quarters,landuse:residential,osm
Saroj Dynasty,landuse:residential,osm
Suncity Apartments,landuse:residential,osm
Zephyr,landuse:residential,osm
Kristal Olivine,landuse:residential,osm
Nandi Sunshine Layout,landuse:residential,osm
Epsilon,landuse:residential,osm
1st A Cross Road,highway:unclassified,osm
Adithi Arcade,landuse:residential,osm
Radiant Jasmine Gardens,landuse:residential,osm
71 A Cross Road,highway:residential,osm
57th D cross road,highway:residential,osm
57th Cross Road,highway:residential,osm
57th C Cross Road,highway:residential,osm
56th Cross Road,highway:residential,osm
55th Cross Road,highway:residential,osm
54th Cross Road,highway:residential,osm
53rd Cross Road,highway:residential,osm
57th A Cross Road,highway:residential,osm
57th B Cross Road,highway:residential,osm
"57th Cross, 4th Block",highway:residential,osm
46th A Cross Road,highway:residential,osm
"43rd Cross Road, 1st Block",highway:residential,osm
36th Cross Road,highway:tertiary,osm
Supreme Residency Layout,landuse:residential,osm
Sampigehalli Road,highway:tertiary,osm
Spectra Raaya,landuse:residential,osm
Siddapura Lake Road,highway:residential,osm
18th Main Road,highway:secondary,osm
Ebenezer Garden,highway:residential,osm
Esther Defence Avenue,highway:residential,osm
Golden Palms Road,highway:tertiary,osm
Dhruva Apartments,landuse:residential,osm
Ashwini Heights,landuse:residential,osm
Vars Ferndale,landuse:residential,osm
9th B Cross Road,highway:living_street,osm
Gitanjali Apartments,landuse:residential,osm
Saint Anns Church Road,highway:residential,osm
Durga Petals Road,highway:residential,osm
Cantonment Station Road,highway:primary,osm
Tulsipura Main Road,highway:tertiary,osm
Brigade Metro Road,highway:residential,osm
Reddy Lane,highway:residential,osm
Builders Apartments,landuse:residential,osm
Devaraj Mudaliar Street,highway:residential,osm
Ashok Nagar Road,highway:residential,osm
Ejipura Main Road,highway:secondary,osm
13th A Cross,highway:residential,osm
Walking path,highway:footway,osm
Kanteerava Studio Main Road,highway:secondary,osm
Brigade Northridge,landuse:residential,osm
Purva Highland Driveway,highway:residential,osm
Link to AL,highway:residential,osm
Vaibhava Sumukha Enclave Phase 2,highway:tertiary,osm
16th B Cross Road,highway:secondary,osm
New road,highway:residential,osm
Lake Side Walk,highway:footway,osm
Lake side walk,highway:footway,osm
Charitha Green Woods,landuse:residential,osm
Sunny Brooks,place:neighbourhood,osm
Vars Notting Hill,landuse:residential,osm
Pearl Tuscany Apartments,landuse:residential,osm
Akruthi Silverline,landuse:residential,osm
KHB Platinum Apartments,landuse:residential,osm
Swamy Vivekananda Road,highway:trunk,osm
Shanthi Road,highway:residential,osm
Subramaniapura Main Road,highway:secondary,osm
Jyoti Enclave,landuse:residential,osm
Ashish JK,landuse:residential,osm
Sonesta Meadows,landuse:residential,osm
KHB Junction Underpass,highway:primary,osm
Rainbow Layout,landuse:residential,osm
Prestige Glenmorgan,landuse:residential,osm
Prestige Mayberry Road,highway:residential,osm
DNR Atmoshphere,landuse:residential,osm
Walking Path,highway:footway,osm
Dickenson Road,highway:tertiary,osm
Halasuru Road,highway:tertiary,osm
Bazaar Road,highway:tertiary,osm
Abhigna Misty Woods,landuse:residential,osm
D Mudaliar Street,highway:residential,osm
R K Mutt Road,highway:residential,osm
New MICO Link Road,highway:tertiary,osm
Prestige Tech Vista,landuse:residential,osm
4th Cross KV Layout,highway:residential,osm
Walking Trail,highway:footway,osm
Sumadhura Silver Ripples,landuse:residential,osm
Shilpitha Sunflower,landuse:residential,osm
Puttalingaiah Road,highway:secondary,osm
Thambuchettypalya Main Road,highway:construction,osm
Dr. Rajkumar Road Underpass,highway:secondary,osm
1st Avenue,highway:residential,osm
BMRCL Quarters,landuse:residential,osm
4th Cross road,highway:secondary,osm
RT Nagar Main Road,highway:secondary,osm
Dattatreya Temple Street,highway:residential,osm
Dattatreya Temple Street,highway:tertiary,osm
Borewell Colony,highway:residential,osm
Ramanashree California Avenue,highway:residential,osm
Dillenia Street,highway:residential,osm
Mahogani Street,highway:residential,osm
Peak Street,highway:residential,osm
Venkatappa Reddy Street,highway:residential,osm
Cassia Street,highway:residential,osm
19th Cross Road,highway:unclassified,osm
Manavarthi Thotta,highway:residential,osm
Sri Muneshwara & Sri Chowdeshwari Temple Road,highway:residential,osm
6th A Cross Road,highway:living_street,osm
MM Street,highway:residential,osm
SMR Street,highway:residential,osm
MCR Street,highway:residential,osm
Peepal Tree Road,highway:residential,osm
TGR Street,highway:residential,osm
Balaji Enclave Rd,highway:residential,osm
Yelahanka Lake Trail,highway:path,osm
5th Main Road,highway:service,osm
Papanna Layout,highway:residential,osm
3 Ath B Main Road,highway:residential,osm
Vinayakanagar 8th Main Road,highway:residential,osm
Shiva Temple Road,highway:residential,osm
Bande Road,highway:residential,osm
Grave Yard Road,highway:residential,osm
Sapthagiri Layout Road,highway:residential,osm
Bhartiya City Back Gate Road,highway:residential,osm
Thirumenahalli Main Road,highway:residential,osm
Prakruthi Nagar Road,highway:residential,osm
Amruthahalli Main Road,highway:residential,osm
Kothanur Main Road,highway:secondary,osm
Gunjur Hosahalli Road,highway:tertiary,osm
Thanisandra Main Road Railway Underpass,highway:primary,osm
Brigade Altamont,landuse:residential,osm
Diamond Street,highway:residential,osm
Naipunya Layout Main Road,highway:residential,osm
Bhuvana Greens,landuse:residential,osm
Oceanus Vista,landuse:residential,osm
Fire Emergency Road,highway:service,osm
HM Symphony,landuse:residential,osm
Purva Whitehall,landuse:residential,osm
Brigade Cosmopolis,landuse:residential,osm
Chaithanya Sharan,landuse:residential,osm
Duo City layout,landuse:residential,osm
KPR Elite,landuse:residential,osm
Ananthapura / Attur Lake Trial,highway:path,osm
Attur lake trail,highway:path,osm
Vydehi Hospital Road,highway:tertiary,osm
Silkboard Double Decker Flyover,highway:primary,osm
Marenahalli Road,highway:tertiary,osm
Street,highway:residential,osm
Ezzy Corinth,landuse:residential,osm
Arge Helios,landuse:residential,osm
Keerti Challet Apartment,landuse:residential,osm
Sultan Road,highway:secondary,osm
Doctor's colony,highway:residential,osm
Pavani Sarovar,landuse:residential,osm
SBB Touchstone,landuse:residential,osm
"1st Main, 4th Block, Ayyappanagar",highway:residential,osm
Good Hope Street,highway:residential,osm
Good hope Street,highway:residential,osm
PSN Podium walkway,highway:service,osm
Chord Road Service Road,highway:tertiary,osm
Patanagere Main Road,highway:tertiary,osm
RV Univ Road,highway:service,osm
Surya Kiran & Chandra Kiran Apartments,landuse:residential,osm
Prestige Deja Vu,landuse:residential,osm
Sahakar Nagar Railway Underpass,highway:tertiary,osm
Chowriappa Constellation,landuse:residential,osm
1 (R),highway:residential,osm
1 (L),highway:residential,osm
Prima Hi-Life,landuse:residential,osm
Post Office Road,highway:residential,osm
Bellandur Main Road,highway:tertiary,osm
Total Environment - Raindrops Keep Falling on My Head,landuse:residential,osm
TMN Street,highway:residential,osm
Kranthikavi Sarvagnya Road,highway:tertiary,osm
59th Cross Road,highway:residential,osm
Little Elly School Road,highway:residential,osm
Gurumurthy Swamy Temple Road,highway:tertiary,osm
6th Main Road,highway:steps,osm
E A Cross Road,highway:residential,osm
14th D Cross Road,highway:residential,osm
Mahaveer Woods Road,highway:residential,osm
22B Main Road,highway:residential,osm
4B Cross Road,highway:residential,osm
Sri Nivagalu Main Road,highway:residential,osm
100 feet Road,highway:primary,osm
Dr. Rajkumar Road,highway:secondary_link,osm
Mantri Webcity,landuse:residential,osm
The Wisdom Tree Community,landuse:residential,osm
Yemalur Main Road,highway:tertiary,osm
6th Cross Road,highway:living_street,osm
10th Main Road,highway:living_street,osm
2nd A Main road,highway:residential,osm
Hidyath Nagar Road,highway:residential,osm
Geetha Flourmill Road,highway:residential,osm
Lakshmi Narayana Temple Road,highway:tertiary,osm
4th A Cross Road,highway:tertiary,osm
Manjunadha Layout Main Road,highway:tertiary,osm
Annaiah Reddy Street,highway:service,osm
Monarch Serenity,landuse:residential,osm
Rifco Aruna Apartments,landuse:residential,osm
7th Cross Roas,highway:residential,osm
Sharadadevi Road,highway:residential,osm
Bull Temple Cross Road,highway:residential,osm
Maternity Hospital Backside Road,highway:residential,osm
Saint Peter Street,highway:residential,osm
Saint James Church Road,highway:residential,osm
BPS Walk path,highway:footway,osm
Vinayaka Street,highway:residential,osm
R.H.B. Colony 2nd Cross Road,highway:residential,osm
R.H.B. Colony 7th Cross Road,highway:residential,osm
R.H.B. Colony 6th Cross Road,highway:residential,osm
"3rd Cross, Rajarajeshwari Nagar",highway:residential,osm
"2nd Cross Road, Bethelnagar",highway:residential,osm
"2 A Main, Bethelnagar",highway:residential,osm
2nd Block Road,highway:residential,osm
Shanthi Layout Main road,highway:residential,osm
"1st A Main, 20th D Cross",highway:residential,osm
8th G street,highway:residential,osm
Lalbagh Fort Road,highway:residential,osm
Poorvanjaneya Swamy Temple Road,highway:residential,osm
7B Main,highway:residential,osm
80 feet road,highway:tertiary,osm
D Main Road,highway:residential,osm
C Main Road,highway:residential,osm
A Main Road,highway:residential,osm
Krishna Kuteer White House Phase 2,landuse:residential,osm
2E Cross Road,highway:residential,osm
Susheela Road,highway:residential,osm
37th Main Road,highway:residential,osm
Sarakki Village Road,highway:tertiary,osm
Karle Zenith Residency Road,highway:service,osm
9th E Cross Road,highway:residential,osm
32nd C Main Road,highway:residential,osm
32nd A Main Road,highway:residential,osm
South End E Cross,highway:residential,osm
13th Cross Road,highway:secondary,osm
F Cross Road,highway:residential,osm
19th C Main Road,highway:residential,osm
8th Main Road Ta Ra SubbaRao Road,highway:residential,osm
5th Main road,highway:residential,osm
Viswesvariah Road,highway:residential,osm
Royal Placid Phase 1,landuse:residential,osm
Sai Poorna Premier,landuse:residential,osm
ND Elite,landuse:residential,osm
RDB Stillwaters,landuse:residential,osm
5th A Avenue,highway:residential,osm
Rajmahal School Road,highway:residential,osm
2nd Cross Road,highway:primary_link,osm
Sriniivagalu Main Road,highway:residential,osm
Manyata Residency,landuse:residential,osm
Joint Road 16th & 17th cross,highway:residential,osm
1A Road,highway:residential,osm
Bagmane World Techpark Road,highway:unclassified,osm
St. Mark's Circle Plaza,highway:pedestrian,osm
Staff Quarters,landuse:residential,osm
Aeris Residency,landuse:residential,osm
Bosch Road,highway:service,osm
Mantri Elegance,landuse:residential,osm
Vajram Essenza,landuse:residential,osm
15th Cross Road,highway:secondary,osm
Zonasha Elegance,landuse:residential,osm
Fern's Residency,landuse:residential,osm
SMR Galaxy,landuse:residential,osm
"1st Cross, Krishna Nagar",highway:residential,osm
1st Main Road,highway:path,osm
Prestige Hermitage,landuse:residential,osm
3rd B Cross Versova Layout,highway:residential,osm
Green Garden Layout,landuse:residential,osm
Kunte Road,highway:residential,osm
Greystone Mirror On Water,landuse:residential,osm
Ozone Evengreen Internal Road,highway:residential,osm
Rainbow Residency,place:neighbourhood,osm
20th Avenue,highway:residential,osm
18th Avenue,highway:residential,osm
17th Avenue,highway:residential,osm
16th Avenue,highway:residential,osm
15th Avenue,highway:residential,osm
Salarpuria Sattva Senorita,landuse:residential,osm
15th Avenue,highway:service,osm
Prestige Silver Dale,landuse:residential,osm
Keerthi Regalia,landuse:residential,osm
17 D Cross,highway:residential,osm
Embassy Tech Village Service Rd,highway:service,osm
21st Avenue,highway:residential,osm
Someshwara Layout Road,highway:residential,osm
Ittina Souparnika Road,highway:service,osm
Kasavanahalli Main Road,highway:residential,osm
Halanayakanahalli Lake Road,highway:residential,osm
Mana Jardin,landuse:residential,osm
DNR Arista,landuse:residential,osm
Sobha Classic & Eternia Road,highway:residential,osm
Sobha Eternia,landuse:residential,osm
DSR Woodwinds,landuse:residential,osm
Karishma Hills,landuse:residential,osm
66th Cross Road,highway:residential,osm
Main Road Appariddialya,highway:residential,osm
Defence Colony,highway:residential,osm
Prestige Jade Pavilion,landuse:residential,osm
Poetree Apartment,landuse:residential,osm
Kane Road,highway:residential,osm
Fortuna Krrish,landuse:residential,osm
Chord Road,highway:primary_link,osm
Ramamurthy Nagar Bridge,highway:secondary,osm
Oceanus Greendale,landuse:residential,osm
Adithya Sogni,landuse:residential,osm
Veracious Rosedale,landuse:residential,osm
Veracious Lansdale Apartments,landuse:residential,osm
Vaswani Reserve,landuse:residential,osm
Horamavu Underpass,highway:secondary,osm
Abhee Prince Apartments,landuse:residential,osm
Sumadhura LNR Lake Breeze Apartments,landuse:residential,osm
Sobha Lavender,landuse:residential,osm
Sobha Primrose,landuse:residential,osm
Sraddha Splendor,landuse:residential,osm
Sonestaa iWoods,landuse:residential,osm
Sobha Petunia,landuse:residential,osm
Midtown Rythm,landuse:residential,osm
SLN Residency,landuse:residential,osm
Sindhu Amazon,landuse:residential,osm
Saket Callipolis,landuse:residential,osm
Sai Gardens Yemlur,landuse:residential,osm
Chaithanya Rakuen,landuse:residential,osm
Keerthi Royal Palms,landuse:residential,osm
Parimala Sunridge,landuse:residential,osm
Mantri Espana,landuse:residential,osm
Orchid Lake View,landuse:residential,osm
Nagarjuna Meadows,landuse:residential,osm
Summer Paradise Lane,highway:residential,osm
Krishna Ikon Apartments,landuse:residential,osm
Uber Verdant,landuse:residential,osm
Mulberry Woods,landuse:residential,osm
Abodh Valmark,landuse:residential,osm
Eden Greens,landuse:residential,osm
Provident Harmony,landuse:residential,osm
Metro - Bus Foot Overbridge,highway:footway,osm
1A Cross,highway:residential,osm
Skanda Nirvana Main Road,highway:residential,osm
Gunjur Varthur Main Road,highway:secondary,osm
Commissariat Road,highway:primary_link,osm
DivyaSree 77 Place,landuse:residential,osm
DivyaSree 77 East,landuse:residential,osm
Krishna Prakash Apartments,landuse:residential,osm
Shri Dutta Township,landuse:residential,osm
Phoenix One Bangalore West,landuse:residential,osm
Sheelavanthana Kere Walking Track,highway:path,osm
Radiance Apartment,landuse:residential,osm
DSR White Waters Road,highway:residential,osm
DSR White Waters,landuse:residential,osm
Mother Teresa Road,highway:residential,osm
CLPD Arcadia,landuse:residential,osm
Saveria Winston,landuse:residential,osm
Skanda Sky Apartments,landuse:residential,osm
4th Main,highway:tertiary,osm
Spice Garden Road,highway:residential,osm
Fern Saroj Apartments,landuse:residential,osm
Doddanekundi Lake Walk,highway:path,osm
4th Main JHBC Road,highway:residential,osm
Petrol Pipeline Road,highway:secondary,osm
Yellahanka Railwaystation Road,highway:unclassified,osm
Sherwood Road,highway:residential,osm
14th E Cross Road,highway:residential,osm
KT Nagappa Road,highway:residential,osm
1st Cross Sector C Road,highway:residential,osm
Evergreen Layout Main Road,highway:residential,osm
Ganesh Temple Road,highway:residential,osm
Eurokids Road,highway:residential,osm
Muneshwaranagar 1st Cross,highway:residential,osm
Adarsh Palm Retreat Internal Road,highway:tertiary,osm
Amphitheatre Walk,highway:path,osm
BR Street,highway:service,osm
Kogilu Main Road,highway:secondary_link,osm
West Parallel Road,highway:residential,osm
Block 9A Road,highway:service,osm
2nd Transverse street,highway:residential,osm
Gangothri Lane,highway:residential,osm
Kanakapura Road,highway:tertiary,osm
Dhobi Ghat Road,highway:service,osm
Mahatma Gandhi Road,highway:residential,osm
Mallige Road,highway:residential,osm
Maragondanahalli Main Road,highway:tertiary,osm
Private Road,highway:residential,osm
"8th Cross, New Bank Colony",highway:residential,osm
Balakrishnaappa Main Road,highway:residential,osm
8th Main A Cross Road,highway:residential,osm
Pariwar Presidency Apartments,landuse:residential,osm
RNS Shanthi Nivas,landuse:residential,osm
Mantri Pinnacle,landuse:residential,osm
Four Seasons,landuse:residential,osm
Adarsh Palm Retreat Internal Road,highway:residential,osm
Adarsh Palm Retreat,highway:residential,osm
Raj Bhavan,landuse:residential,osm
Pragathi College Road,highway:residential,osm
Puravankara Palm Beach,landuse:residential,osm
4th Main Road,highway:service,osm
Annaiah Reddy Road,highway:residential,osm
Kensington Road Cross,highway:residential,osm
Maratt Pimento,landuse:residential,osm
Alpine Pyramid,landuse:residential,osm
Devinagar Main Road,highway:residential,osm
9th Cross Tatanagar,highway:tertiary,osm
Dasappa Road,highway:residential,osm
NGEF Ancillary Estate,highway:service,osm
Sanjay Giri Skywalk,highway:footway,osm
1 A Main Road,highway:tertiary,osm
BSCPL Bollineni Silas,landuse:residential,osm
Mahaveer Promenade,landuse:residential,osm
Chikkanayakanahalli Road,highway:secondary,osm
Dinnuru Main Road,highway:secondary,osm
3rd Main Road (Surakshaa Road),highway:residential,osm
Gap in divider at 5th Main,highway:residential,osm
Sidharata colony Road,highway:residential,osm
Field Marshal Cariappa Cycle Path,highway:cycleway,osm
Field Marshall Cariappa Cycle Path,highway:cycleway,osm
Cubbon Road Cycle Path,highway:cycleway,osm
Little Sisters of Poor,landuse:residential,osm
Mantri Astra,landuse:residential,osm
Hennur Flyover,highway:secondary,osm
Ananda Bairavi Apartments,landuse:residential,osm
Bull Temple Road,highway:tertiary,osm
Temple Tree Apartments,landuse:residential,osm
Dheeraj Manor,landuse:residential,osm
Yadhunandhana Apartments,landuse:residential,osm
Laxmaiah Reddy Road,highway:residential,osm
1st Main Road 3rd Cross road,highway:residential,osm
Central Avenue Road,highway:residential,osm
West Avenue Road,highway:residential,osm
Junnasandra Road,highway:tertiary,osm
NICE Expressway,highway:construction,osm
KEB Junction Flyover,highway:trunk,osm
August Grand,landuse:residential,osm
The Grove,landuse:residential,osm
Carbon Nethaniah,landuse:residential,osm
VRR Fortuna,landuse:residential,osm
SJR Palazza City,landuse:residential,osm
Nimritha Kethana Eternal Accolade,landuse:residential,osm
Vascon Pristina,landuse:residential,osm
RMZ Internal Road Circle,highway:unclassified,osm
Global technology Park Tower Road,highway:service,osm
Hebbal Flyover,highway:trunk_link,osm
29th A Main Road,highway:residential,osm
Sri Venugopal Swamy Temple Street,highway:residential,osm
2A Cross Road,highway:residential,osm
"Temple Trees Road, Cauvery Colony",highway:residential,osm
MEDA Greens,landuse:residential,osm
Kolte-Patil Mirabilis,landuse:residential,osm
Godrej Platinum Driveway,highway:residential,osm
IISc Residential Quarters,landuse:residential,osm
Maheshwaramma Temple Road,highway:residential,osm
Republic of Whitefield,landuse:residential,osm
Trifecta Starlight Road,highway:service,osm
Embassy Tech Village Service Road,highway:construction,osm
Royal Street,highway:residential,osm
Artisane Forest Breeze,landuse:residential,osm
Esteem Kings Court,landuse:residential,osm
Adarsh Citrine,landuse:residential,osm
IISc NE Quarters,landuse:residential,osm
Arjuna Marg,highway:service,osm
Meenakshi Residency Driveway,highway:residential,osm
PMN Homes,landuse:residential,osm
Chourasia Manor Phase 1,landuse:residential,osm
Bellandur Railway Station Road,highway:unclassified,osm
Disha Central Park,landuse:residential,osm
Isha Misty Green,landuse:residential,osm
Prestige Mayberry,landuse:residential,osm
Umiya Woods,landuse:residential,osm
Birla Apple Spire,landuse:residential,osm
Elita B Phase Path,highway:service,osm
Athishri Road,highway:residential,osm
Shivanagar Flyover,highway:primary,osm
Manjunath Nagar Flyover,highway:primary,osm
North Main Road,highway:residential,osm
Alfa Garden Main Road,highway:residential,osm
Narayana School Road,highway:residential,osm
Pattandur Agrahara 2nd Main Road,highway:residential,osm
"Veggie's lover - vegetable, tea & grocery shop",highway:tertiary,osm
Government Polytechnic College Road,highway:residential,osm
3rd Cross Patal Munniappa Layout,highway:residential,osm
Promont Layout Road,highway:residential,osm
Prestige Ivy Terraces,landuse:residential,osm
Bren Edgewaters,landuse:residential,osm
Century Indus,landuse:residential,osm
Sai Vihar,landuse:residential,osm
Hanumanthappa Layout Road,highway:residential,osm
Prestige Bagamane Temple Bells,landuse:residential,osm
GR Lotus,landuse:residential,osm
Tejaswini Nagar Phase 2 Road,highway:service,osm
Durga Petals,landuse:residential,osm
Innovative Aqua Front Apartments,landuse:residential,osm
Nester Harmony,landuse:residential,osm
Century Ethos,landuse:residential,osm
Brigade Caladium,landuse:residential,osm
Godrej Platinum,landuse:residential,osm
Embassy Lake Terraces,landuse:residential,osm
HRC Ibbani,landuse:residential,osm
Sobha Orchid,landuse:residential,osm
MIMS Espacio,landuse:residential,osm
Renaissance Aero,landuse:residential,osm
Karnataka Slum Development Board Block,landuse:residential,osm
Salarpuria Sattva Divinity,landuse:residential,osm
Salarpuria Sattva Melody,landuse:residential,osm
Navami Landmark,landuse:residential,osm
Vahe Imperial Garden,landuse:residential,osm
HAL Old Airport Road,highway:primary_link,osm
Bhadrappa Layout Main Road,highway:tertiary,osm
Maruti layout Main Road,highway:residential,osm
91st Cross Road,highway:residential,osm
27th Main Road,highway:tertiary,osm
Kadabeesanahalli Main Road,highway:primary,osm
Jeevan Bhima Nagar 10th Main Road,highway:secondary,osm
Kalinga Rao Road,highway:primary,osm
2nd Cross Patal Munaiappa Layout,highway:residential,osm
4th Cross Road Patalmuniaappa,highway:residential,osm
1st Cross Patalmuniappa Layout,highway:residential,osm
Radiance Iris,landuse:residential,osm
Sobha Coral,landuse:residential,osm
Sobha Jade,landuse:residential,osm
Century Breeze,landuse:residential,osm
Pool Avenue Road,highway:residential,osm
Outer Ring Road,highway:secondary_link,osm
Outer Ring Road,highway:secondary,osm
DLF Main Road,highway:secondary,osm
Begur Main Road,highway:secondary,osm
Doctor Muthuraj Underpass,highway:trunk,osm
RK Homes,highway:residential,osm
SKS Compound Road,highway:unclassified,osm
Raghavendra Rao Road,highway:residential,osm
GRC Brundavan,landuse:residential,osm
Nexus Mall Parking,highway:service,osm
72nd Cross Road,highway:tertiary,osm
Radha Reddy Layout,landuse:residential,osm
Radha Reddy Layout Entrnace Road,highway:residential,osm
ATM Gate Road (Tara Marg),highway:path,osm
Global Axis - Open Parking Road,highway:service,osm
Mill Corner Road Underpass,highway:secondary,osm
Sunny Drive,highway:residential,osm
Park Walkways,highway:path,osm
Entrance,highway:path,osm
Park Pathways,highway:path,osm
Vahanikula Kshatraya Street,highway:residential,osm
Ramana Maharshi Road,highway:primary,osm
Aluri Venkata Rao Road,highway:primary,osm
Another Sky,landuse:residential,osm
Kammanahalli Main Road,highway:secondary,osm
Ajmal Naunihal,landuse:residential,osm
Langford Road (Kadidal Manjappa Road),highway:tertiary,osm
Field Marshal Cariappa Road,highway:primary,osm
Flore Mill Road,highway:residential,osm
Parashurama Academy Road,highway:residential,osm
Krishnananda Road,highway:secondary,osm
Prestige West Woods,landuse:residential,osm
Cunningham Road,highway:tertiary_link,osm
Blossoms Road,highway:residential,osm
Urban Cluster Layout,highway:residential,osm
Brigade Woods,landuse:residential,osm
BHEL EDN Township,landuse:residential,osm
Janapriya Abodes,landuse:residential,osm
Gandharva Grand,landuse:residential,osm
The Promont,landuse:residential,osm
Avani Hills Apartments,landuse:residential,osm
Suguna Upper Crest,landuse:residential,osm
Veracious Vani Vilas,landuse:residential,osm
Unitech Heritage Estate,landuse:residential,osm
JN Residency road,highway:living_street,osm
Divya Jsr Limelite,landuse:residential,osm
Income Tax Colony,landuse:residential,osm
Brigade Courtyard,landuse:residential,osm
Sattva Laurel Heights,landuse:residential,osm
GM Infinite Daffodils,landuse:residential,osm
Shriram Sameeksha,landuse:residential,osm
SS Farm Road,highway:residential,osm
Brindavanam Layout Road,highway:residential,osm
Sri Banagiri Varasiddhi Vinayaka Temple Road,highway:residential,osm
Radiant Karel,landuse:residential,osm
Pride Enchanta,landuse:residential,osm
Urban Ville,landuse:residential,osm
ND Laurel,landuse:residential,osm
BM Pristine,landuse:residential,osm
DS Max Sherwood,landuse:residential,osm
Asset Aura,landuse:residential,osm
Sobha Dream Acres Rainforest,landuse:residential,osm
Sri Krishna,landuse:residential,osm
Prithvi Stargaze,landuse:residential,osm
Florence,landuse:residential,osm
Skanda Elina,landuse:residential,osm
Disha Windsor Gardens,landuse:residential,osm
HiLife Magnifique,landuse:residential,osm
BDA Flats Gunjur,landuse:residential,osm
Hilife Triflora,landuse:residential,osm
Vaishnavi Serene,landuse:residential,osm
Arched Avenue,highway:residential,osm
Bima College Road,highway:service,osm
Pearl Park Apartments,landuse:residential,osm
Kaveri Street,highway:residential,osm
Thambhuchetty Road,highway:residential,osm
Dodda Kempaiah Layout Road,highway:residential,osm
Sahasra Grand Apartments,landuse:residential,osm
Carol Street,highway:residential,osm
Union Street,highway:residential,osm
Bairavi Cruz Luxor,landuse:residential,osm
Solitaire Residency Apartments,landuse:residential,osm
DS Max Sparkle Nest,landuse:residential,osm
Vigneshwara Cedar Woods,landuse:residential,osm
Preethi Woods Apartments,landuse:residential,osm
Regency Magnum,landuse:residential,osm
Ashoka Legend,landuse:residential,osm
Elegant Mount Sinai,landuse:residential,osm
Classic Royale Garden,landuse:residential,osm
Regency La Majada,landuse:residential,osm
Aparna Elina,landuse:residential,osm
Zen Indraprastha,landuse:residential,osm
Unishire Terraza,landuse:residential,osm
Hanging Gardens,landuse:residential,osm
Gopalan Aqua,landuse:residential,osm
Adithya Desai Orchid,landuse:residential,osm
Disha Courtyard,landuse:residential,osm
Alembic Urban Forest,landuse:residential,osm
Marvel Sequoia,landuse:residential,osm
SV Legacy,landuse:residential,osm
NR Windgates,landuse:residential,osm
Unishire Verzure,landuse:residential,osm
Mother Dairy Circle Flyover,highway:secondary,osm
NCC Urban ParkView,landuse:residential,osm
Hiranandani Apartments,landuse:residential,osm
ds max silver nest,landuse:residential,osm
Multi Infinite Apartments,landuse:residential,osm
Divya MSR Gateway,landuse:residential,osm
RMZ Galleria Residences,landuse:residential,osm
Arvind Skylands,landuse:residential,osm
Nitesh Napa Valley,landuse:residential,osm
NCC Misty Woods,landuse:residential,osm
Century Artizan,landuse:residential,osm
NCC Urban Mayfair,landuse:residential,osm
Prestige Montecarlo,landuse:residential,osm
Kailash BDA Apartments,landuse:residential,osm
Karle Zenith,landuse:residential,osm
Karle Vario,landuse:residential,osm
HM Grandeur,landuse:residential,osm
Wilasa Grand Villaments,landuse:residential,osm
Prestige Falcon City,landuse:residential,osm
SLV Splendor,landuse:residential,osm
Sobha Indraprastha,landuse:residential,osm
Seshadri Road,highway:residential,osm
Belvedere Court,landuse:residential,osm
Prestige Spencer Heights,landuse:residential,osm
Brigade Coronet,landuse:residential,osm
Suvilas,landuse:residential,osm
Embassy Woods,landuse:residential,osm
Regency Aura,landuse:residential,osm
Brigade Legacy,landuse:residential,osm
Pebble Bay Internal Road,highway:residential,osm
Prestige Fairfield,landuse:residential,osm
Achala Guru Seva Mata Road,highway:residential,osm
Taralaya Road,highway:residential,osm
Opposite to Govt School,highway:residential,osm
"3rd Main Road, Bethelnagar",highway:residential,osm
"1st A Main, Bestcounty2",highway:residential,osm
Kaveri Layout Block-B,highway:residential,osm
Enrich Gardenia Layout Road,highway:residential,osm
NRI Layout Main Road,highway:tertiary,osm
Rajus Road,highway:residential,osm
Jasmine Street Road,highway:residential,osm
Sharavathi Road,highway:residential,osm
LGCL Beautiful World,landuse:residential,osm
Nitesh Wimbeldon Park,landuse:residential,osm
La Palazzo,landuse:residential,osm
Sobha Infinia,landuse:residential,osm
Esteem Royale Deluxe,landuse:residential,osm
G:Corp Residences,landuse:residential,osm
Prestige Pine Wood,landuse:residential,osm
Prestige Silver Crest,landuse:residential,osm
Bens Royal Woods Road,highway:tertiary,osm
Munishamappa Layout Road,highway:residential,osm
Parijata Road,highway:residential,osm
Vasavi Temple Road,highway:secondary,osm
Parasmane Apartments,landuse:residential,osm
MBR Shangri La,landuse:residential,osm
BDA Indraprastha,landuse:residential,osm
9 Main Road,highway:tertiary,osm
31st B Cross Road,highway:residential,osm
Mango Garden Road,highway:residential,osm
"5th cross, new bank colony",highway:residential,osm
Okalipuram Flyover,highway:primary,osm
Binny Mill Police Quarters,landuse:residential,osm
N Street,highway:residential,osm
Alfred street,highway:residential,osm
Bride Street,highway:residential,osm
Sky Gardens Apartment,landuse:residential,osm
Ansal Apartments,landuse:residential,osm
Jal Vayu Heights,landuse:residential,osm
Deccan Habitat,landuse:residential,osm
Mantri Courtyard,landuse:residential,osm
Sattva Misty Charm,landuse:residential,osm
Shriram Symphony,landuse:residential,osm
Puravankara Provident Park Square,landuse:residential,osm
Shriram Surabhi,landuse:residential,osm
Gulmohar Lane,highway:residential,osm
Mahaveen Ranches,landuse:residential,osm
Sobha Silicon Oasis,landuse:residential,osm
Bren Imperia,landuse:residential,osm
RBD Stillwaters Apartments,landuse:residential,osm
SNN Raj Eternia,landuse:residential,osm
Devinarayan Lexington Terrace,landuse:residential,osm
Nikoo Homes II Apartments,landuse:residential,osm
DS Max Skycity,landuse:residential,osm
Mantri Energia,landuse:residential,osm
Assetz Homes Here and Now,landuse:residential,osm
Vasathi Avante Apartments,landuse:residential,osm
Purva Graces Apartments,landuse:residential,osm
Skyline Beverly Park,landuse:residential,osm
Arvind Sporcia,landuse:residential,osm
RMZ Latitude Residential,landuse:residential,osm
Sterling Gardens,landuse:residential,osm
Cantonment Railway Quarters,landuse:residential,osm
Prestige Pine View,landuse:residential,osm
Hoysala Apartments,landuse:residential,osm
Prestige Kenilworth,landuse:residential,osm
Prestige Exotica,landuse:residential,osm
The Embassy,landuse:residential,osm
Hebbala,highway:bus_stop,osm
P&T Quarters,landuse:residential,osm
Misty Valley Lane,highway:residential,osm
Century Park Apartments,landuse:residential,osm
Enessen Centreo,landuse:residential,osm
Sri Sai Layout Main Road,highway:residential,osm
BGS Road,highway:service,osm
Shani Mahatma Temple Road,highway:residential,osm
CDP Road,highway:residential,osm
Kevin Reddy Road,highway:service,osm
Vasathi Avante Apartments Road,highway:residential,osm
Sobha Palladian,landuse:residential,osm
Paranjape Windfields,landuse:residential,osm
Prestige Silversun,landuse:residential,osm
Sobha Bungalow,landuse:residential,osm
Adithi Elite,landuse:residential,osm
SLS Sunflower,landuse:residential,osm
Rohan Iksha,landuse:residential,osm
Prestige Summer Fields,landuse:residential,osm
1st A Road,highway:tertiary,osm
Karaga Subbiah Road,highway:residential,osm
BBV Drive,highway:service,osm
Godrej Air,landuse:residential,osm
93rd Cross Road,highway:residential,osm
94th Cross Road,highway:residential,osm
Hoysala Infantry Towers,landuse:residential,osm
King Street Road,highway:residential,osm
Library Street,highway:residential,osm
Muneshwaranagar 3rd Cross,highway:residential,osm
Muneshwaranagar 2nd Cross,highway:residential,osm
"1st Main, Sri Gayatri Layout",highway:residential,osm
Hulimavu Main Road,highway:residential,osm
Assetz Lumos,landuse:residential,osm
ITI Colony,landuse:residential,osm
Narayana Reddy Layout 4th Cross road,highway:residential,osm
WASA Layout 4th Cross road,highway:residential,osm
Janankshi Layout,highway:residential,osm
"Gururaj Layout, 5th Cross road",highway:residential,osm
Nisarga 4th Cross Road,highway:residential,osm
Lake Bay Road,highway:residential,osm
Club Avenue Road,highway:residential,osm
7th Main,highway:residential,osm
Bollineni SIlas,highway:residential,osm
Ms Janakiram Road,highway:residential,osm
21st B Cross Road,highway:residential,osm
Sri Tirumala Street,highway:residential,osm
Wasa Layout 1st.Cross road,highway:residential,osm
1st Main Road 4th Cross road,highway:residential,osm
Pattandur Agrahara 5th Cross Road,highway:residential,osm
14th Cross Road,highway:living_street,osm
sanjeeve royale apartment,landuse:residential,osm
Jain Heights - East Parade,landuse:residential,osm
A Narayanapura Main Road,highway:residential,osm
Thirumalaraaya Swamy Temple Road,highway:unclassified,osm
Suryakanti Road,highway:residential,osm
Ayodhyarama Road,highway:residential,osm
9th Cross Road Chikkiah Abba Reddy Line,highway:residential,osm
Mangammapalaya Road,highway:secondary,osm
Layout road,highway:residential,osm
Layout Road,highway:residential,osm
Lane 3 South,highway:residential,osm
Lane 4 South,highway:residential,osm
Renaissance Prospero,landuse:residential,osm
3 Main Road,highway:tertiary,osm
Innova College Road,highway:residential,osm
Akshay Road,highway:service,osm
Judicial Layout Railway Parallel Road,highway:tertiary,osm
connecting road,highway:residential,osm
Nilagiri Road,highway:residential,osm
HAL Ancillary Industrial Estate Road,highway:service,osm
Sobha Sunflower,landuse:residential,osm
Sobha Marvella,landuse:residential,osm
KPTCL Employees Quarters,landuse:residential,osm
NCBS Mandara Housing Complex,landuse:residential,osm
Sattva Aqua Vista,landuse:residential,osm
Prestige Elysian,landuse:residential,osm
Himagiri,place:neighbourhood,osm
SH3 Approach Road,highway:service,osm
Yeshwanthpura TTMC Bus Stand Road,highway:service,osm
Ele vana,landuse:residential,osm
Mahaveer Promenade,highway:residential,osm
Supertech Micasa,landuse:residential,osm
Salarpuria Sattva Northland,landuse:residential,osm
Dasappa Layout,landuse:residential,osm
Kanakashree Apartments,landuse:residential,osm
NVT Life Square,landuse:residential,osm
DSR Parkway,landuse:residential,osm
Woodsong Around the Mangoes,landuse:residential,osm
Adithi Bliss,landuse:residential,osm
Skanda Avani,landuse:residential,osm
Tridax,landuse:residential,osm
SSVR Laurel,landuse:residential,osm
Obel Villas,landuse:residential,osm
Hilife Pearl Shell,landuse:residential,osm
Cansa Dhiya,landuse:residential,osm
Davis Road,highway:residential,osm
Ajanta Apartments,landuse:residential,osm
Walking Path,highway:path,osm
Lake Entrance,highway:path,osm
Srushti Compound,landuse:residential,osm
Bloomfield Garden,landuse:residential,osm
SLS Sapphire,landuse:residential,osm
J S Sunflower,landuse:residential,osm
Ragigudda-Silk Board Integrated Flyover,highway:primary,osm
Pavani Divine,landuse:residential,osm
Elegant Springdale,landuse:residential,osm
Metropolitan Apartment,landuse:residential,osm
Spencer Court Apartment,landuse:residential,osm
DRDO Phase 2,landuse:residential,osm
Garvebhavi Palya Road,highway:residential,osm
Kristal Agate,landuse:residential,osm
SRPC Quarters,landuse:residential,osm
Varun Lotus Apartments,landuse:residential,osm
Sumukha Tropical Garden,landuse:residential,osm
Vaishnavi Gardenia,landuse:residential,osm
Ideal Carnation Apartments,landuse:residential,osm
Goyal Footprints,landuse:residential,osm
Krishna Northwoods,landuse:residential,osm
NAB building U turn,highway:service,osm
Raj Bhavan Road Cycle Lane,highway:path,osm
2nd Main Road,highway:primary_link,osm
Vaishnavi Oasis,landuse:residential,osm
Birla Apple Aroma,landuse:residential,osm
Sai Poorna Luxuria,landuse:residential,osm
Candeur Landmark,landuse:residential,osm
Sobha Dream Acres,landuse:residential,osm
L&T Raintree Boulevard,landuse:residential,osm
Ramakka Street,highway:residential,osm
Ananthapura Main Road,highway:tertiary,osm
Reddy Street,highway:residential,osm
Gowramma Street,highway:residential,osm
3rd A Cross Road,highway:secondary,osm
Allalasandra Main Road Flyover,highway:tertiary_link,osm
TJR Street,highway:residential,osm
Balaji Layout,highway:residential,osm
NCBS buggy road,highway:service,osm
14th Main,highway:residential,osm
32 Richmond,landuse:residential,osm
NCBS (Hole In the Wall),highway:path,osm
Clapham Street,highway:residential,osm
Zen Garden,landuse:residential,osm
Century Linea,landuse:residential,osm
2nd Cross St,highway:residential,osm
Malnad Regency,landuse:residential,osm
Crest Intimacy,landuse:residential,osm
Prestige Edwardian,landuse:residential,osm
Naidile hostel path,highway:path,osm
Cardinal One,landuse:residential,osm
Magadi Road,highway:tertiary,osm
Sobha Rajvilas,landuse:residential,osm
Gnanabharati Layout 2,landuse:residential,osm
Prasad Enclave,landuse:residential,osm
Sobha HRC Pristine,landuse:residential,osm
Cauvery Street,highway:residential,osm
4th Cross Road Road,highway:residential,osm
Nandini Street,highway:residential,osm
Andree Road Cross,highway:residential,osm
Norris Road,highway:residential,osm
MIA Road,highway:residential,osm
Lazar Road,highway:residential,osm
SKAV Aastha,landuse:residential,osm
Kingston Manor,landuse:residential,osm
Prestige Oakwood Apartments,landuse:residential,osm
Hare Krishna Road,highway:secondary_link,osm
High Point Apartments,landuse:residential,osm
Government Arts College Boys Hostel,landuse:residential,osm
Royal Residency,landuse:residential,osm
Raheja Haven,landuse:residential,osm
Residence of Commissioner of Police,landuse:residential,osm
Murugesh Mudaliar Road,highway:residential,osm
MS Palazzo Road,highway:residential,osm
MS Palazzo Apartments,landuse:residential,osm
ITPL Main Road,highway:primary,osm
Durga Coral Apartments,landuse:residential,osm
Vyalikaval Main Road,highway:tertiary,osm
3rd Cross Basappa Road,highway:residential,osm
O Block Approach Road,highway:residential,osm
Sarjapura Road,highway:primary_link,osm
Visalakshi Prakruthi,landuse:residential,osm
Ghar Apartments,landuse:residential,osm
Baiyyappanahalli Road,highway:residential,osm
Total Environment Footprints,landuse:residential,osm
Indiranagar Police Quarters,landuse:residential,osm
Bowring Hospital Road,highway:residential,osm
Cunningham Road,highway:unclassified,osm
Joseph Square,highway:footway,osm
Sankey Road Underpass,highway:tertiary,osm
Dayanand Pai House,landuse:residential,osm
Esteem Gardenia,landuse:residential,osm
Kumar iLife Urbana Apartments,landuse:residential,osm
Adarsh Palm Retreat Gulmohar,landuse:residential,osm
Vidyaranyapura Main Road,highway:secondary,osm
Ganga Road,highway:residential,osm
LuLu Global Mall Underpass,highway:service,osm
Basaveshwaranagar Flyover,highway:primary,osm
Manipal Vistas,landuse:residential,osm
Bannerghatta Road,highway:trunk_link,osm
MV Jayaram Road,highway:tertiary,osm
In That Quiet Earth - Total Environment,landuse:residential,osm
ISRO Slum,landuse:residential,osm
CiSTUP Internal Road,highway:service,osm
Internal Road,highway:service,osm
Ranka Plaza,landuse:residential,osm
Ranka D Paradise,landuse:residential,osm
Casurina Street,highway:residential,osm
Binny Crescent Road,highway:residential,osm
Dhobi Ghat,landuse:residential,osm
Kristal Tiara Internal road,highway:residential,osm
Narmada SHIG,landuse:residential,osm
Pavani Residency,landuse:residential,osm
Prestige D'Villa,landuse:residential,osm
NLSIU Road,highway:service,osm
Campbell Road,highway:tertiary,osm
Manikchand 117FF,landuse:residential,osm
Tejaswani Nagar Road,highway:residential,osm
Chawdeshri Layouts Road,highway:residential,osm
Vishwa Vihar,landuse:residential,osm
HAL Township,landuse:residential,osm
Sandeep Square Apartments,landuse:residential,osm
Bhavya Pristine,landuse:residential,osm
Sterling Ascentia,landuse:residential,osm
8 - B Cross Road,highway:residential,osm
Prestige Sunnyside Elm,landuse:residential,osm
Kadubisanahalli Main Road,highway:primary,osm
Sterling Sankey Court,landuse:residential,osm
Sankey Tank Road,highway:residential,osm
Jayanti Apartments,landuse:residential,osm
Ojus Apartments,landuse:residential,osm
Kinatukara Apartments,landuse:residential,osm
Prof. VG Kubair Apartments,landuse:residential,osm
E Park Road,highway:residential,osm
Bellandur Railway Station Road,highway:residential,osm
Atturu Lake Road,highway:tertiary,osm
Byrappa Road,highway:residential,osm
Salarpuria Sattva Anugraha,landuse:residential,osm
Shraddha Palmera,landuse:residential,osm
Brigade Sonata,landuse:residential,osm
Rashtrotthana Junction Flyover,highway:primary,osm
High Cliff,landuse:residential,osm
SLS Signature,landuse:residential,osm
Amsha Bhuvi,landuse:residential,osm
SV Brindhavan Apartments,landuse:residential,osm
Sampige Road,highway:secondary,osm
Silver Pearl,landuse:residential,osm
Skanda Nirvana,landuse:residential,osm
Innovative Oak Garden,landuse:residential,osm
Chourasia Pride,landuse:residential,osm
Sai Road,highway:residential,osm
Hayes Road,highway:tertiary,osm
Shivajinagar Bus Station Subway,highway:footway,osm
Fernville,landuse:residential,osm
Prestige Alcazar,landuse:residential,osm
Chandanna,landuse:residential,osm
GKVK Road Underpass,highway:secondary,osm
Embassy Eros,landuse:residential,osm
Jeevan Vihar - LIC VIP Guest House,landuse:residential,osm
HM Gladiolus,landuse:residential,osm
Star Market Road,highway:service,osm
KV Hebbal Staff Quarters,landuse:residential,osm
Melukote Apartments,landuse:residential,osm
Arcot House,landuse:residential,osm
Everest and Kailash Apartments,landuse:residential,osm
Kasturi Dhama Apartments,landuse:residential,osm
Veracious Park West,landuse:residential,osm
Hains Road,highway:tertiary,osm
Estella Maple Square,landuse:residential,osm
Frontier Heights,landuse:residential,osm
Brigade Cornerstone Utopia,landuse:residential,osm
SLS Sunrise,landuse:residential,osm
Mayfair Anthem,landuse:residential,osm
Sunshine Signature,landuse:residential,osm
Krishvi Dhavala,landuse:residential,osm
Amarthine,landuse:residential,osm
Puja Navarathna,landuse:residential,osm
Marvel Domicilia,landuse:residential,osm
Saroj Whitesands,landuse:residential,osm
The Central Regency Address,landuse:residential,osm
Valik Gardenia,landuse:residential,osm
Prestige Song of the South,landuse:residential,osm
RJ Brookesquare,landuse:residential,osm
Purvi Symphony,landuse:residential,osm
Salarpuria Sattva Cadenza,landuse:residential,osm
Buildwell Heights,landuse:residential,osm
JR Layout,landuse:residential,osm
Gunjurpalya Road,highway:tertiary,osm
Whistling Winds,landuse:residential,osm
BS Green,landuse:residential,osm
Kadabeesanahalli Main Road,highway:construction,osm
The Ripple,landuse:residential,osm
Symphony,landuse:residential,osm
Incor Carmel Heights,landuse:residential,osm
CMRS Royal Orchids,landuse:residential,osm
Samruddhi Uplands,landuse:residential,osm
Sumadhura Soham,landuse:residential,osm
Bhogganahalli Cross Road,highway:tertiary,osm
Krishvi Gavakshi,landuse:residential,osm
Varthur Road,highway:primary_link,osm
Varthuru Road,highway:primary,osm
Spectra Palmwoods,landuse:residential,osm
Amrutha Heights,landuse:residential,osm
Sigrolli Rayan Road,highway:residential,osm
Vijayasri Elixir,landuse:residential,osm
2nd Main Road,highway:unclassified,osm
Prestige Willow Tree,landuse:residential,osm
Prestige Primrose Hills,landuse:residential,osm
Pride Regalia,landuse:residential,osm
Sri Tirumala Sarovar Apartment,landuse:residential,osm
Navami Funique,landuse:residential,osm
Sonestaa Silver Oak,landuse:residential,osm
Vaswani Menlo Park,landuse:residential,osm
Sekhar Bellevue,landuse:residential,osm
Akshara Temple Tree,landuse:residential,osm
Vaswani Tranquil,landuse:residential,osm
Sobha Windsor,landuse:residential,osm
Prestige Park Square,landuse:residential,osm
Balaji Layout Road,highway:residential,osm
Vandana Tejyesh,landuse:residential,osm
Prakriti Enclave,landuse:residential,osm
Officer's Quarters,landuse:residential,osm
Samhita Greenwoods,landuse:residential,osm
Vaishnovi TNR,landuse:residential,osm
Parkia Path,highway:steps,osm
Sraddha Saphire,landuse:residential,osm
Meenakshi Layout,landuse:residential,osm
House of Hiranandani Queensgate,landuse:residential,osm
Lodha Mirabelle,landuse:residential,osm
YS Jagan Mohan Reddy House,landuse:residential,osm
Krishna Shelton,landuse:residential,osm
Lake Meadows,landuse:residential,osm
South Avenue,highway:residential,osm
Wilson Manor Apartments,landuse:residential,osm
KHB Quarters,landuse:residential,osm
Fifth Element,landuse:residential,osm
Evershine Vrindhavan,landuse:residential,osm
Prestige Boulevard,landuse:residential,osm
Prestige Fontaine Bleau,landuse:residential,osm
Prestige Dolce Vita,landuse:residential,osm
Senior Police Officer's Residential Complex,landuse:residential,osm
Renaissance Reserva,landuse:residential,osm
RGRHCL,landuse:residential,osm
Road,highway:residential,osm
Prestige Gulmohar,landuse:residential,osm
MIMS Habitat,landuse:residential,osm
Sobha Dream Gardens,landuse:residential,osm
Legacy Cirocco,landuse:residential,osm
Adarsh Palm Retreat Lakefront,landuse:residential,osm
Adarsh Palm Retreat Mayberry,landuse:residential,osm
Paradise Nest,landuse:residential,osm
Pride Orchid,landuse:residential,osm
The Five Summits Address,landuse:residential,osm
Sravya Flute 1,landuse:residential,osm
Amigo Cockburn,landuse:residential,osm
KR Puram Police Quarters,landuse:residential,osm
Ejipura Flyover (u/c),highway:construction,osm
Paresh Apartments,landuse:residential,osm
Margosa Court,landuse:residential,osm
Vaishnavi Symphony,landuse:residential,osm
Golden Nest Apartments,landuse:residential,osm
DSR White Lotus,landuse:residential,osm
SV Signature,landuse:residential,osm
Whitefield Road,highway:tertiary,osm
Hoodi Main Road,highway:unclassified,osm
Legacy Casero,landuse:residential,osm
Esencia,landuse:residential,osm
Renaissance Exotica,landuse:residential,osm
Sobha Palm Court,landuse:residential,osm
KPSC Vidhana Soudha Layout,landuse:residential,osm
Bren Lakeview,landuse:residential,osm
RMZ Sawaan,landuse:residential,osm
Nitesh Columbus Square,landuse:residential,osm
Peninsula Heights,landuse:residential,osm
GSP lab,highway:service,osm
Lakshminarayanapura Road,highway:residential,osm
Krishvi Wisteria,landuse:residential,osm
Rustum Bagh,landuse:residential,osm
B&B Opulent Spire,landuse:residential,osm
The Summit,landuse:residential,osm
Greenhall Residency,landuse:residential,osm
2nd Road,highway:unclassified,osm
Advaitha Aksha,landuse:residential,osm
KPWD Quarters,landuse:residential,osm
Anepalaya Main Road,highway:residential,osm
Esteem Classic,landuse:residential,osm
Durga Flute,landuse:residential,osm
Raja Ritz Avenue,landuse:residential,osm
Ashirwad Apartments,landuse:residential,osm
HAL Old Airport Road Underpass,highway:primary,osm
Aisshwarya Opulance,landuse:residential,osm
Brigade Bricklane,landuse:residential,osm
Rachenahalli Main Road,highway:residential,osm
Pattandur Agrahara Arunodya Road,highway:residential,osm
White Field Police Station Road,highway:residential,osm
Sri Sai Gokulam,landuse:residential,osm
Carmel Layout,landuse:residential,osm
2nd Road,highway:secondary_link,osm
2nd B Road,highway:unclassified,osm
16th Cross,highway:residential,osm
Meda Heights,landuse:residential,osm
Sabharwal House,landuse:residential,osm
VDB Cardinal,landuse:residential,osm
Aishwarya Apartments,landuse:residential,osm
Service Road,highway:trunk_link,osm
DNR Casablanca,landuse:residential,osm
Victorian Haven,highway:service,osm
SRS Main Road,highway:service,osm
Subhiksha Apartments Road,highway:residential,osm
Prestige Shangrila,landuse:residential,osm
Edward Road,highway:residential,osm
Queen's Corner Apartments,landuse:residential,osm
King's House,landuse:residential,osm
Landmark Apartments,landuse:residential,osm
RBI Office Quarters,landuse:residential,osm
Crescent Apartments,landuse:residential,osm
Global Village Road,highway:tertiary,osm
Skyline Residency,landuse:residential,osm
Manganahalli Road,highway:tertiary,osm
Vajram Newtown (u/c),landuse:residential,osm
Satwi's Thavil,landuse:residential,osm
Vaswani Whispering Palms,landuse:residential,osm
Uber Verdant 2,landuse:residential,osm
Purva Grande,landuse:residential,osm
Golden Orchid,landuse:residential,osm
Regency Violet,landuse:residential,osm
Total Environment Van Gogh's Garden,landuse:residential,osm
50 D Cross road,highway:living_street,osm
Landmark,landuse:residential,osm
Sri Renuka Nivasa,landuse:residential,osm
Rustumji Apartments,landuse:residential,osm
Aga Abdullah Street,highway:residential,osm
Pandurangashram,landuse:residential,osm
Brigade Regency,landuse:residential,osm
BHEL SBD Township B,landuse:residential,osm
C No.5th Street,highway:residential,osm
Basaveshwaranagar Main Road,highway:secondary,osm
81st Cross Road,highway:residential,osm
8th B Cross magadi road,highway:residential,osm
2B Cross Street,highway:residential,osm
Sovereign Unnathi,landuse:residential,osm
Asha Township,landuse:residential,osm
Miraya Rose,landuse:residential,osm
Sri M Thimmaiah Road,highway:secondary,osm
Bengaluru Business Corridor,highway:proposed,osm
Milkman A Street,highway:living_street,osm
Conservancy Lane,highway:pedestrian,osm
KSRTC Quarters,landuse:residential,osm
12th Cross Road,highway:living_street,osm
Hebbal Service Road towards Bengaluru,highway:trunk,osm
State Bank Road,highway:secondary,osm
Atal Bihari Vajpayee Walking Track,highway:footway,osm
Santrupthi Road,highway:residential,osm
6A Cross Road,highway:residential,osm
Sunset Avenue Road,highway:residential,osm
WASA Layout 2nd Cross road,highway:residential,osm
WASA Layout 3rd Cross road,highway:residential,osm
"11th Cross, Ambedkar Colony",highway:residential,osm
"5th Cross, Ambedkar Colony",highway:residential,osm
"2nd Cross, Ambedkar Colony",highway:residential,osm
1st C Cross Street,highway:residential,osm
275 8th B Cross road,highway:residential,osm
Synapse Nest,landuse:residential,osm
Admirality Square Dr,highway:residential,osm
9th Cross Sadashiva Nagar,highway:residential,osm
Kadamba Road,highway:residential,osm
Shakthi Highland Road,highway:service,osm
Yeshwantpur Railway Underbridge,highway:proposed,osm
Yeshwantpur Railway Quarters,landuse:residential,osm
Devasandra Main road,highway:secondary,osm
A Narayanapura Main Road,highway:tertiary,osm
Tippenahalli Main Road,highway:tertiary,osm
3rd Cross Road,highway:steps,osm
Dr. Rajkumar Underpass,highway:tertiary,osm
Rennaisance Bellevue,landuse:residential,osm
Hennuru Cross Road,highway:tertiary,osm
Parking Entry,highway:service,osm
Government Science College Boys' Hostel,landuse:residential,osm
Tent Road,highway:residential,osm
Model House Street,highway:footway,osm
Jain College Road,highway:service,osm
Srinagar - Kanyakumari Road,highway:tertiary,osm
TCM Royan Road,highway:secondary,osm
Krishnarajendra Road,highway:primary,osm
Ferrar Nagar Main Road,highway:tertiary,osm
BFT Road,highway:service,osm
7th Main Road,highway:unclassified,osm
KMF Hostel,landuse:residential,osm
Gurupreeth Residency,landuse:residential,osm
10th Cross Krishnappa Block(mcc Hanumanthayya Road),highway:residential,osm
"60 Feet Road, Pattegarara Palya Main Road",highway:tertiary,osm
Keerthi Krishna Viva,landuse:residential,osm
Alpine Eco Road,highway:tertiary,osm
VV Towers Plaza,highway:pedestrian,osm
Rajni Ashish Road,highway:residential,osm
Mohan Kumar Road,highway:residential,osm
Siddeshwara layout 4th cross,highway:residential,osm
Windsor Castle,landuse:residential,osm
Prestige Abshot,landuse:residential,osm
Cornwell Road,highway:residential,osm
Embassy Espana,landuse:residential,osm
3rd B Main Road,highway:living_street,osm
Shilpa Dacha,landuse:residential,osm
Park Square Avenue,landuse:residential,osm
IISc HE Quarters,landuse:residential,osm
Purva Westend,landuse:residential,osm
Pai Layout,place:locality,osm
RRBC Picasso,landuse:residential,osm
Godrej Eternity,landuse:residential,osm
Huriupete Road,highway:residential,osm
Iyengar Road,highway:tertiary,osm
Sobha Arena,landuse:residential,osm
Mantri Alpyne,landuse:residential,osm
Prestige Lake Ridge,landuse:residential,osm
Brigade 7 Gardens,landuse:residential,osm
Brigade Omega,landuse:residential,osm
Rohan Akriti Apartments,landuse:residential,osm
Golden Panorama,landuse:residential,osm
Sobha Forest Edge,landuse:residential,osm
Sterling Residency,landuse:residential,osm
Anriya Dwellington,landuse:residential,osm
Gowri Apartments,landuse:residential,osm
Greenergy,landuse:residential,osm
Arkavathy Layout 2nd Block,place:locality,osm
Valmark Apas,landuse:residential,osm
Munekolala Underpass,highway:tertiary,osm
Jyothi Woods,landuse:residential,osm
Inner Peripheral Ring Road,highway:construction,osm
Sumadhura Nandanam,landuse:residential,osm
Monarch Aqua,landuse:residential,osm
RJ Lake,landuse:residential,osm
Anandam Private Residences,landuse:residential,osm
GCN White Palms,landuse:residential,osm
Railway Officer's Enclave,landuse:residential,osm
Hulkul Residency,landuse:residential,osm
Nakshatra,landuse:residential,osm
Vajram Esteva,landuse:residential,osm
Srinivagilu Main Road,highway:secondary,osm
Trifecta Starlight,landuse:residential,osm
Minister's Quarters,landuse:residential,osm
Government Staff Quarters,landuse:residential,osm
Crescent Court,landuse:residential,osm
Vijay Kiran Apartments,landuse:residential,osm
SS Mansion,landuse:residential,osm
KHB Colony,landuse:residential,osm
Housing Board Colony,landuse:residential,osm
Railway Quarters NGEF,landuse:residential,osm
BMRCL Staff Quarters,landuse:residential,osm
Kadirayyanapalya Main Road,highway:living_street,osm
Floriana Estates,landuse:residential,osm
Kudremukh Colony,landuse:residential,osm
KSRP Senior Officer's Residential Quarters,landuse:residential,osm
Mantri Classic,landuse:residential,osm
Krishna Glade,landuse:residential,osm
Spartan Heights,landuse:residential,osm
Prestige Cedars,landuse:residential,osm
Manish Complex,landuse:residential,osm
Sudarshan Women's Hostel,landuse:residential,osm
Survey of India Quarters,landuse:residential,osm
Bens Royal Woods,landuse:residential,osm
Bens Blooming Valley,landuse:residential,osm
Brigade Parkside North,landuse:residential,osm
Renaissance Shanks Sunnyside,landuse:residential,osm
Shruthika Springfields,landuse:residential,osm
Parking Entry,highway:residential,osm
Parking Exit,highway:residential,osm
Tranquill at Brigade Cornerstone Utopia,landuse:residential,osm
Paradise at Brigade Cornerstone Utopia,landuse:residential,osm
Serene at Brigade Cornerstone Utopia,landuse:residential,osm
Eden at Brigade Cornerstone Utopia,landuse:residential,osm
Myhna Maple,landuse:residential,osm
Candeur Signature,landuse:residential,osm
SVJ Palm Grove,landuse:residential,osm
C Ramaiah's Lakeside Heights,landuse:residential,osm
Water Woods,landuse:residential,osm
Shilpitha Royal,landuse:residential,osm
Blueberry Homes,landuse:residential,osm
Unnathi Vaibhavi,landuse:residential,osm
Rohan Upavan,landuse:residential,osm
Trendsquare Ambiance,landuse:residential,osm
Bengaluru-Mysuru Expressway,highway:trunk,osm
Sobha Morzaria Grandeur,landuse:residential,osm
Parimala Skyview,landuse:residential,osm
Fortune Acacia,landuse:residential,osm
Unique Signature Apartments,landuse:residential,osm
Hoysala Ace,landuse:residential,osm
Sobha Windfall,landuse:residential,osm
Chitrakut Century,landuse:residential,osm
Elegant Berkeley,landuse:residential,osm
Lane B2,highway:residential,osm
Sravya Flute 2,landuse:residential,osm
Green Fields Layout,landuse:residential,osm
Bollineni Astra,landuse:residential,osm
Sankey Tank Flyover (Proposed),highway:proposed,osm
SM Pearl,landuse:residential,osm
Prestige El Palacio,landuse:residential,osm
Legacy Cataleya,landuse:residential,osm
Gokul Towers,landuse:residential,osm
Anriya Palatial,landuse:residential,osm
MTB Farm House,landuse:residential,osm
Ashraya Layout 2nd Stage,place:neighbourhood,osm
HM Tambourine,landuse:residential,osm
Shriram Southern Crest,landuse:residential,osm
DS Needs 3 Project 276,landuse:residential,osm
NR Orchid Gardenia,landuse:residential,osm
Sri Balaji Monarch,landuse:residential,osm
Amrutha Platinum Towers,landuse:residential,osm
Padmavathy Paradise,landuse:residential,osm
Sai Paragon Meadows,landuse:residential,osm
Dhruvika Mogra,landuse:residential,osm
Aratt Premier,landuse:residential,osm
Sri Charitha Blossom,landuse:residential,osm
Vistara 450,landuse:residential,osm
Hiro Tower,landuse:residential,osm
Palace Orchard,landuse:residential,osm
Embassy Orchid,landuse:residential,osm
Paramount Raghavendra Arisht,landuse:residential,osm
Mukund Vivek Paradise,landuse:residential,osm
Govindam Meghana Homes,landuse:residential,osm
Lore Pride Apartment,landuse:residential,osm
Sai Raghavendra White Midas,landuse:residential,osm
Nanda Gokula,landuse:residential,osm
Towards Yelahanka Road,highway:tertiary,osm
Vyasaraya Ballal Road,highway:secondary,osm
Silver Manor,landuse:residential,osm
Amber,landuse:residential,osm
Elgin Court,landuse:residential,osm
Grace Land,landuse:residential,osm
Bearys Cul De Sac,landuse:residential,osm
All Seasons,landuse:residential,osm
Farah Green,landuse:residential,osm
Haydon Manor,landuse:residential,osm
Park Land,landuse:residential,osm
Rose Garden Apartments,landuse:residential,osm
Kristal Beryl,landuse:residential,osm
Disha Loharuka Solaris,landuse:residential,osm
Nydhile,landuse:residential,osm
Jains Aashraya,landuse:residential,osm
Charitha Classic,landuse:residential,osm
Arya Layout,landuse:residential,osm
DSR Brown Creeper,landuse:residential,osm
Aratt Adora,landuse:residential,osm
Land Capital Primero,landuse:residential,osm
Vandana Alpyne,landuse:residential,osm
The Residences at Brigade Tech Gardens,landuse:residential,osm
29th Main Road,highway:tertiary,osm
SV Prime,landuse:residential,osm
H. Siddiah Road,highway:primary,osm
Radiant Katriel,landuse:residential,osm
Sumadhura Shangrilla,landuse:residential,osm
Prestige Whispering Winds,landuse:residential,osm
Pipeline Road,highway:service,osm
Garden Homes,landuse:residential,osm
Raheja Terraces,landuse:residential,osm
Nitesh Logos,landuse:residential,osm
Sterling Finsbury Park,landuse:residential,osm
Tounne House,landuse:residential,osm
Vitrose Elenza,landuse:residential,osm
Belvedere,landuse:residential,osm
Salarpuria Paradise,landuse:residential,osm
Lakeshore Manor,landuse:residential,osm
God's Gift Apartments,landuse:residential,osm
Prestige Chalet,landuse:residential,osm
Palace Garden Apartments,landuse:residential,osm
Prestige Sunflower,landuse:residential,osm
Aparanta Enclave,landuse:residential,osm
DS Max Sanskruthi,landuse:residential,osm
Prestige North Point,landuse:residential,osm
Skylark Greens,landuse:residential,osm
Asset Gardenia Enclave,landuse:residential,osm
RSun Palms,landuse:residential,osm
Sai Raghavendra Bloomfields,landuse:residential,osm
Malibu Paloma,landuse:residential,osm
Rail Wheel Factory East Colony,landuse:residential,osm
All India Radio Staff Quarters,landuse:residential,osm
DSR RR Avenues,landuse:residential,osm
Yelahanka Elevated Corridor (u/c),highway:construction,osm
Bhartiya City Back Gate Road,highway:tertiary,osm
Golden Jubilee Complex,landuse:residential,osm
Samruddhi Florence,landuse:residential,osm
Rehman Khan Road,highway:tertiary,osm
Vijayalakshmi Enclave,landuse:residential,osm
Hoysala Sai Shelters,landuse:residential,osm
Syed's Serenity,landuse:residential,osm
Great Eastern Chalet,landuse:residential,osm
Bailey Apartments,landuse:residential,osm
Skyline Casa,landuse:residential,osm
Kamadhenu Apartments,landuse:residential,osm
Indrapratha Enero,landuse:residential,osm
Regency Heights,landuse:residential,osm
DF Silverline Queens Terraces,landuse:residential,osm
Cunningham Road,highway:residential,osm
Mantri Altius,landuse:residential,osm
BDA Valagerahalli,landuse:residential,osm
Sahyadri Apartments,landuse:residential,osm
Good Earth Enclave,landuse:residential,osm
Sobha Valley View,landuse:residential,osm
Hosakerehalli Flyover,highway:trunk,osm
Vasundhara Krithika,landuse:residential,osm
Shirke KHB Quarters,landuse:residential,osm
"7th Cross, Akash Vihar Layout",highway:residential,osm
Kids Kingdom Road,highway:unclassified,osm
30th Main road,highway:secondary,osm
13th A Main Road,highway:tertiary,osm
Sultanpete Main Road,highway:residential,osm
Spectra Raywoods,landuse:residential,osm
Beau Monde,landuse:residential,osm
RMZ Woodsvale,landuse:residential,osm
Blossom Ville,landuse:residential,osm
King's Crest Apartments,landuse:residential,osm
Sai Gardenia,landuse:residential,osm
Samhita Maruthi Homes,landuse:residential,osm
Century Celeste,landuse:residential,osm
Aparna Maple,landuse:residential,osm
Gulabi Road,highway:residential,osm
Jalahalli Pipeline Junction (Flyover),highway:proposed,osm
Mekhri Circle Flyover (Proposed),highway:proposed,osm
Sadashivanagar Police Station Flyover (Proposed),highway:proposed,osm
Gokula Flyover (Proposed),highway:proposed,osm
Ittamadu-Kamakya Flyover (Proposed),highway:proposed,osm
Sarakki Junction Flyover (Proposed),highway:proposed,osm
Kumbalagodu Flyover,highway:trunk,osm
Bengaluru-Mysuru Flyover,highway:trunk,osm
Rajarajeshwari Nagar Arch Flyover (u/c),highway:construction,osm
Sandeep Unnikrishnan Cycle Track,highway:cycleway,osm
Rajiv Gandhi Nagar road,highway:residential,osm
Jayachamarendra Nagar Main Road,highway:secondary,osm
Rajeshwari Slum,landuse:residential,osm
Prestige Brooklyn Heights,landuse:residential,osm
Sobha Dew Flower,landuse:residential,osm
Assetz 27 Park Avenue,landuse:residential,osm
Chamrajpet 5th Main Road,highway:primary,osm
Sobha Moonstone,landuse:residential,osm
Chartered Gruha Apartments,landuse:residential,osm
Embassy Oasis,landuse:residential,osm
Sakura,landuse:residential,osm
Sundale Apartments,landuse:residential,osm
Grasmere Apartments,landuse:residential,osm
SS Legend's Choice,landuse:residential,osm
Bearys Acacia Lakeview,landuse:residential,osm
Raheja Arbor,landuse:residential,osm
Vaishnavi Premiere,landuse:residential,osm
Sobha Clovelly,landuse:residential,osm
Klassik Landmark,landuse:residential,osm
Cornwell Rustumji,landuse:residential,osm
Prestige Woodland Park,landuse:residential,osm
Fairmont Towers,landuse:residential,osm
Amber Meadows,landuse:residential,osm
Haridass Vishranti,landuse:residential,osm
BDA Apartments Thippasandra Bangalore,landuse:residential,osm
Abhee Lake View,landuse:residential,osm
13th Cross Road,highway:steps,osm
"14Th Cross, Swimming Pool Extension",highway:steps,osm
Heritage Signature,landuse:residential,osm
Pride Pegasus,landuse:residential,osm
Maangalya Ashirwad,landuse:residential,osm
Yelahanka Lake Trail,highway:footway,osm
"Gururaj Layout, 3B cross road",highway:residential,osm
Green's Square,landuse:residential,osm
Inland Edilon,landuse:residential,osm
Jeevanandi Sanskar,landuse:residential,osm
Mars Mount,landuse:residential,osm
Elegant Terraces,landuse:residential,osm
Skyline Apartments,landuse:residential,osm
Bosch Apartments,landuse:residential,osm
Fazal Hermitage Apartments,landuse:residential,osm
SPL Habitat,landuse:residential,osm
Meenakshi Sarovar,landuse:residential,osm
26th Cross Road,highway:footway,osm
Doddanagamangala Road,highway:tertiary,osm
Bosch Main Gate,highway:service,osm
Koteshwara Road,highway:service,osm
Baldota Signature,landuse:residential,osm
Provident Neora,landuse:residential,osm
GP Opal and Onyx,landuse:residential,osm
Ajantha Vihar,landuse:residential,osm
Scintilla Apartment,landuse:residential,osm
Manito Northlite,landuse:residential,osm
Duo Marvel Layout,landuse:residential,osm
MN Orchid,landuse:residential,osm
Ramanashree California Gardens,landuse:residential,osm
Keya Life by the Lake,landuse:residential,osm
ತ್ರಿವಿಕ್ರ,landuse:residential,osm
Prestige Dorchester,landuse:residential,osm
Legacy Dimora,landuse:residential,osm
Nitesh Rio,landuse:residential,osm
Muthyalamma Nagar 1st Main Road,highway:tertiary,osm
Ahuja Palace,landuse:residential,osm
RMZ Eco World Underpass,highway:tertiary_link,osm
"Hulimavu, Arakere",highway:residential,osm
Reservoir Street,highway:service,osm
S V Layout Road,highway:residential,osm
EV Marvel Lane,highway:service,osm
Shabari,landuse:residential,osm
Queenhills PG Road,highway:residential,osm
21st B Main Road,highway:residential,osm
6th Main Road,highway:service,osm
RMZ Ecospace Road,highway:unclassified,osm
BGS Road,highway:residential,osm
Salarpuria Sattva Signet,landuse:residential,osm
Ittina Supernika,landuse:residential,osm
Alaya By Eseem18,landuse:residential,osm
Skyline Waterfront,landuse:residential,osm
Flowing Tree,landuse:residential,osm
Vrindavan Gardens,landuse:residential,osm
Purva Pavillion,landuse:residential,osm
Maia Pelican Grove,landuse:residential,osm
Concorde Spring Meadows,highway:residential,osm
3rd Main Road,highway:service,osm
Sahyadri Luxury Homes,landuse:residential,osm
Emporis,landuse:residential,osm
Grandeur Park,landuse:residential,osm
Krishna Diamond,landuse:residential,osm
Pranava's BSR Gitaar,landuse:residential,osm
Casagrand Royce,landuse:residential,osm
Shriram Blue,landuse:residential,osm
Fortius Workspace,landuse:residential,osm
Sobha Lake Gardens,landuse:residential,osm
United Sai Greenwoods,landuse:residential,osm
Casa Lavelle,landuse:residential,osm
Mahaveer Seasons,landuse:residential,osm
Assetz 38 & Banyan,landuse:residential,osm
Keya Springs,landuse:residential,osm
Liberty Square,landuse:residential,osm
Old Mysuru Road Underpass,highway:primary_link,osm
14th Main Road,highway:steps,osm
Major Akshay Girish Main Road,highway:residential,osm
Gunjur Varthur Main Road,highway:construction,osm
13th A Main,highway:secondary,osm
Virani Lake Mist,landuse:residential,osm
Brigade Rhapsody,landuse:residential,osm
Atria Villa,landuse:residential,osm
Sangeetha Apartments,landuse:residential,osm
Rio Apartment,landuse:residential,osm
Leela Nivas,landuse:residential,osm
Vista Auburn,landuse:residential,osm
Silver Palace,landuse:residential,osm
Elegant Eden,landuse:residential,osm
Maria Nivas,landuse:residential,osm
ANAA Infra's Signature,landuse:residential,osm
Embassy TechVillage service road,highway:service,osm
SSC Driveway,highway:service,osm
Vasavi Vidyaniketan Road,highway:service,osm
BWSSB Service Road,highway:tertiary,osm
Sai Nanadana Grandeur,landuse:residential,osm
Sai Nandana Gardenia,landuse:residential,osm
Nandi Retreat,landuse:residential,osm
Pariwar Pragathi Apartments,landuse:residential,osm
GR Regent Park,landuse:residential,osm
South Park,landuse:residential,osm
Nandi Citadel,landuse:residential,osm
Valmark Cityville,landuse:residential,osm
Eagle Ridge,landuse:residential,osm
Puravankara The Sound of Water,landuse:residential,osm
Goyal Orchid,landuse:residential,osm
Prof. U R Rao Road,highway:service,osm
16th Cross Road,highway:service,osm
Shakthi Highland Road,highway:residential,osm
Clarke Road,highway:tertiary,osm
Siroya Sunshine,landuse:residential,osm
PWD Quarters,landuse:residential,osm
Jains Sankalp,landuse:residential,osm
Skyline Golden Rays,landuse:residential,osm
Prestige Springfields,landuse:residential,osm
Myhna Meadows,landuse:residential,osm
Hemanth Orange,landuse:residential,osm
Christ The King School Road,highway:residential,osm
R Street,highway:residential,osm
Q Street,highway:residential,osm
D Street,highway:residential,osm
Royal Street,highway:service,osm
Bangalore Medical College Hostel & Staff Quarters,landuse:residential,osm
Manidhari Enclave,landuse:residential,osm
Concord Luxepolis,landuse:residential,osm
Brindavan Mansion,landuse:residential,osm
"VIMSA, Visvesvaraya Museum Quaters",landuse:residential,osm
Chord Road,highway:trunk,osm
Connaught Road,highway:service,osm
Brahmagiri BDA Flats,landuse:residential,osm
2nd Cross Road,highway:steps,osm
BDA Apartment Nagarbhavi,landuse:residential,osm
Saroj Harmony,landuse:residential,osm
Adugodi Main Rd,highway:tertiary,osm
B.V.K. Iyengar Road,highway:tertiary,osm
Sri Tirumala Splendor,landuse:residential,osm
Ansal Forte,landuse:residential,osm
Maitree Apartments,landuse:residential,osm
HVS Homes,landuse:residential,osm
Metro Pickup/Drop off Lane,highway:service,osm
Canopy Crest,landuse:residential,osm
8th B Main Road,highway:tertiary,osm
27th Cross Road,highway:unclassified,osm
Lane B3,highway:residential,osm
"Hulimavu, Arakere",highway:tertiary,osm
"Hulimavu, Arakere",highway:unclassified,osm
Purva Midtown,landuse:residential,osm
Marathahalli Slum Board Quarters,landuse:residential,osm
Amphitheatre,highway:footway,osm
DSR Emerald,landuse:residential,osm
South End Road,highway:residential,osm
Bornmann Enclave,landuse:residential,osm
Arakere MICO Layout Main Road,highway:tertiary,osm
Mantri Woodlands,landuse:residential,osm
Nayandahalli Underpass,highway:tertiary,osm
Prestige South Ridge,landuse:residential,osm
ACS Meghana and Shalini Apartments,landuse:residential,osm
Adarsh Premia,landuse:residential,osm
Ashwini Apartments,landuse:residential,osm
Nandi Enclave,landuse:residential,osm
Terrace Garden,landuse:residential,osm
Shriram Shankari,landuse:residential,osm
Sterling Terraces,landuse:residential,osm
Kalpataru Apartments,landuse:residential,osm
Alpine Place,landuse:residential,osm
Petra Paradise,landuse:residential,osm
Eastern Courts,landuse:residential,osm
Grape Garden,landuse:residential,osm
White Rose Layout,landuse:residential,osm
SNN Raj Lake View,landuse:residential,osm
Ranka Apartment,landuse:residential,osm
Vivekananda Housing Complex,landuse:residential,osm
Village Road,highway:path,osm
R.H.B. Colony 1st Cross Road,highway:residential,osm
R.H.B. Colony 3rd Cross Road,highway:residential,osm
R.H.B. Colony 4th Cross Road,highway:residential,osm
Salarpuria Aristocracy,landuse:residential,osm
NCC Nagarjuna Enclave,landuse:residential,osm
Jeevan Surabhi LIC Flats,landuse:residential,osm
Jeevan Saathi LIC Flats,landuse:residential,osm
Sarangadhara Vasathi Sankirana,landuse:residential,osm
Conservancy Lane 3,highway:residential,osm
Conservancy Lane,highway:living_street,osm
Saroj BlueBells,landuse:residential,osm
Engineers street,highway:residential,osm
16 Cross Road,highway:residential,osm
Architects Street,highway:residential,osm
Safran Engineering Services,highway:service,osm
Raj Bhavan Road,highway:secondary,osm
Cookson Road,highway:service,osm
Hutchins 2nd Cross,highway:service,osm
Silvercrest,landuse:residential,osm
Regency Residency,landuse:residential,osm
Tulsi,landuse:residential,osm
Hibiscus,landuse:residential,osm
Sydney Court,landuse:residential,osm
Embassy Casabella,landuse:residential,osm
Nitesh Mayfair,landuse:residential,osm
Phoenix Gardens,landuse:residential,osm
Ramana Jyothi Apartments,landuse:residential,osm
Ashok Heights,landuse:residential,osm
Skyline City Tower Block,landuse:residential,osm
Divya Jyothi Earth,landuse:residential,osm
Pit Lane,highway:raceway,osm
Sakra Hospital Road,highway:residential,osm
HMT Link Road,highway:tertiary_link,osm
BWSSB Pipeline Track,highway:secondary,osm
DCross Road,highway:residential,osm
N Cross Road,highway:residential,osm
Sub Cross Road,highway:residential,osm
13th Main Road,highway:living_street,osm
19th Main Road,highway:service,osm
60 Feet Main Road,highway:tertiary,osm
5th Main Road,highway:footway,osm
Dasarahalli Main Road,highway:tertiary,osm
21st Cross Road,highway:service,osm
Saint Anthony Road,highway:tertiary,osm
Gurumurthy Street,highway:residential,osm
Ramanjaneya Road,highway:tertiary,osm
Kalpalli Road,highway:residential,osm
10th Cross Road,highway:service,osm
WASA Layout 5th Cross road,highway:residential,osm
Sri Tirumala Street,highway:service,osm
Jyothi Nagar,highway:residential,osm
Bell Town Layout,highway:tertiary,osm
Defence Colony Road,highway:residential,osm
14th Cross Road,highway:service,osm
Jail Road,highway:residential,osm
AET College Road,highway:residential,osm
PM Enclave,landuse:residential,osm
Sri Doddamma Devi Temple Road,highway:residential,osm
Tunga Nagar Main Road,highway:tertiary,osm
Krishna Dwellington,landuse:residential,osm
Sankalp Square,landuse:residential,osm
RMV Cluster Phase 2,landuse:residential,osm
RMV Cluster Phase 1,landuse:residential,osm
BEL White Square APartments,landuse:residential,osm
Sumadhura Sushantham,landuse:residential,osm
Arvind Bel Air,landuse:residential,osm
3rd B Cross,highway:tertiary,osm
2nd B Main,highway:residential,osm
EWS Quarters,landuse:residential,osm
Adithya Celstia,landuse:residential,osm
Adithya Tranquil,landuse:residential,osm
Attur Lake trail,highway:path,osm
"1st Main, Akash Vihar Layout",highway:residential,osm
Kendriya Vihar Apartments Exit,highway:residential,osm
Kendriya Vihar Apartments Entry,highway:residential,osm
Sahakar Nagar Railway Underpass,highway:secondary,osm
Stag Aditya Apartments,landuse:residential,osm
Bearys Anugraha,landuse:residential,osm
Field Marshall Cariappa Cycle Path,highway:footway,osm
15th A Cross,highway:secondary,osm
KHB Staff Quarters,landuse:residential,osm
DOS Colony,landuse:residential,osm
Chartered Mady,landuse:residential,osm
Adithi Emerald,landuse:residential,osm
VDB Azure,landuse:residential,osm
Anuraag Anmol,landuse:residential,osm
Oakwood Residency,landuse:residential,osm
Isha Casablanca,landuse:residential,osm
Valmark Orchard Square,landuse:residential,osm
Bluejay Sunshine Hills,landuse:residential,osm
Kumar Prince Town Royale,landuse:residential,osm
Sharadhi Villa,landuse:residential,osm
Sukriti Apartments,landuse:residential,osm
Rathod Vatika,landuse:residential,osm
Navami Vruksha,landuse:residential,osm
Desai Radiant,landuse:residential,osm
Desai Grandeur,landuse:residential,osm
14th Main Road,highway:service,osm
Kadugodi Police Quarters,landuse:residential,osm
Metro - Bus Foot Overbridge,highway:steps,osm
CDP Road,highway:construction,osm
Sriven Splendour,landuse:residential,osm
Prestige Leela Residences,landuse:residential,osm
Begur Lake Road,highway:secondary,osm
Orchid Piccadilly,landuse:residential,osm
Jana Jeeva Castle Apartmens,landuse:residential,osm
Jeevanadi Sampoorna,landuse:residential,osm
100 Feet Road,highway:construction,osm
Mangalam Ecstasy,landuse:residential,osm
Ohana 857,landuse:residential,osm
Embassy Tranquil,landuse:residential,osm
St John's Staff Quarters,landuse:residential,osm
Adarsh Vihar,landuse:residential,osm
Spartacus Apartments,landuse:residential,osm
Swagath Apartments,landuse:residential,osm
Embassy Meadows,landuse:residential,osm
Gem Regency,landuse:residential,osm
Wild Grass Apartments,landuse:residential,osm
Veracious Enrica Apartments,landuse:residential,osm
DSR Elegance,landuse:residential,osm
Adarsh Palm Retreat Daffodils,landuse:residential,osm
Adarsh Palm Retreat Mayflower,landuse:residential,osm
Adarsh Palm Retreat Hibiscus,landuse:residential,osm
Adarsh Palm Retreat Jacaranda,landuse:residential,osm
Lendee Sentosa,landuse:residential,osm
Vars Parkwood,landuse:residential,osm
Classic Orchards,landuse:residential,osm
Lane 2 South,highway:residential,osm
ISRO Road,highway:residential,osm
Sarjapura Road Exit,highway:trunk_link,osm
71st Cross Road,highway:tertiary,osm
Brigade Petunia,landuse:residential,osm
Premier Grihalakshmi Apartment,landuse:residential,osm
Krishnarajapura Metro Station Road,highway:unclassified,osm
GKVK Road,highway:tertiary,osm
St. Joseph's College,highway:bus_stop,osm
Pothalappa Garden,highway:bus_stop,osm
Jakkur SWD Road,highway:proposed,osm
Reliance Petrol Bunk Goraguntepalya,highway:bus_stop,osm
Devegowda Petrol Bunk,highway:bus_stop,osm
Kamakhya Talkies,highway:bus_stop,osm
Vaishnavi Rathnam,landuse:residential,osm
Sai Serenity Layout,landuse:residential,osm
Confident Oberon Whitefield,landuse:residential,osm
Sahasra Serenity,landuse:residential,osm
1 A Cross Road,highway:residential,osm
Malnad Towers,landuse:residential,osm
LG Lakedew,landuse:residential,osm
Kingston Residency,landuse:residential,osm
Concorde Spring Meadows,landuse:residential,osm
Janapriya Nivas Apartments,landuse:residential,osm
Century infinite,landuse:residential,osm
Yelahanka Old Town BMTC Bus Station,highway:service,osm
Pramuk Temple Meadows,landuse:residential,osm
Byatarayanapura,highway:bus_stop,osm
Vasanth Nagar,highway:bus_stop,osm
YMR Lichen,landuse:residential,osm
Silk Board Interchange,highway:construction,osm
HSR Trinity Apartments,landuse:residential,osm
Good Earth Malhar Main Road,highway:residential,osm
BMTC Quarters,landuse:residential,osm
Bengaluru Economic Corridor,highway:proposed,osm
MJR Platina,landuse:residential,osm
Uma Sree Dream World,landuse:residential,osm
Vaswani Astoria Apartments,landuse:residential,osm
Chief Justice Residence,landuse:residential,osm
JNNURM,landuse:residential,osm
Dr. CV Raman Road,highway:trunk_link,osm
Suraksha Marvella,landuse:residential,osm
Mahaveer Rhyolite,landuse:residential,osm
Mahaveer Calyx,landuse:residential,osm
Sona Vistaas,landuse:residential,osm
TG Lake Vista,landuse:residential,osm
DS Max Saanjh,landuse:residential,osm
Splendid Lakedews,landuse:residential,osm
Aratt Vivera,landuse:residential,osm
Hasmita Nandana,landuse:residential,osm
Windsor Troika,landuse:residential,osm
Rainbow Oaks,landuse:residential,osm
Aratt Felicita,landuse:residential,osm
Sai Krupa,landuse:residential,osm
SLV Spandana,landuse:residential,osm
Suraksha Heritage Park,landuse:residential,osm
Axis Antara,landuse:residential,osm
Opal Akshaya,landuse:residential,osm
Ramanashree Nagar,landuse:residential,osm
Sumadhura Essenza,landuse:residential,osm
Bhoganahalli Road,highway:unclassified,osm
Central Tax & Customs Staff Quarters,landuse:residential,osm
KHB Diamond Township,landuse:residential,osm
Sanchike,landuse:residential,osm
Sai Prithvi Elite,landuse:residential,osm
Greencity Eutopia,landuse:residential,osm
Taralabalu Enclave,landuse:residential,osm
Parkway,landuse:residential,osm
Rest House Apartments,landuse:residential,osm
Charles Court,landuse:residential,osm
Site No. 26,landuse:residential,osm
Ananthapuram Main Road,highway:tertiary,osm
KR Circle,highway:bus_stop,osm
Purva Atria Platina,landuse:residential,osm
Vaishnavi Splendour Apartments,landuse:residential,osm
Balaji's Lakeside Marvel,landuse:residential,osm
Happy Valley,landuse:residential,osm
Skanda Lakefront,landuse:residential,osm
Olety Landmark Apartment,landuse:residential,osm
Bengaluru-Mysuru Service lane,highway:trunk,osm
Green Court Apartments,landuse:residential,osm
Lake View Apartments,landuse:residential,osm
Space Time Apartments,landuse:residential,osm
Elegant Valley Apartments,landuse:residential,osm
SGS Divine Aspire,landuse:residential,osm
Pyramid Temple Bells,landuse:residential,osm
Chitrashree Royale,landuse:residential,osm
Skandasri Paradise,landuse:residential,osm
Vasundra Cybernesy,landuse:residential,osm
Casa Ansal,landuse:residential,osm
DS Max Skygrand,landuse:residential,osm
Sekhar Olympus,landuse:residential,osm
DS Max Solitaire,landuse:residential,osm
MIT Square,landuse:residential,osm
United Crossandra,landuse:residential,osm
Traan Insignia,landuse:residential,osm
Carbon Cornerstone,landuse:residential,osm
Kannur Main Road,highway:secondary_link,osm
Kannur Main Road,highway:primary_link,osm
Sattva Exotic,landuse:residential,osm
Jayani Paradise,landuse:residential,osm
Arvind Expansia,landuse:residential,osm
PVR Lakeview,landuse:residential,osm
Sai Krupa Harmony,landuse:residential,osm
Durga Rainbow,landuse:residential,osm
Dhaaruni Residences,landuse:residential,osm
Saritha Splendor,landuse:residential,osm
Fortune Valley,landuse:residential,osm
BREN Trillium Apartments,landuse:residential,osm
Dream Medows,landuse:residential,osm
Indian Express,highway:bus_stop,osm
Narang Apartments,landuse:residential,osm
Nishanth Residency,landuse:residential,osm
Adarsh Hill,landuse:residential,osm
Swantanra Palya Slum,landuse:residential,osm
Mythreyi Namisha Apartment,landuse:residential,osm
Wilson Vintage,landuse:residential,osm
Srivatsav Prasiddi Apartments,landuse:residential,osm
Gaana Residency,landuse:residential,osm
Kumaraswamy Layout,highway:platform,osm
7th Cross Road,highway:unclassified,osm
Lake Shore Homes,landuse:residential,osm
Bren Zahara,landuse:residential,osm
Purva Tiara,landuse:residential,osm
Majestic Fortune,landuse:residential,osm
Skyline Amogha Apartments,landuse:residential,osm
95th Cross Road,highway:residential,osm
Vaastu Dew Flower,landuse:residential,osm
Waterville,landuse:residential,osm
SNN RAJ Spiritua,landuse:residential,osm
Sri Vari Ganga Homes,landuse:residential,osm
SNN Raj Grandeur,landuse:residential,osm
Muneshwara Swamy Temple Road,highway:unclassified,osm
Shyam Ambika Apartments,landuse:residential,osm
Palm Court Apartments,landuse:residential,osm
Daffodils Garden Estate,landuse:residential,osm
Vishwa Prakruthi Greenwoods,landuse:residential,osm
HRC Ananya,landuse:residential,osm
Century Horizon,landuse:residential,osm
Srinivasa Garden,landuse:residential,osm
Rajni Ashish Rose,landuse:residential,osm
NDRF,landuse:residential,osm
Mittal Elanza,landuse:residential,osm
Mahaveer Cygnet,landuse:residential,osm
Prestige Sukri Serenity,landuse:residential,osm
Ganga Heights,landuse:residential,osm
Sai Brindavan,landuse:residential,osm
Eshwari Oak Dale,landuse:residential,osm
Lane A,highway:residential,osm
Lane B1,highway:residential,osm
Devanagari Layout,landuse:residential,osm
Myhna Heights,landuse:residential,osm
Candeur Rise,landuse:residential,osm
Sohan Fortune,landuse:residential,osm
Halcyon at Brigade Cornerstone Utopia,landuse:residential,osm
1st Main Road,highway:living_street,osm
Pipeline Road,highway:secondary_link,osm
Skyline Solstice Apartments,landuse:residential,osm
Green Garden Phase 2,landuse:residential,osm
Arvind Orchards,landuse:residential,osm
Deccan Court,landuse:residential,osm
Vinay Serene Apartment,landuse:residential,osm
Raheja Regent Apartments,landuse:residential,osm
Elegant Aster,landuse:residential,osm
Lewis Glorious,landuse:residential,osm
MNR Street,highway:residential,osm
Unishire Belvedere Premia,landuse:residential,osm
Aires Lakeview,landuse:residential,osm
BGS Layout,landuse:residential,osm
Legacy Eldora,landuse:residential,osm
DS Max Synergy,landuse:residential,osm
Prabhavathi Elegant,landuse:residential,osm
SS Snowdrop,landuse:residential,osm
Arvind Oasis,landuse:residential,osm
Casagrand Aquene,landuse:residential,osm
Cherry Lane,highway:tertiary,osm
Pattandur Agrahara 2nd Cross Road,highway:residential,osm
Sattva Opus,landuse:residential,osm
Vaishnavi North 24,landuse:residential,osm
RMP2015 Road,highway:proposed,osm
Shubh Labh Cypress,landuse:residential,osm
"Kommagatta, Main Road",highway:secondary,osm
Jakkur Main Road,highway:construction,osm
Elegant Exotica,landuse:residential,osm
Sai Kuteer Apartments,landuse:residential,osm
Century Saras,landuse:residential,osm
Landcapital Calista,landuse:residential,osm
Esteem Northwood,landuse:residential,osm
Sankey Road Underpass,highway:primary,osm
Neeladri Sarovaram,landuse:residential,osm
Cherry Blossom,landuse:residential,osm
Codename One Villas,landuse:residential,osm
18m RMP2015 Road,highway:construction,osm
Maitree Sprint,landuse:residential,osm
SM Zinnia,landuse:residential,osm
Elegant Embassy North,landuse:residential,osm
Pyramid Banksia and Mahika,landuse:residential,osm
Mahaveer Willet,landuse:residential,osm
Hilife Nature,landuse:residential,osm
Krishna Global,landuse:residential,osm
Elegant Elite Apartments,landuse:residential,osm
Hagadur Road,highway:primary_link,osm
Garadi Apartments,landuse:residential,osm
Whitefield Railway Quarters,landuse:residential,osm
NICE Expressway,highway:motorway_link,osm
Roshan Platinum,landuse:residential,osm
Patel Munniswamapa Layout Road,highway:residential,osm
Vishwapriya Vertical Garden,landuse:residential,osm
Anand Alpine,landuse:residential,osm
Ramanchala Apartments,landuse:residential,osm
Nand Deep,landuse:residential,osm
Lotus Court,landuse:residential,osm
IIA Apartment,landuse:residential,osm
Salarpuria Lancet,landuse:residential,osm
EGPI Arcadia,landuse:residential,osm
Spencer House,landuse:residential,osm
Cassia Court,landuse:residential,osm
Suchitra Apartments,landuse:residential,osm
R K Road,highway:tertiary,osm
Baiyappanahalli Rotary Flyover,highway:proposed,osm
Airport Authority of India Quarters,landuse:residential,osm
Adarsh Crystal,landuse:residential,osm
Jogupalya Police Quarters,landuse:residential,osm
Total Environment The Good Earth,landuse:residential,osm
Maple Manor,landuse:residential,osm
16th Main,highway:secondary,osm
Siddi Vinayaka Layout,landuse:residential,osm
Renaissance Woods,landuse:residential,osm
Hesarghatta Pipeline Road,highway:secondary,osm
Suraksha Enclave,landuse:residential,osm
MES Quarters,landuse:residential,osm
Jarakabande Staff Quarters,landuse:residential,osm
Sultan Gunta Road,highway:tertiary,osm
Singapore Gardens,place:neighbourhood,osm
Sunrise Brundavan Gardens,landuse:residential,osm
Comfort Heights,landuse:residential,osm
KHB Apartments,landuse:residential,osm
Sentinel's Pride,landuse:residential,osm
RMZ Ecoworld Internal Road,highway:tertiary_link,osm
Legacy Mycon,landuse:residential,osm
Legacy Madellia,landuse:residential,osm
Farah Plaza,landuse:residential,osm
Nirmal Jyothi Complex,landuse:residential,osm
Ramp A,highway:primary,osm
Silkboard Double Decker Flyover,highway:primary_link,osm
Bijith Classic,landuse:residential,osm
Prakash Hibiscus,landuse:residential,osm
Skyline Aura,landuse:residential,osm
Le Terrace,landuse:residential,osm
RMP2015 18m Road,highway:construction,osm
Proposed Road Over Bridge,highway:proposed,osm
Ramp to Hosur road joining Ragigudda Silkboard Double Decker Flyover,highway:primary_link,osm
Ragigudda-Silk Board Integrated Flyover (u/c),highway:construction,osm
Mahadevapura Flyover,highway:trunk,osm
Suraksha Landmark Apartments,landuse:residential,osm
80 Feet Road,highway:proposed,osm
Gopalan Florenza,landuse:residential,osm
Rayasandra Main Road,highway:tertiary,osm
SS Maple,landuse:residential,osm
Gangotri Apartments,landuse:residential,osm
Golam Lane,highway:residential,osm
Railway Quarters KR Puram,landuse:residential,osm
GSP Lab,highway:service,osm
Sai Shakthi Apartments,landuse:residential,osm
MV Periwinkle,landuse:residential,osm
Royal Enclave,landuse:residential,osm
ASN Lakeview,landuse:residential,osm
NR Royal Park,landuse:residential,osm
Amruth Grandeur,landuse:residential,osm
Narya 5 Elements,landuse:residential,osm
Avenue Court,landuse:residential,osm
Gurukripa Nivas,landuse:residential,osm
Elegant Tranquil,landuse:residential,osm
Toucan's Nest,landuse:residential,osm
Lavina Mansion,landuse:residential,osm
Fair Haven Apartments,landuse:residential,osm
Vajram Elina (u/c),landuse:residential,osm
Vidyaranyapura - Nanjangud Road,highway:secondary,osm
Soul Space Arista,landuse:residential,osm
Subiksha Daffodil,landuse:residential,osm
Savyasachi Sarayu,landuse:residential,osm
Rock House Regency,landuse:residential,osm
Binny Crescent Apartments,landuse:residential,osm
Prestige Benson Court,landuse:residential,osm
Tawakkal Manor,landuse:residential,osm
M3 Benson,landuse:residential,osm
Prestige Capri,landuse:residential,osm
Chitrapur Housing Complex,landuse:residential,osm
Vaswani Astoria Villas,landuse:residential,osm
Indraprastha Schon,landuse:residential,osm
Wellington  Court,landuse:residential,osm
Wellington Park Apartment,landuse:residential,osm
Sherief Apartment,landuse:residential,osm
Rustumji Residency,landuse:residential,osm
Victorian Villa,landuse:residential,osm
Sona Gardens,landuse:residential,osm
Richmond Villa,landuse:residential,osm
Southern Star,landuse:residential,osm
GK Tropical Springs,landuse:residential,osm
Surya Humming Bird,landuse:residential,osm
Pristine Grove,landuse:residential,osm
Amigo Estella,landuse:residential,osm
Bhoo Sai Charana Layout,landuse:residential,osm
Adithya Pristine,landuse:residential,osm
Harsha Gateway,landuse:residential,osm
Pearl Paradise,landuse:residential,osm
Royal Elite,landuse:residential,osm
Mentsu Crescent,landuse:residential,osm
Devin Indira Paradise,landuse:residential,osm
10th Main Road,highway:secondary_link,osm
CPMG Karnataka Residence,landuse:residential,osm
Museum Terrace,landuse:residential,osm
Raheja Chambers,landuse:residential,osm
Rich & Famous Apartments,landuse:residential,osm
Phoenix Kessaku,landuse:residential,osm
Hennur Road,highway:primary,osm
SSVR Lotus Pond,landuse:residential,osm
Maarq Alpha,landuse:residential,osm
Sree Urban Orchids,landuse:residential,osm
Vertex Wellington,landuse:residential,osm
Mahogany Apartments,landuse:residential,osm
Brigade Crescent,landuse:residential,osm
Sri Sai Supreme,landuse:residential,osm
Garden Apartments,landuse:residential,osm
St. Michael's Apartments,landuse:residential,osm
Nandi Park Apartments,landuse:residential,osm
MG Road Boulevard,highway:footway,osm
SMR Vinay Meenakshi,landuse:residential,osm
24m RMP2015 Road,highway:proposed,osm
TNR Street,highway:living_street,osm
SKAV Mekhri Ritz,landuse:residential,osm
HM Glenville,landuse:residential,osm
Patel's Green Valley,landuse:residential,osm
Slendid Sree Durga Apartments,landuse:residential,osm
4th B Cross Road,highway:construction,osm
Kulkarni Sadan,landuse:residential,osm
Krishna Rajendra Circle,highway:primary,osm
Shringeri Road,highway:residential,osm
Indus Signature Driveway,highway:residential,osm
Ananda Rao Flyover Ramp,highway:primary_link,osm
11th Cross Road,highway:path,osm
11th Cross Road,highway:steps,osm
United Lodge of Theosophists,landuse:residential,osm
Navanaami Platina,landuse:residential,osm
Pritech Road,highway:unclassified,osm
5th Cross Road,highway:primary,osm
Malibu Belezza,landuse:residential,osm
Druva Daffodils,landuse:residential,osm
MSR College Road,highway:service,osm
Incor Opulence,landuse:residential,osm
2nd B Road,highway:service,osm
BWSSB Pipeline Track,highway:service,osm
Elegant Palace,landuse:residential,osm
Judicial Layout Railway Parallel Road,highway:residential,osm
Allalasandra Main Road Flyover,highway:tertiary,osm
Prestige Sunnyside Oak,landuse:residential,osm
16th Main Road,highway:footway,osm
The Marquis,landuse:residential,osm
Hope Farm Underpass,highway:construction,osm
Manwaring House,landuse:residential,osm
Shetty Abode,landuse:residential,osm
Yelahanka New Town Main Road,highway:secondary_link,osm
Garden City Layout Road,highway:residential,osm
Elegant,landuse:residential,osm
Elegant Altima,landuse:residential,osm
1st Main Road,highway:track,osm
10th Cross Road,highway:track,osm
2nd Main Road,highway:track,osm
1st Cross Road,highway:track,osm
KR Puram Market road,highway:residential,osm
Anurag Abode,landuse:residential,osm
Sohan RNR Icon,landuse:residential,osm
Golden Lotus,landuse:residential,osm
Keerthi Manor Apartments,landuse:residential,osm
Aishwarya Lake View Residency,landuse:residential,osm
Versova Layout,landuse:residential,osm
Srinidhi The Central Park,landuse:residential,osm
Sankey Road,highway:tertiary,osm
Kirloskar House,landuse:residential,osm
Dr. Ambedkar Road,highway:primary,osm
MM Road,highway:construction,osm
Nikhar Aventino,landuse:residential,osm
Mounika Espancia,landuse:residential,osm
Bagmane Solarium City Road,highway:tertiary,osm
Connects Academic Block,highway:footway,osm
New Girls Hostel Lane,highway:service,osm
Krishna Mystiq,landuse:residential,osm
Amrutha Sparkling Nest,landuse:residential,osm
Uniidus Acropolis,landuse:residential,osm
Atma Apartments,landuse:residential,osm
Renaissance Nest,landuse:residential,osm
Arya Hamsa,landuse:residential,osm
Platinum Lifestyle,landuse:residential,osm
Epitome Elan,landuse:residential,osm
Thayappa Reddy Streeet,highway:living_street,osm
Doordarshan Staff Quarters,landuse:residential,osm
Aloha Apartment,landuse:residential,osm
The Orchard Apartments,landuse:residential,osm
Aaspire Heights,landuse:residential,osm
Brigade Vista,landuse:residential,osm
Aditya Garden,landuse:residential,osm
Gowrasri Nilaya,landuse:residential,osm
VRR Lakeview,landuse:residential,osm
Samhita Square,landuse:residential,osm
Casa de Paz,landuse:residential,osm
Bank Colony,landuse:residential,osm
Shipitha Royal Oak,landuse:residential,osm
Uphill Entrance,highway:residential,osm
Apparao Road,highway:tertiary,osm
Uphill,landuse:residential,osm
Connects CST New Building,highway:footway,osm
way to DTL huddle,highway:footway,osm
Technical Clubs,highway:footway,osm
Fairfield Apartments,landuse:residential,osm
RRI Quarters,landuse:residential,osm
Brigade Palace,landuse:residential,osm
Navami Parimala Gurukrupa,landuse:residential,osm
Golf View Apartments,landuse:residential,osm
Total Environment Lost in the Greens,landuse:residential,osm
Bengaluru Armed Reserve Police,landuse:residential,osm
Chota Charminar Road,highway:residential,osm
Sainak Puri,landuse:residential,osm
Gina Ronville,landuse:residential,osm
Aishwarya Enclave,landuse:residential,osm
Sri Balaji Emerald,landuse:residential,osm
Fern's Residency - II,landuse:residential,osm
Defence Enclave,landuse:residential,osm
Ramachandrappa Enclave,landuse:residential,osm
Muthu,landuse:residential,osm
Paramount Gardens,landuse:residential,osm
Pearl Garden Layout,landuse:residential,osm
YD Lotus Apartments,landuse:residential,osm
Sycon Cressida,landuse:residential,osm
Sycon Horamavu,landuse:residential,osm
Nava Vaibhava,landuse:residential,osm
Samhita Sarovar,landuse:residential,osm
High Rise Fort,landuse:residential,osm
ASN Gardenia,landuse:residential,osm
4th Street,highway:footway,osm
SK Iris Apartments,landuse:residential,osm
R&S Woodside Apartments,landuse:residential,osm
Jain Heights,landuse:residential,osm
Lane 1 North,highway:residential,osm
UTC Quarters,landuse:residential,osm
Income Tax & Central Excise Staff Quarters,landuse:residential,osm
Artha Zen Layout,landuse:residential,osm
Jayaprakash Narayan Colony,landuse:residential,osm
Hennur SWD Road,highway:proposed,osm
Bay 1,highway:service,osm
Prakruthi Urban Ville,place:neighbourhood,osm
Kensington Towers,landuse:residential,osm
Kalahalli BDA Quarters,landuse:residential,osm
Cattleya - Sriven Nest,landuse:residential,osm
Halasahalli Road,highway:secondary,osm
Shruthi Enclave,landuse:residential,osm
SKV Hanging Gardens,landuse:residential,osm
Brigade Road Cross,highway:living_street,osm
Maangalya Park Avenue,landuse:residential,osm
Navrathan Gardens,landuse:residential,osm
Chartered Hummingbird,landuse:residential,osm
DS Max Swastik,landuse:residential,osm
Elephant Rock Road,highway:secondary,osm
Assayee Palam,highway:footway,osm
Whispering Gardens,landuse:residential,osm
Greenery Apartments,landuse:residential,osm
Shiv Darshan Apartments,landuse:residential,osm
IDR Road,highway:service,osm
Pavani Sreshta,landuse:residential,osm
Pavani Vishishta,landuse:residential,osm
KIA Bus Stop,highway:bus_stop,osm
West Village,landuse:residential,osm
Rainbow Kishore Glendale,landuse:residential,osm
KEB Quaters,landuse:residential,osm
HMT Junction Underpass,highway:construction,osm
SLV Soumyasree Park View,landuse:residential,osm
Shri Sai Lake Ville,landuse:residential,osm
Site No. 29,landuse:residential,osm
Prestige Marrakesh,landuse:residential,osm
Way to Parking,highway:service,osm
Prestige Richmond,landuse:residential,osm
Saranya Soham,landuse:residential,osm
PM Narayana Swamy Paradise,landuse:residential,osm
Ramakka Property,landuse:residential,osm
Coconut Avenue Road,highway:primary,osm
Balaji Garden,landuse:residential,osm
Windsor Amulyam,landuse:residential,osm
Valmark Ananda,landuse:residential,osm
Maitreyi Aikya,landuse:residential,osm
BTM Meadows,landuse:residential,osm
Walton Road,highway:tertiary,osm
Siradi Sai Road,highway:residential,osm
Pipeline Road Underpass,highway:construction,osm
Marenahalli Road,highway:trunk,osm
Spring Dale Layout,landuse:residential,osm
KM Lane,highway:residential,osm
Aishwarya Ornate Apartments,landuse:residential,osm
Harmony Apartments,landuse:residential,osm
Rajatha Greens,landuse:residential,osm
Samhita Orchid,landuse:residential,osm
Chowdeshwari Lake View Homes,landuse:residential,osm
Bagmane Tech Park Flyover,highway:service,osm
Devagiri Emeralds,landuse:residential,osm
Duke's Mansion,landuse:residential,osm
Annragh Green Earth,landuse:residential,osm
walk path,highway:footway,osm
GK Lakeview Apartments,landuse:residential,osm
Prestige Beta Flyover,highway:construction,osm
Mahaveer Lakes,landuse:residential,osm
Samriddhi Gardenia,landuse:residential,osm
Keerthi Royale,landuse:residential,osm
Padarayanapura Road,highway:residential,osm
Sri Venkateshwara Residency,landuse:residential,osm
Donata Marvel,landuse:residential,osm
Kodigehalli Main Road,highway:secondary,osm
ATZ Estrella,landuse:residential,osm
Kristal Halite,landuse:residential,osm
BDA 50ft Road,highway:residential,osm
Dhrithi,landuse:residential,osm
Mahanidhi Residency,landuse:residential,osm
Arab Lane B street,highway:path,osm
Sapthagiri Towers,landuse:residential,osm
Balaji Layout,landuse:residential,osm
60 Feet Road,highway:secondary,osm
Gagan Gauravi Apartments,landuse:residential,osm
Mulberry Lane,landuse:residential,osm
ISRO Road,highway:tertiary,osm
Aashraaya Citadel,landuse:residential,osm
Sobha Malachite,landuse:residential,osm
Duo Residency,landuse:residential,osm
Crown Aura,landuse:residential,osm
Krishna Gardenia,landuse:residential,osm
Krishna Laburnum,landuse:residential,osm
Prathamesh Apartments,landuse:residential,osm
RK Gardens,landuse:residential,osm
Manu Building,landuse:residential,osm
MLN Signature,landuse:residential,osm
Sundew Zrika,landuse:residential,osm
Kerekodi Road,highway:proposed,osm
Sri Krishna Shrine Apartments,landuse:residential,osm
9th Road,highway:residential,osm
BWSSB Quarters,landuse:residential,osm
BHEL SBD Township A,landuse:residential,osm
Byrathi Suresh,landuse:residential,osm
DS Max Sankalp Manor,landuse:residential,osm
Rose Mansion Apartment,landuse:residential,osm
Victorian Meadows,landuse:residential,osm
ND Sepal,landuse:residential,osm
Royal Street,highway:living_street,osm
Government B. Ed. Boys Hostel,landuse:residential,osm
Bhagwan Buddha Boys Hostel,landuse:residential,osm
Vokkaligara Sangha Boys Hostel,landuse:residential,osm
Thayappa Reddy Layout,landuse:residential,osm
Residential Quarters,landuse:residential,osm
Residencial Road,highway:residential,osm
Rukshana Lakshman Avenue,highway:residential,osm
Salarpuria Sattva Kings Domain,landuse:residential,osm
Jhunjhunwalas,landuse:residential,osm
RMP2015 18m Road,highway:residential,osm
Bangalore University Women's Student Hostel,landuse:residential,osm
Nava Vedantha,landuse:residential,osm
Venus Gardenia,landuse:residential,osm
TZED Homes,landuse:residential,osm
K.C.A layout,landuse:residential,osm
Government Colony,landuse:residential,osm
BDA Apartment,landuse:residential,osm
PF Quarters,landuse:residential,osm
BSR Mantralaya Phase 2,landuse:residential,osm
Canara Bank Apartments,landuse:residential,osm
EGPI Saathvi,landuse:residential,osm
Eshwari Enclave,landuse:residential,osm
waytobuild1,highway:path,osm
pathtobuild3,highway:path,osm
waytobuild2,highway:path,osm
Garudadri Springs,landuse:residential,osm
Gurupriya Akashganga Apartment,landuse:residential,osm
Happy Valley Pearl Apartment,landuse:residential,osm
Hills View Meadows,landuse:residential,osm
Hoysala Commanders Galleria,landuse:residential,osm
Lakvin Elite,landuse:residential,osm
Madku D Comforts,landuse:residential,osm
Mahaveer Fortune,landuse:residential,osm
Manjunatha Residency,landuse:residential,osm
Maruthi Residency,landuse:residential,osm
Model Terrace,landuse:residential,osm
Oasis Vijaya,landuse:residential,osm
Promenade Road Crosss,highway:residential,osm
Hatha Coco Nest,landuse:residential,osm
Om Sri Residency,landuse:residential,osm
Parisara Flying View,landuse:residential,osm
Real House Apartments,landuse:residential,osm
Sai Gangothri Apartment,landuse:residential,osm
Sai Paradise,landuse:residential,osm
Sai Pavitra Amogh,landuse:residential,osm
Sarang Parkway Apartment,landuse:residential,osm
Saraswati Nivas,landuse:residential,osm
Sashank Aikhya,landuse:residential,osm
Sattva Shubham Apartment,landuse:residential,osm
Shivaganga Swasthik,landuse:residential,osm
Shrestha Pratham Apartments,landuse:residential,osm
Siri Exotica,landuse:residential,osm
SLS Silicon Valley,landuse:residential,osm
Southern Manor Apartments,landuse:residential,osm
Sri Krishna Residency,landuse:residential,osm
Sri Venkateshwara Nilaya,landuse:residential,osm
Srivara Vistara Apartment,landuse:residential,osm
Camellia Elegant,landuse:residential,osm
Surbacon Aspen,landuse:residential,osm
Bagmane Solarium City Road,highway:construction,osm
TC Palaya Road,highway:tertiary,osm
LVS Elegance,landuse:residential,osm
LVS Excellency,landuse:residential,osm
Villa Maria,landuse:residential,osm
Garuda Park Square,landuse:residential,osm
Hope Farm (Towards Varthur),highway:bus_stop,osm
Vaishno Seasons,landuse:residential,osm
Ushodaya S Square,landuse:residential,osm
Gravity Temple Bell Apartment,landuse:residential,osm
Canopy Cologne,landuse:residential,osm
Sandeep Vihar AWHO Apartments,landuse:residential,osm
Ecolife Elements of Nature,landuse:residential,osm
Prestige Lavender Fields (u/c),landuse:residential,osm
Adithya,landuse:residential,osm
Saptagiri Nivas,landuse:residential,osm
Drumpellier,landuse:residential,osm
Outer Circle,highway:tertiary,osm
Skillfloor,highway:steps,osm
Hennur Road,highway:construction,osm
Landsowne,landuse:residential,osm
JNNURM Quarters,landuse:residential,osm
"Sudha Enterprises, No. 157, V R VIHAR,",landuse:residential,osm
Sadarmangala Road,highway:steps,osm
4th Lane,highway:residential,osm
Signature Park,landuse:residential,osm
Pragati Layout,landuse:residential,osm
Sobha Dream Acres Oasis,landuse:residential,osm
Ashwath Nagar Road,highway:residential,osm
26th C Cross Road,highway:residential,osm
Prestige Botanique,landuse:residential,osm
Shankara Lakeview,landuse:residential,osm
SS Vrudhi,landuse:residential,osm
Mahaveer Carnation,landuse:residential,osm
3rd Cross Road,highway:path,osm
Herohalli Main Road,highway:secondary,osm
Chartered Coronet,landuse:residential,osm
Masturlal,landuse:residential,osm
Door No. 1B,landuse:residential,osm
J Cross Road,highway:residential,osm
Venugopal Swamy Temple Street RCC Road,highway:residential,osm
Sowkar Lane,highway:tertiary,osm
Visveswaraya GH Lane,highway:residential,osm
Convent Road,highway:residential,osm
42nd Main Road,highway:residential,osm
Dwarakamai Olive,landuse:residential,osm
Vrishabhavathi SWD Road,highway:proposed,osm
Bellandur SWD Road,highway:proposed,osm
Kristal Tiara,place:neighbourhood,osm
Government School Road,highway:secondary,osm
Lake Bay Road,highway:tertiary,osm
Neeladri Road,highway:tertiary,osm
Nagappa Reddy Layout Road,highway:residential,osm
2nd Cross Road,highway:unclassified,osm
EV Marvel Lane,highway:residential,osm
CS Road,highway:residential,osm
Adishakthi Temple Road,highway:residential,osm
Jain Temple second entrance,highway:footway,osm
Jain Temple Main entrance,highway:footway,osm
Li-12,landuse:residential,osm
St. Ann's School Road,highway:residential,osm
St. Anni's School Road,highway:residential,osm
Vagdevi Vilas School Road,highway:residential,osm
20th A Main Road,highway:tertiary,osm
Pampa Extension Road,highway:tertiary,osm
Doctors Layout 2nd Main Road,highway:residential,osm
9th Cross Street,highway:residential,osm
7th Cross Street,highway:residential,osm
6th Navya Nagar,highway:residential,osm
1st Main road,highway:tertiary,osm
Rama Mandira Road,highway:residential,osm
Acharya College Main Road,highway:residential,osm
Main Road,highway:secondary,osm
Abbigere Road,highway:tertiary,osm
Kottigepalya Main Road,highway:residential,osm
Abbigere Village Road,highway:residential,osm
2nd Main Muniraju Layout Road,highway:residential,osm
Hill View Street,highway:residential,osm
SLV Elanza,landuse:residential,osm
Maruthi Layout,landuse:residential,osm
Mahaveer Sanctum Annexe,landuse:residential,osm
Medarahalli Railway Station Road,highway:tertiary,osm
Eidgha Main Street,highway:residential,osm
Poojar Estate 1st Cross Road,highway:residential,osm
Nishariz Road,highway:residential,osm
Vaishnavi Orchid,place:neighbourhood,osm
6th Kabeer Road,highway:residential,osm
Krishna Road,highway:tertiary,osm
1st F Cross Road,highway:tertiary,osm
Kurubarahalli Main Road,highway:tertiary,osm
Shree Hanuman Temple Road,highway:residential,osm
Widia School Bus Stop Road,highway:residential,osm
NIAS Road,highway:service,osm
RMV Clusters Phase 1 Road,highway:tertiary,osm
Rohan Jharoka 2,landuse:residential,osm
SMR Vinay Endevour,landuse:residential,osm
Ramachandra Pura Road,highway:residential,osm
6th A Cross Road,highway:tertiary,osm
Netravati Street,highway:residential,osm
6th A Main Road,highway:tertiary,osm
Sri Nagasubramanya Swamy Temple Road,highway:secondary,osm
Devappa Layout Road,highway:residential,osm
Jacaranda Street,highway:residential,osm
Shriram Earth,landuse:residential,osm
Ittina Abha,landuse:residential,osm
1st Cross Nehru Road,highway:residential,osm
Varthur Lake Road,highway:tertiary,osm
Myhna Mandi Villas,landuse:residential,osm
main campus road,highway:service,osm
Vaastu Hill View,landuse:residential,osm
Garuda Vista Apartments,landuse:residential,osm
Skandha Amoris,landuse:residential,osm
Silicon Enclave Residential Layout,landuse:residential,osm
Sherwood,landuse:residential,osm
Samhita,landuse:residential,osm
VIP Layout,landuse:residential,osm
Service Road,highway:primary,osm
Mahaveer Sanctum,landuse:residential,osm
Triveni Enclave,landuse:residential,osm
Sycon Heritage,landuse:residential,osm
road,highway:unclassified,osm
Claret Road,highway:residential,osm
Thubarahalli Extended Road,highway:construction,osm
SV Heights,landuse:residential,osm
Service Road,highway:trunk,osm
APC Layout East Side,landuse:residential,osm
APC Layout West Side,landuse:residential,osm
Bliva Elina,landuse:residential,osm
Prestige Green Gables,landuse:residential,osm
Kumbena Agrahara Main Road,highway:construction,osm
Jalabhavan Road,highway:tertiary_link,osm
Majestic Foot Over Bridge,highway:steps,osm
GTTC Boy's Hostel,landuse:residential,osm
North Concourse,highway:pedestrian,osm
South Concourse,highway:pedestrian,osm
Ejipura-Iblur Road,highway:construction,osm
Vinayaka Nagar,highway:unclassified,osm
Ciroc Luxor,landuse:residential,osm
Saint Marks Road Cycle Path,highway:cycleway,osm
Footpath Under Construction,highway:footway,osm
Guru Punvaanii Mannat,landuse:residential,osm
Linea Sunflower,landuse:residential,osm
Good Earth Orchard,landuse:residential,osm
Annapoorneshwari Main Road Junction Underpass,highway:construction,osm
Ullal Junction Underpass,highway:construction,osm
Mahaveer Bower,landuse:residential,osm
Chinnappanahalli Road,highway:path,osm
Chinnappanahalli Road,highway:unclassified,osm
White Lotus Kalpavriksha,landuse:residential,osm
Tefilah Tranquille,landuse:residential,osm
